yfcc-batch1/725.mp4, -1, -1, 76.84375
yfcc-batch1/732.mp4, -1, -1, 52.5151515151515
yfcc-batch1/739.mp4, -1, -1, 30.59375
yfcc-batch1/745.mp4, -1, -1, 71.64516129032259
yfcc-batch1/761.mp4, -1, -1, 49.8846153846154
yfcc-batch1/790.mp4, -1, -1, 77.0645161290323
yfcc-batch1/797.mp4, -1, -1, 61.8823529411765
yfcc-batch1/806.mp4, -1, -1, 71.1153846153846
yfcc-batch1/808.mp4, -1, -1, 64.969696969697
yfcc-batch1/1.mp4, -1, -1, 43.8387096774193
yfcc-batch1/11.mp4, -1, -1, 56.3103448275862
yfcc-batch1/40.mp4, -1, -1, 76.8611111111111
yfcc-batch1/70.mp4, -1, -1, 84.8888888888889
yfcc-batch1/85.mp4, -1, -1, 80.0
yfcc-batch1/90.mp4, -1, -1, 57.5294117647059
yfcc-batch1/96.mp4, -1, -1, 66.4516129032258
yfcc-batch1/102.mp4, -1, -1, 40.6857142857143
yfcc-batch1/112.mp4, -1, -1, 52.17142857142861
yfcc-batch1/122.mp4, -1, -1, 44.928571428571395
yfcc-batch1/131.mp4, -1, -1, 73.05405405405409
yfcc-batch1/147.mp4, -1, -1, 70.258064516129
yfcc-batch1/149.mp4, -1, -1, 76.0322580645161
yfcc-batch1/153.mp4, -1, -1, 68.1666666666667
yfcc-batch1/167.mp4, -1, -1, 62.53125
yfcc-batch1/165.mp4, -1, -1, 70.7777777777778
yfcc-batch1/161.mp4, -1, -1, 72.2285714285714
yfcc-batch1/166.mp4, -1, -1, 68.25
yfcc-batch1/168.mp4, -1, -1, 67.4
yfcc-batch1/170.mp4, -1, -1, 60.921052631579
yfcc-batch1/182.mp4, -1, -1, 50.6388888888889
yfcc-batch1/188.mp4, -1, -1, 68.85294117647061
yfcc-batch1/185.mp4, -1, -1, 70.5405405405405
yfcc-batch1/191.mp4, -1, -1, 44.96875
yfcc-batch1/186.mp4, -1, -1, 65.4
yfcc-batch1/190.mp4, -1, -1, 62.612903225806505
yfcc-batch1/199.mp4, -1, -1, 68.7575757575758
yfcc-batch1/194.mp4, -1, -1, 32.1875
yfcc-batch1/193.mp4, -1, -1, 7.5
yfcc-batch1/214.mp4, -1, -1, 84.0
yfcc-batch1/208.mp4, -1, -1, 80.55263157894741
yfcc-batch1/209.mp4, -1, -1, 62.1
yfcc-batch1/218.mp4, -1, -1, 55.151515151515206
yfcc-batch1/216.mp4, -1, -1, 79.4285714285714
yfcc-batch1/217.mp4, -1, -1, 65.625
yfcc-batch1/223.mp4, -1, -1, 66.2
yfcc-batch1/233.mp4, -1, -1, 60.0
yfcc-batch1/254.mp4, -1, -1, 71.258064516129
yfcc-batch1/275.mp4, -1, -1, 70.6969696969697
yfcc-batch1/287.mp4, -1, -1, 62.2
yfcc-batch1/295.mp4, -1, -1, 77.52941176470591
yfcc-batch1/299.mp4, -1, -1, 62.612903225806505
yfcc-batch1/301.mp4, -1, -1, 72.375
yfcc-batch1/305.mp4, -1, -1, 63.2702702702703
yfcc-batch1/316.mp4, -1, -1, 67.09375
yfcc-batch1/320.mp4, -1, -1, 67.8666666666667
yfcc-batch1/321.mp4, -1, -1, 37.085714285714296
yfcc-batch1/328.mp4, -1, -1, 62.225806451612904
yfcc-batch1/333.mp4, -1, -1, 61.6071428571429
yfcc-batch1/337.mp4, -1, -1, 88.1428571428571
yfcc-batch1/339.mp4, -1, -1, 81.9032258064516
yfcc-batch1/338.mp4, -1, -1, 83.3030303030303
yfcc-batch1/354.mp4, -1, -1, 64.28571428571429
yfcc-batch1/348.mp4, -1, -1, 61.1818181818182
yfcc-batch1/361.mp4, -1, -1, 63.866666666666696
yfcc-batch1/358.mp4, -1, -1, 52.5
yfcc-batch1/368.mp4, -1, -1, 80.4375
yfcc-batch1/379.mp4, -1, -1, 65.14285714285711
yfcc-batch1/387.mp4, -1, -1, 50.31428571428571
yfcc-batch1/383.mp4, -1, -1, 82.02857142857141
yfcc-batch1/384.mp4, -1, -1, 56.7105263157895
yfcc-batch1/395.mp4, -1, -1, 76.24242424242429
yfcc-batch1/397.mp4, -1, -1, 60.63636363636361
yfcc-batch1/401.mp4, -1, -1, 75.09375
yfcc-batch1/404.mp4, -1, -1, 75.3333333333333
yfcc-batch1/409.mp4, -1, -1, 55.178571428571395
yfcc-batch1/427.mp4, -1, -1, 69.1176470588235
yfcc-batch1/423.mp4, -1, -1, 60.96428571428571
yfcc-batch1/435.mp4, -1, -1, 47.4571428571429
yfcc-batch1/431.mp4, -1, -1, 73.4324324324324
yfcc-batch1/434.mp4, -1, -1, 60.612903225806505
yfcc-batch1/458.mp4, -1, -1, 68.6969696969697
yfcc-batch1/450.mp4, -1, -1, 69.8965517241379
yfcc-batch1/464.mp4, -1, -1, 69.3103448275862
yfcc-batch1/469.mp4, -1, -1, 60.90625
yfcc-batch1/476.mp4, -1, -1, 71.5
yfcc-batch1/491.mp4, -1, -1, 72.0689655172414
yfcc-batch1/517.mp4, -1, -1, 74.2058823529412
yfcc-batch1/512.mp4, -1, -1, 56.735294117647115
yfcc-batch1/537.mp4, -1, -1, 59.0909090909091
yfcc-batch1/543.mp4, -1, -1, 70.21428571428571
yfcc-batch1/545.mp4, -1, -1, 65.5555555555556
yfcc-batch1/544.mp4, -1, -1, 68.0
yfcc-batch1/547.mp4, -1, -1, 63.6176470588235
yfcc-batch1/558.mp4, -1, -1, 59.57142857142861
yfcc-batch1/561.mp4, -1, -1, 73.5625
yfcc-batch1/566.mp4, -1, -1, 53.448275862068996
yfcc-batch1/565.mp4, -1, -1, 68.5142857142857
yfcc-batch1/571.mp4, -1, -1, 51.4333333333333
yfcc-batch1/589.mp4, -1, -1, 73.3571428571429
yfcc-batch1/586.mp4, -1, -1, 57.787878787878796
yfcc-batch1/591.mp4, -1, -1, 60.1818181818182
yfcc-batch1/602.mp4, -1, -1, 72.84848484848479
yfcc-batch1/608.mp4, -1, -1, 54.8
yfcc-batch1/606.mp4, -1, -1, 74.4848484848485
yfcc-batch1/619.mp4, -1, -1, 52.151515151515206
yfcc-batch1/630.mp4, -1, -1, 82.7096774193548
yfcc-batch1/636.mp4, -1, -1, 55.777777777777786
yfcc-batch1/638.mp4, -1, -1, 46.5
yfcc-batch1/659.mp4, -1, -1, 59.4838709677419
yfcc-batch1/661.mp4, -1, -1, 65.4848484848485
yfcc-batch1/667.mp4, -1, -1, 67.1
yfcc-batch1/670.mp4, -1, -1, 58.4848484848485
yfcc-batch1/666.mp4, -1, -1, 40.4848484848485
yfcc-batch1/671.mp4, -1, -1, 63.921052631579
yfcc-batch1/664.mp4, -1, -1, 69.5
yfcc-batch1/674.mp4, -1, -1, 83.4411764705882
yfcc-batch1/679.mp4, -1, -1, 85.3666666666667
yfcc-batch1/677.mp4, -1, -1, 81.9677419354839
yfcc-batch1/682.mp4, -1, -1, 85.4137931034483
yfcc-batch1/690.mp4, -1, -1, 71.1875
yfcc-batch1/692.mp4, -1, -1, 68.46875
yfcc-batch1/700.mp4, -1, -1, 77.79310344827591
yfcc-batch1/708.mp4, -1, -1, 62.1875
yfcc-batch1/716.mp4, -1, -1, 70.9428571428571
yfcc-batch1/718.mp4, -1, -1, 59.8846153846154
yfcc-batch2/1190.mp4, -1, -1, 71.57407407407409
yfcc-batch2/1193.mp4, -1, -1, 58.8269230769231
yfcc-batch2/1207.mp4, -1, -1, 71.2941176470588
yfcc-batch2/1216.mp4, -1, -1, 62.5660377358491
yfcc-batch2/1221.mp4, -1, -1, 67.48148148148151
yfcc-batch2/1222.mp4, -1, -1, 77.7021276595745
yfcc-batch2/1224.mp4, -1, -1, 62.5
yfcc-batch2/1225.mp4, -1, -1, 67.3137254901961
yfcc-batch2/1226.mp4, -1, -1, 60.314814814814795
yfcc-batch2/1228.mp4, -1, -1, 67.7551020408163
yfcc-batch2/1227.mp4, -1, -1, 54.54
yfcc-batch2/1230.mp4, -1, -1, 49.5833333333333
yfcc-batch2/1229.mp4, -1, -1, 66.948275862069
yfcc-batch2/1234.mp4, -1, -1, 64.7358490566038
yfcc-batch2/1235.mp4, -1, -1, 60.8823529411765
yfcc-batch2/1243.mp4, -1, -1, 70.6666666666667
yfcc-batch2/1242.mp4, -1, -1, 50.811320754716995
yfcc-batch2/1246.mp4, -1, -1, 79.25
yfcc-batch2/1248.mp4, -1, -1, 68.08
yfcc-batch2/1258.mp4, -1, -1, 55.88
yfcc-batch2/1264.mp4, -1, -1, 69.9090909090909
yfcc-batch2/1265.mp4, -1, -1, 58.28571428571429
yfcc-batch2/1271.mp4, -1, -1, 46.0217391304348
yfcc-batch2/1272.mp4, -1, -1, 68.8846153846154
yfcc-batch2/1279.mp4, -1, -1, 36.1481481481482
yfcc-batch2/1286.mp4, -1, -1, 54.5769230769231
yfcc-batch2/1291.mp4, -1, -1, 73.4528301886792
yfcc-batch2/1292.mp4, -1, -1, 57.9814814814815
yfcc-batch2/1293.mp4, -1, -1, 61.0566037735849
yfcc-batch2/1298.mp4, -1, -1, 74.4363636363636
yfcc-batch2/1300.mp4, -1, -1, 75.72549019607841
yfcc-batch2/1303.mp4, -1, -1, 47.7659574468085
yfcc-batch2/1306.mp4, -1, -1, 71.5789473684211
yfcc-batch2/1308.mp4, -1, -1, 62.4
yfcc-batch2/1311.mp4, -1, -1, 52.03773584905661
yfcc-batch2/1314.mp4, -1, -1, 71.7884615384615
yfcc-batch2/1315.mp4, -1, -1, 71.64814814814821
yfcc-batch2/1318.mp4, -1, -1, 54.290909090909096
yfcc-batch2/1325.mp4, -1, -1, 53.5833333333333
yfcc-batch2/1333.mp4, -1, -1, 39.0851063829787
yfcc-batch2/1337.mp4, -1, -1, 74.52
yfcc-batch2/1345.mp4, -1, -1, 59.25
yfcc-batch2/1348.mp4, -1, -1, 46.03571428571429
yfcc-batch2/1349.mp4, -1, -1, 63.038461538461505
yfcc-batch2/1350.mp4, -1, -1, 72.50980392156859
yfcc-batch2/1351.mp4, -1, -1, 74.5882352941177
yfcc-batch2/1354.mp4, -1, -1, 47.311111111111096
yfcc-batch2/1357.mp4, -1, -1, 63.862745098039206
yfcc-batch2/1358.mp4, -1, -1, 74.84
yfcc-batch2/1360.mp4, -1, -1, 66.62
yfcc-batch2/1361.mp4, -1, -1, 79.6666666666667
yfcc-batch2/1363.mp4, -1, -1, 59.6037735849057
yfcc-batch2/1364.mp4, -1, -1, 80.24074074074079
yfcc-batch2/1365.mp4, -1, -1, 52.33928571428571
yfcc-batch2/1366.mp4, -1, -1, 66.6724137931034
yfcc-batch2/1375.mp4, -1, -1, 55.5882352941177
yfcc-batch2/1377.mp4, -1, -1, 70.30769230769229
yfcc-batch2/1378.mp4, -1, -1, 66.1320754716981
yfcc-batch2/1384.mp4, -1, -1, 78.74074074074079
yfcc-batch2/1386.mp4, -1, -1, 67.1851851851852
yfcc-batch2/1385.mp4, -1, -1, 56.8076923076923
yfcc-batch2/1387.mp4, -1, -1, 66.4363636363636
yfcc-batch2/1391.mp4, -1, -1, 55.72
yfcc-batch2/1399.mp4, -1, -1, 50.961538461538495
yfcc-batch2/1401.mp4, -1, -1, 56.9591836734694
yfcc-batch2/1413.mp4, -1, -1, 60.053571428571395
yfcc-batch2/1416.mp4, -1, -1, 55.4727272727273
yfcc-batch2/1417.mp4, -1, -1, 73.8666666666667
yfcc-batch2/1419.mp4, -1, -1, 53.711538461538495
yfcc-batch2/1425.mp4, -1, -1, 63.7636363636364
yfcc-batch2/1426.mp4, -1, -1, 61.84
yfcc-batch2/1429.mp4, -1, -1, 66.32
yfcc-batch2/1433.mp4, -1, -1, 58.3272727272727
yfcc-batch2/1434.mp4, -1, -1, 50.584905660377395
yfcc-batch2/1437.mp4, -1, -1, 68.46428571428571
yfcc-batch2/1438.mp4, -1, -1, 69.156862745098
yfcc-batch2/1448.mp4, -1, -1, 82.6274509803922
yfcc-batch2/1453.mp4, -1, -1, 63.7169811320755
yfcc-batch2/1455.mp4, -1, -1, 42.9
yfcc-batch2/1468.mp4, -1, -1, 71.3673469387755
yfcc-batch2/1474.mp4, -1, -1, 73.8846153846154
yfcc-batch2/1475.mp4, -1, -1, 71.62
yfcc-batch2/1480.mp4, -1, -1, 69.1960784313726
yfcc-batch2/1486.mp4, -1, -1, 70.4545454545455
yfcc-batch2/1490.mp4, -1, -1, 28.211538461538506
yfcc-batch2/1497.mp4, -1, -1, 51.09803921568629
yfcc-batch2/1503.mp4, -1, -1, 72.8163265306122
yfcc-batch2/1510.mp4, -1, -1, 49.4035087719298
yfcc-batch2/1511.mp4, -1, -1, 50.3584905660377
yfcc-batch2/1513.mp4, -1, -1, 78.6938775510204
yfcc-batch2/1512.mp4, -1, -1, 55.6923076923077
yfcc-batch2/1514.mp4, -1, -1, 67.9607843137255
yfcc-batch2/1515.mp4, -1, -1, 43.846153846153896
yfcc-batch2/1518.mp4, -1, -1, 72.8461538461538
yfcc-batch2/1517.mp4, -1, -1, 57.8888888888889
yfcc-batch2/1522.mp4, -1, -1, 53.078431372549
yfcc-batch2/1526.mp4, -1, -1, 71.58181818181819
yfcc-batch2/1527.mp4, -1, -1, 53.0816326530612
yfcc-batch2/1529.mp4, -1, -1, 65.51923076923079
yfcc-batch2/1530.mp4, -1, -1, 65.7272727272727
yfcc-batch2/1531.mp4, -1, -1, 64.30769230769229
yfcc-batch2/1540.mp4, -1, -1, 65.1960784313726
yfcc-batch2/1544.mp4, -1, -1, 77.9464285714286
yfcc-batch2/1551.mp4, -1, -1, 70.02
yfcc-batch2/1559.mp4, -1, -1, 75.3636363636364
yfcc-batch2/1561.mp4, -1, -1, 65.58
yfcc-batch2/1562.mp4, -1, -1, 61.020408163265294
yfcc-batch2/1567.mp4, -1, -1, 63.788461538461505
yfcc-batch2/1568.mp4, -1, -1, 67.04
yfcc-batch2/1571.mp4, -1, -1, 70.5384615384615
yfcc-batch2/1575.mp4, -1, -1, 46.63636363636361
yfcc-batch2/1582.mp4, -1, -1, 70.2916666666667
yfcc-batch2/1584.mp4, -1, -1, 51.8909090909091
yfcc-batch2/1587.mp4, -1, -1, 56.2037037037037
yfcc-batch2/1592.mp4, -1, -1, 54.5294117647059
yfcc-batch2/1595.mp4, -1, -1, 77.08510638297871
yfcc-batch2/1594.mp4, -1, -1, 78.8636363636364
yfcc-batch2/1597.mp4, -1, -1, 59.6545454545455
yfcc-batch2/1604.mp4, -1, -1, 56.34
yfcc-batch2/1606.mp4, -1, -1, 43.8775510204082
yfcc-batch2/1607.mp4, -1, -1, 56.6444444444445
yfcc-batch2/1608.mp4, -1, -1, 71.8431372549019
yfcc-batch2/1610.mp4, -1, -1, 71.7777777777778
yfcc-batch2/1629.mp4, -1, -1, 64.30188679245279
yfcc-batch2/1160.mp4, -1, -1, 71.6458333333333
yfcc-batch2/1443.mp4, -1, -1, 67.9038461538462
yfcc-batch2/1402.mp4, -1, -1, 68.23076923076921
yfcc-batch2/822.mp4, -1, -1, 57.08
yfcc-batch2/827.mp4, -1, -1, 69.9607843137255
yfcc-batch2/829.mp4, -1, -1, 58.8269230769231
yfcc-batch2/830.mp4, -1, -1, 68.2962962962963
yfcc-batch2/831.mp4, -1, -1, 72.7592592592593
yfcc-batch2/836.mp4, -1, -1, 68.9111111111111
yfcc-batch2/837.mp4, -1, -1, 77.48148148148151
yfcc-batch2/840.mp4, -1, -1, 58.3529411764706
yfcc-batch2/848.mp4, -1, -1, 66.5227272727273
yfcc-batch2/847.mp4, -1, -1, 58.4888888888889
yfcc-batch2/849.mp4, -1, -1, 69.1929824561404
yfcc-batch2/850.mp4, -1, -1, 65.6909090909091
yfcc-batch2/852.mp4, -1, -1, 77.49019607843141
yfcc-batch2/853.mp4, -1, -1, 54.1
yfcc-batch2/854.mp4, -1, -1, 59.04
yfcc-batch2/857.mp4, -1, -1, 59.482142857142804
yfcc-batch2/861.mp4, -1, -1, 68.8541666666667
yfcc-batch2/874.mp4, -1, -1, 59.375
yfcc-batch2/878.mp4, -1, -1, 55.3673469387755
yfcc-batch2/884.mp4, -1, -1, 84.7708333333333
yfcc-batch2/886.mp4, -1, -1, 46.269230769230795
yfcc-batch2/897.mp4, -1, -1, 65.7708333333333
yfcc-batch2/899.mp4, -1, -1, 63.211538461538495
yfcc-batch2/901.mp4, -1, -1, 67.6140350877193
yfcc-batch2/905.mp4, -1, -1, 41.962962962963
yfcc-batch2/911.mp4, -1, -1, 79.4
yfcc-batch2/913.mp4, -1, -1, 48.19298245614039
yfcc-batch2/916.mp4, -1, -1, 64.3260869565217
yfcc-batch2/919.mp4, -1, -1, 72.98
yfcc-batch2/920.mp4, -1, -1, 53.288135593220304
yfcc-batch2/931.mp4, -1, -1, 68.2105263157895
yfcc-batch2/932.mp4, -1, -1, 62.421052631579
yfcc-batch2/933.mp4, -1, -1, 29.8727272727273
yfcc-batch2/940.mp4, -1, -1, 55.0555555555556
yfcc-batch2/939.mp4, -1, -1, 53.9
yfcc-batch2/941.mp4, -1, -1, 57.7916666666667
yfcc-batch2/944.mp4, -1, -1, 52.5576923076923
yfcc-batch2/947.mp4, -1, -1, 68.4905660377359
yfcc-batch2/946.mp4, -1, -1, 46.6415094339623
yfcc-batch2/949.mp4, -1, -1, 71.0980392156863
yfcc-batch2/950.mp4, -1, -1, 48.489795918367385
yfcc-batch2/961.mp4, -1, -1, 50.5660377358491
yfcc-batch2/963.mp4, -1, -1, 13.217391304347801
yfcc-batch2/967.mp4, -1, -1, 70.75
yfcc-batch2/972.mp4, -1, -1, 73.1568627450981
yfcc-batch2/997.mp4, -1, -1, 73.3636363636364
yfcc-batch2/1006.mp4, -1, -1, 64.5490196078431
yfcc-batch2/1010.mp4, -1, -1, 56.2340425531915
yfcc-batch2/1032.mp4, -1, -1, 52.6122448979592
yfcc-batch2/1033.mp4, -1, -1, 62.1875
yfcc-batch2/1035.mp4, -1, -1, 68.8103448275862
yfcc-batch2/1036.mp4, -1, -1, 55.4230769230769
yfcc-batch2/1037.mp4, -1, -1, 67.2352941176471
yfcc-batch2/1043.mp4, -1, -1, 70.3518518518519
yfcc-batch2/1044.mp4, -1, -1, 68.6111111111111
yfcc-batch2/1050.mp4, -1, -1, 61.549019607843114
yfcc-batch2/1055.mp4, -1, -1, 50.46
yfcc-batch2/1065.mp4, -1, -1, 55.6530612244898
yfcc-batch2/1066.mp4, -1, -1, 69.4464285714286
yfcc-batch2/1074.mp4, -1, -1, 76.2884615384615
yfcc-batch2/1080.mp4, -1, -1, 63.21568627450979
yfcc-batch2/1081.mp4, -1, -1, 74.2727272727273
yfcc-batch2/1082.mp4, -1, -1, 68.921568627451
yfcc-batch2/1095.mp4, -1, -1, 77.8
yfcc-batch2/1097.mp4, -1, -1, 72.68
yfcc-batch2/1099.mp4, -1, -1, 78.56
yfcc-batch2/1105.mp4, -1, -1, 65.21428571428571
yfcc-batch2/1109.mp4, -1, -1, 60.4423076923077
yfcc-batch2/1108.mp4, -1, -1, 48.8775510204082
yfcc-batch2/1119.mp4, -1, -1, 67.42
yfcc-batch2/1120.mp4, -1, -1, 68.80769230769229
yfcc-batch2/1121.mp4, -1, -1, 66.44230769230771
yfcc-batch2/1122.mp4, -1, -1, 71.8888888888889
yfcc-batch2/1125.mp4, -1, -1, 73.5208333333333
yfcc-batch2/1127.mp4, -1, -1, 50.7719298245614
yfcc-batch2/1128.mp4, -1, -1, 51.811320754716995
yfcc-batch2/1138.mp4, -1, -1, 69.5294117647059
yfcc-batch2/1142.mp4, -1, -1, 59.224489795918394
yfcc-batch2/1150.mp4, -1, -1, 57.319148936170215
yfcc-batch2/1149.mp4, -1, -1, 45.5
yfcc-batch2/1151.mp4, -1, -1, 65.4166666666667
yfcc-batch2/1155.mp4, -1, -1, 73.16
yfcc-batch2/1157.mp4, -1, -1, 63.4
yfcc-batch2/1164.mp4, -1, -1, 58.8125
yfcc-batch2/1167.mp4, -1, -1, 68.0
yfcc-batch2/1185.mp4, -1, -1, 58.622641509434004
yfcc-batch3/2007.mp4, -1, -1, 59.11428571428571
yfcc-batch3/2011.mp4, -1, -1, 52.17647058823529
yfcc-batch3/2014.mp4, -1, -1, 62.4117647058824
yfcc-batch3/2015.mp4, -1, -1, 53.0
yfcc-batch3/2017.mp4, -1, -1, 66.3548387096774
yfcc-batch3/2026.mp4, -1, -1, 74.0833333333333
yfcc-batch3/2028.mp4, -1, -1, 50.842105263157904
yfcc-batch3/2029.mp4, -1, -1, 66.2352941176471
yfcc-batch3/2039.mp4, -1, -1, 63.212121212121204
yfcc-batch3/2042.mp4, -1, -1, 49.5294117647059
yfcc-batch3/2044.mp4, -1, -1, 62.70588235294121
yfcc-batch3/2046.mp4, -1, -1, 54.0
yfcc-batch3/2052.mp4, -1, -1, 55.8064516129032
yfcc-batch3/2055.mp4, -1, -1, 68.32352941176471
yfcc-batch3/2056.mp4, -1, -1, 67.8
yfcc-batch3/2059.mp4, -1, -1, 59.1666666666667
yfcc-batch3/2075.mp4, -1, -1, 62.777777777777786
yfcc-batch3/2084.mp4, -1, -1, 76.84848484848479
yfcc-batch3/2095.mp4, -1, -1, 62.903225806451594
yfcc-batch3/2098.mp4, -1, -1, 50.7297297297297
yfcc-batch3/2102.mp4, -1, -1, 74.5882352941177
yfcc-batch3/2104.mp4, -1, -1, 45.8
yfcc-batch3/2105.mp4, -1, -1, 58.2702702702703
yfcc-batch3/2106.mp4, -1, -1, 55.88571428571429
yfcc-batch3/2108.mp4, -1, -1, 62.675675675675706
yfcc-batch3/2111.mp4, -1, -1, 58.222222222222214
yfcc-batch3/2114.mp4, -1, -1, 38.3030303030303
yfcc-batch3/2118.mp4, -1, -1, 55.257142857142895
yfcc-batch3/2126.mp4, -1, -1, 52.5454545454546
yfcc-batch3/2127.mp4, -1, -1, 46.4705882352941
yfcc-batch3/2133.mp4, -1, -1, 55.9166666666667
yfcc-batch3/2137.mp4, -1, -1, 73.8064516129032
yfcc-batch3/2142.mp4, -1, -1, 79.9090909090909
yfcc-batch3/2146.mp4, -1, -1, 66.2352941176471
yfcc-batch3/2161.mp4, -1, -1, 41.0294117647059
yfcc-batch3/2168.mp4, -1, -1, 73.94444444444441
yfcc-batch3/2169.mp4, -1, -1, 57.17647058823529
yfcc-batch3/2171.mp4, -1, -1, 75.51724137931029
yfcc-batch3/2177.mp4, -1, -1, 74.6756756756757
yfcc-batch3/2179.mp4, -1, -1, 58.5
yfcc-batch3/2185.mp4, -1, -1, 77.4594594594595
yfcc-batch3/2192.mp4, -1, -1, 62.236842105263214
yfcc-batch3/2205.mp4, -1, -1, 60.6486486486487
yfcc-batch3/2208.mp4, -1, -1, 73.4
yfcc-batch3/2209.mp4, -1, -1, 48.71875
yfcc-batch3/2210.mp4, -1, -1, 51.741935483871
yfcc-batch3/2214.mp4, -1, -1, 68.6176470588235
yfcc-batch3/2221.mp4, -1, -1, 48.1470588235294
yfcc-batch3/2223.mp4, -1, -1, 76.3448275862069
yfcc-batch3/2232.mp4, -1, -1, 66.14285714285711
yfcc-batch3/2233.mp4, -1, -1, 68.90625
yfcc-batch3/2235.mp4, -1, -1, 54.264705882352885
yfcc-batch3/2246.mp4, -1, -1, 56.2285714285714
yfcc-batch3/2252.mp4, -1, -1, 74.3953488372093
yfcc-batch3/2259.mp4, -1, -1, 74.5142857142857
yfcc-batch3/2261.mp4, -1, -1, 63.6875
yfcc-batch3/2262.mp4, -1, -1, 59.1388888888889
yfcc-batch3/2264.mp4, -1, -1, 72.7941176470588
yfcc-batch3/2265.mp4, -1, -1, 66.0
yfcc-batch3/2266.mp4, -1, -1, 46.4
yfcc-batch3/2267.mp4, -1, -1, 36.5151515151515
yfcc-batch3/2271.mp4, -1, -1, 55.8823529411765
yfcc-batch3/2272.mp4, -1, -1, 52.6875
yfcc-batch3/2278.mp4, -1, -1, 57.3548387096774
yfcc-batch3/2298.mp4, -1, -1, 70.921052631579
yfcc-batch3/2301.mp4, -1, -1, 50.7575757575758
yfcc-batch3/2303.mp4, -1, -1, 53.263157894736786
yfcc-batch3/2305.mp4, -1, -1, 66.25641025641029
yfcc-batch3/2312.mp4, -1, -1, 52.54838709677421
yfcc-batch3/2314.mp4, -1, -1, 76.79310344827591
yfcc-batch3/2326.mp4, -1, -1, 38.6857142857143
yfcc-batch3/2328.mp4, -1, -1, 66.6857142857143
yfcc-batch3/2331.mp4, -1, -1, 60.2162162162162
yfcc-batch3/2341.mp4, -1, -1, 72.5277777777778
yfcc-batch3/2363.mp4, -1, -1, 71.6388888888889
yfcc-batch3/2365.mp4, -1, -1, 62.1388888888889
yfcc-batch3/2368.mp4, -1, -1, 67.7941176470588
yfcc-batch3/2369.mp4, -1, -1, 65.7058823529412
yfcc-batch3/2370.mp4, -1, -1, 81.6470588235294
yfcc-batch3/2380.mp4, -1, -1, 46.2285714285714
yfcc-batch3/2383.mp4, -1, -1, 51.25
yfcc-batch3/2384.mp4, -1, -1, 69.6578947368421
yfcc-batch3/2385.mp4, -1, -1, 62.1176470588235
yfcc-batch3/2386.mp4, -1, -1, 66.3225806451613
yfcc-batch3/2388.mp4, -1, -1, 56.3823529411765
yfcc-batch3/2395.mp4, -1, -1, 44.3939393939394
yfcc-batch3/2396.mp4, -1, -1, 63.40625
yfcc-batch3/2397.mp4, -1, -1, 56.8823529411765
yfcc-batch3/2408.mp4, -1, -1, 46.3333333333333
yfcc-batch3/2413.mp4, -1, -1, 65.7777777777778
yfcc-batch3/2418.mp4, -1, -1, 65.2162162162162
yfcc-batch3/2422.mp4, -1, -1, 59.6470588235294
yfcc-batch3/2423.mp4, -1, -1, 66.0606060606061
yfcc-batch3/2425.mp4, -1, -1, 54.514285714285705
yfcc-batch3/2432.mp4, -1, -1, 63.9473684210526
yfcc-batch3/2436.mp4, -1, -1, 51.5
yfcc-batch3/2440.mp4, -1, -1, 68.7272727272727
yfcc-batch3/2441.mp4, -1, -1, 60.8125
yfcc-batch3/2446.mp4, -1, -1, 76.5945945945946
yfcc-batch3/2452.mp4, -1, -1, 53.777777777777786
yfcc-batch3/2458.mp4, -1, -1, 61.324324324324294
yfcc-batch3/1937.mp4, -1, -1, 61.972972972973004
yfcc-batch3/1988.mp4, -1, -1, 52.1666666666667
yfcc-batch3/2153.mp4, -1, -1, 74.44444444444441
yfcc-batch3/2182.mp4, -1, -1, 65.4722222222222
yfcc-batch3/2433.mp4, -1, -1, 62.2727272727273
yfcc-batch3/1646.mp4, -1, -1, 50.3529411764706
yfcc-batch3/1652.mp4, -1, -1, 75.2571428571428
yfcc-batch3/1654.mp4, -1, -1, 74.80555555555559
yfcc-batch3/1661.mp4, -1, -1, 65.25
yfcc-batch3/1679.mp4, -1, -1, 49.6
yfcc-batch3/1680.mp4, -1, -1, 64.4838709677419
yfcc-batch3/1692.mp4, -1, -1, 77.35897435897441
yfcc-batch3/1694.mp4, -1, -1, 50.5526315789474
yfcc-batch3/1697.mp4, -1, -1, 72.17647058823529
yfcc-batch3/1699.mp4, -1, -1, 63.82857142857139
yfcc-batch3/1707.mp4, -1, -1, 76.3142857142857
yfcc-batch3/1717.mp4, -1, -1, 69.36585365853661
yfcc-batch3/1719.mp4, -1, -1, 50.3783783783784
yfcc-batch3/1726.mp4, -1, -1, 62.03125
yfcc-batch3/1737.mp4, -1, -1, 62.0
yfcc-batch3/1739.mp4, -1, -1, 62.6969696969697
yfcc-batch3/1742.mp4, -1, -1, 59.4705882352941
yfcc-batch3/1746.mp4, -1, -1, 81.5483870967742
yfcc-batch3/1753.mp4, -1, -1, 68.4054054054054
yfcc-batch3/1758.mp4, -1, -1, 45.46875
yfcc-batch3/1772.mp4, -1, -1, 67.4736842105263
yfcc-batch3/1783.mp4, -1, -1, 62.972222222222214
yfcc-batch3/1787.mp4, -1, -1, 53.75
yfcc-batch3/1793.mp4, -1, -1, 34.1515151515151
yfcc-batch3/1798.mp4, -1, -1, 63.764705882352885
yfcc-batch3/1802.mp4, -1, -1, 72.32352941176471
yfcc-batch3/1803.mp4, -1, -1, 78.42424242424241
yfcc-batch3/1804.mp4, -1, -1, 69.08571428571429
yfcc-batch3/1813.mp4, -1, -1, 62.44117647058821
yfcc-batch3/1829.mp4, -1, -1, 62.3513513513514
yfcc-batch3/1834.mp4, -1, -1, 20.8
yfcc-batch3/1837.mp4, -1, -1, 74.08571428571429
yfcc-batch3/1848.mp4, -1, -1, 72.7222222222222
yfcc-batch3/1850.mp4, -1, -1, 52.89743589743589
yfcc-batch3/1851.mp4, -1, -1, 66.3125
yfcc-batch3/1853.mp4, -1, -1, 51.1290322580645
yfcc-batch3/1861.mp4, -1, -1, 59.17647058823529
yfcc-batch3/1864.mp4, -1, -1, 54.842105263157904
yfcc-batch3/1866.mp4, -1, -1, 71.1176470588236
yfcc-batch3/1875.mp4, -1, -1, 72.7575757575758
yfcc-batch3/1880.mp4, -1, -1, 59.1428571428571
yfcc-batch3/1881.mp4, -1, -1, 66.0
yfcc-batch3/1884.mp4, -1, -1, 65.8823529411765
yfcc-batch3/1887.mp4, -1, -1, 59.6666666666667
yfcc-batch3/1890.mp4, -1, -1, 60.40625
yfcc-batch3/1891.mp4, -1, -1, 53.027027027026996
yfcc-batch3/1894.mp4, -1, -1, 59.5625
yfcc-batch3/1896.mp4, -1, -1, 55.1724137931035
yfcc-batch3/1899.mp4, -1, -1, 34.9444444444444
yfcc-batch3/1901.mp4, -1, -1, 75.0909090909091
yfcc-batch3/1902.mp4, -1, -1, 63.085714285714296
yfcc-batch3/1906.mp4, -1, -1, 36.2258064516129
yfcc-batch3/1914.mp4, -1, -1, 49.8181818181818
yfcc-batch3/1917.mp4, -1, -1, 55.8611111111111
yfcc-batch3/1920.mp4, -1, -1, 46.9189189189189
yfcc-batch3/1921.mp4, -1, -1, 58.027777777777786
yfcc-batch3/1922.mp4, -1, -1, 70.0625
yfcc-batch3/1923.mp4, -1, -1, 46.5833333333333
yfcc-batch3/1925.mp4, -1, -1, 53.0571428571429
yfcc-batch3/1926.mp4, -1, -1, 62.4242424242424
yfcc-batch3/1934.mp4, -1, -1, 63.0833333333333
yfcc-batch3/1940.mp4, -1, -1, 73.0882352941177
yfcc-batch3/1944.mp4, -1, -1, 64.0
yfcc-batch3/1945.mp4, -1, -1, 72.0
yfcc-batch3/1950.mp4, -1, -1, 64.2571428571429
yfcc-batch3/1954.mp4, -1, -1, 50.8055555555556
yfcc-batch3/1965.mp4, -1, -1, 56.375
yfcc-batch3/1969.mp4, -1, -1, 73.76315789473679
yfcc-batch3/1970.mp4, -1, -1, 37.363636363636395
yfcc-batch3/1972.mp4, -1, -1, 63.96875
yfcc-batch3/1977.mp4, -1, -1, 54.128205128205096
yfcc-batch3/1981.mp4, -1, -1, 81.5454545454545
yfcc-batch3/1985.mp4, -1, -1, 62.540540540540505
yfcc-batch3/1989.mp4, -1, -1, 74.9117647058823
yfcc-batch3/1994.mp4, -1, -1, 56.0526315789474
yfcc-batch3/1998.mp4, -1, -1, 70.81081081081079
yfcc-batch3/2003.mp4, -1, -1, 64.3823529411765
yfcc-batch3/2005.mp4, -1, -1, 45.6969696969697
yfcc-batch4/2852.mp4, -1, -1, 62.17142857142861
yfcc-batch4/2853.mp4, -1, -1, 71.0833333333333
yfcc-batch4/2855.mp4, -1, -1, 66.5833333333333
yfcc-batch4/2856.mp4, -1, -1, 61.6969696969697
yfcc-batch4/2857.mp4, -1, -1, 60.264705882352885
yfcc-batch4/2860.mp4, -1, -1, 60.9714285714286
yfcc-batch4/2864.mp4, -1, -1, 61.79411764705879
yfcc-batch4/2875.mp4, -1, -1, 61.0
yfcc-batch4/2877.mp4, -1, -1, 61.6216216216216
yfcc-batch4/2879.mp4, -1, -1, 62.0555555555556
yfcc-batch4/2882.mp4, -1, -1, 54.3714285714286
yfcc-batch4/2885.mp4, -1, -1, 69.3142857142857
yfcc-batch4/2886.mp4, -1, -1, 74.69444444444441
yfcc-batch4/2888.mp4, -1, -1, 68.8055555555556
yfcc-batch4/2891.mp4, -1, -1, 59.6388888888889
yfcc-batch4/2894.mp4, -1, -1, 63.405405405405396
yfcc-batch4/2895.mp4, -1, -1, 63.79411764705879
yfcc-batch4/2903.mp4, -1, -1, 63.81578947368421
yfcc-batch4/2905.mp4, -1, -1, 62.4166666666667
yfcc-batch4/2906.mp4, -1, -1, 71.02857142857141
yfcc-batch4/2907.mp4, -1, -1, 73.1621621621622
yfcc-batch4/2909.mp4, -1, -1, 72.5277777777778
yfcc-batch4/2912.mp4, -1, -1, 64.7222222222222
yfcc-batch4/2928.mp4, -1, -1, 68.91176470588239
yfcc-batch4/2930.mp4, -1, -1, 72.3888888888889
yfcc-batch4/2935.mp4, -1, -1, 64.5714285714286
yfcc-batch4/2937.mp4, -1, -1, 59.75
yfcc-batch4/2943.mp4, -1, -1, 64.6176470588235
yfcc-batch4/2945.mp4, -1, -1, 77.6857142857143
yfcc-batch4/2958.mp4, -1, -1, 66.70270270270271
yfcc-batch4/2960.mp4, -1, -1, 62.9090909090909
yfcc-batch4/2963.mp4, -1, -1, 46.6111111111111
yfcc-batch4/2966.mp4, -1, -1, 50.8823529411765
yfcc-batch4/2972.mp4, -1, -1, 56.5
yfcc-batch4/2973.mp4, -1, -1, 65.6944444444444
yfcc-batch4/2977.mp4, -1, -1, 67.0294117647059
yfcc-batch4/2982.mp4, -1, -1, 51.8611111111111
yfcc-batch4/2986.mp4, -1, -1, 72.3888888888889
yfcc-batch4/2992.mp4, -1, -1, 49.23076923076921
yfcc-batch4/2993.mp4, -1, -1, 69.0555555555556
yfcc-batch4/2994.mp4, -1, -1, 47.8529411764706
yfcc-batch4/2996.mp4, -1, -1, 55.3529411764706
yfcc-batch4/2997.mp4, -1, -1, 61.70588235294121
yfcc-batch4/2998.mp4, -1, -1, 82.5
yfcc-batch4/3006.mp4, -1, -1, 60.5882352941177
yfcc-batch4/3009.mp4, -1, -1, 61.6486486486487
yfcc-batch4/3015.mp4, -1, -1, 73.7567567567568
yfcc-batch4/3019.mp4, -1, -1, 68.4857142857143
yfcc-batch4/3025.mp4, -1, -1, 71.6470588235294
yfcc-batch4/3029.mp4, -1, -1, 61.3611111111111
yfcc-batch4/3031.mp4, -1, -1, 67.7894736842105
yfcc-batch4/3033.mp4, -1, -1, 52.975
yfcc-batch4/3035.mp4, -1, -1, 66.4545454545455
yfcc-batch4/3041.mp4, -1, -1, 64.8823529411765
yfcc-batch4/3043.mp4, -1, -1, 69.5428571428571
yfcc-batch4/3045.mp4, -1, -1, 65.35294117647061
yfcc-batch4/3046.mp4, -1, -1, 68.4705882352941
yfcc-batch4/3053.mp4, -1, -1, 62.4705882352941
yfcc-batch4/3056.mp4, -1, -1, 67.0606060606061
yfcc-batch4/3061.mp4, -1, -1, 61.405405405405396
yfcc-batch4/3062.mp4, -1, -1, 65.17647058823529
yfcc-batch4/3063.mp4, -1, -1, 73.4857142857143
yfcc-batch4/3066.mp4, -1, -1, 73.3888888888889
yfcc-batch4/3075.mp4, -1, -1, 77.2777777777778
yfcc-batch4/3077.mp4, -1, -1, 50.0
yfcc-batch4/3080.mp4, -1, -1, 65.67647058823529
yfcc-batch4/3087.mp4, -1, -1, 67.6176470588235
yfcc-batch4/3090.mp4, -1, -1, 66.28571428571429
yfcc-batch4/3094.mp4, -1, -1, 59.7297297297297
yfcc-batch4/3108.mp4, -1, -1, 53.0555555555556
yfcc-batch4/3112.mp4, -1, -1, 76.7777777777778
yfcc-batch4/3113.mp4, -1, -1, 60.3030303030303
yfcc-batch4/3118.mp4, -1, -1, 67.28571428571429
yfcc-batch4/3123.mp4, -1, -1, 50.454545454545496
yfcc-batch4/3132.mp4, -1, -1, 61.25
yfcc-batch4/3138.mp4, -1, -1, 62.5294117647059
yfcc-batch4/3140.mp4, -1, -1, 55.0810810810811
yfcc-batch4/3142.mp4, -1, -1, 75.69444444444441
yfcc-batch4/3146.mp4, -1, -1, 67.9375
yfcc-batch4/3164.mp4, -1, -1, 61.5882352941177
yfcc-batch4/3166.mp4, -1, -1, 61.405405405405396
yfcc-batch4/3167.mp4, -1, -1, 63.88571428571429
yfcc-batch4/3168.mp4, -1, -1, 65.7837837837838
yfcc-batch4/3172.mp4, -1, -1, 78.8611111111111
yfcc-batch4/3174.mp4, -1, -1, 68.1388888888889
yfcc-batch4/3176.mp4, -1, -1, 65.6176470588235
yfcc-batch4/3177.mp4, -1, -1, 55.5833333333333
yfcc-batch4/3184.mp4, -1, -1, 70.5714285714286
yfcc-batch4/3190.mp4, -1, -1, 62.8571428571429
yfcc-batch4/3191.mp4, -1, -1, 70.2432432432432
yfcc-batch4/3193.mp4, -1, -1, 57.777777777777786
yfcc-batch4/3196.mp4, -1, -1, 70.90243902439029
yfcc-batch4/3204.mp4, -1, -1, 53.0
yfcc-batch4/3205.mp4, -1, -1, 64.85294117647061
yfcc-batch4/3207.mp4, -1, -1, 71.4
yfcc-batch4/3211.mp4, -1, -1, 71.4117647058823
yfcc-batch4/3221.mp4, -1, -1, 74.7352941176471
yfcc-batch4/3230.mp4, -1, -1, 62.31428571428571
yfcc-batch4/3234.mp4, -1, -1, 64.030303030303
yfcc-batch4/3236.mp4, -1, -1, 58.0294117647059
yfcc-batch4/3240.mp4, -1, -1, 65.37142857142861
yfcc-batch4/3241.mp4, -1, -1, 66.08571428571429
yfcc-batch4/3244.mp4, -1, -1, 65.7837837837838
yfcc-batch4/3251.mp4, -1, -1, 41.7058823529412
yfcc-batch4/3254.mp4, -1, -1, 70.0277777777778
yfcc-batch4/3255.mp4, -1, -1, 57.34285714285711
yfcc-batch4/3260.mp4, -1, -1, 61.405405405405396
yfcc-batch4/3261.mp4, -1, -1, 64.82352941176471
yfcc-batch4/3267.mp4, -1, -1, 69.8684210526316
yfcc-batch4/3269.mp4, -1, -1, 66.14285714285711
yfcc-batch4/3272.mp4, -1, -1, 68.7575757575758
yfcc-batch4/3274.mp4, -1, -1, 57.540540540540505
yfcc-batch4/3279.mp4, -1, -1, 55.5135135135135
yfcc-batch4/2772.mp4, -1, -1, 54.05882352941179
yfcc-batch4/2898.mp4, -1, -1, 43.79411764705879
yfcc-batch4/3044.mp4, -1, -1, 76.945945945946
yfcc-batch4/3055.mp4, -1, -1, 71.9722222222222
yfcc-batch4/2461.mp4, -1, -1, 64.9444444444444
yfcc-batch4/2465.mp4, -1, -1, 83.4285714285714
yfcc-batch4/2469.mp4, -1, -1, 64.8333333333333
yfcc-batch4/2471.mp4, -1, -1, 60.57142857142861
yfcc-batch4/2472.mp4, -1, -1, 63.6111111111111
yfcc-batch4/2473.mp4, -1, -1, 46.34285714285711
yfcc-batch4/2475.mp4, -1, -1, 62.428571428571395
yfcc-batch4/2479.mp4, -1, -1, 70.17647058823529
yfcc-batch4/2480.mp4, -1, -1, 52.6285714285714
yfcc-batch4/2481.mp4, -1, -1, 69.1081081081081
yfcc-batch4/2488.mp4, -1, -1, 61.8529411764706
yfcc-batch4/2499.mp4, -1, -1, 58.157894736842096
yfcc-batch4/2510.mp4, -1, -1, 52.026315789473706
yfcc-batch4/2511.mp4, -1, -1, 66.85294117647061
yfcc-batch4/2519.mp4, -1, -1, 71.9210526315789
yfcc-batch4/2525.mp4, -1, -1, 68.60526315789471
yfcc-batch4/2526.mp4, -1, -1, 46.512820512820504
yfcc-batch4/2533.mp4, -1, -1, 57.3529411764706
yfcc-batch4/2535.mp4, -1, -1, 54.75
yfcc-batch4/2536.mp4, -1, -1, 59.4242424242424
yfcc-batch4/2543.mp4, -1, -1, 54.3333333333333
yfcc-batch4/2546.mp4, -1, -1, 67.7272727272727
yfcc-batch4/2547.mp4, -1, -1, 65.5161290322581
yfcc-batch4/2550.mp4, -1, -1, 77.46875
yfcc-batch4/2551.mp4, -1, -1, 58.8888888888889
yfcc-batch4/2555.mp4, -1, -1, 68.9705882352941
yfcc-batch4/2560.mp4, -1, -1, 66.2647058823529
yfcc-batch4/2563.mp4, -1, -1, 64.6842105263158
yfcc-batch4/2568.mp4, -1, -1, 61.8823529411765
yfcc-batch4/2569.mp4, -1, -1, 53.722222222222214
yfcc-batch4/2579.mp4, -1, -1, 66.6
yfcc-batch4/2583.mp4, -1, -1, 57.184210526315795
yfcc-batch4/2584.mp4, -1, -1, 70.030303030303
yfcc-batch4/2588.mp4, -1, -1, 63.0540540540541
yfcc-batch4/2589.mp4, -1, -1, 69.9090909090909
yfcc-batch4/2597.mp4, -1, -1, 55.6944444444444
yfcc-batch4/2599.mp4, -1, -1, 64.56756756756761
yfcc-batch4/2602.mp4, -1, -1, 44.236842105263214
yfcc-batch4/2608.mp4, -1, -1, 46.67647058823529
yfcc-batch4/2615.mp4, -1, -1, 65.6842105263158
yfcc-batch4/2617.mp4, -1, -1, 46.8
yfcc-batch4/2619.mp4, -1, -1, 71.6571428571429
yfcc-batch4/2626.mp4, -1, -1, 60.0833333333333
yfcc-batch4/2628.mp4, -1, -1, 29.181818181818198
yfcc-batch4/2630.mp4, -1, -1, 72.75
yfcc-batch4/2634.mp4, -1, -1, 56.3055555555556
yfcc-batch4/2641.mp4, -1, -1, 53.0285714285714
yfcc-batch4/2642.mp4, -1, -1, 38.9117647058824
yfcc-batch4/2643.mp4, -1, -1, 69.4705882352941
yfcc-batch4/2647.mp4, -1, -1, 65.71428571428571
yfcc-batch4/2651.mp4, -1, -1, 50.0
yfcc-batch4/2656.mp4, -1, -1, 65.5555555555556
yfcc-batch4/2665.mp4, -1, -1, 48.914285714285704
yfcc-batch4/2666.mp4, -1, -1, 78.2285714285714
yfcc-batch4/2667.mp4, -1, -1, 69.4571428571429
yfcc-batch4/2670.mp4, -1, -1, 47.7894736842105
yfcc-batch4/2672.mp4, -1, -1, 47.222222222222214
yfcc-batch4/2675.mp4, -1, -1, 67.0285714285714
yfcc-batch4/2682.mp4, -1, -1, 75.972972972973
yfcc-batch4/2683.mp4, -1, -1, 60.3333333333333
yfcc-batch4/2687.mp4, -1, -1, 59.5757575757576
yfcc-batch4/2694.mp4, -1, -1, 79.2631578947369
yfcc-batch4/2696.mp4, -1, -1, 69.08108108108111
yfcc-batch4/2698.mp4, -1, -1, 71.5277777777778
yfcc-batch4/2700.mp4, -1, -1, 69.0285714285714
yfcc-batch4/2701.mp4, -1, -1, 55.3055555555556
yfcc-batch4/2702.mp4, -1, -1, 60.864864864864906
yfcc-batch4/2704.mp4, -1, -1, 77.6756756756757
yfcc-batch4/2708.mp4, -1, -1, 45.4705882352941
yfcc-batch4/2713.mp4, -1, -1, 63.94117647058821
yfcc-batch4/2715.mp4, -1, -1, 51.219512195122
yfcc-batch4/2719.mp4, -1, -1, 62.2702702702703
yfcc-batch4/2720.mp4, -1, -1, 61.5833333333333
yfcc-batch4/2724.mp4, -1, -1, 58.1428571428571
yfcc-batch4/2725.mp4, -1, -1, 31.9714285714286
yfcc-batch4/2732.mp4, -1, -1, 62.6111111111111
yfcc-batch4/2734.mp4, -1, -1, 68.1388888888889
yfcc-batch4/2736.mp4, -1, -1, 64.5135135135135
yfcc-batch4/2739.mp4, -1, -1, 51.3030303030303
yfcc-batch4/2742.mp4, -1, -1, 34.6666666666667
yfcc-batch4/2745.mp4, -1, -1, 77.8888888888889
yfcc-batch4/2750.mp4, -1, -1, 70.52941176470591
yfcc-batch4/2751.mp4, -1, -1, 67.5
yfcc-batch4/2755.mp4, -1, -1, 74.17142857142859
yfcc-batch4/2758.mp4, -1, -1, 82.08571428571429
yfcc-batch4/2760.mp4, -1, -1, 53.59459459459461
yfcc-batch4/2761.mp4, -1, -1, 51.428571428571395
yfcc-batch4/2773.mp4, -1, -1, 71.4864864864865
yfcc-batch4/2775.mp4, -1, -1, 63.9714285714286
yfcc-batch4/2776.mp4, -1, -1, 48.1944444444444
yfcc-batch4/2777.mp4, -1, -1, 66.37142857142861
yfcc-batch4/2780.mp4, -1, -1, 29.861111111111107
yfcc-batch4/2783.mp4, -1, -1, 56.9473684210526
yfcc-batch4/2786.mp4, -1, -1, 75.58974358974359
yfcc-batch4/2787.mp4, -1, -1, 60.0571428571429
yfcc-batch4/2793.mp4, -1, -1, 60.1428571428571
yfcc-batch4/2795.mp4, -1, -1, 62.55882352941179
yfcc-batch4/2800.mp4, -1, -1, 52.3939393939394
yfcc-batch4/2802.mp4, -1, -1, 56.8333333333333
yfcc-batch4/2804.mp4, -1, -1, 63.777777777777786
yfcc-batch4/2805.mp4, -1, -1, 58.777777777777786
yfcc-batch4/2809.mp4, -1, -1, 50.79411764705879
yfcc-batch4/2810.mp4, -1, -1, 42.6285714285714
yfcc-batch4/2811.mp4, -1, -1, 68.25
yfcc-batch4/2814.mp4, -1, -1, 67.9166666666667
yfcc-batch4/2818.mp4, -1, -1, 73.6756756756757
yfcc-batch4/2824.mp4, -1, -1, 66.3888888888889
yfcc-batch5/3653.mp4, -1, -1, 64.1388888888889
yfcc-batch5/3654.mp4, -1, -1, 68.85714285714289
yfcc-batch5/3658.mp4, -1, -1, 78.62162162162159
yfcc-batch5/3666.mp4, -1, -1, 63.0571428571429
yfcc-batch5/3680.mp4, -1, -1, 56.9166666666667
yfcc-batch5/3681.mp4, -1, -1, 74.8378378378378
yfcc-batch5/3688.mp4, -1, -1, 65.1081081081081
yfcc-batch5/3693.mp4, -1, -1, 61.363636363636395
yfcc-batch5/3704.mp4, -1, -1, 78.0277777777778
yfcc-batch5/3712.mp4, -1, -1, 41.8823529411765
yfcc-batch5/3718.mp4, -1, -1, 67.6571428571429
yfcc-batch5/3721.mp4, -1, -1, 63.6666666666667
yfcc-batch5/3722.mp4, -1, -1, 66.4736842105263
yfcc-batch5/3723.mp4, -1, -1, 49.972972972973004
yfcc-batch5/3725.mp4, -1, -1, 58.5
yfcc-batch5/3726.mp4, -1, -1, 70.6857142857143
yfcc-batch5/3729.mp4, -1, -1, 60.0
yfcc-batch5/3732.mp4, -1, -1, 65.6857142857143
yfcc-batch5/3733.mp4, -1, -1, 56.0833333333333
yfcc-batch5/3734.mp4, -1, -1, 62.842105263157904
yfcc-batch5/3746.mp4, -1, -1, 50.7297297297297
yfcc-batch5/3749.mp4, -1, -1, 53.1212121212121
yfcc-batch5/3757.mp4, -1, -1, 64.5142857142857
yfcc-batch5/3759.mp4, -1, -1, 38.2285714285714
yfcc-batch5/3761.mp4, -1, -1, 65.9722222222222
yfcc-batch5/3762.mp4, -1, -1, 57.235294117647115
yfcc-batch5/3770.mp4, -1, -1, 57.6410256410256
yfcc-batch5/3774.mp4, -1, -1, 72.55555555555559
yfcc-batch5/3778.mp4, -1, -1, 71.57575757575759
yfcc-batch5/3787.mp4, -1, -1, 59.4242424242424
yfcc-batch5/3789.mp4, -1, -1, 67.73684210526321
yfcc-batch5/3790.mp4, -1, -1, 55.17647058823529
yfcc-batch5/3794.mp4, -1, -1, 67.46875
yfcc-batch5/3795.mp4, -1, -1, 67.7058823529412
yfcc-batch5/3796.mp4, -1, -1, 47.70588235294121
yfcc-batch5/3807.mp4, -1, -1, 66.7837837837838
yfcc-batch5/3811.mp4, -1, -1, 38.5714285714286
yfcc-batch5/3815.mp4, -1, -1, 55.2162162162162
yfcc-batch5/3817.mp4, -1, -1, 47.11428571428571
yfcc-batch5/3819.mp4, -1, -1, 72.6969696969697
yfcc-batch5/3826.mp4, -1, -1, 68.4722222222222
yfcc-batch5/3829.mp4, -1, -1, 71.0
yfcc-batch5/3830.mp4, -1, -1, 74.8611111111111
yfcc-batch5/3835.mp4, -1, -1, 54.2285714285714
yfcc-batch5/3842.mp4, -1, -1, 46.735294117647115
yfcc-batch5/3846.mp4, -1, -1, 65.0
yfcc-batch5/3851.mp4, -1, -1, 66.1176470588235
yfcc-batch5/3853.mp4, -1, -1, 61.88571428571429
yfcc-batch5/3854.mp4, -1, -1, 55.5294117647059
yfcc-batch5/3861.mp4, -1, -1, 64.9722222222222
yfcc-batch5/3862.mp4, -1, -1, 64.0
yfcc-batch5/3865.mp4, -1, -1, 60.0
yfcc-batch5/3868.mp4, -1, -1, 51.81578947368421
yfcc-batch5/3875.mp4, -1, -1, 65.05405405405409
yfcc-batch5/3876.mp4, -1, -1, 64.4444444444444
yfcc-batch5/3878.mp4, -1, -1, 64.7777777777778
yfcc-batch5/3885.mp4, -1, -1, 70.5
yfcc-batch5/3887.mp4, -1, -1, 64.0606060606061
yfcc-batch5/3890.mp4, -1, -1, 63.44117647058821
yfcc-batch5/3892.mp4, -1, -1, 74.4857142857143
yfcc-batch5/3893.mp4, -1, -1, 67.15151515151521
yfcc-batch5/3894.mp4, -1, -1, 61.43243243243239
yfcc-batch5/3896.mp4, -1, -1, 61.8823529411765
yfcc-batch5/3901.mp4, -1, -1, 72.3684210526316
yfcc-batch5/3907.mp4, -1, -1, 70.6666666666667
yfcc-batch5/3911.mp4, -1, -1, 69.5428571428571
yfcc-batch5/3917.mp4, -1, -1, 64.6756756756757
yfcc-batch5/3930.mp4, -1, -1, 51.82857142857139
yfcc-batch5/3931.mp4, -1, -1, 71.7714285714286
yfcc-batch5/3932.mp4, -1, -1, 55.6111111111111
yfcc-batch5/3940.mp4, -1, -1, 64.3333333333333
yfcc-batch5/3942.mp4, -1, -1, 64.28125
yfcc-batch5/3950.mp4, -1, -1, 68.2
yfcc-batch5/3960.mp4, -1, -1, 77.4722222222222
yfcc-batch5/3966.mp4, -1, -1, 71.7222222222222
yfcc-batch5/3969.mp4, -1, -1, 65.4864864864865
yfcc-batch5/3970.mp4, -1, -1, 58.657142857142894
yfcc-batch5/3975.mp4, -1, -1, 55.0
yfcc-batch5/3976.mp4, -1, -1, 57.0833333333333
yfcc-batch5/3977.mp4, -1, -1, 69.7352941176471
yfcc-batch5/3978.mp4, -1, -1, 62.235294117647115
yfcc-batch5/3980.mp4, -1, -1, 73.2258064516129
yfcc-batch5/3982.mp4, -1, -1, 61.0
yfcc-batch5/3990.mp4, -1, -1, 48.67647058823529
yfcc-batch5/3996.mp4, -1, -1, 68.027027027027
yfcc-batch5/4002.mp4, -1, -1, 66.5263157894737
yfcc-batch5/4005.mp4, -1, -1, 61.743589743589794
yfcc-batch5/4012.mp4, -1, -1, 66.6
yfcc-batch5/4015.mp4, -1, -1, 45.485714285714295
yfcc-batch5/4022.mp4, -1, -1, 76.6969696969697
yfcc-batch5/4035.mp4, -1, -1, 58.2
yfcc-batch5/4038.mp4, -1, -1, 42.545454545454604
yfcc-batch5/4042.mp4, -1, -1, 75.70270270270271
yfcc-batch5/4043.mp4, -1, -1, 60.7714285714286
yfcc-batch5/4046.mp4, -1, -1, 59.1666666666667
yfcc-batch5/4054.mp4, -1, -1, 56.972972972973004
yfcc-batch5/4060.mp4, -1, -1, 57.6666666666667
yfcc-batch5/4069.mp4, -1, -1, 61.1428571428571
yfcc-batch5/4070.mp4, -1, -1, 82.2
yfcc-batch5/4077.mp4, -1, -1, 79.6
yfcc-batch5/4080.mp4, -1, -1, 61.3529411764706
yfcc-batch5/4082.mp4, -1, -1, 51.4166666666667
yfcc-batch5/4085.mp4, -1, -1, 51.8888888888889
yfcc-batch5/4086.mp4, -1, -1, 53.3888888888889
yfcc-batch5/4087.mp4, -1, -1, 56.545454545454504
yfcc-batch5/4089.mp4, -1, -1, 49.3529411764706
yfcc-batch5/4095.mp4, -1, -1, 63.3714285714286
yfcc-batch5/4097.mp4, -1, -1, 50.6969696969697
yfcc-batch5/4099.mp4, -1, -1, 65.0625
yfcc-batch5/4100.mp4, -1, -1, 72.5151515151515
yfcc-batch5/3580.mp4, -1, -1, 47.363636363636395
yfcc-batch5/3615.mp4, -1, -1, 40.526315789473706
yfcc-batch5/3282.mp4, -1, -1, 56.657142857142894
yfcc-batch5/3290.mp4, -1, -1, 66.6857142857143
yfcc-batch5/3291.mp4, -1, -1, 53.485714285714295
yfcc-batch5/3292.mp4, -1, -1, 53.6470588235294
yfcc-batch5/3298.mp4, -1, -1, 65.969696969697
yfcc-batch5/3299.mp4, -1, -1, 86.62857142857142
yfcc-batch5/3300.mp4, -1, -1, 55.4444444444444
yfcc-batch5/3303.mp4, -1, -1, 59.6
yfcc-batch5/3306.mp4, -1, -1, 68.3888888888889
yfcc-batch5/3310.mp4, -1, -1, 49.5428571428571
yfcc-batch5/3319.mp4, -1, -1, 68.9677419354839
yfcc-batch5/3321.mp4, -1, -1, 71.1025641025641
yfcc-batch5/3323.mp4, -1, -1, 66.2432432432432
yfcc-batch5/3331.mp4, -1, -1, 65.0
yfcc-batch5/3335.mp4, -1, -1, 75.6176470588236
yfcc-batch5/3361.mp4, -1, -1, 52.17647058823529
yfcc-batch5/3362.mp4, -1, -1, 55.2972972972973
yfcc-batch5/3373.mp4, -1, -1, 70.2162162162162
yfcc-batch5/3378.mp4, -1, -1, 69.6571428571429
yfcc-batch5/3381.mp4, -1, -1, 58.71428571428571
yfcc-batch5/3383.mp4, -1, -1, 69.4473684210526
yfcc-batch5/3387.mp4, -1, -1, 75.8648648648649
yfcc-batch5/3395.mp4, -1, -1, 71.54054054054059
yfcc-batch5/3399.mp4, -1, -1, 69.4117647058823
yfcc-batch5/3400.mp4, -1, -1, 54.5526315789474
yfcc-batch5/3402.mp4, -1, -1, 50.23076923076921
yfcc-batch5/3407.mp4, -1, -1, 64.6
yfcc-batch5/3410.mp4, -1, -1, 58.5
yfcc-batch5/3415.mp4, -1, -1, 75.1351351351351
yfcc-batch5/3419.mp4, -1, -1, 57.29411764705879
yfcc-batch5/3421.mp4, -1, -1, 71.5263157894737
yfcc-batch5/3422.mp4, -1, -1, 56.375
yfcc-batch5/3430.mp4, -1, -1, 56.6285714285714
yfcc-batch5/3439.mp4, -1, -1, 51.8
yfcc-batch5/3451.mp4, -1, -1, 75.0967741935484
yfcc-batch5/3452.mp4, -1, -1, 70.7777777777778
yfcc-batch5/3454.mp4, -1, -1, 71.7352941176471
yfcc-batch5/3458.mp4, -1, -1, 74.5625
yfcc-batch5/3460.mp4, -1, -1, 65.1111111111111
yfcc-batch5/3465.mp4, -1, -1, 42.72222222222221
yfcc-batch5/3472.mp4, -1, -1, 71.3714285714286
yfcc-batch5/3476.mp4, -1, -1, 54.0
yfcc-batch5/3485.mp4, -1, -1, 63.777777777777786
yfcc-batch5/3489.mp4, -1, -1, 78.97435897435899
yfcc-batch5/3492.mp4, -1, -1, 65.6578947368421
yfcc-batch5/3493.mp4, -1, -1, 48.8611111111111
yfcc-batch5/3504.mp4, -1, -1, 77.3428571428571
yfcc-batch5/3506.mp4, -1, -1, 69.1388888888889
yfcc-batch5/3511.mp4, -1, -1, 53.277777777777786
yfcc-batch5/3516.mp4, -1, -1, 79.3714285714286
yfcc-batch5/3523.mp4, -1, -1, 73.5
yfcc-batch5/3527.mp4, -1, -1, 68.8
yfcc-batch5/3529.mp4, -1, -1, 65.8333333333333
yfcc-batch5/3530.mp4, -1, -1, 32.6923076923077
yfcc-batch5/3531.mp4, -1, -1, 57.1081081081081
yfcc-batch5/3535.mp4, -1, -1, 66.8055555555556
yfcc-batch5/3537.mp4, -1, -1, 68.6363636363636
yfcc-batch5/3542.mp4, -1, -1, 61.8378378378378
yfcc-batch5/3545.mp4, -1, -1, 67.0277777777778
yfcc-batch5/3546.mp4, -1, -1, 83.2121212121212
yfcc-batch5/3547.mp4, -1, -1, 67.05714285714289
yfcc-batch5/3553.mp4, -1, -1, 73.82857142857141
yfcc-batch5/3562.mp4, -1, -1, 64.9473684210526
yfcc-batch5/3565.mp4, -1, -1, 66.6571428571429
yfcc-batch5/3571.mp4, -1, -1, 56.777777777777786
yfcc-batch5/3572.mp4, -1, -1, 72.4117647058823
yfcc-batch5/3581.mp4, -1, -1, 65.0
yfcc-batch5/3585.mp4, -1, -1, 45.24324324324329
yfcc-batch5/3590.mp4, -1, -1, 66.9722222222222
yfcc-batch5/3591.mp4, -1, -1, 55.1081081081081
yfcc-batch5/3597.mp4, -1, -1, 69.5428571428571
yfcc-batch5/3598.mp4, -1, -1, 51.736842105263214
yfcc-batch5/3600.mp4, -1, -1, 60.2285714285714
yfcc-batch5/3609.mp4, -1, -1, 58.8823529411765
yfcc-batch5/3610.mp4, -1, -1, 59.5151515151515
yfcc-batch5/3611.mp4, -1, -1, 57.4117647058824
yfcc-batch5/3622.mp4, -1, -1, 47.0810810810811
yfcc-batch5/3623.mp4, -1, -1, 75.9166666666667
yfcc-batch5/3624.mp4, -1, -1, 59.264705882352885
yfcc-batch5/3625.mp4, -1, -1, 69.5294117647059
yfcc-batch5/3634.mp4, -1, -1, 56.485714285714295
yfcc-batch5/3643.mp4, -1, -1, 51.428571428571395
yfcc-batch6/4470.mp4, -1, -1, 64.8684210526316
yfcc-batch6/4473.mp4, -1, -1, 71.2941176470588
yfcc-batch6/4476.mp4, -1, -1, 58.6486486486487
yfcc-batch6/4478.mp4, -1, -1, 63.1428571428571
yfcc-batch6/4479.mp4, -1, -1, 46.4166666666667
yfcc-batch6/4482.mp4, -1, -1, 63.736842105263214
yfcc-batch6/4483.mp4, -1, -1, 61.70588235294121
yfcc-batch6/4484.mp4, -1, -1, 67.5
yfcc-batch6/4487.mp4, -1, -1, 64.5555555555556
yfcc-batch6/4490.mp4, -1, -1, 57.6
yfcc-batch6/4494.mp4, -1, -1, 49.1081081081081
yfcc-batch6/4495.mp4, -1, -1, 73.0
yfcc-batch6/4496.mp4, -1, -1, 70.0
yfcc-batch6/4503.mp4, -1, -1, 39.7272727272727
yfcc-batch6/4507.mp4, -1, -1, 69.4594594594595
yfcc-batch6/4508.mp4, -1, -1, 61.375
yfcc-batch6/4518.mp4, -1, -1, 64.5277777777778
yfcc-batch6/4525.mp4, -1, -1, 65.11428571428571
yfcc-batch6/4528.mp4, -1, -1, 63.3055555555556
yfcc-batch6/4531.mp4, -1, -1, 52.8529411764706
yfcc-batch6/4534.mp4, -1, -1, 43.2105263157895
yfcc-batch6/4536.mp4, -1, -1, 67.10526315789471
yfcc-batch6/4539.mp4, -1, -1, 67.5294117647059
yfcc-batch6/4543.mp4, -1, -1, 66.0833333333333
yfcc-batch6/4550.mp4, -1, -1, 75.7058823529412
yfcc-batch6/4551.mp4, -1, -1, 63.9473684210526
yfcc-batch6/4556.mp4, -1, -1, 72.4285714285714
yfcc-batch6/4561.mp4, -1, -1, 67.3421052631579
yfcc-batch6/4565.mp4, -1, -1, 62.2285714285714
yfcc-batch6/4566.mp4, -1, -1, 69.14285714285711
yfcc-batch6/4568.mp4, -1, -1, 46.625
yfcc-batch6/4572.mp4, -1, -1, 54.82352941176471
yfcc-batch6/4580.mp4, -1, -1, 73.9411764705882
yfcc-batch6/4581.mp4, -1, -1, 67.5
yfcc-batch6/4584.mp4, -1, -1, 70.2162162162162
yfcc-batch6/4585.mp4, -1, -1, 70.2051282051282
yfcc-batch6/4587.mp4, -1, -1, 67.0
yfcc-batch6/4588.mp4, -1, -1, 59.9428571428571
yfcc-batch6/4590.mp4, -1, -1, 68.4411764705882
yfcc-batch6/4592.mp4, -1, -1, 72.44736842105259
yfcc-batch6/4597.mp4, -1, -1, 47.0571428571429
yfcc-batch6/4598.mp4, -1, -1, 64.4
yfcc-batch6/4602.mp4, -1, -1, 53.1351351351352
yfcc-batch6/4606.mp4, -1, -1, 73.34375
yfcc-batch6/4608.mp4, -1, -1, 65.56756756756761
yfcc-batch6/4612.mp4, -1, -1, 56.7567567567568
yfcc-batch6/4623.mp4, -1, -1, 54.2105263157895
yfcc-batch6/4625.mp4, -1, -1, 57.1081081081081
yfcc-batch6/4626.mp4, -1, -1, 63.7714285714286
yfcc-batch6/4632.mp4, -1, -1, 37.77777777777779
yfcc-batch6/4635.mp4, -1, -1, 73.18918918918921
yfcc-batch6/4636.mp4, -1, -1, 49.777777777777786
yfcc-batch6/4637.mp4, -1, -1, 50.9189189189189
yfcc-batch6/4640.mp4, -1, -1, 65.5277777777778
yfcc-batch6/4647.mp4, -1, -1, 63.428571428571395
yfcc-batch6/4650.mp4, -1, -1, 50.81578947368421
yfcc-batch6/4663.mp4, -1, -1, 59.527777777777786
yfcc-batch6/4665.mp4, -1, -1, 56.34285714285711
yfcc-batch6/4669.mp4, -1, -1, 69.10526315789471
yfcc-batch6/4670.mp4, -1, -1, 49.8888888888889
yfcc-batch6/4680.mp4, -1, -1, 54.8888888888889
yfcc-batch6/4682.mp4, -1, -1, 53.257142857142895
yfcc-batch6/4685.mp4, -1, -1, 62.3783783783784
yfcc-batch6/4688.mp4, -1, -1, 62.31428571428571
yfcc-batch6/4690.mp4, -1, -1, 71.2571428571428
yfcc-batch6/4693.mp4, -1, -1, 62.11428571428571
yfcc-batch6/4694.mp4, -1, -1, 72.4324324324324
yfcc-batch6/4705.mp4, -1, -1, 77.4285714285714
yfcc-batch6/4706.mp4, -1, -1, 75.2941176470588
yfcc-batch6/4708.mp4, -1, -1, 41.435897435897395
yfcc-batch6/4709.mp4, -1, -1, 43.9473684210526
yfcc-batch6/4712.mp4, -1, -1, 65.88571428571429
yfcc-batch6/4714.mp4, -1, -1, 70.1714285714286
yfcc-batch6/4720.mp4, -1, -1, 55.538461538461505
yfcc-batch6/4725.mp4, -1, -1, 67.5
yfcc-batch6/4726.mp4, -1, -1, 53.777777777777786
yfcc-batch6/4733.mp4, -1, -1, 65.5
yfcc-batch6/4736.mp4, -1, -1, 62.8918918918919
yfcc-batch6/4743.mp4, -1, -1, 63.1315789473684
yfcc-batch6/4744.mp4, -1, -1, 68.5277777777778
yfcc-batch6/4754.mp4, -1, -1, 47.3846153846154
yfcc-batch6/4756.mp4, -1, -1, 79.57575757575759
yfcc-batch6/4760.mp4, -1, -1, 61.3333333333333
yfcc-batch6/4761.mp4, -1, -1, 70.2702702702703
yfcc-batch6/4763.mp4, -1, -1, 66.0555555555556
yfcc-batch6/4773.mp4, -1, -1, 67.3142857142857
yfcc-batch6/4782.mp4, -1, -1, 56.23076923076921
yfcc-batch6/4787.mp4, -1, -1, 54.0833333333333
yfcc-batch6/4799.mp4, -1, -1, 56.1470588235294
yfcc-batch6/4803.mp4, -1, -1, 71.88571428571429
yfcc-batch6/4804.mp4, -1, -1, 72.45714285714291
yfcc-batch6/4811.mp4, -1, -1, 58.9473684210526
yfcc-batch6/4821.mp4, -1, -1, 68.2894736842105
yfcc-batch6/4822.mp4, -1, -1, 67.2894736842105
yfcc-batch6/4824.mp4, -1, -1, 56.97368421052629
yfcc-batch6/4833.mp4, -1, -1, 52.514285714285705
yfcc-batch6/4835.mp4, -1, -1, 67.027027027027
yfcc-batch6/4836.mp4, -1, -1, 49.1388888888889
yfcc-batch6/4839.mp4, -1, -1, 59.514285714285705
yfcc-batch6/4850.mp4, -1, -1, 62.4117647058824
yfcc-batch6/4853.mp4, -1, -1, 66.4871794871795
yfcc-batch6/4859.mp4, -1, -1, 47.4
yfcc-batch6/4863.mp4, -1, -1, 65.35294117647061
yfcc-batch6/4873.mp4, -1, -1, 76.3333333333333
yfcc-batch6/4881.mp4, -1, -1, 58.5555555555556
yfcc-batch6/4882.mp4, -1, -1, 64.2777777777778
yfcc-batch6/4883.mp4, -1, -1, 58.722222222222214
yfcc-batch6/4893.mp4, -1, -1, 66.5
yfcc-batch6/4894.mp4, -1, -1, 57.0
yfcc-batch6/4895.mp4, -1, -1, 73.05555555555559
yfcc-batch6/4897.mp4, -1, -1, 61.6470588235294
yfcc-batch6/4903.mp4, -1, -1, 50.324324324324294
yfcc-batch6/4905.mp4, -1, -1, 68.0
yfcc-batch6/4910.mp4, -1, -1, 59.027777777777786
yfcc-batch6/4913.mp4, -1, -1, 62.8823529411765
yfcc-batch6/4290.mp4, -1, -1, 69.2
yfcc-batch6/4519.mp4, -1, -1, 65.7941176470588
yfcc-batch6/4553.mp4, -1, -1, 52.11428571428571
yfcc-batch6/4765.mp4, -1, -1, 60.3783783783784
yfcc-batch6/4101.mp4, -1, -1, 56.9428571428571
yfcc-batch6/4102.mp4, -1, -1, 67.71875
yfcc-batch6/4103.mp4, -1, -1, 68.29729729729729
yfcc-batch6/4105.mp4, -1, -1, 67.37142857142861
yfcc-batch6/4108.mp4, -1, -1, 78.2285714285714
yfcc-batch6/4109.mp4, -1, -1, 64.9722222222222
yfcc-batch6/4112.mp4, -1, -1, 47.2
yfcc-batch6/4114.mp4, -1, -1, 32.6216216216216
yfcc-batch6/4117.mp4, -1, -1, 68.6842105263158
yfcc-batch6/4119.mp4, -1, -1, 54.257142857142895
yfcc-batch6/4124.mp4, -1, -1, 68.0
yfcc-batch6/4125.mp4, -1, -1, 73.17647058823529
yfcc-batch6/4131.mp4, -1, -1, 73.02941176470591
yfcc-batch6/4133.mp4, -1, -1, 75.2
yfcc-batch6/4134.mp4, -1, -1, 52.236842105263214
yfcc-batch6/4138.mp4, -1, -1, 66.8611111111111
yfcc-batch6/4140.mp4, -1, -1, 60.60526315789479
yfcc-batch6/4154.mp4, -1, -1, 62.57142857142861
yfcc-batch6/4158.mp4, -1, -1, 64.8205128205128
yfcc-batch6/4160.mp4, -1, -1, 58.0789473684211
yfcc-batch6/4161.mp4, -1, -1, 74.3611111111111
yfcc-batch6/4164.mp4, -1, -1, 62.6944444444444
yfcc-batch6/4166.mp4, -1, -1, 45.4
yfcc-batch6/4167.mp4, -1, -1, 63.57142857142861
yfcc-batch6/4168.mp4, -1, -1, 63.71875
yfcc-batch6/4175.mp4, -1, -1, 61.764705882352885
yfcc-batch6/4177.mp4, -1, -1, 57.9444444444444
yfcc-batch6/4181.mp4, -1, -1, 64.3513513513513
yfcc-batch6/4184.mp4, -1, -1, 71.8333333333333
yfcc-batch6/4185.mp4, -1, -1, 39.3421052631579
yfcc-batch6/4193.mp4, -1, -1, 67.6666666666667
yfcc-batch6/4194.mp4, -1, -1, 64.91428571428571
yfcc-batch6/4196.mp4, -1, -1, 55.82352941176471
yfcc-batch6/4198.mp4, -1, -1, 73.0
yfcc-batch6/4204.mp4, -1, -1, 54.3333333333333
yfcc-batch6/4210.mp4, -1, -1, 65.0
yfcc-batch6/4213.mp4, -1, -1, 59.0810810810811
yfcc-batch6/4217.mp4, -1, -1, 59.7714285714286
yfcc-batch6/4218.mp4, -1, -1, 62.6388888888889
yfcc-batch6/4225.mp4, -1, -1, 61.722222222222214
yfcc-batch6/4236.mp4, -1, -1, 65.3142857142857
yfcc-batch6/4239.mp4, -1, -1, 62.29411764705879
yfcc-batch6/4242.mp4, -1, -1, 65.6
yfcc-batch6/4243.mp4, -1, -1, 61.972222222222214
yfcc-batch6/4245.mp4, -1, -1, 61.31428571428571
yfcc-batch6/4252.mp4, -1, -1, 60.6388888888889
yfcc-batch6/4253.mp4, -1, -1, 52.6285714285714
yfcc-batch6/4254.mp4, -1, -1, 54.10526315789479
yfcc-batch6/4255.mp4, -1, -1, 62.29411764705879
yfcc-batch6/4261.mp4, -1, -1, 45.151515151515206
yfcc-batch6/4263.mp4, -1, -1, 53.857142857142804
yfcc-batch6/4264.mp4, -1, -1, 53.8333333333333
yfcc-batch6/4274.mp4, -1, -1, 64.8055555555556
yfcc-batch6/4276.mp4, -1, -1, 71.0
yfcc-batch6/4280.mp4, -1, -1, 54.0789473684211
yfcc-batch6/4288.mp4, -1, -1, 73.0588235294118
yfcc-batch6/4297.mp4, -1, -1, 71.3888888888889
yfcc-batch6/4298.mp4, -1, -1, 56.94117647058821
yfcc-batch6/4299.mp4, -1, -1, 65.2682926829268
yfcc-batch6/4303.mp4, -1, -1, 49.5135135135135
yfcc-batch6/4304.mp4, -1, -1, 60.2105263157895
yfcc-batch6/4312.mp4, -1, -1, 68.0
yfcc-batch6/4313.mp4, -1, -1, 61.8571428571429
yfcc-batch6/4316.mp4, -1, -1, 50.67647058823529
yfcc-batch6/4317.mp4, -1, -1, 56.527777777777786
yfcc-batch6/4320.mp4, -1, -1, 56.5789473684211
yfcc-batch6/4321.mp4, -1, -1, 74.0
yfcc-batch6/4326.mp4, -1, -1, 52.7567567567568
yfcc-batch6/4330.mp4, -1, -1, 64.94285714285711
yfcc-batch6/4334.mp4, -1, -1, 70.0
yfcc-batch6/4344.mp4, -1, -1, 56.74285714285711
yfcc-batch6/4346.mp4, -1, -1, 66.7567567567568
yfcc-batch6/4351.mp4, -1, -1, 55.1428571428571
yfcc-batch6/4352.mp4, -1, -1, 68.18918918918922
yfcc-batch6/4354.mp4, -1, -1, 52.88571428571429
yfcc-batch6/4356.mp4, -1, -1, 72.91428571428571
yfcc-batch6/4366.mp4, -1, -1, 69.9393939393939
yfcc-batch6/4383.mp4, -1, -1, 50.9473684210526
yfcc-batch6/4385.mp4, -1, -1, 64.6486486486487
yfcc-batch6/4391.mp4, -1, -1, 71.70270270270271
yfcc-batch6/4393.mp4, -1, -1, 61.472222222222214
yfcc-batch6/4396.mp4, -1, -1, 52.17647058823529
yfcc-batch6/4402.mp4, -1, -1, 67.1578947368421
yfcc-batch6/4410.mp4, -1, -1, 66.8684210526316
yfcc-batch6/4411.mp4, -1, -1, 76.69230769230771
yfcc-batch6/4412.mp4, -1, -1, 73.7428571428572
yfcc-batch6/4413.mp4, -1, -1, 63.43243243243239
yfcc-batch6/4416.mp4, -1, -1, 70.2894736842105
yfcc-batch6/4424.mp4, -1, -1, 60.8684210526316
yfcc-batch6/4433.mp4, -1, -1, 73.62162162162159
yfcc-batch6/4435.mp4, -1, -1, 58.5
yfcc-batch6/4441.mp4, -1, -1, 65.88571428571429
yfcc-batch6/4445.mp4, -1, -1, 58.1666666666667
yfcc-batch6/4452.mp4, -1, -1, 61.17647058823529
yfcc-batch6/4455.mp4, -1, -1, 60.0571428571429
yfcc-batch6/4460.mp4, -1, -1, 72.30555555555559
yfcc-batch6/4463.mp4, -1, -1, 43.9714285714286
yfcc-batch7/5290.mp4, -1, -1, 61.3939393939394
yfcc-batch7/5291.mp4, -1, -1, 75.2162162162162
yfcc-batch7/5294.mp4, -1, -1, 71.2702702702703
yfcc-batch7/5301.mp4, -1, -1, 69.6060606060606
yfcc-batch7/5303.mp4, -1, -1, 40.65
yfcc-batch7/5304.mp4, -1, -1, 65.969696969697
yfcc-batch7/5305.mp4, -1, -1, 59.5294117647059
yfcc-batch7/5309.mp4, -1, -1, 67.4473684210526
yfcc-batch7/5310.mp4, -1, -1, 73.05128205128209
yfcc-batch7/5312.mp4, -1, -1, 67.475
yfcc-batch7/5330.mp4, -1, -1, 53.846153846153896
yfcc-batch7/5333.mp4, -1, -1, 51.75
yfcc-batch7/5339.mp4, -1, -1, 68.41176470588239
yfcc-batch7/5343.mp4, -1, -1, 66.70270270270271
yfcc-batch7/5356.mp4, -1, -1, 63.675675675675706
yfcc-batch7/5365.mp4, -1, -1, 43.9459459459459
yfcc-batch7/5370.mp4, -1, -1, 70.7837837837838
yfcc-batch7/5373.mp4, -1, -1, 63.3125
yfcc-batch7/5381.mp4, -1, -1, 67.71428571428571
yfcc-batch7/5386.mp4, -1, -1, 63.3823529411765
yfcc-batch7/5391.mp4, -1, -1, 71.97142857142859
yfcc-batch7/5400.mp4, -1, -1, 49.7105263157895
yfcc-batch7/5402.mp4, -1, -1, 61.4117647058824
yfcc-batch7/5404.mp4, -1, -1, 68.5526315789474
yfcc-batch7/5418.mp4, -1, -1, 65.1111111111111
yfcc-batch7/5421.mp4, -1, -1, 59.90243902439021
yfcc-batch7/5423.mp4, -1, -1, 66.5135135135135
yfcc-batch7/5425.mp4, -1, -1, 62.2285714285714
yfcc-batch7/5432.mp4, -1, -1, 40.8157894736842
yfcc-batch7/5440.mp4, -1, -1, 80.9444444444445
yfcc-batch7/5450.mp4, -1, -1, 50.1666666666667
yfcc-batch7/5452.mp4, -1, -1, 54.1081081081081
yfcc-batch7/5454.mp4, -1, -1, 73.945945945946
yfcc-batch7/5455.mp4, -1, -1, 40.7837837837838
yfcc-batch7/5456.mp4, -1, -1, 71.1081081081081
yfcc-batch7/5458.mp4, -1, -1, 70.94871794871791
yfcc-batch7/5463.mp4, -1, -1, 72.1111111111111
yfcc-batch7/5465.mp4, -1, -1, 48.969696969697
yfcc-batch7/5466.mp4, -1, -1, 62.56410256410261
yfcc-batch7/5474.mp4, -1, -1, 52.95
yfcc-batch7/5475.mp4, -1, -1, 59.3333333333333
yfcc-batch7/5477.mp4, -1, -1, 70.1666666666667
yfcc-batch7/5482.mp4, -1, -1, 36.4318181818182
yfcc-batch7/5483.mp4, -1, -1, 55.6111111111111
yfcc-batch7/5484.mp4, -1, -1, 59.810810810810786
yfcc-batch7/5486.mp4, -1, -1, 44.405405405405396
yfcc-batch7/5487.mp4, -1, -1, 35.8285714285714
yfcc-batch7/5488.mp4, -1, -1, 57.0
yfcc-batch7/5490.mp4, -1, -1, 64.5833333333333
yfcc-batch7/5499.mp4, -1, -1, 61.81578947368421
yfcc-batch7/5500.mp4, -1, -1, 50.7894736842105
yfcc-batch7/5502.mp4, -1, -1, 61.15
yfcc-batch7/5503.mp4, -1, -1, 62.735294117647115
yfcc-batch7/5507.mp4, -1, -1, 48.8918918918919
yfcc-batch7/5515.mp4, -1, -1, 68.7647058823529
yfcc-batch7/5520.mp4, -1, -1, 59.31428571428571
yfcc-batch7/5523.mp4, -1, -1, 49.526315789473706
yfcc-batch7/5524.mp4, -1, -1, 62.1388888888889
yfcc-batch7/5526.mp4, -1, -1, 50.7297297297297
yfcc-batch7/5527.mp4, -1, -1, 60.675675675675706
yfcc-batch7/5537.mp4, -1, -1, 66.3823529411765
yfcc-batch7/5540.mp4, -1, -1, 69.91891891891889
yfcc-batch7/5546.mp4, -1, -1, 59.0526315789474
yfcc-batch7/5548.mp4, -1, -1, 68.8787878787879
yfcc-batch7/5550.mp4, -1, -1, 66.0
yfcc-batch7/5552.mp4, -1, -1, 65.6666666666667
yfcc-batch7/5554.mp4, -1, -1, 63.7179487179487
yfcc-batch7/5562.mp4, -1, -1, 66.84375
yfcc-batch7/5566.mp4, -1, -1, 66.5
yfcc-batch7/5568.mp4, -1, -1, 49.9444444444444
yfcc-batch7/5571.mp4, -1, -1, 68.25
yfcc-batch7/5573.mp4, -1, -1, 56.6666666666667
yfcc-batch7/5577.mp4, -1, -1, 62.405405405405396
yfcc-batch7/5579.mp4, -1, -1, 55.5
yfcc-batch7/5580.mp4, -1, -1, 67.4848484848485
yfcc-batch7/5583.mp4, -1, -1, 59.88571428571429
yfcc-batch7/5585.mp4, -1, -1, 52.57142857142861
yfcc-batch7/5587.mp4, -1, -1, 68.1282051282051
yfcc-batch7/5595.mp4, -1, -1, 78.2777777777778
yfcc-batch7/5598.mp4, -1, -1, 45.125
yfcc-batch7/5610.mp4, -1, -1, 53.743589743589794
yfcc-batch7/5614.mp4, -1, -1, 58.89473684210521
yfcc-batch7/5618.mp4, -1, -1, 49.7179487179487
yfcc-batch7/5619.mp4, -1, -1, 71.0882352941177
yfcc-batch7/5622.mp4, -1, -1, 67.2352941176471
yfcc-batch7/5624.mp4, -1, -1, 52.864864864864906
yfcc-batch7/5626.mp4, -1, -1, 72.075
yfcc-batch7/5634.mp4, -1, -1, 63.4473684210526
yfcc-batch7/5635.mp4, -1, -1, 59.763157894736786
yfcc-batch7/5636.mp4, -1, -1, 60.9459459459459
yfcc-batch7/5637.mp4, -1, -1, 64.972972972973
yfcc-batch7/5644.mp4, -1, -1, 51.7272727272727
yfcc-batch7/5645.mp4, -1, -1, 72.7837837837838
yfcc-batch7/5648.mp4, -1, -1, 44.0769230769231
yfcc-batch7/5649.mp4, -1, -1, 63.9705882352941
yfcc-batch7/5651.mp4, -1, -1, 78.5609756097561
yfcc-batch7/5654.mp4, -1, -1, 69.5454545454546
yfcc-batch7/5658.mp4, -1, -1, 52.0
yfcc-batch7/5659.mp4, -1, -1, 54.8378378378378
yfcc-batch7/5660.mp4, -1, -1, 57.0769230769231
yfcc-batch7/5662.mp4, -1, -1, 59.657142857142894
yfcc-batch7/5665.mp4, -1, -1, 53.0
yfcc-batch7/5667.mp4, -1, -1, 67.2820512820513
yfcc-batch7/5673.mp4, -1, -1, 71.40625
yfcc-batch7/5679.mp4, -1, -1, 54.34285714285711
yfcc-batch7/5681.mp4, -1, -1, 76.7631578947369
yfcc-batch7/5682.mp4, -1, -1, 70.3428571428571
yfcc-batch7/5685.mp4, -1, -1, 61.9459459459459
yfcc-batch7/5691.mp4, -1, -1, 57.514285714285705
yfcc-batch7/5700.mp4, -1, -1, 69.11428571428571
yfcc-batch7/5714.mp4, -1, -1, 65.1714285714286
yfcc-batch7/5719.mp4, -1, -1, 77.2647058823529
yfcc-batch7/5722.mp4, -1, -1, 53.6486486486487
yfcc-batch7/5731.mp4, -1, -1, 61.8918918918919
yfcc-batch7/5225.mp4, -1, -1, 66.5555555555556
yfcc-batch7/4922.mp4, -1, -1, 46.9354838709677
yfcc-batch7/4936.mp4, -1, -1, 50.81578947368421
yfcc-batch7/4938.mp4, -1, -1, 64.56756756756761
yfcc-batch7/4947.mp4, -1, -1, 59.3055555555556
yfcc-batch7/4951.mp4, -1, -1, 60.184210526315795
yfcc-batch7/4955.mp4, -1, -1, 74.8
yfcc-batch7/4960.mp4, -1, -1, 46.864864864864906
yfcc-batch7/4962.mp4, -1, -1, 70.6388888888889
yfcc-batch7/4966.mp4, -1, -1, 69.81081081081078
yfcc-batch7/4978.mp4, -1, -1, 64.4
yfcc-batch7/4983.mp4, -1, -1, 51.67647058823529
yfcc-batch7/4987.mp4, -1, -1, 71.9189189189189
yfcc-batch7/4989.mp4, -1, -1, 39.1388888888889
yfcc-batch7/4993.mp4, -1, -1, 70.3684210526316
yfcc-batch7/4997.mp4, -1, -1, 55.527777777777786
yfcc-batch7/5002.mp4, -1, -1, 56.8684210526316
yfcc-batch7/5005.mp4, -1, -1, 67.5
yfcc-batch7/5006.mp4, -1, -1, 48.236842105263214
yfcc-batch7/5007.mp4, -1, -1, 71.4054054054054
yfcc-batch7/5008.mp4, -1, -1, 46.8181818181818
yfcc-batch7/5012.mp4, -1, -1, 70.8333333333333
yfcc-batch7/5015.mp4, -1, -1, 73.6756756756757
yfcc-batch7/5020.mp4, -1, -1, 47.725
yfcc-batch7/5026.mp4, -1, -1, 14.5
yfcc-batch7/5034.mp4, -1, -1, 71.4166666666667
yfcc-batch7/5035.mp4, -1, -1, 58.47368421052629
yfcc-batch7/5051.mp4, -1, -1, 59.8
yfcc-batch7/5054.mp4, -1, -1, 72.8611111111111
yfcc-batch7/5062.mp4, -1, -1, 54.7894736842105
yfcc-batch7/5065.mp4, -1, -1, 58.526315789473706
yfcc-batch7/5066.mp4, -1, -1, 69.02564102564101
yfcc-batch7/5069.mp4, -1, -1, 66.375
yfcc-batch7/5070.mp4, -1, -1, 61.085714285714296
yfcc-batch7/5075.mp4, -1, -1, 63.5833333333333
yfcc-batch7/5077.mp4, -1, -1, 50.9714285714286
yfcc-batch7/5078.mp4, -1, -1, 69.972972972973
yfcc-batch7/5080.mp4, -1, -1, 63.56756756756761
yfcc-batch7/5081.mp4, -1, -1, 54.657894736842096
yfcc-batch7/5086.mp4, -1, -1, 63.5789473684211
yfcc-batch7/5093.mp4, -1, -1, 59.675675675675706
yfcc-batch7/5094.mp4, -1, -1, 58.0810810810811
yfcc-batch7/5095.mp4, -1, -1, 62.085714285714296
yfcc-batch7/5101.mp4, -1, -1, 65.29729729729729
yfcc-batch7/5104.mp4, -1, -1, 66.35
yfcc-batch7/5105.mp4, -1, -1, 78.0
yfcc-batch7/5107.mp4, -1, -1, 68.0277777777778
yfcc-batch7/5117.mp4, -1, -1, 52.0
yfcc-batch7/5123.mp4, -1, -1, 73.3513513513513
yfcc-batch7/5125.mp4, -1, -1, 70.1951219512195
yfcc-batch7/5131.mp4, -1, -1, 69.5833333333333
yfcc-batch7/5133.mp4, -1, -1, 58.2972972972973
yfcc-batch7/5138.mp4, -1, -1, 51.79411764705879
yfcc-batch7/5140.mp4, -1, -1, 48.75
yfcc-batch7/5141.mp4, -1, -1, 80.91428571428571
yfcc-batch7/5143.mp4, -1, -1, 67.3243243243243
yfcc-batch7/5160.mp4, -1, -1, 54.6666666666667
yfcc-batch7/5162.mp4, -1, -1, 69.1842105263158
yfcc-batch7/5167.mp4, -1, -1, 70.2702702702703
yfcc-batch7/5174.mp4, -1, -1, 44.8684210526316
yfcc-batch7/5180.mp4, -1, -1, 74.8888888888889
yfcc-batch7/5181.mp4, -1, -1, 68.6944444444444
yfcc-batch7/5183.mp4, -1, -1, 62.65853658536589
yfcc-batch7/5186.mp4, -1, -1, 49.135135135135094
yfcc-batch7/5187.mp4, -1, -1, 62.7105263157895
yfcc-batch7/5193.mp4, -1, -1, 60.43243243243239
yfcc-batch7/5195.mp4, -1, -1, 49.8918918918919
yfcc-batch7/5199.mp4, -1, -1, 66.4736842105263
yfcc-batch7/5200.mp4, -1, -1, 68.7297297297297
yfcc-batch7/5210.mp4, -1, -1, 68.3513513513513
yfcc-batch7/5212.mp4, -1, -1, 49.512820512820504
yfcc-batch7/5219.mp4, -1, -1, 78.1212121212121
yfcc-batch7/5227.mp4, -1, -1, 53.375
yfcc-batch7/5228.mp4, -1, -1, 71.6315789473684
yfcc-batch7/5229.mp4, -1, -1, 62.0
yfcc-batch7/5232.mp4, -1, -1, 60.184210526315795
yfcc-batch7/5235.mp4, -1, -1, 61.8
yfcc-batch7/5239.mp4, -1, -1, 55.68571428571429
yfcc-batch7/5241.mp4, -1, -1, 76.81081081081079
yfcc-batch7/5250.mp4, -1, -1, 73.05263157894741
yfcc-batch7/5254.mp4, -1, -1, 53.9714285714286
yfcc-batch7/5255.mp4, -1, -1, 51.9459459459459
yfcc-batch7/5258.mp4, -1, -1, 54.68571428571429
yfcc-batch7/5259.mp4, -1, -1, 67.8648648648649
yfcc-batch7/5260.mp4, -1, -1, 63.3513513513514
yfcc-batch7/5264.mp4, -1, -1, 69.9166666666667
yfcc-batch7/5269.mp4, -1, -1, 55.3823529411765
yfcc-batch7/5272.mp4, -1, -1, 59.17142857142861
yfcc-batch7/5282.mp4, -1, -1, 73.0882352941177
yfcc-batch7/5285.mp4, -1, -1, 70.3125
yfcc-batch7/5286.mp4, -1, -1, 61.525
yfcc-batch8/6106.mp4, -1, -1, 68.0
yfcc-batch8/6113.mp4, -1, -1, 66.71428571428571
yfcc-batch8/6114.mp4, -1, -1, 61.222222222222214
yfcc-batch8/6122.mp4, -1, -1, 53.5
yfcc-batch8/6125.mp4, -1, -1, 61.277777777777786
yfcc-batch8/6128.mp4, -1, -1, 66.94285714285711
yfcc-batch8/6130.mp4, -1, -1, 66.73684210526321
yfcc-batch8/6132.mp4, -1, -1, 46.4571428571429
yfcc-batch8/6154.mp4, -1, -1, 66.4054054054054
yfcc-batch8/6157.mp4, -1, -1, 64.1818181818182
yfcc-batch8/6161.mp4, -1, -1, 69.9411764705882
yfcc-batch8/6163.mp4, -1, -1, 79.64102564102559
yfcc-batch8/6168.mp4, -1, -1, 59.184210526315795
yfcc-batch8/6173.mp4, -1, -1, 47.972972972973004
yfcc-batch8/6182.mp4, -1, -1, 56.9117647058824
yfcc-batch8/6185.mp4, -1, -1, 58.842105263157904
yfcc-batch8/6187.mp4, -1, -1, 54.6486486486487
yfcc-batch8/6194.mp4, -1, -1, 57.9473684210526
yfcc-batch8/6197.mp4, -1, -1, 66.075
yfcc-batch8/6209.mp4, -1, -1, 69.0
yfcc-batch8/6211.mp4, -1, -1, 54.125
yfcc-batch8/6216.mp4, -1, -1, 66.56756756756761
yfcc-batch8/6218.mp4, -1, -1, 61.5853658536585
yfcc-batch8/6220.mp4, -1, -1, 72.5405405405405
yfcc-batch8/6222.mp4, -1, -1, 63.8611111111111
yfcc-batch8/6228.mp4, -1, -1, 69.7837837837838
yfcc-batch8/6229.mp4, -1, -1, 61.342105263157904
yfcc-batch8/6236.mp4, -1, -1, 61.5135135135135
yfcc-batch8/6242.mp4, -1, -1, 58.8333333333333
yfcc-batch8/6250.mp4, -1, -1, 65.7428571428572
yfcc-batch8/6251.mp4, -1, -1, 68.21875
yfcc-batch8/6257.mp4, -1, -1, 62.625
yfcc-batch8/6264.mp4, -1, -1, 58.222222222222214
yfcc-batch8/6267.mp4, -1, -1, 57.472222222222214
yfcc-batch8/6268.mp4, -1, -1, 69.4054054054054
yfcc-batch8/6269.mp4, -1, -1, 65.7179487179487
yfcc-batch8/6279.mp4, -1, -1, 64.3513513513513
yfcc-batch8/6280.mp4, -1, -1, 63.8611111111111
yfcc-batch8/6285.mp4, -1, -1, 71.1666666666667
yfcc-batch8/6289.mp4, -1, -1, 59.657894736842096
yfcc-batch8/6295.mp4, -1, -1, 51.8333333333333
yfcc-batch8/6298.mp4, -1, -1, 61.8571428571429
yfcc-batch8/6301.mp4, -1, -1, 61.3611111111111
yfcc-batch8/6302.mp4, -1, -1, 61.0555555555556
yfcc-batch8/6306.mp4, -1, -1, 62.2285714285714
yfcc-batch8/6308.mp4, -1, -1, 65.5428571428571
yfcc-batch8/6310.mp4, -1, -1, 70.40625
yfcc-batch8/6314.mp4, -1, -1, 73.3030303030303
yfcc-batch8/6321.mp4, -1, -1, 50.47368421052629
yfcc-batch8/6325.mp4, -1, -1, 71.969696969697
yfcc-batch8/6327.mp4, -1, -1, 75.4054054054054
yfcc-batch8/6330.mp4, -1, -1, 57.6666666666667
yfcc-batch8/6337.mp4, -1, -1, 67.4444444444444
yfcc-batch8/6338.mp4, -1, -1, 55.28571428571429
yfcc-batch8/6339.mp4, -1, -1, 66.10526315789471
yfcc-batch8/6346.mp4, -1, -1, 69.4722222222222
yfcc-batch8/6347.mp4, -1, -1, 72.9722222222222
yfcc-batch8/6354.mp4, -1, -1, 71.1290322580645
yfcc-batch8/6358.mp4, -1, -1, 72.4848484848485
yfcc-batch8/6359.mp4, -1, -1, 67.025
yfcc-batch8/6362.mp4, -1, -1, 37.3333333333333
yfcc-batch8/6367.mp4, -1, -1, 60.20512820512821
yfcc-batch8/6370.mp4, -1, -1, 71.6285714285714
yfcc-batch8/6373.mp4, -1, -1, 59.28571428571429
yfcc-batch8/6374.mp4, -1, -1, 71.5263157894737
yfcc-batch8/6375.mp4, -1, -1, 45.11428571428571
yfcc-batch8/6378.mp4, -1, -1, 50.9230769230769
yfcc-batch8/6380.mp4, -1, -1, 76.9736842105263
yfcc-batch8/6381.mp4, -1, -1, 54.0
yfcc-batch8/6383.mp4, -1, -1, 65.9714285714286
yfcc-batch8/6384.mp4, -1, -1, 65.0263157894737
yfcc-batch8/6385.mp4, -1, -1, 63.0
yfcc-batch8/6388.mp4, -1, -1, 60.842105263157904
yfcc-batch8/6393.mp4, -1, -1, 63.085714285714296
yfcc-batch8/6397.mp4, -1, -1, 58.0571428571429
yfcc-batch8/6399.mp4, -1, -1, 59.7714285714286
yfcc-batch8/6418.mp4, -1, -1, 59.625
yfcc-batch8/6419.mp4, -1, -1, 57.675675675675706
yfcc-batch8/6420.mp4, -1, -1, 66.97435897435899
yfcc-batch8/6427.mp4, -1, -1, 68.85714285714289
yfcc-batch8/6428.mp4, -1, -1, 46.5526315789474
yfcc-batch8/6429.mp4, -1, -1, 66.3888888888889
yfcc-batch8/6432.mp4, -1, -1, 41.756756756756786
yfcc-batch8/6441.mp4, -1, -1, 63.8787878787879
yfcc-batch8/6446.mp4, -1, -1, 73.6842105263158
yfcc-batch8/6453.mp4, -1, -1, 59.88571428571429
yfcc-batch8/6458.mp4, -1, -1, 63.75
yfcc-batch8/6459.mp4, -1, -1, 64.3333333333333
yfcc-batch8/6463.mp4, -1, -1, 51.1621621621622
yfcc-batch8/6468.mp4, -1, -1, 69.8648648648649
yfcc-batch8/6470.mp4, -1, -1, 51.027027027026996
yfcc-batch8/6472.mp4, -1, -1, 41.74358974358979
yfcc-batch8/6474.mp4, -1, -1, 58.0810810810811
yfcc-batch8/6477.mp4, -1, -1, 62.972222222222214
yfcc-batch8/6485.mp4, -1, -1, 53.6666666666667
yfcc-batch8/6489.mp4, -1, -1, 47.5135135135135
yfcc-batch8/6491.mp4, -1, -1, 75.3428571428571
yfcc-batch8/6493.mp4, -1, -1, 52.0
yfcc-batch8/6494.mp4, -1, -1, 28.848484848484894
yfcc-batch8/6498.mp4, -1, -1, 58.59459459459461
yfcc-batch8/6500.mp4, -1, -1, 51.0810810810811
yfcc-batch8/6501.mp4, -1, -1, 70.3823529411765
yfcc-batch8/6502.mp4, -1, -1, 63.9189189189189
yfcc-batch8/6509.mp4, -1, -1, 62.43243243243239
yfcc-batch8/6517.mp4, -1, -1, 61.0833333333333
yfcc-batch8/6520.mp4, -1, -1, 55.3714285714286
yfcc-batch8/6522.mp4, -1, -1, 70.2222222222222
yfcc-batch8/6526.mp4, -1, -1, 68.6666666666667
yfcc-batch8/6531.mp4, -1, -1, 61.540540540540505
yfcc-batch8/6532.mp4, -1, -1, 42.1111111111111
yfcc-batch8/6539.mp4, -1, -1, 70.1111111111111
yfcc-batch8/6541.mp4, -1, -1, 71.52941176470591
yfcc-batch8/6543.mp4, -1, -1, 76.81081081081079
yfcc-batch8/6552.mp4, -1, -1, 64.4444444444444
yfcc-batch8/6555.mp4, -1, -1, 40.1142857142857
yfcc-batch8/6558.mp4, -1, -1, 70.71428571428571
yfcc-batch8/6191.mp4, -1, -1, 58.8205128205128
yfcc-batch8/5759.mp4, -1, -1, 70.2105263157895
yfcc-batch8/5770.mp4, -1, -1, 54.20588235294121
yfcc-batch8/5774.mp4, -1, -1, 38.9230769230769
yfcc-batch8/5787.mp4, -1, -1, 72.5833333333333
yfcc-batch8/5788.mp4, -1, -1, 73.8648648648649
yfcc-batch8/5789.mp4, -1, -1, 73.2105263157895
yfcc-batch8/5805.mp4, -1, -1, 41.7058823529412
yfcc-batch8/5808.mp4, -1, -1, 47.435897435897395
yfcc-batch8/5809.mp4, -1, -1, 65.421052631579
yfcc-batch8/5815.mp4, -1, -1, 62.972972972973004
yfcc-batch8/5821.mp4, -1, -1, 67.6842105263158
yfcc-batch8/5822.mp4, -1, -1, 53.4444444444444
yfcc-batch8/5823.mp4, -1, -1, 56.6
yfcc-batch8/5828.mp4, -1, -1, 52.459459459459495
yfcc-batch8/5832.mp4, -1, -1, 64.0
yfcc-batch8/5833.mp4, -1, -1, 61.1212121212121
yfcc-batch8/5834.mp4, -1, -1, 53.236842105263214
yfcc-batch8/5835.mp4, -1, -1, 69.7647058823529
yfcc-batch8/5836.mp4, -1, -1, 55.512820512820504
yfcc-batch8/5840.mp4, -1, -1, 59.0571428571429
yfcc-batch8/5844.mp4, -1, -1, 60.6285714285714
yfcc-batch8/5849.mp4, -1, -1, 61.222222222222214
yfcc-batch8/5851.mp4, -1, -1, 72.2
yfcc-batch8/5855.mp4, -1, -1, 66.8611111111111
yfcc-batch8/5856.mp4, -1, -1, 65.725
yfcc-batch8/5860.mp4, -1, -1, 72.7631578947369
yfcc-batch8/5864.mp4, -1, -1, 41.1842105263158
yfcc-batch8/5867.mp4, -1, -1, 70.48387096774191
yfcc-batch8/5868.mp4, -1, -1, 68.25
yfcc-batch8/5875.mp4, -1, -1, 61.324324324324294
yfcc-batch8/5877.mp4, -1, -1, 63.9189189189189
yfcc-batch8/5879.mp4, -1, -1, 71.75
yfcc-batch8/5882.mp4, -1, -1, 59.6666666666667
yfcc-batch8/5885.mp4, -1, -1, 59.31428571428571
yfcc-batch8/5886.mp4, -1, -1, 67.56756756756761
yfcc-batch8/5892.mp4, -1, -1, 64.0625
yfcc-batch8/5895.mp4, -1, -1, 64.05714285714289
yfcc-batch8/5897.mp4, -1, -1, 60.3684210526316
yfcc-batch8/5898.mp4, -1, -1, 55.921052631579
yfcc-batch8/5900.mp4, -1, -1, 61.921052631579
yfcc-batch8/5903.mp4, -1, -1, 49.540540540540505
yfcc-batch8/5906.mp4, -1, -1, 64.89473684210529
yfcc-batch8/5908.mp4, -1, -1, 65.09375
yfcc-batch8/5910.mp4, -1, -1, 68.9736842105263
yfcc-batch8/5911.mp4, -1, -1, 53.44117647058821
yfcc-batch8/5912.mp4, -1, -1, 67.9512195121951
yfcc-batch8/5914.mp4, -1, -1, 52.325
yfcc-batch8/5915.mp4, -1, -1, 63.5625
yfcc-batch8/5919.mp4, -1, -1, 63.2
yfcc-batch8/5924.mp4, -1, -1, 57.8378378378378
yfcc-batch8/5940.mp4, -1, -1, 56.6451612903226
yfcc-batch8/5941.mp4, -1, -1, 54.5135135135135
yfcc-batch8/5943.mp4, -1, -1, 69.4857142857143
yfcc-batch8/5947.mp4, -1, -1, 48.842105263157904
yfcc-batch8/5953.mp4, -1, -1, 73.2777777777778
yfcc-batch8/5962.mp4, -1, -1, 68.945945945946
yfcc-batch8/5966.mp4, -1, -1, 59.0810810810811
yfcc-batch8/5968.mp4, -1, -1, 71.69230769230771
yfcc-batch8/5969.mp4, -1, -1, 55.0526315789474
yfcc-batch8/5970.mp4, -1, -1, 68.1388888888889
yfcc-batch8/5978.mp4, -1, -1, 54.45161290322579
yfcc-batch8/6000.mp4, -1, -1, 68.7837837837838
yfcc-batch8/6002.mp4, -1, -1, 58.2162162162162
yfcc-batch8/6015.mp4, -1, -1, 70.0285714285714
yfcc-batch8/6021.mp4, -1, -1, 59.8484848484849
yfcc-batch8/6023.mp4, -1, -1, 60.9473684210526
yfcc-batch8/6024.mp4, -1, -1, 41.9117647058824
yfcc-batch8/6025.mp4, -1, -1, 73.08571428571429
yfcc-batch8/6028.mp4, -1, -1, 54.342105263157904
yfcc-batch8/6033.mp4, -1, -1, 67.8611111111111
yfcc-batch8/6035.mp4, -1, -1, 74.5833333333333
yfcc-batch8/6036.mp4, -1, -1, 56.969696969697
yfcc-batch8/6037.mp4, -1, -1, 68.7777777777778
yfcc-batch8/6042.mp4, -1, -1, 68.945945945946
yfcc-batch8/6046.mp4, -1, -1, 67.91891891891889
yfcc-batch8/6047.mp4, -1, -1, 65.2058823529412
yfcc-batch8/6048.mp4, -1, -1, 57.763157894736786
yfcc-batch8/6056.mp4, -1, -1, 44.0
yfcc-batch8/6057.mp4, -1, -1, 66.027027027027
yfcc-batch8/6060.mp4, -1, -1, 76.1081081081081
yfcc-batch8/6065.mp4, -1, -1, 58.0285714285714
yfcc-batch8/6066.mp4, -1, -1, 69.6944444444444
yfcc-batch8/6067.mp4, -1, -1, 52.43243243243239
yfcc-batch8/6069.mp4, -1, -1, 52.743589743589794
yfcc-batch8/6073.mp4, -1, -1, 66.0833333333333
yfcc-batch8/6088.mp4, -1, -1, 54.2972972972973
yfcc-batch8/6090.mp4, -1, -1, 44.1666666666667
yfcc-batch8/6092.mp4, -1, -1, 58.4117647058824
yfcc-batch8/6096.mp4, -1, -1, 62.84375
yfcc-batch8/6102.mp4, -1, -1, 70.2352941176471
yfcc-batch9/6926.mp4, -1, -1, 31.605263157894697
yfcc-batch9/6934.mp4, -1, -1, 51.25
yfcc-batch9/6941.mp4, -1, -1, 65.4054054054054
yfcc-batch9/6940.mp4, -1, -1, 29.282051282051306
yfcc-batch9/6971.mp4, -1, -1, 67.18918918918922
yfcc-batch9/6976.mp4, -1, -1, 57.0285714285714
yfcc-batch9/6981.mp4, -1, -1, 61.0
yfcc-batch9/6988.mp4, -1, -1, 70.2702702702703
yfcc-batch9/6987.mp4, -1, -1, 66.5142857142857
yfcc-batch9/6989.mp4, -1, -1, 56.9444444444444
yfcc-batch9/6995.mp4, -1, -1, 48.0789473684211
yfcc-batch9/6998.mp4, -1, -1, 61.810810810810786
yfcc-batch9/7001.mp4, -1, -1, 65.5
yfcc-batch9/7006.mp4, -1, -1, 64.6666666666667
yfcc-batch9/7013.mp4, -1, -1, 62.97368421052629
yfcc-batch9/7016.mp4, -1, -1, 55.82857142857139
yfcc-batch9/7025.mp4, -1, -1, 68.8536585365854
yfcc-batch9/7030.mp4, -1, -1, 64.3333333333333
yfcc-batch9/7033.mp4, -1, -1, 68.6578947368421
yfcc-batch9/7036.mp4, -1, -1, 58.47368421052629
yfcc-batch9/7045.mp4, -1, -1, 42.8157894736842
yfcc-batch9/7051.mp4, -1, -1, 56.39473684210521
yfcc-batch9/7068.mp4, -1, -1, 76.2777777777778
yfcc-batch9/7074.mp4, -1, -1, 65.28571428571429
yfcc-batch9/7073.mp4, -1, -1, 64.4
yfcc-batch9/7076.mp4, -1, -1, 63.10526315789479
yfcc-batch9/7078.mp4, -1, -1, 58.5833333333333
yfcc-batch9/7079.mp4, -1, -1, 70.05714285714289
yfcc-batch9/7091.mp4, -1, -1, 64.4864864864865
yfcc-batch9/7107.mp4, -1, -1, 31.4166666666667
yfcc-batch9/7108.mp4, -1, -1, 63.9166666666667
yfcc-batch9/7110.mp4, -1, -1, 33.742857142857105
yfcc-batch9/7112.mp4, -1, -1, 42.8333333333333
yfcc-batch9/7111.mp4, -1, -1, 79.71428571428571
yfcc-batch9/7115.mp4, -1, -1, 52.23076923076921
yfcc-batch9/7116.mp4, -1, -1, 76.0588235294118
yfcc-batch9/7119.mp4, -1, -1, 54.475
yfcc-batch9/7120.mp4, -1, -1, 79.3714285714286
yfcc-batch9/7122.mp4, -1, -1, 70.29729729729729
yfcc-batch9/7123.mp4, -1, -1, 75.5833333333333
yfcc-batch9/7125.mp4, -1, -1, 73.0882352941177
yfcc-batch9/7126.mp4, -1, -1, 63.8
yfcc-batch9/7131.mp4, -1, -1, 63.1111111111111
yfcc-batch9/7133.mp4, -1, -1, 54.6470588235294
yfcc-batch9/7138.mp4, -1, -1, 62.459459459459495
yfcc-batch9/7142.mp4, -1, -1, 60.0
yfcc-batch9/7145.mp4, -1, -1, 62.222222222222214
yfcc-batch9/7144.mp4, -1, -1, 61.8055555555556
yfcc-batch9/7158.mp4, -1, -1, 52.0
yfcc-batch9/7161.mp4, -1, -1, 35.6666666666667
yfcc-batch9/7164.mp4, -1, -1, 63.17647058823529
yfcc-batch9/7167.mp4, -1, -1, 81.87804878048779
yfcc-batch9/7170.mp4, -1, -1, 64.7631578947369
yfcc-batch9/7171.mp4, -1, -1, 66.25
yfcc-batch9/7178.mp4, -1, -1, 64.7222222222222
yfcc-batch9/7182.mp4, -1, -1, 60.4864864864865
yfcc-batch9/7181.mp4, -1, -1, 70.9189189189189
yfcc-batch9/7184.mp4, -1, -1, 55.0
yfcc-batch9/7191.mp4, -1, -1, 58.2702702702703
yfcc-batch9/7200.mp4, -1, -1, 66.26315789473679
yfcc-batch9/7205.mp4, -1, -1, 75.6
yfcc-batch9/7210.mp4, -1, -1, 65.09375
yfcc-batch9/7218.mp4, -1, -1, 46.4
yfcc-batch9/7224.mp4, -1, -1, 54.9459459459459
yfcc-batch9/7227.mp4, -1, -1, 50.5
yfcc-batch9/7229.mp4, -1, -1, 69.2777777777778
yfcc-batch9/7235.mp4, -1, -1, 58.9459459459459
yfcc-batch9/7244.mp4, -1, -1, 60.0540540540541
yfcc-batch9/7246.mp4, -1, -1, 46.810810810810786
yfcc-batch9/7245.mp4, -1, -1, 43.0
yfcc-batch9/7249.mp4, -1, -1, 70.4054054054054
yfcc-batch9/7251.mp4, -1, -1, 39.3157894736842
yfcc-batch9/7252.mp4, -1, -1, 67.5135135135135
yfcc-batch9/7262.mp4, -1, -1, 65.0277777777778
yfcc-batch9/7263.mp4, -1, -1, 56.1944444444444
yfcc-batch9/7264.mp4, -1, -1, 48.736842105263214
yfcc-batch9/7271.mp4, -1, -1, 64.1111111111111
yfcc-batch9/7279.mp4, -1, -1, 32.5
yfcc-batch9/7281.mp4, -1, -1, 71.3529411764706
yfcc-batch9/7286.mp4, -1, -1, 58.709677419354804
yfcc-batch9/7288.mp4, -1, -1, 64.89473684210529
yfcc-batch9/7290.mp4, -1, -1, 60.0
yfcc-batch9/7292.mp4, -1, -1, 56.7894736842105
yfcc-batch9/7298.mp4, -1, -1, 69.4722222222222
yfcc-batch9/7305.mp4, -1, -1, 54.3611111111111
yfcc-batch9/7307.mp4, -1, -1, 70.3142857142857
yfcc-batch9/7312.mp4, -1, -1, 57.027777777777786
yfcc-batch9/7315.mp4, -1, -1, 41.0526315789474
yfcc-batch9/7320.mp4, -1, -1, 76.027027027027
yfcc-batch9/7319.mp4, -1, -1, 63.4864864864865
yfcc-batch9/7322.mp4, -1, -1, 66.7777777777778
yfcc-batch9/7328.mp4, -1, -1, 49.3888888888889
yfcc-batch9/7329.mp4, -1, -1, 70.2162162162162
yfcc-batch9/7340.mp4, -1, -1, 58.43243243243239
yfcc-batch9/7342.mp4, -1, -1, 69.2777777777778
yfcc-batch9/7341.mp4, -1, -1, 63.324324324324294
yfcc-batch9/7344.mp4, -1, -1, 55.4166666666667
yfcc-batch9/7346.mp4, -1, -1, 71.89473684210529
yfcc-batch9/7348.mp4, -1, -1, 63.25641025641029
yfcc-batch9/7349.mp4, -1, -1, 46.0
yfcc-batch9/7355.mp4, -1, -1, 29.5405405405405
yfcc-batch9/7356.mp4, -1, -1, 54.9189189189189
yfcc-batch9/7358.mp4, -1, -1, 69.29729729729729
yfcc-batch9/7360.mp4, -1, -1, 51.6486486486487
yfcc-batch9/7378.mp4, -1, -1, 73.44444444444441
yfcc-batch9/7357.mp4, -1, -1, 74.1081081081081
yfcc-batch9/6967.mp4, -1, -1, 70.5
yfcc-batch9/6568.mp4, -1, -1, 58.6111111111111
yfcc-batch9/6574.mp4, -1, -1, 66.23684210526321
yfcc-batch9/6580.mp4, -1, -1, 66.3428571428571
yfcc-batch9/6581.mp4, -1, -1, 67.9166666666667
yfcc-batch9/6582.mp4, -1, -1, 55.0810810810811
yfcc-batch9/6598.mp4, -1, -1, 73.28571428571429
yfcc-batch9/6601.mp4, -1, -1, 59.1621621621622
yfcc-batch9/6602.mp4, -1, -1, 68.8611111111111
yfcc-batch9/6603.mp4, -1, -1, 63.84375
yfcc-batch9/6610.mp4, -1, -1, 51.277777777777786
yfcc-batch9/6612.mp4, -1, -1, 63.85
yfcc-batch9/6614.mp4, -1, -1, 55.8378378378378
yfcc-batch9/6616.mp4, -1, -1, 73.4736842105263
yfcc-batch9/6615.mp4, -1, -1, 54.3846153846154
yfcc-batch9/6617.mp4, -1, -1, 66.67647058823529
yfcc-batch9/6622.mp4, -1, -1, 75.0
yfcc-batch9/6624.mp4, -1, -1, 75.28125
yfcc-batch9/6623.mp4, -1, -1, 70.4285714285714
yfcc-batch9/6629.mp4, -1, -1, 57.5526315789474
yfcc-batch9/6635.mp4, -1, -1, 45.842105263157904
yfcc-batch9/6636.mp4, -1, -1, 38.7894736842105
yfcc-batch9/6637.mp4, -1, -1, 74.78125
yfcc-batch9/6638.mp4, -1, -1, 50.722222222222214
yfcc-batch9/6640.mp4, -1, -1, 63.405405405405396
yfcc-batch9/6647.mp4, -1, -1, 47.538461538461505
yfcc-batch9/6651.mp4, -1, -1, 41.3055555555556
yfcc-batch9/6653.mp4, -1, -1, 57.8
yfcc-batch9/6654.mp4, -1, -1, 75.7647058823529
yfcc-batch9/6658.mp4, -1, -1, 64.9473684210526
yfcc-batch9/6659.mp4, -1, -1, 70.18918918918922
yfcc-batch9/6662.mp4, -1, -1, 44.6388888888889
yfcc-batch9/6661.mp4, -1, -1, 59.4473684210526
yfcc-batch9/6666.mp4, -1, -1, 61.2894736842105
yfcc-batch9/6667.mp4, -1, -1, 71.70270270270271
yfcc-batch9/6687.mp4, -1, -1, 73.8611111111111
yfcc-batch9/6690.mp4, -1, -1, 40.15384615384609
yfcc-batch9/6698.mp4, -1, -1, 71.37837837837841
yfcc-batch9/6710.mp4, -1, -1, 72.88571428571429
yfcc-batch9/6711.mp4, -1, -1, 72.5945945945946
yfcc-batch9/6715.mp4, -1, -1, 66.76923076923079
yfcc-batch9/6719.mp4, -1, -1, 67.7222222222222
yfcc-batch9/6725.mp4, -1, -1, 67.29729729729729
yfcc-batch9/6726.mp4, -1, -1, 72.10526315789471
yfcc-batch9/6731.mp4, -1, -1, 60.485714285714295
yfcc-batch9/6735.mp4, -1, -1, 54.9473684210526
yfcc-batch9/6740.mp4, -1, -1, 52.5
yfcc-batch9/6741.mp4, -1, -1, 74.7894736842105
yfcc-batch9/6748.mp4, -1, -1, 70.875
yfcc-batch9/6749.mp4, -1, -1, 65.3243243243243
yfcc-batch9/6751.mp4, -1, -1, 76.1081081081081
yfcc-batch9/6752.mp4, -1, -1, 60.43243243243239
yfcc-batch9/6753.mp4, -1, -1, 60.0833333333333
yfcc-batch9/6754.mp4, -1, -1, 54.1111111111111
yfcc-batch9/6757.mp4, -1, -1, 68.02564102564101
yfcc-batch9/6770.mp4, -1, -1, 63.514285714285705
yfcc-batch9/6769.mp4, -1, -1, 53.189189189189214
yfcc-batch9/6773.mp4, -1, -1, 57.0833333333333
yfcc-batch9/6790.mp4, -1, -1, 65.5
yfcc-batch9/6792.mp4, -1, -1, 71.18918918918921
yfcc-batch9/6795.mp4, -1, -1, 68.89473684210529
yfcc-batch9/6799.mp4, -1, -1, 54.8205128205128
yfcc-batch9/6805.mp4, -1, -1, 65.8378378378378
yfcc-batch9/6811.mp4, -1, -1, 67.0
yfcc-batch9/6824.mp4, -1, -1, 48.027027027026996
yfcc-batch9/6826.mp4, -1, -1, 59.3333333333333
yfcc-batch9/6831.mp4, -1, -1, 60.9189189189189
yfcc-batch9/6833.mp4, -1, -1, 66.3243243243243
yfcc-batch9/6835.mp4, -1, -1, 68.5
yfcc-batch9/6837.mp4, -1, -1, 79.44444444444441
yfcc-batch9/6842.mp4, -1, -1, 78.8823529411765
yfcc-batch9/6844.mp4, -1, -1, 65.3333333333333
yfcc-batch9/6846.mp4, -1, -1, 32.2368421052632
yfcc-batch9/6852.mp4, -1, -1, 66.1351351351351
yfcc-batch9/6854.mp4, -1, -1, 57.684210526315795
yfcc-batch9/6857.mp4, -1, -1, 68.9714285714286
yfcc-batch9/6860.mp4, -1, -1, 71.8157894736842
yfcc-batch9/6863.mp4, -1, -1, 57.3888888888889
yfcc-batch9/6866.mp4, -1, -1, 68.8378378378378
yfcc-batch9/6867.mp4, -1, -1, 55.4166666666667
yfcc-batch9/6872.mp4, -1, -1, 62.257142857142895
yfcc-batch9/6876.mp4, -1, -1, 78.8648648648649
yfcc-batch9/6878.mp4, -1, -1, 54.1081081081081
yfcc-batch9/6883.mp4, -1, -1, 61.657142857142894
yfcc-batch9/6885.mp4, -1, -1, 73.3513513513513
yfcc-batch9/6892.mp4, -1, -1, 77.5945945945946
yfcc-batch9/6893.mp4, -1, -1, 54.2702702702703
yfcc-batch9/6894.mp4, -1, -1, 64.6410256410256
yfcc-batch9/6897.mp4, -1, -1, 79.6666666666667
yfcc-batch9/6899.mp4, -1, -1, 73.2820512820513
yfcc-batch9/6901.mp4, -1, -1, 79.8125
yfcc-batch9/6908.mp4, -1, -1, 48.28571428571429
yfcc-batch9/6910.mp4, -1, -1, 76.7179487179487
yfcc-batch9/6914.mp4, -1, -1, 81.45714285714291
yfcc-batch9/6915.mp4, -1, -1, 68.4615384615385
yfcc-batch9/6916.mp4, -1, -1, 72.1081081081081
yfcc-batch10/7758.mp4, -1, -1, 67.4166666666667
yfcc-batch10/7768.mp4, -1, -1, 66.67647058823529
yfcc-batch10/7770.mp4, -1, -1, 78.6578947368421
yfcc-batch10/7775.mp4, -1, -1, 59.0833333333333
yfcc-batch10/7776.mp4, -1, -1, 59.11428571428571
yfcc-batch10/7777.mp4, -1, -1, 43.684210526315795
yfcc-batch10/7789.mp4, -1, -1, 79.3846153846154
yfcc-batch10/7788.mp4, -1, -1, 55.6315789473684
yfcc-batch10/7792.mp4, -1, -1, 46.6216216216216
yfcc-batch10/7794.mp4, -1, -1, 61.342105263157904
yfcc-batch10/7798.mp4, -1, -1, 64.5428571428571
yfcc-batch10/7797.mp4, -1, -1, 59.7027027027027
yfcc-batch10/7801.mp4, -1, -1, 50.0540540540541
yfcc-batch10/7814.mp4, -1, -1, 73.972972972973
yfcc-batch10/7834.mp4, -1, -1, 62.4444444444444
yfcc-batch10/7836.mp4, -1, -1, 61.59459459459461
yfcc-batch10/7841.mp4, -1, -1, 53.7179487179487
yfcc-batch10/7843.mp4, -1, -1, 51.972222222222214
yfcc-batch10/7849.mp4, -1, -1, 39.435897435897395
yfcc-batch10/7857.mp4, -1, -1, 55.23076923076921
yfcc-batch10/7858.mp4, -1, -1, 59.0540540540541
yfcc-batch10/7859.mp4, -1, -1, 71.7297297297297
yfcc-batch10/7863.mp4, -1, -1, 69.9487179487179
yfcc-batch10/7881.mp4, -1, -1, 70.8181818181818
yfcc-batch10/7886.mp4, -1, -1, 67.1842105263158
yfcc-batch10/7890.mp4, -1, -1, 69.4864864864865
yfcc-batch10/7893.mp4, -1, -1, 73.8611111111111
yfcc-batch10/7898.mp4, -1, -1, 56.027777777777786
yfcc-batch10/7901.mp4, -1, -1, 71.75
yfcc-batch10/7917.mp4, -1, -1, 62.794871794871796
yfcc-batch10/7919.mp4, -1, -1, 73.8888888888889
yfcc-batch10/7923.mp4, -1, -1, 69.8378378378378
yfcc-batch10/7931.mp4, -1, -1, 68.0
yfcc-batch10/7934.mp4, -1, -1, 59.57142857142861
yfcc-batch10/7935.mp4, -1, -1, 74.4
yfcc-batch10/7937.mp4, -1, -1, 70.0555555555556
yfcc-batch10/7936.mp4, -1, -1, 64.6486486486487
yfcc-batch10/7945.mp4, -1, -1, 70.625
yfcc-batch10/7952.mp4, -1, -1, 68.3513513513513
yfcc-batch10/7951.mp4, -1, -1, 50.74285714285711
yfcc-batch10/7955.mp4, -1, -1, 37.23076923076921
yfcc-batch10/7960.mp4, -1, -1, 75.2051282051282
yfcc-batch10/7962.mp4, -1, -1, 56.8333333333333
yfcc-batch10/7964.mp4, -1, -1, 70.8461538461538
yfcc-batch10/7966.mp4, -1, -1, 62.8205128205128
yfcc-batch10/7969.mp4, -1, -1, 63.8684210526316
yfcc-batch10/7973.mp4, -1, -1, 61.405405405405396
yfcc-batch10/7979.mp4, -1, -1, 72.2631578947369
yfcc-batch10/7980.mp4, -1, -1, 61.8181818181818
yfcc-batch10/7984.mp4, -1, -1, 64.5
yfcc-batch10/7988.mp4, -1, -1, 63.7714285714286
yfcc-batch10/7994.mp4, -1, -1, 49.722222222222214
yfcc-batch10/8001.mp4, -1, -1, 45.235294117647115
yfcc-batch10/8006.mp4, -1, -1, 72.4210526315789
yfcc-batch10/8008.mp4, -1, -1, 72.2820512820513
yfcc-batch10/8009.mp4, -1, -1, 65.1666666666667
yfcc-batch10/8019.mp4, -1, -1, 62.657894736842096
yfcc-batch10/8023.mp4, -1, -1, 53.3783783783784
yfcc-batch10/8027.mp4, -1, -1, 75.5789473684211
yfcc-batch10/8030.mp4, -1, -1, 75.6388888888889
yfcc-batch10/8032.mp4, -1, -1, 67.6315789473684
yfcc-batch10/8031.mp4, -1, -1, 44.10526315789479
yfcc-batch10/8033.mp4, -1, -1, 71.55555555555559
yfcc-batch10/8036.mp4, -1, -1, 71.26315789473679
yfcc-batch10/8035.mp4, -1, -1, 65.30769230769229
yfcc-batch10/8037.mp4, -1, -1, 64.5641025641026
yfcc-batch10/8046.mp4, -1, -1, 77.0882352941177
yfcc-batch10/8047.mp4, -1, -1, 48.0294117647059
yfcc-batch10/8048.mp4, -1, -1, 67.7222222222222
yfcc-batch10/8054.mp4, -1, -1, 72.69444444444441
yfcc-batch10/8057.mp4, -1, -1, 50.24324324324329
yfcc-batch10/8062.mp4, -1, -1, 67.62857142857139
yfcc-batch10/8066.mp4, -1, -1, 62.57142857142861
yfcc-batch10/8073.mp4, -1, -1, 70.2
yfcc-batch10/8074.mp4, -1, -1, 60.0540540540541
yfcc-batch10/8076.mp4, -1, -1, 60.9459459459459
yfcc-batch10/8082.mp4, -1, -1, 56.0769230769231
yfcc-batch10/8090.mp4, -1, -1, 57.794871794871796
yfcc-batch10/8091.mp4, -1, -1, 50.0
yfcc-batch10/8094.mp4, -1, -1, 64.85714285714289
yfcc-batch10/8111.mp4, -1, -1, 70.9189189189189
yfcc-batch10/8112.mp4, -1, -1, 80.6363636363636
yfcc-batch10/8119.mp4, -1, -1, 66.5641025641026
yfcc-batch10/8121.mp4, -1, -1, 63.0555555555556
yfcc-batch10/8127.mp4, -1, -1, 72.875
yfcc-batch10/8130.mp4, -1, -1, 66.1282051282051
yfcc-batch10/8132.mp4, -1, -1, 63.025641025641
yfcc-batch10/8145.mp4, -1, -1, 57.763157894736786
yfcc-batch10/8153.mp4, -1, -1, 45.222222222222214
yfcc-batch10/8157.mp4, -1, -1, 56.7894736842105
yfcc-batch10/8158.mp4, -1, -1, 72.37837837837841
yfcc-batch10/8160.mp4, -1, -1, 50.2820512820513
yfcc-batch10/8159.mp4, -1, -1, 36.8055555555556
yfcc-batch10/8161.mp4, -1, -1, 78.15151515151521
yfcc-batch10/8165.mp4, -1, -1, 71.7
yfcc-batch10/8169.mp4, -1, -1, 54.722222222222214
yfcc-batch10/8174.mp4, -1, -1, 65.4358974358974
yfcc-batch10/8189.mp4, -1, -1, 61.82857142857139
yfcc-batch10/8192.mp4, -1, -1, 63.3888888888889
yfcc-batch10/8197.mp4, -1, -1, 62.97368421052629
yfcc-batch10/8199.mp4, -1, -1, 49.0
yfcc-batch10/7802.mp4, -1, -1, 31.2777777777778
yfcc-batch10/7480.mp4, -1, -1, 63.89473684210521
yfcc-batch10/7666.mp4, -1, -1, 70.3
yfcc-batch10/7387.mp4, -1, -1, 65.2777777777778
yfcc-batch10/7395.mp4, -1, -1, 50.0
yfcc-batch10/7396.mp4, -1, -1, 77.027027027027
yfcc-batch10/7398.mp4, -1, -1, 62.263157894736786
yfcc-batch10/7401.mp4, -1, -1, 72.425
yfcc-batch10/7402.mp4, -1, -1, 66.4736842105263
yfcc-batch10/7404.mp4, -1, -1, 67.0
yfcc-batch10/7409.mp4, -1, -1, 54.44117647058821
yfcc-batch10/7413.mp4, -1, -1, 50.6486486486487
yfcc-batch10/7415.mp4, -1, -1, 69.0
yfcc-batch10/7414.mp4, -1, -1, 63.222222222222214
yfcc-batch10/7424.mp4, -1, -1, 60.2702702702703
yfcc-batch10/7429.mp4, -1, -1, 45.540540540540505
yfcc-batch10/7432.mp4, -1, -1, 68.7837837837838
yfcc-batch10/7435.mp4, -1, -1, 81.6
yfcc-batch10/7437.mp4, -1, -1, 59.0285714285714
yfcc-batch10/7439.mp4, -1, -1, 48.459459459459495
yfcc-batch10/7441.mp4, -1, -1, 71.9189189189189
yfcc-batch10/7440.mp4, -1, -1, 70.90243902439029
yfcc-batch10/7454.mp4, -1, -1, 57.4473684210526
yfcc-batch10/7469.mp4, -1, -1, 68.5609756097561
yfcc-batch10/7473.mp4, -1, -1, 65.4102564102564
yfcc-batch10/7472.mp4, -1, -1, 48.864864864864906
yfcc-batch10/7478.mp4, -1, -1, 63.7894736842105
yfcc-batch10/7479.mp4, -1, -1, 41.3076923076923
yfcc-batch10/7484.mp4, -1, -1, 68.7941176470588
yfcc-batch10/7491.mp4, -1, -1, 55.972972972973004
yfcc-batch10/7496.mp4, -1, -1, 48.9230769230769
yfcc-batch10/7501.mp4, -1, -1, 53.7837837837838
yfcc-batch10/7506.mp4, -1, -1, 65.5
yfcc-batch10/7507.mp4, -1, -1, 65.6388888888889
yfcc-batch10/7527.mp4, -1, -1, 66.69230769230771
yfcc-batch10/7533.mp4, -1, -1, 55.1428571428571
yfcc-batch10/7547.mp4, -1, -1, 79.0277777777778
yfcc-batch10/7548.mp4, -1, -1, 75.3529411764706
yfcc-batch10/7549.mp4, -1, -1, 66.6666666666667
yfcc-batch10/7559.mp4, -1, -1, 71.0
yfcc-batch10/7560.mp4, -1, -1, 61.3333333333333
yfcc-batch10/7562.mp4, -1, -1, 59.0810810810811
yfcc-batch10/7561.mp4, -1, -1, 68.8333333333333
yfcc-batch10/7565.mp4, -1, -1, 44.3888888888889
yfcc-batch10/7567.mp4, -1, -1, 66.0
yfcc-batch10/7579.mp4, -1, -1, 65.5
yfcc-batch10/7580.mp4, -1, -1, 75.1794871794872
yfcc-batch10/7581.mp4, -1, -1, 43.5
yfcc-batch10/7585.mp4, -1, -1, 72.6842105263158
yfcc-batch10/7590.mp4, -1, -1, 43.28571428571429
yfcc-batch10/7594.mp4, -1, -1, 68.91428571428571
yfcc-batch10/7601.mp4, -1, -1, 72.6756756756757
yfcc-batch10/7603.mp4, -1, -1, 57.6486486486487
yfcc-batch10/7608.mp4, -1, -1, 75.29729729729729
yfcc-batch10/7610.mp4, -1, -1, 69.7647058823529
yfcc-batch10/7615.mp4, -1, -1, 69.8333333333333
yfcc-batch10/7617.mp4, -1, -1, 59.972222222222214
yfcc-batch10/7620.mp4, -1, -1, 63.68571428571429
yfcc-batch10/7625.mp4, -1, -1, 63.4444444444444
yfcc-batch10/7626.mp4, -1, -1, 71.28125
yfcc-batch10/7628.mp4, -1, -1, 33.6578947368421
yfcc-batch10/7629.mp4, -1, -1, 66.7777777777778
yfcc-batch10/7630.mp4, -1, -1, 59.47368421052629
yfcc-batch10/7635.mp4, -1, -1, 66.7297297297297
yfcc-batch10/7636.mp4, -1, -1, 70.08108108108111
yfcc-batch10/7641.mp4, -1, -1, 58.0285714285714
yfcc-batch10/7649.mp4, -1, -1, 63.8378378378378
yfcc-batch10/7654.mp4, -1, -1, 62.7837837837838
yfcc-batch10/7659.mp4, -1, -1, 49.842105263157904
yfcc-batch10/7662.mp4, -1, -1, 65.18918918918922
yfcc-batch10/7664.mp4, -1, -1, 59.864864864864906
yfcc-batch10/7679.mp4, -1, -1, 63.39473684210521
yfcc-batch10/7682.mp4, -1, -1, 77.30555555555559
yfcc-batch10/7685.mp4, -1, -1, 53.405405405405396
yfcc-batch10/7687.mp4, -1, -1, 63.6923076923077
yfcc-batch10/7688.mp4, -1, -1, 63.0294117647059
yfcc-batch10/7692.mp4, -1, -1, 78.2702702702703
yfcc-batch10/7699.mp4, -1, -1, 71.9428571428571
yfcc-batch10/7700.mp4, -1, -1, 48.0540540540541
yfcc-batch10/7702.mp4, -1, -1, 43.6944444444444
yfcc-batch10/7706.mp4, -1, -1, 58.17142857142861
yfcc-batch10/7708.mp4, -1, -1, 65.7567567567568
yfcc-batch10/7711.mp4, -1, -1, 53.763157894736786
yfcc-batch10/7710.mp4, -1, -1, 52.1944444444444
yfcc-batch10/7713.mp4, -1, -1, 55.9473684210526
yfcc-batch10/7717.mp4, -1, -1, 61.722222222222214
yfcc-batch10/7723.mp4, -1, -1, 54.2162162162162
yfcc-batch10/7722.mp4, -1, -1, 74.3888888888889
yfcc-batch10/7725.mp4, -1, -1, 59.6944444444444
yfcc-batch10/7734.mp4, -1, -1, 67.6315789473684
yfcc-batch10/7735.mp4, -1, -1, 46.25
yfcc-batch10/7740.mp4, -1, -1, 66.4285714285714
yfcc-batch10/7746.mp4, -1, -1, 75.2941176470588
yfcc-batch11/8555.mp4, -1, -1, 70.18918918918922
yfcc-batch11/8559.mp4, -1, -1, 54.7105263157895
yfcc-batch11/8560.mp4, -1, -1, 64.0526315789474
yfcc-batch11/8564.mp4, -1, -1, 58.7567567567568
yfcc-batch11/8570.mp4, -1, -1, 68.2105263157895
yfcc-batch11/8571.mp4, -1, -1, 75.0
yfcc-batch11/8587.mp4, -1, -1, 66.5294117647059
yfcc-batch11/8594.mp4, -1, -1, 71.0810810810811
yfcc-batch11/8607.mp4, -1, -1, 80.71428571428571
yfcc-batch11/8609.mp4, -1, -1, 71.4736842105263
yfcc-batch11/8611.mp4, -1, -1, 53.4444444444444
yfcc-batch11/8617.mp4, -1, -1, 78.6666666666667
yfcc-batch11/8618.mp4, -1, -1, 49.57142857142861
yfcc-batch11/8626.mp4, -1, -1, 58.3684210526316
yfcc-batch11/8627.mp4, -1, -1, 62.225
yfcc-batch11/8640.mp4, -1, -1, 63.0625
yfcc-batch11/8639.mp4, -1, -1, 61.410256410256395
yfcc-batch11/8646.mp4, -1, -1, 70.08108108108111
yfcc-batch11/8649.mp4, -1, -1, 59.70588235294121
yfcc-batch11/8650.mp4, -1, -1, 54.97368421052629
yfcc-batch11/8654.mp4, -1, -1, 49.4848484848485
yfcc-batch11/8656.mp4, -1, -1, 64.2571428571429
yfcc-batch11/8657.mp4, -1, -1, 62.7105263157895
yfcc-batch11/8663.mp4, -1, -1, 72.7575757575758
yfcc-batch11/8664.mp4, -1, -1, 53.6111111111111
yfcc-batch11/8669.mp4, -1, -1, 57.0833333333333
yfcc-batch11/8675.mp4, -1, -1, 50.189189189189214
yfcc-batch11/8674.mp4, -1, -1, 75.125
yfcc-batch11/8681.mp4, -1, -1, 58.0
yfcc-batch11/8682.mp4, -1, -1, 60.6944444444444
yfcc-batch11/8684.mp4, -1, -1, 65.7428571428572
yfcc-batch11/8690.mp4, -1, -1, 57.405405405405396
yfcc-batch11/8693.mp4, -1, -1, 67.3783783783784
yfcc-batch11/8694.mp4, -1, -1, 52.5135135135135
yfcc-batch11/8700.mp4, -1, -1, 48.5833333333333
yfcc-batch11/8723.mp4, -1, -1, 72.7272727272727
yfcc-batch11/8727.mp4, -1, -1, 60.74285714285711
yfcc-batch11/8739.mp4, -1, -1, 54.4166666666667
yfcc-batch11/8743.mp4, -1, -1, 64.67647058823529
yfcc-batch11/8757.mp4, -1, -1, 63.7272727272727
yfcc-batch11/8760.mp4, -1, -1, 72.17142857142859
yfcc-batch11/8764.mp4, -1, -1, 67.0294117647059
yfcc-batch11/8772.mp4, -1, -1, 42.3589743589744
yfcc-batch11/8773.mp4, -1, -1, 59.9428571428571
yfcc-batch11/8776.mp4, -1, -1, 50.235294117647115
yfcc-batch11/8777.mp4, -1, -1, 51.684210526315795
yfcc-batch11/8779.mp4, -1, -1, 71.0810810810811
yfcc-batch11/8781.mp4, -1, -1, 66.6857142857143
yfcc-batch11/8787.mp4, -1, -1, 69.8421052631579
yfcc-batch11/8786.mp4, -1, -1, 54.4
yfcc-batch11/8793.mp4, -1, -1, 32.5
yfcc-batch11/8804.mp4, -1, -1, 67.6060606060606
yfcc-batch11/8808.mp4, -1, -1, 61.95
yfcc-batch11/8810.mp4, -1, -1, 60.6486486486487
yfcc-batch11/8813.mp4, -1, -1, 61.0294117647059
yfcc-batch11/8815.mp4, -1, -1, 73.2222222222222
yfcc-batch11/8817.mp4, -1, -1, 71.02857142857141
yfcc-batch11/8818.mp4, -1, -1, 71.6666666666667
yfcc-batch11/8819.mp4, -1, -1, 60.3714285714286
yfcc-batch11/8827.mp4, -1, -1, 55.5833333333333
yfcc-batch11/8830.mp4, -1, -1, 48.2285714285714
yfcc-batch11/8834.mp4, -1, -1, 44.657142857142894
yfcc-batch11/8836.mp4, -1, -1, 52.71428571428571
yfcc-batch11/8837.mp4, -1, -1, 66.9714285714286
yfcc-batch11/8841.mp4, -1, -1, 65.6111111111111
yfcc-batch11/8848.mp4, -1, -1, 64.1315789473684
yfcc-batch11/8853.mp4, -1, -1, 63.3125
yfcc-batch11/8854.mp4, -1, -1, 75.1388888888889
yfcc-batch11/8855.mp4, -1, -1, 68.6756756756757
yfcc-batch11/8858.mp4, -1, -1, 69.9444444444444
yfcc-batch11/8874.mp4, -1, -1, 63.1621621621622
yfcc-batch11/8879.mp4, -1, -1, 67.94285714285711
yfcc-batch11/8880.mp4, -1, -1, 68.29729729729729
yfcc-batch11/8883.mp4, -1, -1, 67.5789473684211
yfcc-batch11/8886.mp4, -1, -1, 61.67647058823529
yfcc-batch11/8889.mp4, -1, -1, 65.1176470588235
yfcc-batch11/8893.mp4, -1, -1, 42.3714285714286
yfcc-batch11/8895.mp4, -1, -1, 67.0526315789474
yfcc-batch11/8898.mp4, -1, -1, 44.871794871794904
yfcc-batch11/8904.mp4, -1, -1, 57.2285714285714
yfcc-batch11/8907.mp4, -1, -1, 60.363636363636395
yfcc-batch11/8909.mp4, -1, -1, 58.2424242424242
yfcc-batch11/8915.mp4, -1, -1, 58.9459459459459
yfcc-batch11/8918.mp4, -1, -1, 58.44117647058821
yfcc-batch11/8919.mp4, -1, -1, 57.085714285714296
yfcc-batch11/8925.mp4, -1, -1, 56.2702702702703
yfcc-batch11/8930.mp4, -1, -1, 61.6176470588235
yfcc-batch11/8929.mp4, -1, -1, 63.0555555555556
yfcc-batch11/8932.mp4, -1, -1, 73.5277777777778
yfcc-batch11/8934.mp4, -1, -1, 73.4594594594595
yfcc-batch11/8937.mp4, -1, -1, 63.82857142857139
yfcc-batch11/8939.mp4, -1, -1, 60.3513513513514
yfcc-batch11/8945.mp4, -1, -1, 42.1764705882353
yfcc-batch11/8951.mp4, -1, -1, 52.7297297297297
yfcc-batch11/8952.mp4, -1, -1, 71.7297297297297
yfcc-batch11/8963.mp4, -1, -1, 74.2121212121212
yfcc-batch11/8965.mp4, -1, -1, 71.7567567567568
yfcc-batch11/8970.mp4, -1, -1, 68.24242424242429
yfcc-batch11/8980.mp4, -1, -1, 58.44117647058821
yfcc-batch11/8979.mp4, -1, -1, 67.32352941176471
yfcc-batch11/8985.mp4, -1, -1, 63.914285714285704
yfcc-batch11/8986.mp4, -1, -1, 44.3529411764706
yfcc-batch11/8999.mp4, -1, -1, 50.11428571428571
yfcc-batch11/9001.mp4, -1, -1, 72.4285714285714
yfcc-batch11/9002.mp4, -1, -1, 63.29411764705879
yfcc-batch11/8202.mp4, -1, -1, 70.2941176470588
yfcc-batch11/8203.mp4, -1, -1, 74.9736842105263
yfcc-batch11/8213.mp4, -1, -1, 62.5428571428571
yfcc-batch11/8219.mp4, -1, -1, 51.1666666666667
yfcc-batch11/8222.mp4, -1, -1, 64.969696969697
yfcc-batch11/8224.mp4, -1, -1, 62.387096774193495
yfcc-batch11/8230.mp4, -1, -1, 60.864864864864906
yfcc-batch11/8231.mp4, -1, -1, 57.763157894736786
yfcc-batch11/8238.mp4, -1, -1, 38.8529411764706
yfcc-batch11/8239.mp4, -1, -1, 80.0909090909091
yfcc-batch11/8246.mp4, -1, -1, 64.0
yfcc-batch11/8249.mp4, -1, -1, 60.222222222222214
yfcc-batch11/8248.mp4, -1, -1, 50.1818181818182
yfcc-batch11/8250.mp4, -1, -1, 51.28571428571429
yfcc-batch11/8252.mp4, -1, -1, 63.75
yfcc-batch11/8254.mp4, -1, -1, 63.324324324324294
yfcc-batch11/8255.mp4, -1, -1, 53.235294117647115
yfcc-batch11/8256.mp4, -1, -1, 54.3055555555556
yfcc-batch11/8260.mp4, -1, -1, 30.657142857142897
yfcc-batch11/8259.mp4, -1, -1, 62.8
yfcc-batch11/8262.mp4, -1, -1, 64.4166666666667
yfcc-batch11/8266.mp4, -1, -1, 45.3333333333333
yfcc-batch11/8271.mp4, -1, -1, 54.15384615384621
yfcc-batch11/8275.mp4, -1, -1, 61.1176470588235
yfcc-batch11/8282.mp4, -1, -1, 43.972972972973004
yfcc-batch11/8284.mp4, -1, -1, 39.59375
yfcc-batch11/8286.mp4, -1, -1, 62.030303030303
yfcc-batch11/8289.mp4, -1, -1, 63.3714285714286
yfcc-batch11/8301.mp4, -1, -1, 66.8
yfcc-batch11/8302.mp4, -1, -1, 56.277777777777786
yfcc-batch11/8314.mp4, -1, -1, 57.44117647058821
yfcc-batch11/8315.mp4, -1, -1, 48.3888888888889
yfcc-batch11/8316.mp4, -1, -1, 60.459459459459495
yfcc-batch11/8318.mp4, -1, -1, 61.3333333333333
yfcc-batch11/8319.mp4, -1, -1, 56.0
yfcc-batch11/8320.mp4, -1, -1, 48.2727272727273
yfcc-batch11/8323.mp4, -1, -1, 69.89473684210529
yfcc-batch11/8324.mp4, -1, -1, 66.11428571428571
yfcc-batch11/8327.mp4, -1, -1, 81.45714285714291
yfcc-batch11/8333.mp4, -1, -1, 71.4722222222222
yfcc-batch11/8335.mp4, -1, -1, 65.5833333333333
yfcc-batch11/8334.mp4, -1, -1, 71.88571428571429
yfcc-batch11/8338.mp4, -1, -1, 76.45714285714291
yfcc-batch11/8343.mp4, -1, -1, 59.2105263157895
yfcc-batch11/8347.mp4, -1, -1, 72.8
yfcc-batch11/8353.mp4, -1, -1, 69.0
yfcc-batch11/8359.mp4, -1, -1, 57.8611111111111
yfcc-batch11/8363.mp4, -1, -1, 59.82352941176471
yfcc-batch11/8364.mp4, -1, -1, 67.1666666666667
yfcc-batch11/8366.mp4, -1, -1, 66.5
yfcc-batch11/8368.mp4, -1, -1, 59.472222222222214
yfcc-batch11/8370.mp4, -1, -1, 70.2432432432432
yfcc-batch11/8373.mp4, -1, -1, 58.810810810810786
yfcc-batch11/8375.mp4, -1, -1, 60.810810810810786
yfcc-batch11/8378.mp4, -1, -1, 71.02857142857141
yfcc-batch11/8379.mp4, -1, -1, 73.96875
yfcc-batch11/8384.mp4, -1, -1, 63.1944444444444
yfcc-batch11/8387.mp4, -1, -1, 66.8055555555556
yfcc-batch11/8397.mp4, -1, -1, 67.5945945945946
yfcc-batch11/8401.mp4, -1, -1, 68.9210526315789
yfcc-batch11/8405.mp4, -1, -1, 55.157894736842096
yfcc-batch11/8408.mp4, -1, -1, 49.9189189189189
yfcc-batch11/8413.mp4, -1, -1, 64.14285714285711
yfcc-batch11/8416.mp4, -1, -1, 62.7297297297297
yfcc-batch11/8418.mp4, -1, -1, 57.2424242424242
yfcc-batch11/8424.mp4, -1, -1, 71.6176470588236
yfcc-batch11/8426.mp4, -1, -1, 59.972222222222214
yfcc-batch11/8430.mp4, -1, -1, 56.8888888888889
yfcc-batch11/8431.mp4, -1, -1, 65.0294117647059
yfcc-batch11/8432.mp4, -1, -1, 61.2972972972973
yfcc-batch11/8434.mp4, -1, -1, 63.6944444444444
yfcc-batch11/8451.mp4, -1, -1, 66.7837837837838
yfcc-batch11/8452.mp4, -1, -1, 65.5882352941177
yfcc-batch11/8454.mp4, -1, -1, 60.225
yfcc-batch11/8456.mp4, -1, -1, 59.31578947368421
yfcc-batch11/8461.mp4, -1, -1, 76.53125
yfcc-batch11/8463.mp4, -1, -1, 46.657142857142894
yfcc-batch11/8465.mp4, -1, -1, 71.82352941176471
yfcc-batch11/8476.mp4, -1, -1, 63.6666666666667
yfcc-batch11/8480.mp4, -1, -1, 75.6111111111111
yfcc-batch11/8486.mp4, -1, -1, 53.0
yfcc-batch11/8487.mp4, -1, -1, 68.46875
yfcc-batch11/8493.mp4, -1, -1, 60.6388888888889
yfcc-batch11/8500.mp4, -1, -1, 64.9722222222222
yfcc-batch11/8508.mp4, -1, -1, 64.6666666666667
yfcc-batch11/8513.mp4, -1, -1, 57.428571428571395
yfcc-batch11/8519.mp4, -1, -1, 65.3055555555556
yfcc-batch11/8522.mp4, -1, -1, 49.459459459459495
yfcc-batch11/8524.mp4, -1, -1, 72.1388888888889
yfcc-batch11/8525.mp4, -1, -1, 38.2424242424242
yfcc-batch11/8526.mp4, -1, -1, 58.8684210526316
yfcc-batch11/8532.mp4, -1, -1, 63.57142857142861
yfcc-batch11/8537.mp4, -1, -1, 66.6969696969697
yfcc-batch11/8548.mp4, -1, -1, 66.7297297297297
yfcc-batch12/9382.mp4, -1, -1, 58.4
yfcc-batch12/9389.mp4, -1, -1, 58.459459459459495
yfcc-batch12/9396.mp4, -1, -1, 61.57142857142861
yfcc-batch12/9399.mp4, -1, -1, 61.6944444444444
yfcc-batch12/9400.mp4, -1, -1, 72.15625
yfcc-batch12/9405.mp4, -1, -1, 69.21875
yfcc-batch12/9412.mp4, -1, -1, 59.2727272727273
yfcc-batch12/9414.mp4, -1, -1, 71.4857142857143
yfcc-batch12/9418.mp4, -1, -1, 70.97142857142859
yfcc-batch12/9419.mp4, -1, -1, 52.657894736842096
yfcc-batch12/9424.mp4, -1, -1, 59.2972972972973
yfcc-batch12/9426.mp4, -1, -1, 67.0285714285714
yfcc-batch12/9430.mp4, -1, -1, 71.7567567567568
yfcc-batch12/9431.mp4, -1, -1, 73.91428571428571
yfcc-batch12/9434.mp4, -1, -1, 59.5294117647059
yfcc-batch12/9439.mp4, -1, -1, 55.31428571428571
yfcc-batch12/9451.mp4, -1, -1, 42.77777777777779
yfcc-batch12/9453.mp4, -1, -1, 67.64285714285711
yfcc-batch12/9460.mp4, -1, -1, 68.0833333333333
yfcc-batch12/9463.mp4, -1, -1, 69.28571428571429
yfcc-batch12/9465.mp4, -1, -1, 55.184210526315795
yfcc-batch12/9480.mp4, -1, -1, 64.2285714285714
yfcc-batch12/9483.mp4, -1, -1, 53.3823529411765
yfcc-batch12/9490.mp4, -1, -1, 67.8378378378378
yfcc-batch12/9495.mp4, -1, -1, 32.3055555555556
yfcc-batch12/9494.mp4, -1, -1, 47.57142857142861
yfcc-batch12/9505.mp4, -1, -1, 77.7714285714286
yfcc-batch12/9511.mp4, -1, -1, 72.969696969697
yfcc-batch12/9513.mp4, -1, -1, 49.969696969697
yfcc-batch12/9520.mp4, -1, -1, 64.14285714285711
yfcc-batch12/9533.mp4, -1, -1, 38.4102564102564
yfcc-batch12/9536.mp4, -1, -1, 59.4444444444444
yfcc-batch12/9540.mp4, -1, -1, 64.6969696969697
yfcc-batch12/9541.mp4, -1, -1, 63.5555555555556
yfcc-batch12/9559.mp4, -1, -1, 45.68571428571429
yfcc-batch12/9563.mp4, -1, -1, 62.90625
yfcc-batch12/9585.mp4, -1, -1, 63.67647058823529
yfcc-batch12/9584.mp4, -1, -1, 44.7297297297297
yfcc-batch12/9589.mp4, -1, -1, 59.8571428571429
yfcc-batch12/9597.mp4, -1, -1, 73.8787878787879
yfcc-batch12/9598.mp4, -1, -1, 67.6486486486487
yfcc-batch12/9602.mp4, -1, -1, 55.11428571428571
yfcc-batch12/9608.mp4, -1, -1, 56.277777777777786
yfcc-batch12/9609.mp4, -1, -1, 51.24324324324329
yfcc-batch12/9611.mp4, -1, -1, 63.027777777777786
yfcc-batch12/9621.mp4, -1, -1, 62.25
yfcc-batch12/9627.mp4, -1, -1, 67.3333333333333
yfcc-batch12/9629.mp4, -1, -1, 59.24324324324329
yfcc-batch12/9633.mp4, -1, -1, 67.0882352941177
yfcc-batch12/9639.mp4, -1, -1, 55.55882352941179
yfcc-batch12/9640.mp4, -1, -1, 64.2058823529412
yfcc-batch12/9642.mp4, -1, -1, 78.9756097560975
yfcc-batch12/9643.mp4, -1, -1, 67.6388888888889
yfcc-batch12/9647.mp4, -1, -1, 65.8
yfcc-batch12/9653.mp4, -1, -1, 61.3529411764706
yfcc-batch12/9659.mp4, -1, -1, 69.5277777777778
yfcc-batch12/9661.mp4, -1, -1, 43.3076923076923
yfcc-batch12/9662.mp4, -1, -1, 58.1621621621622
yfcc-batch12/9665.mp4, -1, -1, 58.969696969697
yfcc-batch12/9664.mp4, -1, -1, 70.8
yfcc-batch12/9666.mp4, -1, -1, 66.9444444444444
yfcc-batch12/9669.mp4, -1, -1, 70.6969696969697
yfcc-batch12/9675.mp4, -1, -1, 65.15151515151521
yfcc-batch12/9677.mp4, -1, -1, 57.6388888888889
yfcc-batch12/9681.mp4, -1, -1, 62.6285714285714
yfcc-batch12/9683.mp4, -1, -1, 55.5
yfcc-batch12/9686.mp4, -1, -1, 61.485714285714295
yfcc-batch12/9689.mp4, -1, -1, 37.085714285714296
yfcc-batch12/9690.mp4, -1, -1, 68.1111111111111
yfcc-batch12/9695.mp4, -1, -1, 56.88571428571429
yfcc-batch12/9712.mp4, -1, -1, 65.82352941176471
yfcc-batch12/9716.mp4, -1, -1, 70.44444444444441
yfcc-batch12/9719.mp4, -1, -1, 71.7714285714286
yfcc-batch12/9737.mp4, -1, -1, 74.0
yfcc-batch12/9739.mp4, -1, -1, 55.5428571428571
yfcc-batch12/9740.mp4, -1, -1, 34.545454545454504
yfcc-batch12/9743.mp4, -1, -1, 44.7714285714286
yfcc-batch12/9745.mp4, -1, -1, 46.0571428571429
yfcc-batch12/9746.mp4, -1, -1, 72.969696969697
yfcc-batch12/9751.mp4, -1, -1, 64.3783783783784
yfcc-batch12/9754.mp4, -1, -1, 68.9444444444444
yfcc-batch12/9755.mp4, -1, -1, 64.7297297297297
yfcc-batch12/9763.mp4, -1, -1, 70.6
yfcc-batch12/9765.mp4, -1, -1, 73.2222222222222
yfcc-batch12/9774.mp4, -1, -1, 62.6285714285714
yfcc-batch12/9775.mp4, -1, -1, 76.44736842105259
yfcc-batch12/9777.mp4, -1, -1, 67.32352941176471
yfcc-batch12/9779.mp4, -1, -1, 61.7272727272727
yfcc-batch12/9781.mp4, -1, -1, 67.4722222222222
yfcc-batch12/9783.mp4, -1, -1, 49.4117647058824
yfcc-batch12/9786.mp4, -1, -1, 62.24324324324329
yfcc-batch12/9791.mp4, -1, -1, 58.972972972973004
yfcc-batch12/9793.mp4, -1, -1, 47.875
yfcc-batch12/9797.mp4, -1, -1, 64.3939393939394
yfcc-batch12/9798.mp4, -1, -1, 60.5625
yfcc-batch12/9811.mp4, -1, -1, 48.2285714285714
yfcc-batch12/9817.mp4, -1, -1, 52.70588235294121
yfcc-batch12/9819.mp4, -1, -1, 76.0
yfcc-batch12/9821.mp4, -1, -1, 67.9615384615385
yfcc-batch12/9825.mp4, -1, -1, 67.8181818181818
yfcc-batch12/9827.mp4, -1, -1, 63.264705882352885
yfcc-batch12/9833.mp4, -1, -1, 67.0277777777778
yfcc-batch12/9836.mp4, -1, -1, 58.375
yfcc-batch12/9835.mp4, -1, -1, 62.1315789473684
yfcc-batch12/9840.mp4, -1, -1, 66.3333333333333
yfcc-batch12/9123.mp4, -1, -1, 68.3125
yfcc-batch12/9021.mp4, -1, -1, 45.0571428571429
yfcc-batch12/9028.mp4, -1, -1, 61.264705882352885
yfcc-batch12/9030.mp4, -1, -1, 68.67647058823529
yfcc-batch12/9032.mp4, -1, -1, 75.24242424242429
yfcc-batch12/9037.mp4, -1, -1, 54.212121212121204
yfcc-batch12/9039.mp4, -1, -1, 66.91428571428571
yfcc-batch12/9041.mp4, -1, -1, 66.625
yfcc-batch12/9042.mp4, -1, -1, 55.2285714285714
yfcc-batch12/9064.mp4, -1, -1, 68.6111111111111
yfcc-batch12/9065.mp4, -1, -1, 73.7948717948718
yfcc-batch12/9066.mp4, -1, -1, 47.40625
yfcc-batch12/9067.mp4, -1, -1, 69.17647058823529
yfcc-batch12/9071.mp4, -1, -1, 64.8823529411765
yfcc-batch12/9080.mp4, -1, -1, 57.4
yfcc-batch12/9081.mp4, -1, -1, 57.09375
yfcc-batch12/9082.mp4, -1, -1, 58.1666666666667
yfcc-batch12/9086.mp4, -1, -1, 65.9722222222222
yfcc-batch12/9094.mp4, -1, -1, 43.17647058823529
yfcc-batch12/9099.mp4, -1, -1, 61.3055555555556
yfcc-batch12/9102.mp4, -1, -1, 69.4
yfcc-batch12/9106.mp4, -1, -1, 69.29729729729729
yfcc-batch12/9108.mp4, -1, -1, 60.857142857142804
yfcc-batch12/9109.mp4, -1, -1, 60.7567567567568
yfcc-batch12/9113.mp4, -1, -1, 62.5526315789474
yfcc-batch12/9119.mp4, -1, -1, 67.9714285714286
yfcc-batch12/9120.mp4, -1, -1, 68.4545454545455
yfcc-batch12/9132.mp4, -1, -1, 71.57575757575759
yfcc-batch12/9133.mp4, -1, -1, 52.8787878787879
yfcc-batch12/9135.mp4, -1, -1, 45.3783783783784
yfcc-batch12/9143.mp4, -1, -1, 65.9444444444444
yfcc-batch12/9144.mp4, -1, -1, 53.7272727272727
yfcc-batch12/9145.mp4, -1, -1, 63.485714285714295
yfcc-batch12/9147.mp4, -1, -1, 68.5294117647059
yfcc-batch12/9152.mp4, -1, -1, 78.5945945945946
yfcc-batch12/9162.mp4, -1, -1, 57.2105263157895
yfcc-batch12/9164.mp4, -1, -1, 46.55882352941179
yfcc-batch12/9172.mp4, -1, -1, 68.48275862068971
yfcc-batch12/9176.mp4, -1, -1, 54.5
yfcc-batch12/9179.mp4, -1, -1, 55.05882352941179
yfcc-batch12/9189.mp4, -1, -1, 56.70588235294121
yfcc-batch12/9194.mp4, -1, -1, 60.9090909090909
yfcc-batch12/9197.mp4, -1, -1, 70.0606060606061
yfcc-batch12/9199.mp4, -1, -1, 78.2941176470588
yfcc-batch12/9205.mp4, -1, -1, 71.5142857142857
yfcc-batch12/9207.mp4, -1, -1, 67.1111111111111
yfcc-batch12/9208.mp4, -1, -1, 66.0555555555556
yfcc-batch12/9214.mp4, -1, -1, 59.5833333333333
yfcc-batch12/9217.mp4, -1, -1, 71.52941176470591
yfcc-batch12/9221.mp4, -1, -1, 55.324324324324294
yfcc-batch12/9223.mp4, -1, -1, 61.4848484848485
yfcc-batch12/9224.mp4, -1, -1, 78.7352941176471
yfcc-batch12/9226.mp4, -1, -1, 59.63636363636361
yfcc-batch12/9231.mp4, -1, -1, 71.4722222222222
yfcc-batch12/9233.mp4, -1, -1, 40.18918918918921
yfcc-batch12/9243.mp4, -1, -1, 58.6666666666667
yfcc-batch12/9248.mp4, -1, -1, 49.8484848484849
yfcc-batch12/9254.mp4, -1, -1, 65.2432432432432
yfcc-batch12/9265.mp4, -1, -1, 66.5294117647059
yfcc-batch12/9268.mp4, -1, -1, 42.7027027027027
yfcc-batch12/9273.mp4, -1, -1, 35.1388888888889
yfcc-batch12/9285.mp4, -1, -1, 58.55882352941179
yfcc-batch12/9286.mp4, -1, -1, 38.5
yfcc-batch12/9292.mp4, -1, -1, 58.8888888888889
yfcc-batch12/9293.mp4, -1, -1, 41.631578947368396
yfcc-batch12/9298.mp4, -1, -1, 74.62162162162159
yfcc-batch12/9302.mp4, -1, -1, 69.6388888888889
yfcc-batch12/9307.mp4, -1, -1, 64.5142857142857
yfcc-batch12/9309.mp4, -1, -1, 57.3888888888889
yfcc-batch12/9312.mp4, -1, -1, 43.6410256410256
yfcc-batch12/9317.mp4, -1, -1, 61.969696969697
yfcc-batch12/9321.mp4, -1, -1, 89.2903225806452
yfcc-batch12/9329.mp4, -1, -1, 56.1944444444444
yfcc-batch12/9333.mp4, -1, -1, 73.3636363636364
yfcc-batch12/9337.mp4, -1, -1, 55.972222222222214
yfcc-batch12/9340.mp4, -1, -1, 69.3428571428571
yfcc-batch12/9342.mp4, -1, -1, 67.1818181818182
yfcc-batch12/9344.mp4, -1, -1, 71.7272727272727
yfcc-batch12/9345.mp4, -1, -1, 38.028571428571404
yfcc-batch12/9357.mp4, -1, -1, 69.0277777777778
yfcc-batch12/9359.mp4, -1, -1, 63.0
yfcc-batch12/9361.mp4, -1, -1, 64.7714285714286
yfcc-batch12/9363.mp4, -1, -1, 60.8918918918919
yfcc-batch12/9369.mp4, -1, -1, 67.7714285714286
yfcc-batch12/9377.mp4, -1, -1, 63.235294117647115
yfcc-batch13/10358.mp4, -1, -1, 53.6486486486487
yfcc-batch13/10361.mp4, -1, -1, 59.461538461538495
yfcc-batch13/10362.mp4, -1, -1, 62.5
yfcc-batch13/10367.mp4, -1, -1, 66.2162162162162
yfcc-batch13/10370.mp4, -1, -1, 46.9473684210526
yfcc-batch13/10373.mp4, -1, -1, 41.51282051282049
yfcc-batch13/10376.mp4, -1, -1, 54.6486486486487
yfcc-batch13/10386.mp4, -1, -1, 64.1538461538462
yfcc-batch13/10393.mp4, -1, -1, 60.5789473684211
yfcc-batch13/10399.mp4, -1, -1, 68.6944444444444
yfcc-batch13/10401.mp4, -1, -1, 65.0526315789474
yfcc-batch13/10406.mp4, -1, -1, 64.5263157894737
yfcc-batch13/10414.mp4, -1, -1, 70.2162162162162
yfcc-batch13/10420.mp4, -1, -1, 64.8918918918919
yfcc-batch13/10431.mp4, -1, -1, 67.4166666666667
yfcc-batch13/10434.mp4, -1, -1, 66.5945945945946
yfcc-batch13/10437.mp4, -1, -1, 64.2777777777778
yfcc-batch13/10439.mp4, -1, -1, 71.2352941176471
yfcc-batch13/10444.mp4, -1, -1, 71.94736842105259
yfcc-batch13/10448.mp4, -1, -1, 63.5
yfcc-batch13/10449.mp4, -1, -1, 60.34285714285711
yfcc-batch13/10452.mp4, -1, -1, 73.7894736842105
yfcc-batch13/10457.mp4, -1, -1, 50.89743589743589
yfcc-batch13/10458.mp4, -1, -1, 75.6756756756757
yfcc-batch13/10460.mp4, -1, -1, 62.9166666666667
yfcc-batch13/10461.mp4, -1, -1, 62.6410256410256
yfcc-batch13/10462.mp4, -1, -1, 70.3513513513513
yfcc-batch13/10464.mp4, -1, -1, 71.2894736842105
yfcc-batch13/10466.mp4, -1, -1, 67.32352941176471
yfcc-batch13/10475.mp4, -1, -1, 66.4722222222222
yfcc-batch13/10477.mp4, -1, -1, 58.9459459459459
yfcc-batch13/10476.mp4, -1, -1, 49.1666666666667
yfcc-batch13/10484.mp4, -1, -1, 71.1794871794872
yfcc-batch13/10491.mp4, -1, -1, 69.0285714285714
yfcc-batch13/10493.mp4, -1, -1, 61.6388888888889
yfcc-batch13/10494.mp4, -1, -1, 43.74285714285711
yfcc-batch13/10496.mp4, -1, -1, 71.73684210526321
yfcc-batch13/10504.mp4, -1, -1, 69.3170731707317
yfcc-batch13/10507.mp4, -1, -1, 53.526315789473706
yfcc-batch13/10516.mp4, -1, -1, 75.30555555555559
yfcc-batch13/10518.mp4, -1, -1, 70.8461538461538
yfcc-batch13/10519.mp4, -1, -1, 57.44117647058821
yfcc-batch13/10524.mp4, -1, -1, 54.7105263157895
yfcc-batch13/10527.mp4, -1, -1, 71.5
yfcc-batch13/10528.mp4, -1, -1, 41.394736842105296
yfcc-batch13/10535.mp4, -1, -1, 63.459459459459495
yfcc-batch13/10538.mp4, -1, -1, 76.8918918918919
yfcc-batch13/10537.mp4, -1, -1, 69.2162162162162
yfcc-batch13/10541.mp4, -1, -1, 36.657142857142894
yfcc-batch13/10542.mp4, -1, -1, 58.487179487179496
yfcc-batch13/10543.mp4, -1, -1, 51.263157894736786
yfcc-batch13/10547.mp4, -1, -1, 70.82352941176471
yfcc-batch13/10558.mp4, -1, -1, 47.8378378378378
yfcc-batch13/10561.mp4, -1, -1, 64.05405405405409
yfcc-batch13/10572.mp4, -1, -1, 66.8055555555556
yfcc-batch13/10575.mp4, -1, -1, 64.6857142857143
yfcc-batch13/10582.mp4, -1, -1, 66.6486486486487
yfcc-batch13/10585.mp4, -1, -1, 82.3714285714286
yfcc-batch13/10591.mp4, -1, -1, 46.81578947368421
yfcc-batch13/10598.mp4, -1, -1, 45.842105263157904
yfcc-batch13/10599.mp4, -1, -1, 64.2162162162162
yfcc-batch13/10612.mp4, -1, -1, 44.6470588235294
yfcc-batch13/10613.mp4, -1, -1, 70.17647058823529
yfcc-batch13/10614.mp4, -1, -1, 60.9428571428571
yfcc-batch13/10617.mp4, -1, -1, 67.0526315789474
yfcc-batch13/10618.mp4, -1, -1, 63.8333333333333
yfcc-batch13/10620.mp4, -1, -1, 70.0
yfcc-batch13/10625.mp4, -1, -1, 63.8918918918919
yfcc-batch13/10626.mp4, -1, -1, 70.6857142857143
yfcc-batch13/10627.mp4, -1, -1, 70.5714285714286
yfcc-batch13/10629.mp4, -1, -1, 69.73684210526321
yfcc-batch13/10631.mp4, -1, -1, 66.945945945946
yfcc-batch13/10632.mp4, -1, -1, 64.8285714285714
yfcc-batch13/10637.mp4, -1, -1, 72.94871794871791
yfcc-batch13/10638.mp4, -1, -1, 73.2777777777778
yfcc-batch13/10642.mp4, -1, -1, 75.28571428571429
yfcc-batch13/10643.mp4, -1, -1, 56.68571428571429
yfcc-batch13/10646.mp4, -1, -1, 56.43243243243239
yfcc-batch13/10647.mp4, -1, -1, 73.4
yfcc-batch13/10649.mp4, -1, -1, 59.871794871794904
yfcc-batch13/10655.mp4, -1, -1, 57.8888888888889
yfcc-batch13/9841.mp4, -1, -1, 55.6111111111111
yfcc-batch13/9846.mp4, -1, -1, 48.0
yfcc-batch13/9847.mp4, -1, -1, 73.29729729729729
yfcc-batch13/9852.mp4, -1, -1, 68.0526315789474
yfcc-batch13/9870.mp4, -1, -1, 65.05405405405409
yfcc-batch13/9875.mp4, -1, -1, 76.0571428571429
yfcc-batch13/9878.mp4, -1, -1, 56.60526315789479
yfcc-batch13/9881.mp4, -1, -1, 73.1724137931034
yfcc-batch13/9882.mp4, -1, -1, 70.2162162162162
yfcc-batch13/9886.mp4, -1, -1, 72.6666666666667
yfcc-batch13/9888.mp4, -1, -1, 37.73684210526321
yfcc-batch13/9912.mp4, -1, -1, 56.6944444444444
yfcc-batch13/9914.mp4, -1, -1, 70.0277777777778
yfcc-batch13/9916.mp4, -1, -1, 72.91428571428571
yfcc-batch13/9918.mp4, -1, -1, 44.17142857142861
yfcc-batch13/9924.mp4, -1, -1, 41.6176470588235
yfcc-batch13/9933.mp4, -1, -1, 65.7878787878788
yfcc-batch13/9934.mp4, -1, -1, 64.8684210526316
yfcc-batch13/9938.mp4, -1, -1, 70.2051282051282
yfcc-batch13/9940.mp4, -1, -1, 78.11428571428571
yfcc-batch13/9942.mp4, -1, -1, 60.684210526315795
yfcc-batch13/9948.mp4, -1, -1, 59.810810810810786
yfcc-batch13/9951.mp4, -1, -1, 67.5526315789474
yfcc-batch13/9952.mp4, -1, -1, 61.2894736842105
yfcc-batch13/9954.mp4, -1, -1, 69.39473684210529
yfcc-batch13/9958.mp4, -1, -1, 57.027777777777786
yfcc-batch13/9960.mp4, -1, -1, 77.8684210526316
yfcc-batch13/9969.mp4, -1, -1, 49.921052631579
yfcc-batch13/9984.mp4, -1, -1, 73.05128205128209
yfcc-batch13/9989.mp4, -1, -1, 66.5555555555556
yfcc-batch13/9991.mp4, -1, -1, 72.7428571428572
yfcc-batch13/9996.mp4, -1, -1, 70.5862068965517
yfcc-batch13/9994.mp4, -1, -1, 58.972972972973004
yfcc-batch13/9997.mp4, -1, -1, 69.3
yfcc-batch13/9998.mp4, -1, -1, 63.527777777777786
yfcc-batch13/10001.mp4, -1, -1, 74.6388888888889
yfcc-batch13/10004.mp4, -1, -1, 71.875
yfcc-batch13/10006.mp4, -1, -1, 73.7222222222222
yfcc-batch13/10010.mp4, -1, -1, 59.3
yfcc-batch13/10251.mp4, -1, -1, 56.9
yfcc-batch13/10652.mp4, -1, -1, 58.3783783783784
yfcc-batch13/10017.mp4, -1, -1, 70.4285714285714
yfcc-batch13/10024.mp4, -1, -1, 78.1351351351351
yfcc-batch13/10023.mp4, -1, -1, 73.0909090909091
yfcc-batch13/10029.mp4, -1, -1, 68.91428571428571
yfcc-batch13/10032.mp4, -1, -1, 69.0909090909091
yfcc-batch13/10035.mp4, -1, -1, 59.972972972973004
yfcc-batch13/10038.mp4, -1, -1, 69.43243243243239
yfcc-batch13/10040.mp4, -1, -1, 69.70270270270271
yfcc-batch13/10046.mp4, -1, -1, 79.8421052631579
yfcc-batch13/10050.mp4, -1, -1, 61.4571428571429
yfcc-batch13/10051.mp4, -1, -1, 68.70270270270271
yfcc-batch13/10052.mp4, -1, -1, 62.3888888888889
yfcc-batch13/10055.mp4, -1, -1, 58.35
yfcc-batch13/10068.mp4, -1, -1, 69.4444444444444
yfcc-batch13/10072.mp4, -1, -1, 83.05405405405409
yfcc-batch13/10074.mp4, -1, -1, 65.97435897435899
yfcc-batch13/10083.mp4, -1, -1, 67.0526315789474
yfcc-batch13/10085.mp4, -1, -1, 62.914285714285704
yfcc-batch13/10086.mp4, -1, -1, 43.3611111111111
yfcc-batch13/10091.mp4, -1, -1, 51.8378378378378
yfcc-batch13/10097.mp4, -1, -1, 49.4444444444444
yfcc-batch13/10099.mp4, -1, -1, 56.24324324324329
yfcc-batch13/10102.mp4, -1, -1, 48.7567567567568
yfcc-batch13/10103.mp4, -1, -1, 48.257142857142895
yfcc-batch13/10104.mp4, -1, -1, 64.1081081081081
yfcc-batch13/10105.mp4, -1, -1, 67.9166666666667
yfcc-batch13/10109.mp4, -1, -1, 70.2777777777778
yfcc-batch13/10112.mp4, -1, -1, 50.9189189189189
yfcc-batch13/10113.mp4, -1, -1, 48.82857142857139
yfcc-batch13/10117.mp4, -1, -1, 70.1666666666667
yfcc-batch13/10121.mp4, -1, -1, 67.3421052631579
yfcc-batch13/10123.mp4, -1, -1, 33.2352941176471
yfcc-batch13/10142.mp4, -1, -1, 59.9166666666667
yfcc-batch13/10150.mp4, -1, -1, 66.6578947368421
yfcc-batch13/10153.mp4, -1, -1, 69.56756756756761
yfcc-batch13/10160.mp4, -1, -1, 72.6176470588236
yfcc-batch13/10161.mp4, -1, -1, 48.8888888888889
yfcc-batch13/10170.mp4, -1, -1, 64.43243243243239
yfcc-batch13/10171.mp4, -1, -1, 67.15151515151521
yfcc-batch13/10174.mp4, -1, -1, 65.1842105263158
yfcc-batch13/10175.mp4, -1, -1, 79.58974358974359
yfcc-batch13/10182.mp4, -1, -1, 74.1081081081081
yfcc-batch13/10184.mp4, -1, -1, 48.8333333333333
yfcc-batch13/10187.mp4, -1, -1, 69.0833333333333
yfcc-batch13/10188.mp4, -1, -1, 67.7352941176471
yfcc-batch13/10196.mp4, -1, -1, 72.6756756756757
yfcc-batch13/10200.mp4, -1, -1, 53.722222222222214
yfcc-batch13/10204.mp4, -1, -1, 44.28571428571429
yfcc-batch13/10208.mp4, -1, -1, 66.70270270270271
yfcc-batch13/10207.mp4, -1, -1, 56.736842105263214
yfcc-batch13/10214.mp4, -1, -1, 64.5714285714286
yfcc-batch13/10213.mp4, -1, -1, 70.3428571428571
yfcc-batch13/10219.mp4, -1, -1, 65.0263157894737
yfcc-batch13/10220.mp4, -1, -1, 77.23684210526321
yfcc-batch13/10230.mp4, -1, -1, 76.8648648648649
yfcc-batch13/10232.mp4, -1, -1, 63.3888888888889
yfcc-batch13/10233.mp4, -1, -1, 47.8611111111111
yfcc-batch13/10235.mp4, -1, -1, 42.5
yfcc-batch13/10247.mp4, -1, -1, 56.3888888888889
yfcc-batch13/10248.mp4, -1, -1, 68.4054054054054
yfcc-batch13/10249.mp4, -1, -1, 55.9714285714286
yfcc-batch13/10250.mp4, -1, -1, 45.0
yfcc-batch13/10255.mp4, -1, -1, 76.94736842105259
yfcc-batch13/10262.mp4, -1, -1, 79.82857142857141
yfcc-batch13/10263.mp4, -1, -1, 63.0
yfcc-batch13/10264.mp4, -1, -1, 49.810810810810786
yfcc-batch13/10268.mp4, -1, -1, 58.157894736842096
yfcc-batch13/10302.mp4, -1, -1, 63.5428571428571
yfcc-batch13/10305.mp4, -1, -1, 67.4054054054054
yfcc-batch13/10311.mp4, -1, -1, 59.135135135135094
yfcc-batch13/10313.mp4, -1, -1, 61.2820512820513
yfcc-batch13/10321.mp4, -1, -1, 62.8611111111111
yfcc-batch13/10326.mp4, -1, -1, 65.04761904761911
yfcc-batch13/10328.mp4, -1, -1, 60.3055555555556
yfcc-batch13/10329.mp4, -1, -1, 65.65625
yfcc-batch13/10333.mp4, -1, -1, 57.763157894736786
yfcc-batch13/10335.mp4, -1, -1, 60.5833333333333
yfcc-batch13/10341.mp4, -1, -1, 42.6486486486486
yfcc-batch13/10349.mp4, -1, -1, 56.914285714285704
yfcc-batch13/10356.mp4, -1, -1, 66.8918918918919
yfcc-batch14/11017.mp4, -1, -1, 56.97368421052629
yfcc-batch14/11021.mp4, -1, -1, 79.0277777777778
yfcc-batch14/11027.mp4, -1, -1, 61.39473684210521
yfcc-batch14/11029.mp4, -1, -1, 61.0
yfcc-batch14/11032.mp4, -1, -1, 70.7428571428572
yfcc-batch14/11033.mp4, -1, -1, 77.2424242424242
yfcc-batch14/11034.mp4, -1, -1, 59.4
yfcc-batch14/11035.mp4, -1, -1, 80.1282051282051
yfcc-batch14/11037.mp4, -1, -1, 50.9090909090909
yfcc-batch14/11038.mp4, -1, -1, 79.0606060606061
yfcc-batch14/11041.mp4, -1, -1, 69.7647058823529
yfcc-batch14/11047.mp4, -1, -1, 74.3428571428571
yfcc-batch14/11048.mp4, -1, -1, 54.2162162162162
yfcc-batch14/11049.mp4, -1, -1, 59.8484848484849
yfcc-batch14/11052.mp4, -1, -1, 65.25
yfcc-batch14/11056.mp4, -1, -1, 56.428571428571395
yfcc-batch14/11059.mp4, -1, -1, 61.3055555555556
yfcc-batch14/11070.mp4, -1, -1, 63.027027027026996
yfcc-batch14/11073.mp4, -1, -1, 62.6944444444444
yfcc-batch14/11080.mp4, -1, -1, 76.9210526315789
yfcc-batch14/11083.mp4, -1, -1, 58.59459459459461
yfcc-batch14/11085.mp4, -1, -1, 77.37837837837841
yfcc-batch14/11093.mp4, -1, -1, 70.921052631579
yfcc-batch14/11095.mp4, -1, -1, 74.2903225806452
yfcc-batch14/11096.mp4, -1, -1, 62.8529411764706
yfcc-batch14/11098.mp4, -1, -1, 67.2222222222222
yfcc-batch14/11104.mp4, -1, -1, 52.8055555555556
yfcc-batch14/11113.mp4, -1, -1, 66.258064516129
yfcc-batch14/11115.mp4, -1, -1, 69.4594594594595
yfcc-batch14/11116.mp4, -1, -1, 76.3513513513513
yfcc-batch14/11122.mp4, -1, -1, 65.6842105263158
yfcc-batch14/11136.mp4, -1, -1, 58.9230769230769
yfcc-batch14/11138.mp4, -1, -1, 61.94117647058821
yfcc-batch14/11142.mp4, -1, -1, 38.3783783783784
yfcc-batch14/11141.mp4, -1, -1, 65.3513513513513
yfcc-batch14/11144.mp4, -1, -1, 34.6756756756757
yfcc-batch14/11151.mp4, -1, -1, 56.21875
yfcc-batch14/11160.mp4, -1, -1, 68.5833333333333
yfcc-batch14/11168.mp4, -1, -1, 61.60526315789479
yfcc-batch14/11170.mp4, -1, -1, 69.1714285714286
yfcc-batch14/11171.mp4, -1, -1, 62.70588235294121
yfcc-batch14/11173.mp4, -1, -1, 65.1351351351351
yfcc-batch14/11176.mp4, -1, -1, 59.3513513513514
yfcc-batch14/11179.mp4, -1, -1, 69.18918918918922
yfcc-batch14/11184.mp4, -1, -1, 56.7105263157895
yfcc-batch14/11185.mp4, -1, -1, 67.2631578947369
yfcc-batch14/11186.mp4, -1, -1, 64.375
yfcc-batch14/11189.mp4, -1, -1, 70.8611111111111
yfcc-batch14/11190.mp4, -1, -1, 68.6060606060606
yfcc-batch14/11192.mp4, -1, -1, 45.975
yfcc-batch14/11195.mp4, -1, -1, 50.6
yfcc-batch14/11199.mp4, -1, -1, 69.5142857142857
yfcc-batch14/11201.mp4, -1, -1, 63.6206896551724
yfcc-batch14/11205.mp4, -1, -1, 64.7567567567568
yfcc-batch14/11207.mp4, -1, -1, 72.1666666666667
yfcc-batch14/11210.mp4, -1, -1, 58.4878048780488
yfcc-batch14/11211.mp4, -1, -1, 68.1351351351351
yfcc-batch14/11236.mp4, -1, -1, 53.097560975609795
yfcc-batch14/11237.mp4, -1, -1, 47.7714285714286
yfcc-batch14/11238.mp4, -1, -1, 64.30769230769229
yfcc-batch14/11250.mp4, -1, -1, 65.6486486486487
yfcc-batch14/11256.mp4, -1, -1, 65.17647058823529
yfcc-batch14/11260.mp4, -1, -1, 77.2941176470588
yfcc-batch14/11262.mp4, -1, -1, 66.2162162162162
yfcc-batch14/11270.mp4, -1, -1, 79.03125
yfcc-batch14/11278.mp4, -1, -1, 74.4857142857143
yfcc-batch14/11281.mp4, -1, -1, 65.8421052631579
yfcc-batch14/11291.mp4, -1, -1, 64.9090909090909
yfcc-batch14/11295.mp4, -1, -1, 55.75
yfcc-batch14/11304.mp4, -1, -1, 73.97142857142859
yfcc-batch14/11302.mp4, -1, -1, 69.39473684210529
yfcc-batch14/11308.mp4, -1, -1, 57.921052631579
yfcc-batch14/11311.mp4, -1, -1, 32.6842105263158
yfcc-batch14/11312.mp4, -1, -1, 62.810810810810786
yfcc-batch14/11314.mp4, -1, -1, 64.2352941176471
yfcc-batch14/11319.mp4, -1, -1, 49.3333333333333
yfcc-batch14/11328.mp4, -1, -1, 65.7948717948718
yfcc-batch14/11334.mp4, -1, -1, 62.3055555555556
yfcc-batch14/11338.mp4, -1, -1, 60.5135135135135
yfcc-batch14/11348.mp4, -1, -1, 75.1081081081081
yfcc-batch14/11349.mp4, -1, -1, 67.32352941176471
yfcc-batch14/11350.mp4, -1, -1, 65.9166666666667
yfcc-batch14/11355.mp4, -1, -1, 43.3333333333333
yfcc-batch14/11358.mp4, -1, -1, 68.07692307692311
yfcc-batch14/11359.mp4, -1, -1, 77.8648648648649
yfcc-batch14/11360.mp4, -1, -1, 54.9166666666667
yfcc-batch14/11361.mp4, -1, -1, 80.2647058823529
yfcc-batch14/11363.mp4, -1, -1, 60.0789473684211
yfcc-batch14/11367.mp4, -1, -1, 60.1666666666667
yfcc-batch14/11371.mp4, -1, -1, 62.1666666666667
yfcc-batch14/11372.mp4, -1, -1, 75.4857142857143
yfcc-batch14/11373.mp4, -1, -1, 54.8333333333333
yfcc-batch14/11375.mp4, -1, -1, 67.08571428571429
yfcc-batch14/11376.mp4, -1, -1, 69.82352941176471
yfcc-batch14/11380.mp4, -1, -1, 57.4390243902439
yfcc-batch14/11383.mp4, -1, -1, 70.35
yfcc-batch14/11406.mp4, -1, -1, 54.6666666666667
yfcc-batch14/11407.mp4, -1, -1, 71.1666666666667
yfcc-batch14/11415.mp4, -1, -1, 73.7741935483871
yfcc-batch14/11418.mp4, -1, -1, 79.4358974358974
yfcc-batch14/11420.mp4, -1, -1, 50.5294117647059
yfcc-batch14/11421.mp4, -1, -1, 55.2702702702703
yfcc-batch14/11423.mp4, -1, -1, 54.88571428571429
yfcc-batch14/11432.mp4, -1, -1, 64.1212121212121
yfcc-batch14/11433.mp4, -1, -1, 78.19444444444441
yfcc-batch14/11436.mp4, -1, -1, 60.0810810810811
yfcc-batch14/11440.mp4, -1, -1, 65.8205128205128
yfcc-batch14/11441.mp4, -1, -1, 53.71428571428571
yfcc-batch14/11444.mp4, -1, -1, 46.7027027027027
yfcc-batch14/11448.mp4, -1, -1, 62.0
yfcc-batch14/11449.mp4, -1, -1, 73.5
yfcc-batch14/11452.mp4, -1, -1, 61.8125
yfcc-batch14/11465.mp4, -1, -1, 63.5789473684211
yfcc-batch14/11470.mp4, -1, -1, 55.1315789473684
yfcc-batch14/11472.mp4, -1, -1, 24.375
yfcc-batch14/10662.mp4, -1, -1, 55.405405405405396
yfcc-batch14/10666.mp4, -1, -1, 69.0625
yfcc-batch14/10665.mp4, -1, -1, 52.969696969697
yfcc-batch14/10673.mp4, -1, -1, 64.25
yfcc-batch14/10678.mp4, -1, -1, 70.25
yfcc-batch14/10677.mp4, -1, -1, 67.2571428571429
yfcc-batch14/10987.mp4, -1, -1, 60.3333333333333
yfcc-batch14/11067.mp4, -1, -1, 55.8611111111111
yfcc-batch14/10688.mp4, -1, -1, 71.25
yfcc-batch14/11232.mp4, -1, -1, 66.0512820512821
yfcc-batch14/10694.mp4, -1, -1, 67.2
yfcc-batch14/10699.mp4, -1, -1, 75.05555555555559
yfcc-batch14/11330.mp4, -1, -1, 56.5
yfcc-batch14/10708.mp4, -1, -1, 77.94871794871791
yfcc-batch14/10710.mp4, -1, -1, 44.263157894736786
yfcc-batch14/10719.mp4, -1, -1, 70.3333333333333
yfcc-batch14/10724.mp4, -1, -1, 74.2432432432432
yfcc-batch14/10723.mp4, -1, -1, 66.64705882352939
yfcc-batch14/10728.mp4, -1, -1, 58.324324324324294
yfcc-batch14/10733.mp4, -1, -1, 71.8888888888889
yfcc-batch14/10739.mp4, -1, -1, 62.264705882352885
yfcc-batch14/10741.mp4, -1, -1, 76.0
yfcc-batch14/10742.mp4, -1, -1, 72.94444444444441
yfcc-batch14/10745.mp4, -1, -1, 62.17647058823529
yfcc-batch14/10754.mp4, -1, -1, 77.88571428571429
yfcc-batch14/10756.mp4, -1, -1, 77.6470588235294
yfcc-batch14/10760.mp4, -1, -1, 66.75
yfcc-batch14/10764.mp4, -1, -1, 70.73684210526321
yfcc-batch14/10768.mp4, -1, -1, 68.1351351351351
yfcc-batch14/10766.mp4, -1, -1, 69.3888888888889
yfcc-batch14/10769.mp4, -1, -1, 45.82352941176471
yfcc-batch14/10770.mp4, -1, -1, 74.4722222222222
yfcc-batch14/10771.mp4, -1, -1, 72.0
yfcc-batch14/10775.mp4, -1, -1, 59.736842105263214
yfcc-batch14/10776.mp4, -1, -1, 66.9166666666667
yfcc-batch14/10781.mp4, -1, -1, 54.3
yfcc-batch14/10783.mp4, -1, -1, 69.2820512820513
yfcc-batch14/10786.mp4, -1, -1, 73.9230769230769
yfcc-batch14/10787.mp4, -1, -1, 68.972972972973
yfcc-batch14/10791.mp4, -1, -1, 51.6111111111111
yfcc-batch14/10798.mp4, -1, -1, 69.0
yfcc-batch14/10799.mp4, -1, -1, 44.0
yfcc-batch14/10800.mp4, -1, -1, 71.7058823529412
yfcc-batch14/10801.mp4, -1, -1, 71.47058823529409
yfcc-batch14/10806.mp4, -1, -1, 52.540540540540505
yfcc-batch14/10807.mp4, -1, -1, 58.842105263157904
yfcc-batch14/10810.mp4, -1, -1, 72.2571428571428
yfcc-batch14/10814.mp4, -1, -1, 53.222222222222214
yfcc-batch14/10815.mp4, -1, -1, 67.7105263157895
yfcc-batch14/10818.mp4, -1, -1, 53.89473684210521
yfcc-batch14/10826.mp4, -1, -1, 72.972972972973
yfcc-batch14/10839.mp4, -1, -1, 64.75
yfcc-batch14/10844.mp4, -1, -1, 59.11428571428571
yfcc-batch14/10845.mp4, -1, -1, 55.4571428571429
yfcc-batch14/10852.mp4, -1, -1, 44.10526315789479
yfcc-batch14/10855.mp4, -1, -1, 61.6111111111111
yfcc-batch14/10861.mp4, -1, -1, 68.5555555555556
yfcc-batch14/10865.mp4, -1, -1, 51.4166666666667
yfcc-batch14/10864.mp4, -1, -1, 66.6206896551724
yfcc-batch14/10867.mp4, -1, -1, 67.5
yfcc-batch14/10871.mp4, -1, -1, 50.4117647058824
yfcc-batch14/10875.mp4, -1, -1, 68.2571428571429
yfcc-batch14/10876.mp4, -1, -1, 72.6571428571429
yfcc-batch14/10889.mp4, -1, -1, 66.6060606060606
yfcc-batch14/10903.mp4, -1, -1, 65.9090909090909
yfcc-batch14/10909.mp4, -1, -1, 53.8378378378378
yfcc-batch14/10911.mp4, -1, -1, 42.97368421052629
yfcc-batch14/10919.mp4, -1, -1, 72.5454545454546
yfcc-batch14/10921.mp4, -1, -1, 59.7105263157895
yfcc-batch14/10924.mp4, -1, -1, 63.0
yfcc-batch14/10927.mp4, -1, -1, 75.76923076923079
yfcc-batch14/10933.mp4, -1, -1, 80.3529411764706
yfcc-batch14/10934.mp4, -1, -1, 62.6153846153846
yfcc-batch14/10935.mp4, -1, -1, 62.410256410256395
yfcc-batch14/10936.mp4, -1, -1, 50.4848484848485
yfcc-batch14/10937.mp4, -1, -1, 77.7567567567568
yfcc-batch14/10946.mp4, -1, -1, 82.9166666666667
yfcc-batch14/10948.mp4, -1, -1, 66.7741935483871
yfcc-batch14/10954.mp4, -1, -1, 45.125
yfcc-batch14/10966.mp4, -1, -1, 65.9411764705882
yfcc-batch14/10974.mp4, -1, -1, 52.0833333333333
yfcc-batch14/10979.mp4, -1, -1, 76.69444444444441
yfcc-batch14/10985.mp4, -1, -1, 61.63636363636361
yfcc-batch14/10989.mp4, -1, -1, 51.4473684210526
yfcc-batch14/10990.mp4, -1, -1, 69.9117647058823
yfcc-batch14/10994.mp4, -1, -1, 49.085714285714296
yfcc-batch14/10997.mp4, -1, -1, 69.5142857142857
yfcc-batch14/10998.mp4, -1, -1, 57.0789473684211
yfcc-batch14/11002.mp4, -1, -1, 74.4166666666667
yfcc-batch14/11014.mp4, -1, -1, 46.6060606060606
yfcc-batch15/11842.mp4, -1, -1, 65.64705882352939
yfcc-batch15/11843.mp4, -1, -1, 64.6666666666667
yfcc-batch15/11845.mp4, -1, -1, 66.6363636363636
yfcc-batch15/11847.mp4, -1, -1, 56.5294117647059
yfcc-batch15/11849.mp4, -1, -1, 65.5641025641026
yfcc-batch15/11854.mp4, -1, -1, 37.3589743589744
yfcc-batch15/11858.mp4, -1, -1, 78.0
yfcc-batch15/11862.mp4, -1, -1, 68.9705882352941
yfcc-batch15/11870.mp4, -1, -1, 68.7878787878788
yfcc-batch15/11871.mp4, -1, -1, 73.9736842105263
yfcc-batch15/11876.mp4, -1, -1, 70.11428571428571
yfcc-batch15/11878.mp4, -1, -1, 58.6285714285714
yfcc-batch15/11877.mp4, -1, -1, 64.37142857142861
yfcc-batch15/11880.mp4, -1, -1, 68.4571428571429
yfcc-batch15/11883.mp4, -1, -1, 70.2
yfcc-batch15/11884.mp4, -1, -1, 74.2162162162162
yfcc-batch15/11885.mp4, -1, -1, 64.1944444444444
yfcc-batch15/11887.mp4, -1, -1, 54.5555555555556
yfcc-batch15/11890.mp4, -1, -1, 49.969696969697
yfcc-batch15/11891.mp4, -1, -1, 75.2285714285714
yfcc-batch15/11896.mp4, -1, -1, 71.9166666666667
yfcc-batch15/11897.mp4, -1, -1, 54.5757575757576
yfcc-batch15/11900.mp4, -1, -1, 49.6388888888889
yfcc-batch15/11901.mp4, -1, -1, 62.0
yfcc-batch15/11906.mp4, -1, -1, 60.972222222222214
yfcc-batch15/11912.mp4, -1, -1, 65.75
yfcc-batch15/11915.mp4, -1, -1, 74.375
yfcc-batch15/11916.mp4, -1, -1, 62.6
yfcc-batch15/11917.mp4, -1, -1, 45.6388888888889
yfcc-batch15/11920.mp4, -1, -1, 67.0833333333333
yfcc-batch15/11919.mp4, -1, -1, 53.6969696969697
yfcc-batch15/11921.mp4, -1, -1, 68.6111111111111
yfcc-batch15/11931.mp4, -1, -1, 64.8648648648649
yfcc-batch15/11933.mp4, -1, -1, 68.91891891891889
yfcc-batch15/11936.mp4, -1, -1, 67.5
yfcc-batch15/11939.mp4, -1, -1, 71.4864864864865
yfcc-batch15/11947.mp4, -1, -1, 50.11428571428571
yfcc-batch15/11948.mp4, -1, -1, 54.5428571428571
yfcc-batch15/11954.mp4, -1, -1, 65.9444444444444
yfcc-batch15/11956.mp4, -1, -1, 62.0
yfcc-batch15/11958.mp4, -1, -1, 58.0285714285714
yfcc-batch15/11962.mp4, -1, -1, 58.0
yfcc-batch15/11979.mp4, -1, -1, 67.5714285714286
yfcc-batch15/11984.mp4, -1, -1, 63.421052631579
yfcc-batch15/11985.mp4, -1, -1, 74.75
yfcc-batch15/11989.mp4, -1, -1, 73.6875
yfcc-batch15/11993.mp4, -1, -1, 73.88571428571429
yfcc-batch15/11994.mp4, -1, -1, 57.9444444444444
yfcc-batch15/11995.mp4, -1, -1, 69.91428571428571
yfcc-batch15/11999.mp4, -1, -1, 60.235294117647115
yfcc-batch15/12000.mp4, -1, -1, 71.82857142857141
yfcc-batch15/12009.mp4, -1, -1, 68.2727272727273
yfcc-batch15/12011.mp4, -1, -1, 45.5833333333333
yfcc-batch15/12018.mp4, -1, -1, 38.7837837837838
yfcc-batch15/12017.mp4, -1, -1, 72.0588235294118
yfcc-batch15/12021.mp4, -1, -1, 63.6060606060606
yfcc-batch15/12024.mp4, -1, -1, 42.1428571428571
yfcc-batch15/12026.mp4, -1, -1, 70.9375
yfcc-batch15/12027.mp4, -1, -1, 64.0
yfcc-batch15/12028.mp4, -1, -1, 64.3783783783784
yfcc-batch15/12030.mp4, -1, -1, 63.1176470588235
yfcc-batch15/12034.mp4, -1, -1, 66.3823529411765
yfcc-batch15/12037.mp4, -1, -1, 69.2222222222222
yfcc-batch15/12059.mp4, -1, -1, 68.1
yfcc-batch15/12065.mp4, -1, -1, 70.0
yfcc-batch15/12072.mp4, -1, -1, 57.2162162162162
yfcc-batch15/12080.mp4, -1, -1, 76.7272727272727
yfcc-batch15/12083.mp4, -1, -1, 54.8125
yfcc-batch15/12085.mp4, -1, -1, 78.9393939393939
yfcc-batch15/12091.mp4, -1, -1, 67.6571428571429
yfcc-batch15/12094.mp4, -1, -1, 58.5
yfcc-batch15/12095.mp4, -1, -1, 83.8611111111111
yfcc-batch15/12098.mp4, -1, -1, 54.7027027027027
yfcc-batch15/12101.mp4, -1, -1, 67.625
yfcc-batch15/12108.mp4, -1, -1, 72.9189189189189
yfcc-batch15/12111.mp4, -1, -1, 61.324324324324294
yfcc-batch15/12112.mp4, -1, -1, 43.857142857142804
yfcc-batch15/12113.mp4, -1, -1, 51.0285714285714
yfcc-batch15/12119.mp4, -1, -1, 65.5555555555556
yfcc-batch15/12120.mp4, -1, -1, 63.0833333333333
yfcc-batch15/12138.mp4, -1, -1, 57.55882352941179
yfcc-batch15/12146.mp4, -1, -1, 70.1081081081081
yfcc-batch15/12148.mp4, -1, -1, 63.44117647058821
yfcc-batch15/12153.mp4, -1, -1, 59.527777777777786
yfcc-batch15/12158.mp4, -1, -1, 75.3888888888889
yfcc-batch15/12164.mp4, -1, -1, 63.44117647058821
yfcc-batch15/12169.mp4, -1, -1, 58.9189189189189
yfcc-batch15/12171.mp4, -1, -1, 53.8888888888889
yfcc-batch15/12175.mp4, -1, -1, 69.7428571428572
yfcc-batch15/12176.mp4, -1, -1, 68.7352941176471
yfcc-batch15/12178.mp4, -1, -1, 61.184210526315795
yfcc-batch15/12177.mp4, -1, -1, 57.9166666666667
yfcc-batch15/12189.mp4, -1, -1, 59.82857142857139
yfcc-batch15/12190.mp4, -1, -1, 61.0
yfcc-batch15/12192.mp4, -1, -1, 68.3243243243243
yfcc-batch15/12193.mp4, -1, -1, 71.2352941176471
yfcc-batch15/12200.mp4, -1, -1, 54.03225806451611
yfcc-batch15/12201.mp4, -1, -1, 51.8571428571429
yfcc-batch15/12204.mp4, -1, -1, 50.485714285714295
yfcc-batch15/12205.mp4, -1, -1, 70.030303030303
yfcc-batch15/12218.mp4, -1, -1, 76.3428571428571
yfcc-batch15/12220.mp4, -1, -1, 70.15151515151521
yfcc-batch15/12225.mp4, -1, -1, 67.9722222222222
yfcc-batch15/12227.mp4, -1, -1, 70.0285714285714
yfcc-batch15/12231.mp4, -1, -1, 61.212121212121204
yfcc-batch15/12242.mp4, -1, -1, 67.5833333333333
yfcc-batch15/12243.mp4, -1, -1, 56.9117647058824
yfcc-batch15/12248.mp4, -1, -1, 70.05405405405409
yfcc-batch15/12253.mp4, -1, -1, 54.810810810810786
yfcc-batch15/12269.mp4, -1, -1, 51.4444444444444
yfcc-batch15/12270.mp4, -1, -1, 50.24324324324329
yfcc-batch15/12272.mp4, -1, -1, 68.6176470588235
yfcc-batch15/12276.mp4, -1, -1, 67.3611111111111
yfcc-batch15/12278.mp4, -1, -1, 63.7105263157895
yfcc-batch15/12290.mp4, -1, -1, 65.5135135135135
yfcc-batch15/12293.mp4, -1, -1, 72.80555555555559
yfcc-batch15/12294.mp4, -1, -1, 75.8205128205128
yfcc-batch15/12299.mp4, -1, -1, 64.9032258064516
yfcc-batch15/11484.mp4, -1, -1, 67.4571428571429
yfcc-batch15/11487.mp4, -1, -1, 64.69230769230771
yfcc-batch15/11490.mp4, -1, -1, 44.864864864864906
yfcc-batch15/11491.mp4, -1, -1, 62.5135135135135
yfcc-batch15/11492.mp4, -1, -1, 51.8888888888889
yfcc-batch15/11493.mp4, -1, -1, 62.972972972973004
yfcc-batch15/11501.mp4, -1, -1, 48.75
yfcc-batch15/11502.mp4, -1, -1, 69.23684210526321
yfcc-batch15/11504.mp4, -1, -1, 67.7837837837838
yfcc-batch15/11505.mp4, -1, -1, 64.9714285714286
yfcc-batch15/11508.mp4, -1, -1, 73.2222222222222
yfcc-batch15/11517.mp4, -1, -1, 77.1470588235294
yfcc-batch15/11524.mp4, -1, -1, 66.972972972973
yfcc-batch15/11528.mp4, -1, -1, 81.7352941176471
yfcc-batch15/11529.mp4, -1, -1, 70.48387096774191
yfcc-batch15/11534.mp4, -1, -1, 68.60526315789471
yfcc-batch15/11542.mp4, -1, -1, 66.6216216216216
yfcc-batch15/11546.mp4, -1, -1, 69.14705882352939
yfcc-batch15/11547.mp4, -1, -1, 64.4594594594595
yfcc-batch15/11548.mp4, -1, -1, 66.0
yfcc-batch15/11550.mp4, -1, -1, 48.3888888888889
yfcc-batch15/11553.mp4, -1, -1, 56.1388888888889
yfcc-batch15/11555.mp4, -1, -1, 55.6388888888889
yfcc-batch15/11563.mp4, -1, -1, 66.8421052631579
yfcc-batch15/11565.mp4, -1, -1, 74.02564102564101
yfcc-batch15/11576.mp4, -1, -1, 70.4848484848485
yfcc-batch15/11577.mp4, -1, -1, 70.1315789473684
yfcc-batch15/11578.mp4, -1, -1, 80.5
yfcc-batch15/11581.mp4, -1, -1, 68.0
yfcc-batch15/11588.mp4, -1, -1, 60.82857142857139
yfcc-batch15/11602.mp4, -1, -1, 70.1388888888889
yfcc-batch15/11607.mp4, -1, -1, 46.65625
yfcc-batch15/11612.mp4, -1, -1, 68.4
yfcc-batch15/11618.mp4, -1, -1, 60.0
yfcc-batch15/11630.mp4, -1, -1, 60.3684210526316
yfcc-batch15/11632.mp4, -1, -1, 79.7714285714286
yfcc-batch15/11634.mp4, -1, -1, 57.0294117647059
yfcc-batch15/11643.mp4, -1, -1, 76.9428571428571
yfcc-batch15/11648.mp4, -1, -1, 60.82857142857139
yfcc-batch15/11646.mp4, -1, -1, 61.25641025641029
yfcc-batch15/11653.mp4, -1, -1, 66.6363636363636
yfcc-batch15/11661.mp4, -1, -1, 42.6666666666667
yfcc-batch15/11666.mp4, -1, -1, 71.80555555555559
yfcc-batch15/11668.mp4, -1, -1, 66.6111111111111
yfcc-batch15/11673.mp4, -1, -1, 50.277777777777786
yfcc-batch15/11676.mp4, -1, -1, 65.7222222222222
yfcc-batch15/11681.mp4, -1, -1, 72.82857142857141
yfcc-batch15/11687.mp4, -1, -1, 65.4705882352941
yfcc-batch15/11693.mp4, -1, -1, 61.1081081081081
yfcc-batch15/11695.mp4, -1, -1, 65.4358974358974
yfcc-batch15/11696.mp4, -1, -1, 79.7058823529412
yfcc-batch15/11698.mp4, -1, -1, 49.4
yfcc-batch15/11701.mp4, -1, -1, 78.6486486486487
yfcc-batch15/11703.mp4, -1, -1, 61.3513513513514
yfcc-batch15/11709.mp4, -1, -1, 74.3513513513513
yfcc-batch15/11715.mp4, -1, -1, 76.945945945946
yfcc-batch15/11726.mp4, -1, -1, 66.05714285714289
yfcc-batch15/11729.mp4, -1, -1, 70.8571428571429
yfcc-batch15/11736.mp4, -1, -1, 57.82352941176471
yfcc-batch15/11741.mp4, -1, -1, 69.6944444444444
yfcc-batch15/11743.mp4, -1, -1, 67.5151515151515
yfcc-batch15/11744.mp4, -1, -1, 60.0810810810811
yfcc-batch15/11747.mp4, -1, -1, 64.2285714285714
yfcc-batch15/11750.mp4, -1, -1, 63.514285714285705
yfcc-batch15/11761.mp4, -1, -1, 67.5428571428571
yfcc-batch15/11762.mp4, -1, -1, 59.7272727272727
yfcc-batch15/11764.mp4, -1, -1, 62.722222222222214
yfcc-batch15/11770.mp4, -1, -1, 77.7105263157895
yfcc-batch15/11768.mp4, -1, -1, 57.7567567567568
yfcc-batch15/11771.mp4, -1, -1, 44.8333333333333
yfcc-batch15/11776.mp4, -1, -1, 70.1388888888889
yfcc-batch15/11779.mp4, -1, -1, 71.8378378378378
yfcc-batch15/11780.mp4, -1, -1, 64.5555555555556
yfcc-batch15/11787.mp4, -1, -1, 66.5135135135135
yfcc-batch15/11789.mp4, -1, -1, 58.25
yfcc-batch15/11790.mp4, -1, -1, 65.40625
yfcc-batch15/11791.mp4, -1, -1, 48.540540540540505
yfcc-batch15/11800.mp4, -1, -1, 77.5
yfcc-batch15/11802.mp4, -1, -1, 73.2285714285714
yfcc-batch15/11804.mp4, -1, -1, 58.6216216216216
yfcc-batch15/11805.mp4, -1, -1, 61.3888888888889
yfcc-batch15/11812.mp4, -1, -1, 71.19444444444441
yfcc-batch15/11816.mp4, -1, -1, 60.9393939393939
yfcc-batch15/11819.mp4, -1, -1, 63.9166666666667
yfcc-batch15/11823.mp4, -1, -1, 61.5
yfcc-batch15/11825.mp4, -1, -1, 52.1388888888889
yfcc-batch15/11830.mp4, -1, -1, 53.8333333333333
yfcc-batch15/11831.mp4, -1, -1, 64.84375
yfcc-batch15/11833.mp4, -1, -1, 70.45714285714291
yfcc-batch15/11836.mp4, -1, -1, 51.363636363636395
yfcc-batch16/12661.mp4, -1, -1, 54.4117647058824
yfcc-batch16/12663.mp4, -1, -1, 71.0263157894737
yfcc-batch16/12662.mp4, -1, -1, 61.222222222222214
yfcc-batch16/12665.mp4, -1, -1, 61.8125
yfcc-batch16/12667.mp4, -1, -1, 74.2432432432432
yfcc-batch16/12670.mp4, -1, -1, 63.8484848484849
yfcc-batch16/12672.mp4, -1, -1, 67.3142857142857
yfcc-batch16/12686.mp4, -1, -1, 69.8333333333333
yfcc-batch16/12687.mp4, -1, -1, 71.47058823529409
yfcc-batch16/12688.mp4, -1, -1, 65.1842105263158
yfcc-batch16/12691.mp4, -1, -1, 62.4117647058824
yfcc-batch16/12696.mp4, -1, -1, 43.435897435897395
yfcc-batch16/12698.mp4, -1, -1, 67.1944444444444
yfcc-batch16/12697.mp4, -1, -1, 60.1176470588235
yfcc-batch16/12699.mp4, -1, -1, 58.0
yfcc-batch16/12706.mp4, -1, -1, 68.5833333333333
yfcc-batch16/12705.mp4, -1, -1, 73.54285714285709
yfcc-batch16/12717.mp4, -1, -1, 67.8787878787879
yfcc-batch16/12722.mp4, -1, -1, 67.4857142857143
yfcc-batch16/12724.mp4, -1, -1, 81.44736842105259
yfcc-batch16/12726.mp4, -1, -1, 48.6470588235294
yfcc-batch16/12731.mp4, -1, -1, 62.1470588235294
yfcc-batch16/12735.mp4, -1, -1, 61.0
yfcc-batch16/12739.mp4, -1, -1, 41.59459459459461
yfcc-batch16/12748.mp4, -1, -1, 70.1212121212121
yfcc-batch16/12749.mp4, -1, -1, 60.0
yfcc-batch16/12752.mp4, -1, -1, 70.3611111111111
yfcc-batch16/12767.mp4, -1, -1, 70.24242424242429
yfcc-batch16/12769.mp4, -1, -1, 73.1388888888889
yfcc-batch16/12770.mp4, -1, -1, 61.8823529411765
yfcc-batch16/12779.mp4, -1, -1, 56.7714285714286
yfcc-batch16/12782.mp4, -1, -1, 49.969696969697
yfcc-batch16/12785.mp4, -1, -1, 69.8285714285714
yfcc-batch16/12787.mp4, -1, -1, 74.4166666666667
yfcc-batch16/12788.mp4, -1, -1, 60.0555555555556
yfcc-batch16/12790.mp4, -1, -1, 72.80555555555559
yfcc-batch16/12799.mp4, -1, -1, 47.027777777777786
yfcc-batch16/12804.mp4, -1, -1, 53.3333333333333
yfcc-batch16/12810.mp4, -1, -1, 47.1944444444444
yfcc-batch16/12817.mp4, -1, -1, 60.0
yfcc-batch16/12821.mp4, -1, -1, 34.8888888888889
yfcc-batch16/12831.mp4, -1, -1, 66.5789473684211
yfcc-batch16/12832.mp4, -1, -1, 62.97368421052629
yfcc-batch16/12833.mp4, -1, -1, 36.4411764705882
yfcc-batch16/12837.mp4, -1, -1, 64.9166666666667
yfcc-batch16/12840.mp4, -1, -1, 72.94444444444441
yfcc-batch16/12850.mp4, -1, -1, 58.20588235294121
yfcc-batch16/12851.mp4, -1, -1, 70.8
yfcc-batch16/12855.mp4, -1, -1, 58.589743589743605
yfcc-batch16/12857.mp4, -1, -1, 53.5555555555556
yfcc-batch16/12860.mp4, -1, -1, 73.28571428571429
yfcc-batch16/12862.mp4, -1, -1, 66.1388888888889
yfcc-batch16/12863.mp4, -1, -1, 49.7567567567568
yfcc-batch16/12872.mp4, -1, -1, 70.40625
yfcc-batch16/12876.mp4, -1, -1, 64.9444444444444
yfcc-batch16/12885.mp4, -1, -1, 31.8378378378378
yfcc-batch16/12887.mp4, -1, -1, 62.0909090909091
yfcc-batch16/12889.mp4, -1, -1, 60.1944444444444
yfcc-batch16/12892.mp4, -1, -1, 51.2894736842105
yfcc-batch16/12895.mp4, -1, -1, 52.3783783783784
yfcc-batch16/12902.mp4, -1, -1, 65.6944444444444
yfcc-batch16/12904.mp4, -1, -1, 58.3714285714286
yfcc-batch16/12905.mp4, -1, -1, 59.3513513513514
yfcc-batch16/12911.mp4, -1, -1, 62.97368421052629
yfcc-batch16/12922.mp4, -1, -1, 67.2702702702703
yfcc-batch16/12927.mp4, -1, -1, 75.11428571428571
yfcc-batch16/12934.mp4, -1, -1, 64.3611111111111
yfcc-batch16/12943.mp4, -1, -1, 61.972972972973004
yfcc-batch16/12946.mp4, -1, -1, 59.6285714285714
yfcc-batch16/12951.mp4, -1, -1, 71.71428571428571
yfcc-batch16/12956.mp4, -1, -1, 76.7575757575758
yfcc-batch16/12965.mp4, -1, -1, 58.4117647058824
yfcc-batch16/12970.mp4, -1, -1, 64.1714285714286
yfcc-batch16/12973.mp4, -1, -1, 54.9705882352941
yfcc-batch16/12977.mp4, -1, -1, 52.257142857142895
yfcc-batch16/12978.mp4, -1, -1, 58.6969696969697
yfcc-batch16/12989.mp4, -1, -1, 55.1944444444444
yfcc-batch16/12995.mp4, -1, -1, 33.6969696969697
yfcc-batch16/12997.mp4, -1, -1, 52.88571428571429
yfcc-batch16/13002.mp4, -1, -1, 72.53125
yfcc-batch16/13003.mp4, -1, -1, 55.6388888888889
yfcc-batch16/13006.mp4, -1, -1, 68.969696969697
yfcc-batch16/13007.mp4, -1, -1, 67.7428571428572
yfcc-batch16/13021.mp4, -1, -1, 44.969696969697
yfcc-batch16/13022.mp4, -1, -1, 75.3243243243243
yfcc-batch16/13027.mp4, -1, -1, 41.72222222222221
yfcc-batch16/13034.mp4, -1, -1, 78.1621621621622
yfcc-batch16/13038.mp4, -1, -1, 70.5882352941177
yfcc-batch16/13045.mp4, -1, -1, 59.4375
yfcc-batch16/13049.mp4, -1, -1, 50.657894736842096
yfcc-batch16/13053.mp4, -1, -1, 63.6176470588235
yfcc-batch16/13051.mp4, -1, -1, 40.9428571428571
yfcc-batch16/13060.mp4, -1, -1, 70.3333333333333
yfcc-batch16/13059.mp4, -1, -1, 58.264705882352885
yfcc-batch16/13065.mp4, -1, -1, 61.5428571428572
yfcc-batch16/13066.mp4, -1, -1, 61.35
yfcc-batch16/13073.mp4, -1, -1, 75.5588235294118
yfcc-batch16/13076.mp4, -1, -1, 60.7714285714286
yfcc-batch16/13080.mp4, -1, -1, 49.485714285714295
yfcc-batch16/13082.mp4, -1, -1, 69.5277777777778
yfcc-batch16/13087.mp4, -1, -1, 61.545454545454504
yfcc-batch16/13092.mp4, -1, -1, 46.027777777777786
yfcc-batch16/13095.mp4, -1, -1, 67.1666666666667
yfcc-batch16/13099.mp4, -1, -1, 64.91891891891889
yfcc-batch16/13101.mp4, -1, -1, 62.9428571428571
yfcc-batch16/13104.mp4, -1, -1, 70.1714285714286
yfcc-batch16/13107.mp4, -1, -1, 52.972222222222214
yfcc-batch16/13114.mp4, -1, -1, 45.9444444444444
yfcc-batch16/13117.mp4, -1, -1, 56.7567567567568
yfcc-batch16/12373.mp4, -1, -1, 65.6
yfcc-batch16/12308.mp4, -1, -1, 49.189189189189214
yfcc-batch16/12314.mp4, -1, -1, 68.0512820512821
yfcc-batch16/12319.mp4, -1, -1, 57.684210526315795
yfcc-batch16/12323.mp4, -1, -1, 63.9090909090909
yfcc-batch16/12795.mp4, -1, -1, 67.2162162162162
yfcc-batch16/12334.mp4, -1, -1, 50.428571428571395
yfcc-batch16/12335.mp4, -1, -1, 67.5714285714286
yfcc-batch16/12338.mp4, -1, -1, 59.0285714285714
yfcc-batch16/12340.mp4, -1, -1, 73.82352941176471
yfcc-batch16/12341.mp4, -1, -1, 48.5428571428571
yfcc-batch16/12344.mp4, -1, -1, 66.84375
yfcc-batch16/12350.mp4, -1, -1, 43.17647058823529
yfcc-batch16/12352.mp4, -1, -1, 52.2162162162162
yfcc-batch16/12353.mp4, -1, -1, 54.0555555555556
yfcc-batch16/12355.mp4, -1, -1, 64.0555555555556
yfcc-batch16/12362.mp4, -1, -1, 70.8157894736842
yfcc-batch16/12363.mp4, -1, -1, 60.44117647058821
yfcc-batch16/12365.mp4, -1, -1, 61.70588235294121
yfcc-batch16/12370.mp4, -1, -1, 58.0294117647059
yfcc-batch16/12378.mp4, -1, -1, 69.7222222222222
yfcc-batch16/12392.mp4, -1, -1, 64.56756756756761
yfcc-batch16/12399.mp4, -1, -1, 67.9411764705882
yfcc-batch16/12402.mp4, -1, -1, 65.78125
yfcc-batch16/12407.mp4, -1, -1, 40.77777777777779
yfcc-batch16/12410.mp4, -1, -1, 66.70270270270271
yfcc-batch16/12411.mp4, -1, -1, 62.55882352941179
yfcc-batch16/12418.mp4, -1, -1, 68.28571428571429
yfcc-batch16/12422.mp4, -1, -1, 80.70270270270271
yfcc-batch16/12421.mp4, -1, -1, 59.70588235294121
yfcc-batch16/12426.mp4, -1, -1, 43.43243243243239
yfcc-batch16/12431.mp4, -1, -1, 41.5294117647059
yfcc-batch16/12433.mp4, -1, -1, 73.05555555555559
yfcc-batch16/12434.mp4, -1, -1, 59.764705882352885
yfcc-batch16/12436.mp4, -1, -1, 61.9230769230769
yfcc-batch16/12441.mp4, -1, -1, 56.3333333333333
yfcc-batch16/12442.mp4, -1, -1, 67.4411764705882
yfcc-batch16/12445.mp4, -1, -1, 65.4444444444444
yfcc-batch16/12447.mp4, -1, -1, 58.6666666666667
yfcc-batch16/12450.mp4, -1, -1, 69.29729729729729
yfcc-batch16/12451.mp4, -1, -1, 64.25
yfcc-batch16/12455.mp4, -1, -1, 64.88571428571429
yfcc-batch16/12461.mp4, -1, -1, 65.2647058823529
yfcc-batch16/12463.mp4, -1, -1, 54.7714285714286
yfcc-batch16/12466.mp4, -1, -1, 67.7777777777778
yfcc-batch16/12468.mp4, -1, -1, 58.3030303030303
yfcc-batch16/12471.mp4, -1, -1, 48.1111111111111
yfcc-batch16/12477.mp4, -1, -1, 74.7272727272727
yfcc-batch16/12484.mp4, -1, -1, 69.8378378378378
yfcc-batch16/12485.mp4, -1, -1, 58.764705882352885
yfcc-batch16/12487.mp4, -1, -1, 65.1875
yfcc-batch16/12492.mp4, -1, -1, 68.5135135135135
yfcc-batch16/12496.mp4, -1, -1, 63.735294117647115
yfcc-batch16/12498.mp4, -1, -1, 65.8205128205128
yfcc-batch16/12500.mp4, -1, -1, 50.29411764705879
yfcc-batch16/12503.mp4, -1, -1, 67.1842105263158
yfcc-batch16/12513.mp4, -1, -1, 55.44117647058821
yfcc-batch16/12518.mp4, -1, -1, 69.9166666666667
yfcc-batch16/12517.mp4, -1, -1, 69.85714285714289
yfcc-batch16/12526.mp4, -1, -1, 61.4117647058824
yfcc-batch16/12534.mp4, -1, -1, 58.79411764705879
yfcc-batch16/12533.mp4, -1, -1, 77.7352941176471
yfcc-batch16/12535.mp4, -1, -1, 54.2285714285714
yfcc-batch16/12544.mp4, -1, -1, 61.8
yfcc-batch16/12546.mp4, -1, -1, 72.80555555555559
yfcc-batch16/12547.mp4, -1, -1, 61.39473684210521
yfcc-batch16/12555.mp4, -1, -1, 48.085714285714296
yfcc-batch16/12561.mp4, -1, -1, 43.4705882352941
yfcc-batch16/12562.mp4, -1, -1, 72.28571428571429
yfcc-batch16/12564.mp4, -1, -1, 71.2
yfcc-batch16/12566.mp4, -1, -1, 49.4
yfcc-batch16/12569.mp4, -1, -1, 51.9090909090909
yfcc-batch16/12579.mp4, -1, -1, 60.428571428571395
yfcc-batch16/12583.mp4, -1, -1, 59.722222222222214
yfcc-batch16/12586.mp4, -1, -1, 52.79411764705879
yfcc-batch16/12587.mp4, -1, -1, 58.5
yfcc-batch16/12589.mp4, -1, -1, 42.02777777777779
yfcc-batch16/12594.mp4, -1, -1, 54.10526315789479
yfcc-batch16/12597.mp4, -1, -1, 75.3714285714286
yfcc-batch16/12599.mp4, -1, -1, 64.35294117647061
yfcc-batch16/12601.mp4, -1, -1, 59.472222222222214
yfcc-batch16/12604.mp4, -1, -1, 54.027777777777786
yfcc-batch16/12605.mp4, -1, -1, 69.4857142857143
yfcc-batch16/12607.mp4, -1, -1, 75.94444444444441
yfcc-batch16/12614.mp4, -1, -1, 70.2162162162162
yfcc-batch16/12618.mp4, -1, -1, 66.1212121212121
yfcc-batch16/12625.mp4, -1, -1, 68.0333333333333
yfcc-batch16/12624.mp4, -1, -1, 67.6388888888889
yfcc-batch16/12627.mp4, -1, -1, 71.6756756756757
yfcc-batch16/12630.mp4, -1, -1, 73.1842105263158
yfcc-batch16/12629.mp4, -1, -1, 60.4117647058824
yfcc-batch16/12632.mp4, -1, -1, 57.9117647058824
yfcc-batch16/12635.mp4, -1, -1, 41.6857142857143
yfcc-batch16/12646.mp4, -1, -1, 62.6176470588235
yfcc-batch16/12652.mp4, -1, -1, 70.7941176470588
yfcc-batch17/13484.mp4, -1, -1, 59.9459459459459
yfcc-batch17/13490.mp4, -1, -1, 76.7428571428572
yfcc-batch17/13491.mp4, -1, -1, 69.0833333333333
yfcc-batch17/13492.mp4, -1, -1, 72.89473684210529
yfcc-batch17/13497.mp4, -1, -1, 87.0
yfcc-batch17/13501.mp4, -1, -1, 53.7027027027027
yfcc-batch17/13502.mp4, -1, -1, 62.7027027027027
yfcc-batch17/13503.mp4, -1, -1, 68.0263157894737
yfcc-batch17/13507.mp4, -1, -1, 56.6944444444444
yfcc-batch17/13508.mp4, -1, -1, 66.15151515151521
yfcc-batch17/13511.mp4, -1, -1, 64.9736842105263
yfcc-batch17/13514.mp4, -1, -1, 64.25
yfcc-batch17/13515.mp4, -1, -1, 65.3333333333333
yfcc-batch17/13519.mp4, -1, -1, 76.0
yfcc-batch17/13522.mp4, -1, -1, 40.8787878787879
yfcc-batch17/13524.mp4, -1, -1, 57.8571428571429
yfcc-batch17/13529.mp4, -1, -1, 41.809523809523796
yfcc-batch17/13531.mp4, -1, -1, 61.764705882352885
yfcc-batch17/13536.mp4, -1, -1, 74.030303030303
yfcc-batch17/13539.mp4, -1, -1, 63.222222222222214
yfcc-batch17/13541.mp4, -1, -1, 60.4444444444444
yfcc-batch17/13552.mp4, -1, -1, 57.6285714285714
yfcc-batch17/13557.mp4, -1, -1, 73.2162162162162
yfcc-batch17/13560.mp4, -1, -1, 52.82857142857139
yfcc-batch17/13561.mp4, -1, -1, 61.864864864864906
yfcc-batch17/13564.mp4, -1, -1, 73.8571428571429
yfcc-batch17/13566.mp4, -1, -1, 58.675675675675706
yfcc-batch17/13569.mp4, -1, -1, 68.43243243243239
yfcc-batch17/13573.mp4, -1, -1, 64.1388888888889
yfcc-batch17/13576.mp4, -1, -1, 67.2424242424242
yfcc-batch17/13578.mp4, -1, -1, 71.26923076923079
yfcc-batch17/13579.mp4, -1, -1, 64.05714285714289
yfcc-batch17/13582.mp4, -1, -1, 42.3939393939394
yfcc-batch17/13583.mp4, -1, -1, 76.9117647058823
yfcc-batch17/13589.mp4, -1, -1, 75.7647058823529
yfcc-batch17/13596.mp4, -1, -1, 79.97058823529409
yfcc-batch17/13602.mp4, -1, -1, 54.74285714285711
yfcc-batch17/13604.mp4, -1, -1, 64.75
yfcc-batch17/13605.mp4, -1, -1, 73.7222222222222
yfcc-batch17/13611.mp4, -1, -1, 73.6857142857143
yfcc-batch17/13620.mp4, -1, -1, 50.5
yfcc-batch17/13625.mp4, -1, -1, 64.96875
yfcc-batch17/13628.mp4, -1, -1, 72.8611111111111
yfcc-batch17/13630.mp4, -1, -1, 65.6944444444444
yfcc-batch17/13631.mp4, -1, -1, 49.2972972972973
yfcc-batch17/13646.mp4, -1, -1, 52.263157894736786
yfcc-batch17/13650.mp4, -1, -1, 61.39473684210521
yfcc-batch17/13651.mp4, -1, -1, 64.14285714285711
yfcc-batch17/13657.mp4, -1, -1, 60.264705882352885
yfcc-batch17/13662.mp4, -1, -1, 40.075
yfcc-batch17/13665.mp4, -1, -1, 64.67647058823529
yfcc-batch17/13666.mp4, -1, -1, 62.17142857142861
yfcc-batch17/13667.mp4, -1, -1, 68.0
yfcc-batch17/13671.mp4, -1, -1, 51.94117647058821
yfcc-batch17/13672.mp4, -1, -1, 75.28571428571429
yfcc-batch17/13673.mp4, -1, -1, 58.29411764705879
yfcc-batch17/13675.mp4, -1, -1, 56.5428571428572
yfcc-batch17/13676.mp4, -1, -1, 60.2894736842105
yfcc-batch17/13677.mp4, -1, -1, 64.46875
yfcc-batch17/13682.mp4, -1, -1, 69.81081081081078
yfcc-batch17/13689.mp4, -1, -1, 66.91891891891889
yfcc-batch17/13692.mp4, -1, -1, 68.2
yfcc-batch17/13693.mp4, -1, -1, 57.527777777777786
yfcc-batch17/13695.mp4, -1, -1, 51.0909090909091
yfcc-batch17/13699.mp4, -1, -1, 66.0
yfcc-batch17/13700.mp4, -1, -1, 65.9090909090909
yfcc-batch17/13732.mp4, -1, -1, 47.31428571428571
yfcc-batch17/13734.mp4, -1, -1, 57.67647058823529
yfcc-batch17/13736.mp4, -1, -1, 62.5121951219512
yfcc-batch17/13746.mp4, -1, -1, 64.9722222222222
yfcc-batch17/13748.mp4, -1, -1, 54.925
yfcc-batch17/13749.mp4, -1, -1, 61.6666666666667
yfcc-batch17/13751.mp4, -1, -1, 65.5555555555556
yfcc-batch17/13752.mp4, -1, -1, 74.5675675675676
yfcc-batch17/13755.mp4, -1, -1, 59.9473684210526
yfcc-batch17/13756.mp4, -1, -1, 76.8
yfcc-batch17/13762.mp4, -1, -1, 61.085714285714296
yfcc-batch17/13768.mp4, -1, -1, 51.0
yfcc-batch17/13770.mp4, -1, -1, 61.6486486486487
yfcc-batch17/13773.mp4, -1, -1, 51.11428571428571
yfcc-batch17/13780.mp4, -1, -1, 64.4117647058823
yfcc-batch17/13789.mp4, -1, -1, 64.6388888888889
yfcc-batch17/13791.mp4, -1, -1, 67.3823529411765
yfcc-batch17/13799.mp4, -1, -1, 35.514285714285705
yfcc-batch17/13806.mp4, -1, -1, 70.6285714285714
yfcc-batch17/13808.mp4, -1, -1, 56.4444444444444
yfcc-batch17/13811.mp4, -1, -1, 55.5
yfcc-batch17/13820.mp4, -1, -1, 71.79310344827591
yfcc-batch17/13822.mp4, -1, -1, 58.7837837837838
yfcc-batch17/13838.mp4, -1, -1, 64.8333333333333
yfcc-batch17/13845.mp4, -1, -1, 62.3055555555556
yfcc-batch17/13848.mp4, -1, -1, 74.17142857142859
yfcc-batch17/13852.mp4, -1, -1, 48.79411764705879
yfcc-batch17/13856.mp4, -1, -1, 71.02857142857141
yfcc-batch17/13858.mp4, -1, -1, 71.9189189189189
yfcc-batch17/13859.mp4, -1, -1, 60.026315789473706
yfcc-batch17/13862.mp4, -1, -1, 73.1428571428571
yfcc-batch17/13870.mp4, -1, -1, 54.63636363636361
yfcc-batch17/13871.mp4, -1, -1, 45.8378378378378
yfcc-batch17/13875.mp4, -1, -1, 79.7837837837838
yfcc-batch17/13878.mp4, -1, -1, 70.54285714285709
yfcc-batch17/13879.mp4, -1, -1, 43.68571428571429
yfcc-batch17/13881.mp4, -1, -1, 62.472222222222214
yfcc-batch17/13883.mp4, -1, -1, 54.3529411764706
yfcc-batch17/13885.mp4, -1, -1, 39.2972972972973
yfcc-batch17/13887.mp4, -1, -1, 52.4473684210526
yfcc-batch17/13893.mp4, -1, -1, 56.7272727272727
yfcc-batch17/13896.mp4, -1, -1, 64.3225806451613
yfcc-batch17/13897.mp4, -1, -1, 63.0
yfcc-batch17/13904.mp4, -1, -1, 71.5263157894737
yfcc-batch17/13907.mp4, -1, -1, 40.5
yfcc-batch17/13910.mp4, -1, -1, 65.7714285714286
yfcc-batch17/13916.mp4, -1, -1, 51.39473684210521
yfcc-batch17/13922.mp4, -1, -1, 72.2285714285714
yfcc-batch17/13924.mp4, -1, -1, 59.4
yfcc-batch17/13926.mp4, -1, -1, 68.8285714285714
yfcc-batch17/13932.mp4, -1, -1, 70.97142857142859
yfcc-batch17/13933.mp4, -1, -1, 63.57142857142861
yfcc-batch17/13940.mp4, -1, -1, 54.1944444444444
yfcc-batch17/13121.mp4, -1, -1, 60.57142857142861
yfcc-batch17/13123.mp4, -1, -1, 75.5833333333333
yfcc-batch17/13126.mp4, -1, -1, 65.4411764705882
yfcc-batch17/13132.mp4, -1, -1, 47.8055555555556
yfcc-batch17/13138.mp4, -1, -1, 62.8
yfcc-batch17/13532.mp4, -1, -1, 60.5135135135135
yfcc-batch17/13147.mp4, -1, -1, 55.514285714285705
yfcc-batch17/13157.mp4, -1, -1, 65.972972972973
yfcc-batch17/13158.mp4, -1, -1, 43.47368421052629
yfcc-batch17/13159.mp4, -1, -1, 73.0
yfcc-batch17/13164.mp4, -1, -1, 63.7567567567568
yfcc-batch17/13180.mp4, -1, -1, 40.4571428571429
yfcc-batch17/13182.mp4, -1, -1, 65.9444444444444
yfcc-batch17/13186.mp4, -1, -1, 66.91428571428571
yfcc-batch17/13189.mp4, -1, -1, 54.4
yfcc-batch17/13205.mp4, -1, -1, 55.3513513513514
yfcc-batch17/13206.mp4, -1, -1, 72.0769230769231
yfcc-batch17/13209.mp4, -1, -1, 63.527777777777786
yfcc-batch17/13208.mp4, -1, -1, 79.3823529411764
yfcc-batch17/13215.mp4, -1, -1, 58.5135135135135
yfcc-batch17/13218.mp4, -1, -1, 65.4285714285714
yfcc-batch17/13223.mp4, -1, -1, 42.0
yfcc-batch17/13222.mp4, -1, -1, 58.487179487179496
yfcc-batch17/13229.mp4, -1, -1, 64.2571428571429
yfcc-batch17/13231.mp4, -1, -1, 43.6388888888889
yfcc-batch17/13237.mp4, -1, -1, 69.3055555555556
yfcc-batch17/13243.mp4, -1, -1, 75.6111111111111
yfcc-batch17/13248.mp4, -1, -1, 48.28125
yfcc-batch17/13255.mp4, -1, -1, 49.36585365853661
yfcc-batch17/13256.mp4, -1, -1, 49.914285714285704
yfcc-batch17/13257.mp4, -1, -1, 41.2162162162162
yfcc-batch17/13258.mp4, -1, -1, 55.736842105263214
yfcc-batch17/13267.mp4, -1, -1, 38.8285714285714
yfcc-batch17/13269.mp4, -1, -1, 79.575
yfcc-batch17/13273.mp4, -1, -1, 38.4864864864865
yfcc-batch17/13274.mp4, -1, -1, 70.1111111111111
yfcc-batch17/13275.mp4, -1, -1, 48.0571428571429
yfcc-batch17/13285.mp4, -1, -1, 56.461538461538495
yfcc-batch17/13287.mp4, -1, -1, 66.0285714285714
yfcc-batch17/13297.mp4, -1, -1, 50.1388888888889
yfcc-batch17/13304.mp4, -1, -1, 54.28571428571429
yfcc-batch17/13306.mp4, -1, -1, 62.1621621621622
yfcc-batch17/13308.mp4, -1, -1, 62.84375
yfcc-batch17/13309.mp4, -1, -1, 72.25
yfcc-batch17/13310.mp4, -1, -1, 72.7567567567568
yfcc-batch17/13311.mp4, -1, -1, 74.9736842105263
yfcc-batch17/13317.mp4, -1, -1, 70.55555555555559
yfcc-batch17/13323.mp4, -1, -1, 56.11428571428571
yfcc-batch17/13325.mp4, -1, -1, 69.70270270270271
yfcc-batch17/13329.mp4, -1, -1, 64.4571428571429
yfcc-batch17/13338.mp4, -1, -1, 69.4444444444444
yfcc-batch17/13344.mp4, -1, -1, 34.5142857142857
yfcc-batch17/13345.mp4, -1, -1, 48.2702702702703
yfcc-batch17/13354.mp4, -1, -1, 50.9375
yfcc-batch17/13358.mp4, -1, -1, 76.32352941176471
yfcc-batch17/13360.mp4, -1, -1, 51.3333333333333
yfcc-batch17/13365.mp4, -1, -1, 66.85714285714289
yfcc-batch17/13367.mp4, -1, -1, 55.6216216216216
yfcc-batch17/13370.mp4, -1, -1, 52.914285714285704
yfcc-batch17/13382.mp4, -1, -1, 56.2727272727273
yfcc-batch17/13386.mp4, -1, -1, 71.53125
yfcc-batch17/13387.mp4, -1, -1, 67.9444444444444
yfcc-batch17/13390.mp4, -1, -1, 51.777777777777786
yfcc-batch17/13398.mp4, -1, -1, 57.1944444444444
yfcc-batch17/13400.mp4, -1, -1, 55.0571428571429
yfcc-batch17/13401.mp4, -1, -1, 44.1315789473684
yfcc-batch17/13403.mp4, -1, -1, 53.972972972973004
yfcc-batch17/13404.mp4, -1, -1, 69.05714285714289
yfcc-batch17/13408.mp4, -1, -1, 61.735294117647115
yfcc-batch17/13409.mp4, -1, -1, 55.777777777777786
yfcc-batch17/13414.mp4, -1, -1, 73.875
yfcc-batch17/13417.mp4, -1, -1, 55.4864864864865
yfcc-batch17/13420.mp4, -1, -1, 63.88571428571429
yfcc-batch17/13422.mp4, -1, -1, 77.2352941176471
yfcc-batch17/13423.mp4, -1, -1, 57.3783783783784
yfcc-batch17/13426.mp4, -1, -1, 64.56756756756761
yfcc-batch17/13431.mp4, -1, -1, 59.4571428571429
yfcc-batch17/13434.mp4, -1, -1, 62.8055555555556
yfcc-batch17/13438.mp4, -1, -1, 71.1621621621622
yfcc-batch17/13441.mp4, -1, -1, 60.11428571428571
yfcc-batch17/13444.mp4, -1, -1, 76.0277777777778
yfcc-batch17/13445.mp4, -1, -1, 81.054054054054
yfcc-batch17/13450.mp4, -1, -1, 44.0
yfcc-batch17/13453.mp4, -1, -1, 56.222222222222214
yfcc-batch17/13456.mp4, -1, -1, 49.3611111111111
yfcc-batch17/13459.mp4, -1, -1, 58.8918918918919
yfcc-batch17/13460.mp4, -1, -1, 46.135135135135094
yfcc-batch17/13464.mp4, -1, -1, 68.2
yfcc-batch17/13465.mp4, -1, -1, 45.25
yfcc-batch17/13468.mp4, -1, -1, 66.3636363636364
yfcc-batch17/13472.mp4, -1, -1, 59.3611111111111
yfcc-batch17/13474.mp4, -1, -1, 60.7105263157895
yfcc-batch17/13475.mp4, -1, -1, 51.6666666666667
yfcc-batch17/13479.mp4, -1, -1, 63.2424242424242
yfcc-batch18/14301.mp4, -1, -1, 63.6285714285714
yfcc-batch18/14304.mp4, -1, -1, 67.8378378378378
yfcc-batch18/14310.mp4, -1, -1, 78.2058823529412
yfcc-batch18/14314.mp4, -1, -1, 63.5294117647059
yfcc-batch18/14317.mp4, -1, -1, 63.70588235294121
yfcc-batch18/14319.mp4, -1, -1, 62.9714285714286
yfcc-batch18/14324.mp4, -1, -1, 48.5833333333333
yfcc-batch18/14325.mp4, -1, -1, 69.71428571428571
yfcc-batch18/14323.mp4, -1, -1, 75.1111111111111
yfcc-batch18/14326.mp4, -1, -1, 73.4848484848485
yfcc-batch18/14331.mp4, -1, -1, 63.1388888888889
yfcc-batch18/14332.mp4, -1, -1, 64.6666666666667
yfcc-batch18/14343.mp4, -1, -1, 65.3333333333333
yfcc-batch18/14344.mp4, -1, -1, 65.4705882352941
yfcc-batch18/14347.mp4, -1, -1, 57.81578947368421
yfcc-batch18/14354.mp4, -1, -1, 61.125
yfcc-batch18/14359.mp4, -1, -1, 61.675675675675706
yfcc-batch18/14362.mp4, -1, -1, 62.94117647058821
yfcc-batch18/14366.mp4, -1, -1, 64.8666666666667
yfcc-batch18/14375.mp4, -1, -1, 70.6111111111111
yfcc-batch18/14377.mp4, -1, -1, 60.5
yfcc-batch18/14383.mp4, -1, -1, 55.428571428571395
yfcc-batch18/14387.mp4, -1, -1, 58.5135135135135
yfcc-batch18/14394.mp4, -1, -1, 66.67647058823529
yfcc-batch18/14395.mp4, -1, -1, 62.1212121212121
yfcc-batch18/14406.mp4, -1, -1, 53.39473684210521
yfcc-batch18/14415.mp4, -1, -1, 50.027027027026996
yfcc-batch18/14417.mp4, -1, -1, 81.0
yfcc-batch18/14419.mp4, -1, -1, 66.8974358974359
yfcc-batch18/14425.mp4, -1, -1, 56.4705882352941
yfcc-batch18/14430.mp4, -1, -1, 49.0
yfcc-batch18/14435.mp4, -1, -1, 82.70270270270271
yfcc-batch18/14439.mp4, -1, -1, 53.864864864864906
yfcc-batch18/14442.mp4, -1, -1, 68.2
yfcc-batch18/14443.mp4, -1, -1, 63.657142857142894
yfcc-batch18/14444.mp4, -1, -1, 68.88571428571429
yfcc-batch18/14448.mp4, -1, -1, 52.5428571428571
yfcc-batch18/14449.mp4, -1, -1, 63.0
yfcc-batch18/14452.mp4, -1, -1, 70.0
yfcc-batch18/14458.mp4, -1, -1, 55.3055555555556
yfcc-batch18/14463.mp4, -1, -1, 66.14705882352939
yfcc-batch18/14465.mp4, -1, -1, 59.71428571428571
yfcc-batch18/14472.mp4, -1, -1, 69.08108108108111
yfcc-batch18/14483.mp4, -1, -1, 59.7027027027027
yfcc-batch18/14489.mp4, -1, -1, 69.7941176470588
yfcc-batch18/14494.mp4, -1, -1, 52.28571428571429
yfcc-batch18/14492.mp4, -1, -1, 49.7027027027027
yfcc-batch18/14506.mp4, -1, -1, 52.57142857142861
yfcc-batch18/14507.mp4, -1, -1, 64.5555555555556
yfcc-batch18/14510.mp4, -1, -1, 56.9705882352941
yfcc-batch18/14518.mp4, -1, -1, 59.32352941176471
yfcc-batch18/14523.mp4, -1, -1, 56.9354838709677
yfcc-batch18/14532.mp4, -1, -1, 61.5833333333333
yfcc-batch18/14533.mp4, -1, -1, 67.3333333333333
yfcc-batch18/14544.mp4, -1, -1, 42.07894736842111
yfcc-batch18/14545.mp4, -1, -1, 37.8285714285714
yfcc-batch18/14548.mp4, -1, -1, 57.0
yfcc-batch18/14549.mp4, -1, -1, 68.3636363636364
yfcc-batch18/14550.mp4, -1, -1, 67.945945945946
yfcc-batch18/14555.mp4, -1, -1, 64.3611111111111
yfcc-batch18/14557.mp4, -1, -1, 62.6285714285714
yfcc-batch18/14558.mp4, -1, -1, 62.8055555555556
yfcc-batch18/14569.mp4, -1, -1, 64.1111111111111
yfcc-batch18/14573.mp4, -1, -1, 55.085714285714296
yfcc-batch18/14574.mp4, -1, -1, 68.41176470588239
yfcc-batch18/14576.mp4, -1, -1, 72.4594594594595
yfcc-batch18/14583.mp4, -1, -1, 68.8611111111111
yfcc-batch18/14588.mp4, -1, -1, 71.3142857142857
yfcc-batch18/14589.mp4, -1, -1, 63.5428571428571
yfcc-batch18/14590.mp4, -1, -1, 62.4166666666667
yfcc-batch18/14592.mp4, -1, -1, 68.6578947368421
yfcc-batch18/14598.mp4, -1, -1, 44.684210526315795
yfcc-batch18/14607.mp4, -1, -1, 67.5
yfcc-batch18/14623.mp4, -1, -1, 64.8055555555556
yfcc-batch18/14628.mp4, -1, -1, 57.914285714285704
yfcc-batch18/14629.mp4, -1, -1, 64.5428571428571
yfcc-batch18/14630.mp4, -1, -1, 66.3142857142857
yfcc-batch18/14631.mp4, -1, -1, 49.0
yfcc-batch18/14638.mp4, -1, -1, 54.11428571428571
yfcc-batch18/14641.mp4, -1, -1, 70.2352941176471
yfcc-batch18/14646.mp4, -1, -1, 69.3888888888889
yfcc-batch18/14648.mp4, -1, -1, 67.08571428571429
yfcc-batch18/14651.mp4, -1, -1, 72.32352941176471
yfcc-batch18/14664.mp4, -1, -1, 55.257142857142895
yfcc-batch18/14663.mp4, -1, -1, 49.0810810810811
yfcc-batch18/14665.mp4, -1, -1, 66.94285714285711
yfcc-batch18/14669.mp4, -1, -1, 65.5405405405405
yfcc-batch18/14670.mp4, -1, -1, 56.0
yfcc-batch18/14685.mp4, -1, -1, 62.1111111111111
yfcc-batch18/14687.mp4, -1, -1, 56.527777777777786
yfcc-batch18/14691.mp4, -1, -1, 70.54285714285709
yfcc-batch18/14696.mp4, -1, -1, 64.7297297297297
yfcc-batch18/14697.mp4, -1, -1, 62.5555555555556
yfcc-batch18/14699.mp4, -1, -1, 64.2222222222222
yfcc-batch18/14700.mp4, -1, -1, 69.9090909090909
yfcc-batch18/14706.mp4, -1, -1, 56.5833333333333
yfcc-batch18/14707.mp4, -1, -1, 69.3428571428571
yfcc-batch18/14709.mp4, -1, -1, 51.3714285714286
yfcc-batch18/14710.mp4, -1, -1, 55.264705882352885
yfcc-batch18/14715.mp4, -1, -1, 43.1470588235294
yfcc-batch18/14717.mp4, -1, -1, 41.675675675675706
yfcc-batch18/14719.mp4, -1, -1, 65.8
yfcc-batch18/14722.mp4, -1, -1, 60.6111111111111
yfcc-batch18/14725.mp4, -1, -1, 62.23076923076921
yfcc-batch18/14729.mp4, -1, -1, 60.03125
yfcc-batch18/14730.mp4, -1, -1, 57.94117647058821
yfcc-batch18/14733.mp4, -1, -1, 63.9354838709677
yfcc-batch18/14734.mp4, -1, -1, 52.56410256410261
yfcc-batch18/14736.mp4, -1, -1, 75.11428571428571
yfcc-batch18/14742.mp4, -1, -1, 62.0540540540541
yfcc-batch18/14747.mp4, -1, -1, 37.7647058823529
yfcc-batch18/14752.mp4, -1, -1, 71.60526315789471
yfcc-batch18/14758.mp4, -1, -1, 65.8918918918919
yfcc-batch18/14759.mp4, -1, -1, 50.236842105263214
yfcc-batch18/13941.mp4, -1, -1, 64.7428571428572
yfcc-batch18/13944.mp4, -1, -1, 68.6388888888889
yfcc-batch18/13952.mp4, -1, -1, 59.74285714285711
yfcc-batch18/13957.mp4, -1, -1, 57.1111111111111
yfcc-batch18/13960.mp4, -1, -1, 70.82857142857141
yfcc-batch18/13961.mp4, -1, -1, 54.9230769230769
yfcc-batch18/13966.mp4, -1, -1, 54.1315789473684
yfcc-batch18/13971.mp4, -1, -1, 49.485714285714295
yfcc-batch18/13973.mp4, -1, -1, 62.657142857142894
yfcc-batch18/13986.mp4, -1, -1, 56.5294117647059
yfcc-batch18/13989.mp4, -1, -1, 62.1621621621622
yfcc-batch18/13992.mp4, -1, -1, 65.0
yfcc-batch18/13993.mp4, -1, -1, 67.6857142857143
yfcc-batch18/13994.mp4, -1, -1, 58.8888888888889
yfcc-batch18/13996.mp4, -1, -1, 65.9333333333333
yfcc-batch18/14003.mp4, -1, -1, 59.151515151515206
yfcc-batch18/14009.mp4, -1, -1, 56.40625
yfcc-batch18/14018.mp4, -1, -1, 70.55263157894741
yfcc-batch18/14019.mp4, -1, -1, 70.58064516129029
yfcc-batch18/14024.mp4, -1, -1, 65.62857142857139
yfcc-batch18/14023.mp4, -1, -1, 51.32352941176471
yfcc-batch18/14027.mp4, -1, -1, 59.11428571428571
yfcc-batch18/14033.mp4, -1, -1, 47.2105263157895
yfcc-batch18/14040.mp4, -1, -1, 75.8181818181818
yfcc-batch18/14041.mp4, -1, -1, 56.82352941176471
yfcc-batch18/14050.mp4, -1, -1, 54.0571428571429
yfcc-batch18/14048.mp4, -1, -1, 60.6666666666667
yfcc-batch18/14054.mp4, -1, -1, 72.0833333333333
yfcc-batch18/14059.mp4, -1, -1, 60.1388888888889
yfcc-batch18/14071.mp4, -1, -1, 63.0294117647059
yfcc-batch18/14080.mp4, -1, -1, 42.6857142857143
yfcc-batch18/14085.mp4, -1, -1, 61.027777777777786
yfcc-batch18/14090.mp4, -1, -1, 59.81578947368421
yfcc-batch18/14091.mp4, -1, -1, 59.9090909090909
yfcc-batch18/14098.mp4, -1, -1, 63.5
yfcc-batch18/14101.mp4, -1, -1, 62.75
yfcc-batch18/14104.mp4, -1, -1, 69.7941176470588
yfcc-batch18/14107.mp4, -1, -1, 69.28571428571429
yfcc-batch18/14112.mp4, -1, -1, 66.5588235294118
yfcc-batch18/14116.mp4, -1, -1, 49.5428571428571
yfcc-batch18/14120.mp4, -1, -1, 58.527777777777786
yfcc-batch18/14129.mp4, -1, -1, 45.3888888888889
yfcc-batch18/14132.mp4, -1, -1, 66.4594594594595
yfcc-batch18/14134.mp4, -1, -1, 70.88571428571429
yfcc-batch18/14143.mp4, -1, -1, 72.6176470588236
yfcc-batch18/14142.mp4, -1, -1, 61.88571428571429
yfcc-batch18/14153.mp4, -1, -1, 63.57142857142861
yfcc-batch18/14155.mp4, -1, -1, 76.6
yfcc-batch18/14156.mp4, -1, -1, 58.3783783783784
yfcc-batch18/14159.mp4, -1, -1, 61.17142857142861
yfcc-batch18/14171.mp4, -1, -1, 52.514285714285705
yfcc-batch18/14174.mp4, -1, -1, 66.84848484848479
yfcc-batch18/14175.mp4, -1, -1, 55.0
yfcc-batch18/14180.mp4, -1, -1, 44.4473684210526
yfcc-batch18/14179.mp4, -1, -1, 59.8529411764706
yfcc-batch18/14185.mp4, -1, -1, 65.5
yfcc-batch18/14186.mp4, -1, -1, 56.1388888888889
yfcc-batch18/14188.mp4, -1, -1, 70.3684210526316
yfcc-batch18/14192.mp4, -1, -1, 67.8648648648649
yfcc-batch18/14199.mp4, -1, -1, 53.0
yfcc-batch18/14201.mp4, -1, -1, 64.8285714285714
yfcc-batch18/14202.mp4, -1, -1, 71.71428571428571
yfcc-batch18/14212.mp4, -1, -1, 64.62857142857139
yfcc-batch18/14217.mp4, -1, -1, 64.3684210526316
yfcc-batch18/14222.mp4, -1, -1, 72.6388888888889
yfcc-batch18/14225.mp4, -1, -1, 65.4857142857143
yfcc-batch18/14231.mp4, -1, -1, 61.34285714285711
yfcc-batch18/14237.mp4, -1, -1, 60.70588235294121
yfcc-batch18/14240.mp4, -1, -1, 53.9473684210526
yfcc-batch18/14249.mp4, -1, -1, 67.2352941176471
yfcc-batch18/14250.mp4, -1, -1, 51.722222222222214
yfcc-batch18/14259.mp4, -1, -1, 55.222222222222214
yfcc-batch18/14264.mp4, -1, -1, 65.1111111111111
yfcc-batch18/14266.mp4, -1, -1, 70.6571428571429
yfcc-batch18/14278.mp4, -1, -1, 65.70270270270271
yfcc-batch18/14281.mp4, -1, -1, 68.11428571428571
yfcc-batch18/14285.mp4, -1, -1, 56.8611111111111
yfcc-batch18/14284.mp4, -1, -1, 53.6470588235294
yfcc-batch18/14286.mp4, -1, -1, 62.5294117647059
yfcc-batch18/14294.mp4, -1, -1, 63.4705882352941
yfcc-batch19/15116.mp4, -1, -1, 61.74285714285711
yfcc-batch19/15119.mp4, -1, -1, 65.6875
yfcc-batch19/15120.mp4, -1, -1, 73.0571428571429
yfcc-batch19/15125.mp4, -1, -1, 46.4571428571429
yfcc-batch19/15126.mp4, -1, -1, 36.0
yfcc-batch19/15130.mp4, -1, -1, 75.62162162162159
yfcc-batch19/15131.mp4, -1, -1, 75.29729729729729
yfcc-batch19/15134.mp4, -1, -1, 69.7575757575758
yfcc-batch19/15133.mp4, -1, -1, 60.736842105263214
yfcc-batch19/15135.mp4, -1, -1, 62.085714285714296
yfcc-batch19/15137.mp4, -1, -1, 69.9705882352941
yfcc-batch19/15141.mp4, -1, -1, 41.4285714285714
yfcc-batch19/15170.mp4, -1, -1, 65.4571428571429
yfcc-batch19/15171.mp4, -1, -1, 62.736842105263214
yfcc-batch19/15172.mp4, -1, -1, 61.59375
yfcc-batch19/15174.mp4, -1, -1, 38.56666666666671
yfcc-batch19/15175.mp4, -1, -1, 67.1944444444444
yfcc-batch19/15177.mp4, -1, -1, 74.3428571428571
yfcc-batch19/15181.mp4, -1, -1, 62.4166666666667
yfcc-batch19/15184.mp4, -1, -1, 67.57575757575759
yfcc-batch19/15182.mp4, -1, -1, 77.1081081081081
yfcc-batch19/15189.mp4, -1, -1, 60.212121212121204
yfcc-batch19/15191.mp4, -1, -1, 60.921052631579
yfcc-batch19/15193.mp4, -1, -1, 65.8918918918919
yfcc-batch19/15200.mp4, -1, -1, 37.7714285714286
yfcc-batch19/15203.mp4, -1, -1, 64.91428571428571
yfcc-batch19/15206.mp4, -1, -1, 69.1578947368421
yfcc-batch19/15207.mp4, -1, -1, 68.0285714285714
yfcc-batch19/15210.mp4, -1, -1, 70.5151515151515
yfcc-batch19/15226.mp4, -1, -1, 67.3823529411765
yfcc-batch19/15228.mp4, -1, -1, 68.11428571428571
yfcc-batch19/15233.mp4, -1, -1, 61.972222222222214
yfcc-batch19/15246.mp4, -1, -1, 56.0833333333333
yfcc-batch19/15248.mp4, -1, -1, 82.6571428571429
yfcc-batch19/15250.mp4, -1, -1, 68.37142857142861
yfcc-batch19/15258.mp4, -1, -1, 62.0
yfcc-batch19/15259.mp4, -1, -1, 64.1351351351351
yfcc-batch19/15263.mp4, -1, -1, 62.75
yfcc-batch19/15271.mp4, -1, -1, 61.0833333333333
yfcc-batch19/15273.mp4, -1, -1, 74.41025641025641
yfcc-batch19/15279.mp4, -1, -1, 61.11428571428571
yfcc-batch19/15278.mp4, -1, -1, 69.4864864864865
yfcc-batch19/15281.mp4, -1, -1, 71.2352941176471
yfcc-batch19/15294.mp4, -1, -1, 63.9333333333333
yfcc-batch19/15301.mp4, -1, -1, 44.88571428571429
yfcc-batch19/15302.mp4, -1, -1, 72.37837837837841
yfcc-batch19/15303.mp4, -1, -1, 65.1842105263158
yfcc-batch19/15307.mp4, -1, -1, 65.7647058823529
yfcc-batch19/15309.mp4, -1, -1, 64.8611111111111
yfcc-batch19/15314.mp4, -1, -1, 58.787878787878796
yfcc-batch19/15317.mp4, -1, -1, 67.4210526315789
yfcc-batch19/15328.mp4, -1, -1, 54.34285714285711
yfcc-batch19/15329.mp4, -1, -1, 39.4705882352941
yfcc-batch19/15331.mp4, -1, -1, 70.4848484848485
yfcc-batch19/15332.mp4, -1, -1, 49.8888888888889
yfcc-batch19/15337.mp4, -1, -1, 67.8611111111111
yfcc-batch19/15338.mp4, -1, -1, 59.39473684210521
yfcc-batch19/15339.mp4, -1, -1, 75.30555555555559
yfcc-batch19/15343.mp4, -1, -1, 56.7714285714286
yfcc-batch19/15346.mp4, -1, -1, 67.972972972973
yfcc-batch19/15349.mp4, -1, -1, 64.4166666666667
yfcc-batch19/15353.mp4, -1, -1, 68.9473684210526
yfcc-batch19/15357.mp4, -1, -1, 67.5555555555556
yfcc-batch19/15361.mp4, -1, -1, 68.6486486486487
yfcc-batch19/15370.mp4, -1, -1, 56.29411764705879
yfcc-batch19/15368.mp4, -1, -1, 54.67647058823529
yfcc-batch19/15371.mp4, -1, -1, 53.3529411764706
yfcc-batch19/15374.mp4, -1, -1, 44.948717948718006
yfcc-batch19/15379.mp4, -1, -1, 42.7027027027027
yfcc-batch19/15380.mp4, -1, -1, 70.8918918918919
yfcc-batch19/15384.mp4, -1, -1, 55.1428571428571
yfcc-batch19/15388.mp4, -1, -1, 54.28571428571429
yfcc-batch19/15393.mp4, -1, -1, 59.8
yfcc-batch19/15394.mp4, -1, -1, 72.5142857142857
yfcc-batch19/15396.mp4, -1, -1, 64.0294117647059
yfcc-batch19/15402.mp4, -1, -1, 50.58064516129029
yfcc-batch19/15413.mp4, -1, -1, 69.8888888888889
yfcc-batch19/15414.mp4, -1, -1, 48.6388888888889
yfcc-batch19/15419.mp4, -1, -1, 42.9428571428571
yfcc-batch19/15418.mp4, -1, -1, 55.459459459459495
yfcc-batch19/15420.mp4, -1, -1, 70.8
yfcc-batch19/15423.mp4, -1, -1, 73.7575757575758
yfcc-batch19/15424.mp4, -1, -1, 68.29729729729729
yfcc-batch19/15427.mp4, -1, -1, 58.5666666666667
yfcc-batch19/15445.mp4, -1, -1, 74.4285714285714
yfcc-batch19/15447.mp4, -1, -1, 76.4516129032258
yfcc-batch19/15449.mp4, -1, -1, 58.222222222222214
yfcc-batch19/15459.mp4, -1, -1, 68.91428571428571
yfcc-batch19/15462.mp4, -1, -1, 60.1818181818182
yfcc-batch19/15463.mp4, -1, -1, 56.2424242424242
yfcc-batch19/15464.mp4, -1, -1, 46.1612903225807
yfcc-batch19/15473.mp4, -1, -1, 67.1290322580645
yfcc-batch19/15481.mp4, -1, -1, 64.3823529411765
yfcc-batch19/15486.mp4, -1, -1, 62.810810810810786
yfcc-batch19/15488.mp4, -1, -1, 56.17142857142861
yfcc-batch19/15493.mp4, -1, -1, 42.514285714285705
yfcc-batch19/15498.mp4, -1, -1, 69.7941176470588
yfcc-batch19/15499.mp4, -1, -1, 64.1111111111111
yfcc-batch19/15508.mp4, -1, -1, 58.485714285714295
yfcc-batch19/15509.mp4, -1, -1, 73.5
yfcc-batch19/15515.mp4, -1, -1, 62.722222222222214
yfcc-batch19/15519.mp4, -1, -1, 46.0555555555556
yfcc-batch19/15524.mp4, -1, -1, 60.75
yfcc-batch19/15527.mp4, -1, -1, 56.1666666666667
yfcc-batch19/15532.mp4, -1, -1, 54.6216216216216
yfcc-batch19/15544.mp4, -1, -1, 60.387096774193495
yfcc-batch19/15546.mp4, -1, -1, 69.64705882352939
yfcc-batch19/15548.mp4, -1, -1, 59.9714285714286
yfcc-batch19/15549.mp4, -1, -1, 68.3125
yfcc-batch19/15551.mp4, -1, -1, 57.4705882352941
yfcc-batch19/15556.mp4, -1, -1, 54.25
yfcc-batch19/15557.mp4, -1, -1, 69.1
yfcc-batch19/15562.mp4, -1, -1, 50.40625
yfcc-batch19/15566.mp4, -1, -1, 55.8611111111111
yfcc-batch19/15569.mp4, -1, -1, 71.60526315789471
yfcc-batch19/15573.mp4, -1, -1, 48.94117647058821
yfcc-batch19/15579.mp4, -1, -1, 82.3823529411765
yfcc-batch19/14764.mp4, -1, -1, 52.878048780487795
yfcc-batch19/14767.mp4, -1, -1, 53.1351351351352
yfcc-batch19/14768.mp4, -1, -1, 46.9428571428571
yfcc-batch19/14771.mp4, -1, -1, 67.5
yfcc-batch19/14776.mp4, -1, -1, 59.212121212121204
yfcc-batch19/14780.mp4, -1, -1, 57.74285714285711
yfcc-batch19/14782.mp4, -1, -1, 53.6
yfcc-batch19/14784.mp4, -1, -1, 61.82352941176471
yfcc-batch19/14783.mp4, -1, -1, 58.7666666666667
yfcc-batch19/14788.mp4, -1, -1, 35.3823529411765
yfcc-batch19/15282.mp4, -1, -1, 44.5555555555556
yfcc-batch19/15304.mp4, -1, -1, 42.969696969697
yfcc-batch19/15360.mp4, -1, -1, 58.6666666666667
yfcc-batch19/14797.mp4, -1, -1, 69.8888888888889
yfcc-batch19/14798.mp4, -1, -1, 52.0540540540541
yfcc-batch19/14799.mp4, -1, -1, 58.3611111111111
yfcc-batch19/14806.mp4, -1, -1, 67.14285714285711
yfcc-batch19/14809.mp4, -1, -1, 55.88571428571429
yfcc-batch19/14816.mp4, -1, -1, 76.8
yfcc-batch19/14821.mp4, -1, -1, 61.4848484848485
yfcc-batch19/14827.mp4, -1, -1, 59.4375
yfcc-batch19/14825.mp4, -1, -1, 74.8717948717949
yfcc-batch19/14828.mp4, -1, -1, 58.0882352941177
yfcc-batch19/14831.mp4, -1, -1, 53.0810810810811
yfcc-batch19/14843.mp4, -1, -1, 67.15625
yfcc-batch19/14848.mp4, -1, -1, 64.0909090909091
yfcc-batch19/14850.mp4, -1, -1, 65.7297297297297
yfcc-batch19/14853.mp4, -1, -1, 60.6486486486487
yfcc-batch19/14854.mp4, -1, -1, 80.2121212121212
yfcc-batch19/14855.mp4, -1, -1, 67.5945945945946
yfcc-batch19/14858.mp4, -1, -1, 57.1428571428571
yfcc-batch19/14860.mp4, -1, -1, 64.0
yfcc-batch19/14878.mp4, -1, -1, 61.6944444444444
yfcc-batch19/14883.mp4, -1, -1, 62.94117647058821
yfcc-batch19/14887.mp4, -1, -1, 16.4375
yfcc-batch19/14899.mp4, -1, -1, 52.3333333333333
yfcc-batch19/14902.mp4, -1, -1, 61.31428571428571
yfcc-batch19/14909.mp4, -1, -1, 64.37142857142861
yfcc-batch19/14912.mp4, -1, -1, 59.0
yfcc-batch19/14921.mp4, -1, -1, 42.8181818181818
yfcc-batch19/14923.mp4, -1, -1, 69.42424242424241
yfcc-batch19/14935.mp4, -1, -1, 58.3684210526316
yfcc-batch19/14943.mp4, -1, -1, 53.0
yfcc-batch19/14945.mp4, -1, -1, 53.2
yfcc-batch19/14950.mp4, -1, -1, 48.9166666666667
yfcc-batch19/14948.mp4, -1, -1, 69.9722222222222
yfcc-batch19/14949.mp4, -1, -1, 74.375
yfcc-batch19/14951.mp4, -1, -1, 66.5
yfcc-batch19/14954.mp4, -1, -1, 68.2727272727273
yfcc-batch19/14960.mp4, -1, -1, 52.8684210526316
yfcc-batch19/14964.mp4, -1, -1, 72.5833333333333
yfcc-batch19/14965.mp4, -1, -1, 59.675675675675706
yfcc-batch19/14967.mp4, -1, -1, 66.1621621621622
yfcc-batch19/14973.mp4, -1, -1, 71.2
yfcc-batch19/14977.mp4, -1, -1, 60.3939393939394
yfcc-batch19/14980.mp4, -1, -1, 44.67647058823529
yfcc-batch19/14983.mp4, -1, -1, 66.2941176470588
yfcc-batch19/14995.mp4, -1, -1, 75.8888888888889
yfcc-batch19/15002.mp4, -1, -1, 77.30555555555559
yfcc-batch19/15005.mp4, -1, -1, 72.32352941176471
yfcc-batch19/15006.mp4, -1, -1, 40.1428571428571
yfcc-batch19/15012.mp4, -1, -1, 70.8
yfcc-batch19/15013.mp4, -1, -1, 66.4705882352941
yfcc-batch19/15014.mp4, -1, -1, 65.5666666666667
yfcc-batch19/15022.mp4, -1, -1, 55.2162162162162
yfcc-batch19/15023.mp4, -1, -1, 35.0645161290323
yfcc-batch19/15024.mp4, -1, -1, 83.17142857142859
yfcc-batch19/15025.mp4, -1, -1, 66.8888888888889
yfcc-batch19/15038.mp4, -1, -1, 45.8055555555556
yfcc-batch19/15040.mp4, -1, -1, 79.42424242424241
yfcc-batch19/15039.mp4, -1, -1, 61.03125
yfcc-batch19/15042.mp4, -1, -1, 58.20588235294121
yfcc-batch19/15043.mp4, -1, -1, 66.1351351351351
yfcc-batch19/15044.mp4, -1, -1, 71.05555555555559
yfcc-batch19/15045.mp4, -1, -1, 64.6216216216216
yfcc-batch19/15048.mp4, -1, -1, 61.0
yfcc-batch19/15052.mp4, -1, -1, 67.3142857142857
yfcc-batch19/15054.mp4, -1, -1, 66.5454545454545
yfcc-batch19/15056.mp4, -1, -1, 72.3611111111111
yfcc-batch19/15058.mp4, -1, -1, 53.236842105263214
yfcc-batch19/15063.mp4, -1, -1, 68.0789473684211
yfcc-batch19/15071.mp4, -1, -1, 57.459459459459495
yfcc-batch19/15073.mp4, -1, -1, 73.5
yfcc-batch19/15077.mp4, -1, -1, 64.5526315789474
yfcc-batch19/15079.mp4, -1, -1, 66.6774193548387
yfcc-batch19/15084.mp4, -1, -1, 71.6486486486487
yfcc-batch19/15085.mp4, -1, -1, 64.1666666666667
yfcc-batch19/15089.mp4, -1, -1, 69.0294117647059
yfcc-batch19/15094.mp4, -1, -1, 45.25
yfcc-batch19/15097.mp4, -1, -1, 48.914285714285704
yfcc-batch19/15100.mp4, -1, -1, 54.5428571428571
yfcc-batch19/15103.mp4, -1, -1, 58.9189189189189
yfcc-batch19/15104.mp4, -1, -1, 52.1818181818182
yfcc-batch19/15105.mp4, -1, -1, 58.8529411764706
yfcc-batch19/15107.mp4, -1, -1, 58.5
yfcc-batch19/15111.mp4, -1, -1, 51.485714285714295
yfcc-batch19/15112.mp4, -1, -1, 70.5625
yfcc-batch19/15114.mp4, -1, -1, 57.5
yfcc-batch19/15115.mp4, -1, -1, 54.0555555555556
yfcc-batch20/15950.mp4, -1, -1, 70.3888888888889
yfcc-batch20/15954.mp4, -1, -1, 52.763157894736786
yfcc-batch20/15970.mp4, -1, -1, 61.1944444444444
yfcc-batch20/15972.mp4, -1, -1, 39.6666666666667
yfcc-batch20/15976.mp4, -1, -1, 57.1428571428571
yfcc-batch20/15977.mp4, -1, -1, 75.3846153846154
yfcc-batch20/15979.mp4, -1, -1, 54.8333333333333
yfcc-batch20/15980.mp4, -1, -1, 61.6666666666667
yfcc-batch20/15982.mp4, -1, -1, 69.8888888888889
yfcc-batch20/15983.mp4, -1, -1, 63.725
yfcc-batch20/15984.mp4, -1, -1, 64.027027027027
yfcc-batch20/15992.mp4, -1, -1, 59.9459459459459
yfcc-batch20/15991.mp4, -1, -1, 57.7894736842105
yfcc-batch20/16000.mp4, -1, -1, 63.5
yfcc-batch20/15999.mp4, -1, -1, 66.4594594594595
yfcc-batch20/16010.mp4, -1, -1, 48.540540540540505
yfcc-batch20/16032.mp4, -1, -1, 37.131578947368396
yfcc-batch20/16031.mp4, -1, -1, 72.54285714285709
yfcc-batch20/16033.mp4, -1, -1, 62.3783783783784
yfcc-batch20/16034.mp4, -1, -1, 62.472222222222214
yfcc-batch20/16038.mp4, -1, -1, 69.32352941176471
yfcc-batch20/16040.mp4, -1, -1, 58.6216216216216
yfcc-batch20/16043.mp4, -1, -1, 65.2058823529412
yfcc-batch20/16050.mp4, -1, -1, 69.37142857142861
yfcc-batch20/16057.mp4, -1, -1, 64.6486486486487
yfcc-batch20/16059.mp4, -1, -1, 54.3846153846154
yfcc-batch20/16061.mp4, -1, -1, 61.157894736842096
yfcc-batch20/16066.mp4, -1, -1, 58.4473684210526
yfcc-batch20/16072.mp4, -1, -1, 40.27777777777779
yfcc-batch20/16086.mp4, -1, -1, 68.08571428571429
yfcc-batch20/16093.mp4, -1, -1, 46.70588235294121
yfcc-batch20/16095.mp4, -1, -1, 65.6111111111111
yfcc-batch20/16108.mp4, -1, -1, 61.2162162162162
yfcc-batch20/16107.mp4, -1, -1, 74.4722222222222
yfcc-batch20/16114.mp4, -1, -1, 69.3888888888889
yfcc-batch20/16117.mp4, -1, -1, 78.945945945946
yfcc-batch20/16123.mp4, -1, -1, 82.0
yfcc-batch20/16126.mp4, -1, -1, 51.39473684210521
yfcc-batch20/16127.mp4, -1, -1, 71.525
yfcc-batch20/16134.mp4, -1, -1, 67.5135135135135
yfcc-batch20/16136.mp4, -1, -1, 62.5789473684211
yfcc-batch20/16140.mp4, -1, -1, 66.9714285714286
yfcc-batch20/16151.mp4, -1, -1, 78.6571428571429
yfcc-batch20/16153.mp4, -1, -1, 46.871794871794904
yfcc-batch20/16156.mp4, -1, -1, 51.3333333333333
yfcc-batch20/16163.mp4, -1, -1, 66.2571428571429
yfcc-batch20/16167.mp4, -1, -1, 66.10526315789471
yfcc-batch20/16179.mp4, -1, -1, 62.324324324324294
yfcc-batch20/16181.mp4, -1, -1, 55.2972972972973
yfcc-batch20/16185.mp4, -1, -1, 56.24324324324329
yfcc-batch20/16190.mp4, -1, -1, 72.9428571428571
yfcc-batch20/16198.mp4, -1, -1, 60.394736842105296
yfcc-batch20/16203.mp4, -1, -1, 78.25
yfcc-batch20/16206.mp4, -1, -1, 67.3142857142857
yfcc-batch20/16208.mp4, -1, -1, 63.5428571428571
yfcc-batch20/16219.mp4, -1, -1, 53.526315789473706
yfcc-batch20/16220.mp4, -1, -1, 40.4166666666667
yfcc-batch20/16231.mp4, -1, -1, 65.81081081081078
yfcc-batch20/16236.mp4, -1, -1, 70.4615384615385
yfcc-batch20/16238.mp4, -1, -1, 72.7837837837838
yfcc-batch20/16240.mp4, -1, -1, 63.459459459459495
yfcc-batch20/16241.mp4, -1, -1, 69.6153846153846
yfcc-batch20/16254.mp4, -1, -1, 49.405405405405396
yfcc-batch20/16256.mp4, -1, -1, 64.7948717948718
yfcc-batch20/16258.mp4, -1, -1, 54.777777777777786
yfcc-batch20/16263.mp4, -1, -1, 75.2702702702703
yfcc-batch20/16266.mp4, -1, -1, 63.9473684210526
yfcc-batch20/16267.mp4, -1, -1, 64.0277777777778
yfcc-batch20/16268.mp4, -1, -1, 69.8918918918919
yfcc-batch20/16271.mp4, -1, -1, 44.9142857142857
yfcc-batch20/16287.mp4, -1, -1, 58.6388888888889
yfcc-batch20/16288.mp4, -1, -1, 49.972972972973004
yfcc-batch20/16292.mp4, -1, -1, 70.6
yfcc-batch20/16293.mp4, -1, -1, 54.777777777777786
yfcc-batch20/16294.mp4, -1, -1, 83.8823529411765
yfcc-batch20/16303.mp4, -1, -1, 45.5789473684211
yfcc-batch20/16316.mp4, -1, -1, 54.0540540540541
yfcc-batch20/16322.mp4, -1, -1, 73.7777777777778
yfcc-batch20/16326.mp4, -1, -1, 64.8055555555556
yfcc-batch20/16337.mp4, -1, -1, 58.921052631579
yfcc-batch20/16340.mp4, -1, -1, 57.684210526315795
yfcc-batch20/16342.mp4, -1, -1, 66.5135135135135
yfcc-batch20/16350.mp4, -1, -1, 48.28571428571429
yfcc-batch20/16351.mp4, -1, -1, 74.0277777777778
yfcc-batch20/16354.mp4, -1, -1, 73.8378378378378
yfcc-batch20/16355.mp4, -1, -1, 60.5428571428571
yfcc-batch20/16356.mp4, -1, -1, 64.5714285714286
yfcc-batch20/16357.mp4, -1, -1, 69.7631578947369
yfcc-batch20/16359.mp4, -1, -1, 42.1388888888889
yfcc-batch20/16360.mp4, -1, -1, 44.0540540540541
yfcc-batch20/16364.mp4, -1, -1, 61.763157894736786
yfcc-batch20/16366.mp4, -1, -1, 66.4864864864865
yfcc-batch20/16379.mp4, -1, -1, 65.1714285714286
yfcc-batch20/16382.mp4, -1, -1, 60.4473684210526
yfcc-batch20/16398.mp4, -1, -1, 50.974358974359
yfcc-batch20/16397.mp4, -1, -1, 60.7105263157895
yfcc-batch20/16400.mp4, -1, -1, 50.3939393939394
yfcc-batch20/15770.mp4, -1, -1, 71.5714285714286
yfcc-batch20/15584.mp4, -1, -1, 72.81081081081079
yfcc-batch20/15585.mp4, -1, -1, 67.56756756756761
yfcc-batch20/15586.mp4, -1, -1, 61.11428571428571
yfcc-batch20/15587.mp4, -1, -1, 50.972972972973004
yfcc-batch20/15589.mp4, -1, -1, 62.31578947368421
yfcc-batch20/15597.mp4, -1, -1, 65.8333333333333
yfcc-batch20/15599.mp4, -1, -1, 63.472222222222214
yfcc-batch20/15600.mp4, -1, -1, 44.0810810810811
yfcc-batch20/15607.mp4, -1, -1, 52.189189189189214
yfcc-batch20/15608.mp4, -1, -1, 72.6666666666667
yfcc-batch20/15611.mp4, -1, -1, 61.526315789473706
yfcc-batch20/15613.mp4, -1, -1, 55.10526315789479
yfcc-batch20/15615.mp4, -1, -1, 61.0789473684211
yfcc-batch20/15625.mp4, -1, -1, 65.4705882352941
yfcc-batch20/15627.mp4, -1, -1, 70.6111111111111
yfcc-batch20/15629.mp4, -1, -1, 73.70270270270271
yfcc-batch20/15631.mp4, -1, -1, 61.722222222222214
yfcc-batch20/15640.mp4, -1, -1, 69.0
yfcc-batch20/15643.mp4, -1, -1, 53.527777777777786
yfcc-batch20/15645.mp4, -1, -1, 72.8571428571429
yfcc-batch20/15649.mp4, -1, -1, 70.1538461538462
yfcc-batch20/15652.mp4, -1, -1, 66.1818181818182
yfcc-batch20/15655.mp4, -1, -1, 72.1470588235294
yfcc-batch20/15661.mp4, -1, -1, 37.4166666666667
yfcc-batch20/15662.mp4, -1, -1, 65.97435897435899
yfcc-batch20/15665.mp4, -1, -1, 80.32352941176471
yfcc-batch20/15664.mp4, -1, -1, 56.82857142857139
yfcc-batch20/15666.mp4, -1, -1, 60.8684210526316
yfcc-batch20/15668.mp4, -1, -1, 69.62857142857139
yfcc-batch20/15675.mp4, -1, -1, 61.3611111111111
yfcc-batch20/15679.mp4, -1, -1, 63.60526315789479
yfcc-batch20/15681.mp4, -1, -1, 71.1176470588236
yfcc-batch20/15685.mp4, -1, -1, 69.1944444444444
yfcc-batch20/15693.mp4, -1, -1, 56.63636363636361
yfcc-batch20/15700.mp4, -1, -1, 62.972222222222214
yfcc-batch20/15706.mp4, -1, -1, 50.7837837837838
yfcc-batch20/15711.mp4, -1, -1, 55.0810810810811
yfcc-batch20/15720.mp4, -1, -1, 51.405405405405396
yfcc-batch20/15729.mp4, -1, -1, 61.32352941176471
yfcc-batch20/15731.mp4, -1, -1, 55.30952380952379
yfcc-batch20/15736.mp4, -1, -1, 56.972222222222214
yfcc-batch20/15737.mp4, -1, -1, 34.0555555555556
yfcc-batch20/15747.mp4, -1, -1, 58.4117647058824
yfcc-batch20/15752.mp4, -1, -1, 57.394736842105296
yfcc-batch20/15756.mp4, -1, -1, 60.43243243243239
yfcc-batch20/15763.mp4, -1, -1, 69.0882352941177
yfcc-batch20/15773.mp4, -1, -1, 75.2222222222222
yfcc-batch20/15775.mp4, -1, -1, 55.25
yfcc-batch20/15783.mp4, -1, -1, 62.6666666666667
yfcc-batch20/15785.mp4, -1, -1, 51.184210526315795
yfcc-batch20/15791.mp4, -1, -1, 53.324324324324294
yfcc-batch20/15790.mp4, -1, -1, 55.65853658536589
yfcc-batch20/15792.mp4, -1, -1, 64.7428571428572
yfcc-batch20/15795.mp4, -1, -1, 57.11428571428571
yfcc-batch20/15796.mp4, -1, -1, 68.0
yfcc-batch20/15797.mp4, -1, -1, 53.9473684210526
yfcc-batch20/15801.mp4, -1, -1, 52.657894736842096
yfcc-batch20/15804.mp4, -1, -1, 63.1666666666667
yfcc-batch20/15803.mp4, -1, -1, 31.5142857142857
yfcc-batch20/15805.mp4, -1, -1, 58.8888888888889
yfcc-batch20/15811.mp4, -1, -1, 77.2820512820513
yfcc-batch20/15812.mp4, -1, -1, 69.7777777777778
yfcc-batch20/15815.mp4, -1, -1, 62.8571428571429
yfcc-batch20/15816.mp4, -1, -1, 76.17142857142859
yfcc-batch20/15820.mp4, -1, -1, 60.6944444444444
yfcc-batch20/15821.mp4, -1, -1, 58.0571428571429
yfcc-batch20/15823.mp4, -1, -1, 40.0833333333333
yfcc-batch20/15835.mp4, -1, -1, 48.2
yfcc-batch20/15841.mp4, -1, -1, 70.5263157894737
yfcc-batch20/15844.mp4, -1, -1, 86.7352941176471
yfcc-batch20/15853.mp4, -1, -1, 55.59459459459461
yfcc-batch20/15858.mp4, -1, -1, 54.2105263157895
yfcc-batch20/15861.mp4, -1, -1, 67.05405405405409
yfcc-batch20/15862.mp4, -1, -1, 77.8611111111111
yfcc-batch20/15864.mp4, -1, -1, 55.6486486486487
yfcc-batch20/15865.mp4, -1, -1, 45.675675675675706
yfcc-batch20/15871.mp4, -1, -1, 82.02857142857141
yfcc-batch20/15873.mp4, -1, -1, 61.277777777777786
yfcc-batch20/15877.mp4, -1, -1, 61.410256410256395
yfcc-batch20/15882.mp4, -1, -1, 74.3529411764706
yfcc-batch20/15888.mp4, -1, -1, 46.5
yfcc-batch20/15896.mp4, -1, -1, 47.0
yfcc-batch20/15904.mp4, -1, -1, 72.4857142857143
yfcc-batch20/15905.mp4, -1, -1, 60.538461538461505
yfcc-batch20/15906.mp4, -1, -1, 77.97058823529409
yfcc-batch20/15912.mp4, -1, -1, 73.78125
yfcc-batch20/15920.mp4, -1, -1, 54.9166666666667
yfcc-batch20/15922.mp4, -1, -1, 69.55
yfcc-batch20/15930.mp4, -1, -1, 61.026315789473706
yfcc-batch20/15937.mp4, -1, -1, 64.08108108108111
yfcc-batch20/15940.mp4, -1, -1, 61.8684210526316
yfcc-batch21/16767.mp4, -1, -1, 59.3513513513514
yfcc-batch21/16768.mp4, -1, -1, 48.1351351351352
yfcc-batch21/16776.mp4, -1, -1, 66.0789473684211
yfcc-batch21/16779.mp4, -1, -1, 61.589743589743605
yfcc-batch21/16780.mp4, -1, -1, 80.9428571428571
yfcc-batch21/16782.mp4, -1, -1, 48.459459459459495
yfcc-batch21/16785.mp4, -1, -1, 60.5428571428571
yfcc-batch21/16793.mp4, -1, -1, 72.1538461538462
yfcc-batch21/16794.mp4, -1, -1, 70.9428571428571
yfcc-batch21/16795.mp4, -1, -1, 75.6842105263158
yfcc-batch21/16797.mp4, -1, -1, 70.7105263157895
yfcc-batch21/16799.mp4, -1, -1, 63.0540540540541
yfcc-batch21/16806.mp4, -1, -1, 79.4857142857143
yfcc-batch21/16811.mp4, -1, -1, 58.1111111111111
yfcc-batch21/16813.mp4, -1, -1, 43.8378378378378
yfcc-batch21/16814.mp4, -1, -1, 64.5526315789474
yfcc-batch21/16815.mp4, -1, -1, 53.4
yfcc-batch21/16817.mp4, -1, -1, 61.135135135135094
yfcc-batch21/16818.mp4, -1, -1, 43.81578947368421
yfcc-batch21/16820.mp4, -1, -1, 66.08108108108111
yfcc-batch21/16830.mp4, -1, -1, 72.7058823529412
yfcc-batch21/16832.mp4, -1, -1, 36.2820512820513
yfcc-batch21/16837.mp4, -1, -1, 47.212121212121204
yfcc-batch21/16844.mp4, -1, -1, 67.7777777777778
yfcc-batch21/16851.mp4, -1, -1, 54.405405405405396
yfcc-batch21/16854.mp4, -1, -1, 65.9473684210526
yfcc-batch21/16856.mp4, -1, -1, 61.3783783783784
yfcc-batch21/16861.mp4, -1, -1, 68.6486486486487
yfcc-batch21/16871.mp4, -1, -1, 76.2222222222222
yfcc-batch21/16874.mp4, -1, -1, 76.8205128205128
yfcc-batch21/16875.mp4, -1, -1, 62.6216216216216
yfcc-batch21/16881.mp4, -1, -1, 64.6578947368421
yfcc-batch21/16880.mp4, -1, -1, 33.2285714285714
yfcc-batch21/16885.mp4, -1, -1, 67.5428571428571
yfcc-batch21/16889.mp4, -1, -1, 66.7837837837838
yfcc-batch21/16894.mp4, -1, -1, 49.027777777777786
yfcc-batch21/16899.mp4, -1, -1, 67.15625
yfcc-batch21/16901.mp4, -1, -1, 66.6111111111111
yfcc-batch21/16903.mp4, -1, -1, 73.1351351351351
yfcc-batch21/16905.mp4, -1, -1, 61.5555555555556
yfcc-batch21/16909.mp4, -1, -1, 61.0
yfcc-batch21/16920.mp4, -1, -1, 53.0540540540541
yfcc-batch21/16924.mp4, -1, -1, 70.88571428571429
yfcc-batch21/16927.mp4, -1, -1, 68.925
yfcc-batch21/16930.mp4, -1, -1, 71.7894736842105
yfcc-batch21/16932.mp4, -1, -1, 60.0833333333333
yfcc-batch21/16933.mp4, -1, -1, 74.0263157894737
yfcc-batch21/16940.mp4, -1, -1, 44.2285714285714
yfcc-batch21/16945.mp4, -1, -1, 43.1176470588235
yfcc-batch21/16961.mp4, -1, -1, 76.7714285714286
yfcc-batch21/16966.mp4, -1, -1, 65.8157894736842
yfcc-batch21/16971.mp4, -1, -1, 67.1714285714286
yfcc-batch21/16972.mp4, -1, -1, 58.8055555555556
yfcc-batch21/16976.mp4, -1, -1, 61.97368421052629
yfcc-batch21/16977.mp4, -1, -1, 68.1081081081081
yfcc-batch21/16978.mp4, -1, -1, 57.135135135135094
yfcc-batch21/16981.mp4, -1, -1, 55.342105263157904
yfcc-batch21/16984.mp4, -1, -1, 69.7105263157895
yfcc-batch21/16993.mp4, -1, -1, 73.8333333333333
yfcc-batch21/17000.mp4, -1, -1, 74.4
yfcc-batch21/17001.mp4, -1, -1, 71.9166666666667
yfcc-batch21/17003.mp4, -1, -1, 49.527777777777786
yfcc-batch21/17018.mp4, -1, -1, 67.6216216216216
yfcc-batch21/17020.mp4, -1, -1, 69.8048780487805
yfcc-batch21/17021.mp4, -1, -1, 65.5454545454546
yfcc-batch21/17040.mp4, -1, -1, 63.10526315789479
yfcc-batch21/17049.mp4, -1, -1, 62.8333333333333
yfcc-batch21/17051.mp4, -1, -1, 64.1176470588235
yfcc-batch21/17052.mp4, -1, -1, 58.1944444444444
yfcc-batch21/17058.mp4, -1, -1, 73.8974358974359
yfcc-batch21/17060.mp4, -1, -1, 44.6388888888889
yfcc-batch21/17061.mp4, -1, -1, 83.2432432432432
yfcc-batch21/17063.mp4, -1, -1, 59.972222222222214
yfcc-batch21/17064.mp4, -1, -1, 55.79411764705879
yfcc-batch21/17067.mp4, -1, -1, 66.7567567567568
yfcc-batch21/17074.mp4, -1, -1, 74.8378378378378
yfcc-batch21/17078.mp4, -1, -1, 57.2894736842105
yfcc-batch21/17080.mp4, -1, -1, 53.085714285714296
yfcc-batch21/17090.mp4, -1, -1, 55.4166666666667
yfcc-batch21/17092.mp4, -1, -1, 66.4864864864865
yfcc-batch21/17093.mp4, -1, -1, 70.921052631579
yfcc-batch21/17095.mp4, -1, -1, 74.3243243243243
yfcc-batch21/17104.mp4, -1, -1, 61.1944444444444
yfcc-batch21/17107.mp4, -1, -1, 52.6111111111111
yfcc-batch21/17112.mp4, -1, -1, 72.3888888888889
yfcc-batch21/17116.mp4, -1, -1, 47.10526315789479
yfcc-batch21/17125.mp4, -1, -1, 73.52941176470591
yfcc-batch21/17124.mp4, -1, -1, 77.9722222222222
yfcc-batch21/17127.mp4, -1, -1, 65.4
yfcc-batch21/17129.mp4, -1, -1, 51.236842105263214
yfcc-batch21/17131.mp4, -1, -1, 58.575
yfcc-batch21/17137.mp4, -1, -1, 44.24324324324329
yfcc-batch21/17140.mp4, -1, -1, 59.135135135135094
yfcc-batch21/17142.mp4, -1, -1, 64.8918918918919
yfcc-batch21/17148.mp4, -1, -1, 64.17647058823529
yfcc-batch21/17150.mp4, -1, -1, 43.75
yfcc-batch21/17156.mp4, -1, -1, 61.774193548387096
yfcc-batch21/17158.mp4, -1, -1, 50.3513513513514
yfcc-batch21/17160.mp4, -1, -1, 65.5263157894737
yfcc-batch21/17161.mp4, -1, -1, 60.5151515151515
yfcc-batch21/17166.mp4, -1, -1, 75.6470588235294
yfcc-batch21/17169.mp4, -1, -1, 71.94444444444441
yfcc-batch21/17173.mp4, -1, -1, 56.11428571428571
yfcc-batch21/17175.mp4, -1, -1, 44.236842105263214
yfcc-batch21/17177.mp4, -1, -1, 49.975
yfcc-batch21/17178.mp4, -1, -1, 61.1666666666667
yfcc-batch21/17186.mp4, -1, -1, 65.4166666666667
yfcc-batch21/17199.mp4, -1, -1, 57.0526315789474
yfcc-batch21/17201.mp4, -1, -1, 57.6111111111111
yfcc-batch21/17207.mp4, -1, -1, 65.4864864864865
yfcc-batch21/17208.mp4, -1, -1, 51.6216216216216
yfcc-batch21/17211.mp4, -1, -1, 60.6216216216216
yfcc-batch21/17216.mp4, -1, -1, 59.43243243243239
yfcc-batch21/16796.mp4, -1, -1, 64.3589743589744
yfcc-batch21/17034.mp4, -1, -1, 74.0277777777778
yfcc-batch21/16407.mp4, -1, -1, 23.3055555555556
yfcc-batch21/16409.mp4, -1, -1, 61.026315789473706
yfcc-batch21/16416.mp4, -1, -1, 40.47222222222221
yfcc-batch21/16417.mp4, -1, -1, 66.9473684210526
yfcc-batch21/16418.mp4, -1, -1, 54.0
yfcc-batch21/16422.mp4, -1, -1, 52.5
yfcc-batch21/16423.mp4, -1, -1, 61.57142857142861
yfcc-batch21/16425.mp4, -1, -1, 61.7894736842105
yfcc-batch21/16426.mp4, -1, -1, 63.1944444444444
yfcc-batch21/16435.mp4, -1, -1, 76.5128205128205
yfcc-batch21/16436.mp4, -1, -1, 53.472222222222214
yfcc-batch21/16441.mp4, -1, -1, 64.2941176470588
yfcc-batch21/16443.mp4, -1, -1, 62.8333333333333
yfcc-batch21/16448.mp4, -1, -1, 57.0
yfcc-batch21/16449.mp4, -1, -1, 64.88571428571429
yfcc-batch21/16450.mp4, -1, -1, 60.3055555555556
yfcc-batch21/16464.mp4, -1, -1, 59.75
yfcc-batch21/16465.mp4, -1, -1, 41.6842105263158
yfcc-batch21/16469.mp4, -1, -1, 57.3684210526316
yfcc-batch21/16473.mp4, -1, -1, 67.0833333333333
yfcc-batch21/16477.mp4, -1, -1, 74.2777777777778
yfcc-batch21/16478.mp4, -1, -1, 65.3611111111111
yfcc-batch21/16484.mp4, -1, -1, 52.263157894736786
yfcc-batch21/16492.mp4, -1, -1, 56.8378378378378
yfcc-batch21/16495.mp4, -1, -1, 63.3055555555556
yfcc-batch21/16498.mp4, -1, -1, 73.37837837837841
yfcc-batch21/16500.mp4, -1, -1, 55.7297297297297
yfcc-batch21/16503.mp4, -1, -1, 59.8333333333333
yfcc-batch21/16507.mp4, -1, -1, 64.8648648648649
yfcc-batch21/16512.mp4, -1, -1, 58.5833333333333
yfcc-batch21/16518.mp4, -1, -1, 44.675675675675706
yfcc-batch21/16523.mp4, -1, -1, 60.25
yfcc-batch21/16529.mp4, -1, -1, 66.4594594594595
yfcc-batch21/16535.mp4, -1, -1, 69.1621621621622
yfcc-batch21/16537.mp4, -1, -1, 59.8823529411765
yfcc-batch21/16544.mp4, -1, -1, 72.8974358974359
yfcc-batch21/16547.mp4, -1, -1, 56.3333333333333
yfcc-batch21/16548.mp4, -1, -1, 77.8421052631579
yfcc-batch21/16549.mp4, -1, -1, 43.56756756756761
yfcc-batch21/16555.mp4, -1, -1, 75.9189189189189
yfcc-batch21/16560.mp4, -1, -1, 61.5833333333333
yfcc-batch21/16570.mp4, -1, -1, 69.2222222222222
yfcc-batch21/16573.mp4, -1, -1, 52.3
yfcc-batch21/16576.mp4, -1, -1, 63.8333333333333
yfcc-batch21/16578.mp4, -1, -1, 67.85294117647061
yfcc-batch21/16577.mp4, -1, -1, 59.589743589743605
yfcc-batch21/16579.mp4, -1, -1, 49.135135135135094
yfcc-batch21/16587.mp4, -1, -1, 71.2352941176471
yfcc-batch21/16589.mp4, -1, -1, 70.6756756756757
yfcc-batch21/16591.mp4, -1, -1, 51.514285714285705
yfcc-batch21/16597.mp4, -1, -1, 63.864864864864906
yfcc-batch21/16600.mp4, -1, -1, 71.55263157894741
yfcc-batch21/16604.mp4, -1, -1, 76.17142857142859
yfcc-batch21/16606.mp4, -1, -1, 77.64102564102559
yfcc-batch21/16614.mp4, -1, -1, 79.02941176470591
yfcc-batch21/16613.mp4, -1, -1, 55.6486486486487
yfcc-batch21/16624.mp4, -1, -1, 63.085714285714296
yfcc-batch21/16629.mp4, -1, -1, 71.25
yfcc-batch21/16634.mp4, -1, -1, 59.657894736842096
yfcc-batch21/16638.mp4, -1, -1, 54.60526315789479
yfcc-batch21/16642.mp4, -1, -1, 64.5555555555556
yfcc-batch21/16647.mp4, -1, -1, 60.1621621621622
yfcc-batch21/16660.mp4, -1, -1, 73.6571428571429
yfcc-batch21/16662.mp4, -1, -1, 31.486486486486502
yfcc-batch21/16669.mp4, -1, -1, 64.8378378378378
yfcc-batch21/16673.mp4, -1, -1, 66.1842105263158
yfcc-batch21/16676.mp4, -1, -1, 50.236842105263214
yfcc-batch21/16677.mp4, -1, -1, 55.948717948718006
yfcc-batch21/16685.mp4, -1, -1, 66.8055555555556
yfcc-batch21/16689.mp4, -1, -1, 52.5428571428571
yfcc-batch21/16690.mp4, -1, -1, 49.024390243902396
yfcc-batch21/16693.mp4, -1, -1, 62.5428571428571
yfcc-batch21/16699.mp4, -1, -1, 77.6111111111111
yfcc-batch21/16701.mp4, -1, -1, 47.3333333333333
yfcc-batch21/16703.mp4, -1, -1, 68.7894736842105
yfcc-batch21/16706.mp4, -1, -1, 64.37142857142861
yfcc-batch21/16707.mp4, -1, -1, 55.485714285714295
yfcc-batch21/16711.mp4, -1, -1, 75.175
yfcc-batch21/16715.mp4, -1, -1, 63.675675675675706
yfcc-batch21/16722.mp4, -1, -1, 65.64705882352939
yfcc-batch21/16724.mp4, -1, -1, 64.1388888888889
yfcc-batch21/16733.mp4, -1, -1, 36.9444444444444
yfcc-batch21/16740.mp4, -1, -1, 68.2222222222222
yfcc-batch21/16743.mp4, -1, -1, 50.43243243243239
yfcc-batch21/16746.mp4, -1, -1, 36.4444444444444
yfcc-batch21/16747.mp4, -1, -1, 56.1081081081081
yfcc-batch21/16752.mp4, -1, -1, 40.8823529411765
yfcc-batch21/16755.mp4, -1, -1, 50.540540540540505
yfcc-batch21/16762.mp4, -1, -1, 73.02564102564101
yfcc-batch22/17586.mp4, -1, -1, 60.28571428571429
yfcc-batch22/17588.mp4, -1, -1, 66.5
yfcc-batch22/17593.mp4, -1, -1, 68.969696969697
yfcc-batch22/17595.mp4, -1, -1, 52.6388888888889
yfcc-batch22/17596.mp4, -1, -1, 59.5294117647059
yfcc-batch22/17600.mp4, -1, -1, 61.514285714285705
yfcc-batch22/17602.mp4, -1, -1, 47.31578947368421
yfcc-batch22/17603.mp4, -1, -1, 56.9428571428571
yfcc-batch22/17604.mp4, -1, -1, 66.21875
yfcc-batch22/17607.mp4, -1, -1, 75.3939393939394
yfcc-batch22/17608.mp4, -1, -1, 60.71428571428571
yfcc-batch22/17612.mp4, -1, -1, 74.69444444444441
yfcc-batch22/17617.mp4, -1, -1, 59.894736842105296
yfcc-batch22/17626.mp4, -1, -1, 69.3421052631579
yfcc-batch22/17628.mp4, -1, -1, 56.78125
yfcc-batch22/17630.mp4, -1, -1, 48.914285714285704
yfcc-batch22/17638.mp4, -1, -1, 60.79411764705879
yfcc-batch22/17640.mp4, -1, -1, 53.11428571428571
yfcc-batch22/17646.mp4, -1, -1, 64.3888888888889
yfcc-batch22/17647.mp4, -1, -1, 60.1111111111111
yfcc-batch22/17650.mp4, -1, -1, 64.2727272727273
yfcc-batch22/17653.mp4, -1, -1, 59.454545454545496
yfcc-batch22/17652.mp4, -1, -1, 56.82352941176471
yfcc-batch22/17656.mp4, -1, -1, 61.3055555555556
yfcc-batch22/17657.mp4, -1, -1, 43.6060606060606
yfcc-batch22/17666.mp4, -1, -1, 76.08571428571429
yfcc-batch22/17675.mp4, -1, -1, 66.8333333333333
yfcc-batch22/17681.mp4, -1, -1, 68.84375
yfcc-batch22/17683.mp4, -1, -1, 63.9428571428571
yfcc-batch22/17685.mp4, -1, -1, 68.9444444444444
yfcc-batch22/17686.mp4, -1, -1, 61.225
yfcc-batch22/17687.mp4, -1, -1, 66.81081081081078
yfcc-batch22/17688.mp4, -1, -1, 52.8
yfcc-batch22/17691.mp4, -1, -1, 48.0555555555556
yfcc-batch22/17692.mp4, -1, -1, 61.55882352941179
yfcc-batch22/17695.mp4, -1, -1, 54.735294117647115
yfcc-batch22/17697.mp4, -1, -1, 55.421052631579
yfcc-batch22/17699.mp4, -1, -1, 45.3888888888889
yfcc-batch22/17708.mp4, -1, -1, 47.68571428571429
yfcc-batch22/17709.mp4, -1, -1, 47.2727272727273
yfcc-batch22/17711.mp4, -1, -1, 57.1111111111111
yfcc-batch22/17715.mp4, -1, -1, 48.28125
yfcc-batch22/17714.mp4, -1, -1, 57.487179487179496
yfcc-batch22/17719.mp4, -1, -1, 63.9189189189189
yfcc-batch22/17720.mp4, -1, -1, 55.921052631579
yfcc-batch22/17725.mp4, -1, -1, 60.777777777777786
yfcc-batch22/17730.mp4, -1, -1, 62.257142857142895
yfcc-batch22/17731.mp4, -1, -1, 62.0
yfcc-batch22/17733.mp4, -1, -1, 46.1944444444444
yfcc-batch22/17737.mp4, -1, -1, 70.08571428571429
yfcc-batch22/17740.mp4, -1, -1, 62.428571428571395
yfcc-batch22/17742.mp4, -1, -1, 74.0909090909091
yfcc-batch22/17745.mp4, -1, -1, 58.2105263157895
yfcc-batch22/17753.mp4, -1, -1, 66.7714285714286
yfcc-batch22/17754.mp4, -1, -1, 59.9714285714286
yfcc-batch22/17760.mp4, -1, -1, 68.969696969697
yfcc-batch22/17762.mp4, -1, -1, 53.8333333333333
yfcc-batch22/17761.mp4, -1, -1, 53.05882352941179
yfcc-batch22/17763.mp4, -1, -1, 43.20588235294121
yfcc-batch22/17772.mp4, -1, -1, 64.6111111111111
yfcc-batch22/17775.mp4, -1, -1, 47.914285714285704
yfcc-batch22/17778.mp4, -1, -1, 44.8571428571429
yfcc-batch22/17780.mp4, -1, -1, 49.9444444444444
yfcc-batch22/17781.mp4, -1, -1, 63.857142857142804
yfcc-batch22/17785.mp4, -1, -1, 58.2702702702703
yfcc-batch22/17787.mp4, -1, -1, 71.5
yfcc-batch22/17791.mp4, -1, -1, 53.4117647058824
yfcc-batch22/17792.mp4, -1, -1, 71.3142857142857
yfcc-batch22/17793.mp4, -1, -1, 70.6388888888889
yfcc-batch22/17803.mp4, -1, -1, 60.151515151515206
yfcc-batch22/17808.mp4, -1, -1, 61.8529411764706
yfcc-batch22/17807.mp4, -1, -1, 60.914285714285704
yfcc-batch22/17817.mp4, -1, -1, 44.94117647058821
yfcc-batch22/17824.mp4, -1, -1, 59.79411764705879
yfcc-batch22/17828.mp4, -1, -1, 60.085714285714296
yfcc-batch22/17838.mp4, -1, -1, 58.257142857142895
yfcc-batch22/17839.mp4, -1, -1, 63.1081081081081
yfcc-batch22/17841.mp4, -1, -1, 42.4571428571429
yfcc-batch22/17842.mp4, -1, -1, 57.6
yfcc-batch22/17844.mp4, -1, -1, 56.68571428571429
yfcc-batch22/17848.mp4, -1, -1, 67.28571428571429
yfcc-batch22/17850.mp4, -1, -1, 73.0588235294118
yfcc-batch22/17852.mp4, -1, -1, 60.3888888888889
yfcc-batch22/17853.mp4, -1, -1, 61.6470588235294
yfcc-batch22/17856.mp4, -1, -1, 63.9117647058824
yfcc-batch22/17859.mp4, -1, -1, 59.135135135135094
yfcc-batch22/17858.mp4, -1, -1, 64.82352941176471
yfcc-batch22/17865.mp4, -1, -1, 69.2941176470588
yfcc-batch22/17867.mp4, -1, -1, 68.7837837837838
yfcc-batch22/17872.mp4, -1, -1, 63.82857142857139
yfcc-batch22/17875.mp4, -1, -1, 65.3243243243243
yfcc-batch22/17877.mp4, -1, -1, 70.3823529411765
yfcc-batch22/17880.mp4, -1, -1, 52.1666666666667
yfcc-batch22/17881.mp4, -1, -1, 66.14705882352939
yfcc-batch22/17891.mp4, -1, -1, 59.4705882352941
yfcc-batch22/17894.mp4, -1, -1, 66.5833333333333
yfcc-batch22/17900.mp4, -1, -1, 62.1081081081081
yfcc-batch22/17919.mp4, -1, -1, 33.216216216216196
yfcc-batch22/17926.mp4, -1, -1, 68.2162162162162
yfcc-batch22/17927.mp4, -1, -1, 70.3055555555556
yfcc-batch22/17930.mp4, -1, -1, 77.5714285714286
yfcc-batch22/17934.mp4, -1, -1, 56.7272727272727
yfcc-batch22/17935.mp4, -1, -1, 49.2
yfcc-batch22/17937.mp4, -1, -1, 66.28571428571429
yfcc-batch22/17938.mp4, -1, -1, 66.11428571428571
yfcc-batch22/17947.mp4, -1, -1, 54.24324324324329
yfcc-batch22/17950.mp4, -1, -1, 60.264705882352885
yfcc-batch22/17953.mp4, -1, -1, 61.8823529411765
yfcc-batch22/17960.mp4, -1, -1, 53.25
yfcc-batch22/17961.mp4, -1, -1, 72.7837837837838
yfcc-batch22/17965.mp4, -1, -1, 48.79411764705879
yfcc-batch22/17967.mp4, -1, -1, 52.9090909090909
yfcc-batch22/17972.mp4, -1, -1, 55.79411764705879
yfcc-batch22/17974.mp4, -1, -1, 52.914285714285704
yfcc-batch22/17976.mp4, -1, -1, 63.4166666666667
yfcc-batch22/17985.mp4, -1, -1, 58.55882352941179
yfcc-batch22/17988.mp4, -1, -1, 63.972972972973004
yfcc-batch22/17996.mp4, -1, -1, 73.42424242424241
yfcc-batch22/18007.mp4, -1, -1, 64.6315789473684
yfcc-batch22/18015.mp4, -1, -1, 49.8823529411765
yfcc-batch22/18022.mp4, -1, -1, 77.5151515151515
yfcc-batch22/18024.mp4, -1, -1, 69.5142857142857
yfcc-batch22/18025.mp4, -1, -1, 59.0
yfcc-batch22/18030.mp4, -1, -1, 69.6756756756757
yfcc-batch22/18034.mp4, -1, -1, 59.8918918918919
yfcc-batch22/18039.mp4, -1, -1, 70.80555555555559
yfcc-batch22/17231.mp4, -1, -1, 85.69230769230771
yfcc-batch22/17239.mp4, -1, -1, 57.6944444444444
yfcc-batch22/17241.mp4, -1, -1, 70.7575757575758
yfcc-batch22/17245.mp4, -1, -1, 64.2285714285714
yfcc-batch22/17252.mp4, -1, -1, 50.9166666666667
yfcc-batch22/17257.mp4, -1, -1, 58.17142857142861
yfcc-batch22/17259.mp4, -1, -1, 60.2
yfcc-batch22/17265.mp4, -1, -1, 28.5
yfcc-batch22/17273.mp4, -1, -1, 69.5135135135135
yfcc-batch22/17277.mp4, -1, -1, 70.15151515151521
yfcc-batch22/17280.mp4, -1, -1, 71.5277777777778
yfcc-batch22/17281.mp4, -1, -1, 64.4285714285714
yfcc-batch22/17282.mp4, -1, -1, 63.222222222222214
yfcc-batch22/17287.mp4, -1, -1, 56.5428571428572
yfcc-batch22/17291.mp4, -1, -1, 42.3589743589744
yfcc-batch22/17295.mp4, -1, -1, 67.0285714285714
yfcc-batch22/17302.mp4, -1, -1, 63.324324324324294
yfcc-batch22/17304.mp4, -1, -1, 73.6486486486487
yfcc-batch22/17305.mp4, -1, -1, 67.9393939393939
yfcc-batch22/17306.mp4, -1, -1, 61.4705882352941
yfcc-batch22/17311.mp4, -1, -1, 54.35
yfcc-batch22/17320.mp4, -1, -1, 69.1081081081081
yfcc-batch22/17321.mp4, -1, -1, 60.735294117647115
yfcc-batch22/17323.mp4, -1, -1, 62.29411764705879
yfcc-batch22/17325.mp4, -1, -1, 78.76315789473679
yfcc-batch22/17330.mp4, -1, -1, 70.29729729729729
yfcc-batch22/17332.mp4, -1, -1, 46.0294117647059
yfcc-batch22/17333.mp4, -1, -1, 29.181818181818198
yfcc-batch22/17334.mp4, -1, -1, 58.1515151515151
yfcc-batch22/17338.mp4, -1, -1, 55.1081081081081
yfcc-batch22/17341.mp4, -1, -1, 64.18918918918922
yfcc-batch22/17344.mp4, -1, -1, 50.9714285714286
yfcc-batch22/17359.mp4, -1, -1, 71.3243243243243
yfcc-batch22/17360.mp4, -1, -1, 60.2894736842105
yfcc-batch22/17364.mp4, -1, -1, 45.29411764705879
yfcc-batch22/17367.mp4, -1, -1, 68.91176470588239
yfcc-batch22/17368.mp4, -1, -1, 75.3333333333333
yfcc-batch22/17375.mp4, -1, -1, 69.9722222222222
yfcc-batch22/17376.mp4, -1, -1, 64.9736842105263
yfcc-batch22/17377.mp4, -1, -1, 75.4594594594595
yfcc-batch22/17382.mp4, -1, -1, 68.7777777777778
yfcc-batch22/17384.mp4, -1, -1, 60.4864864864865
yfcc-batch22/17393.mp4, -1, -1, 74.1351351351351
yfcc-batch22/17394.mp4, -1, -1, 52.5
yfcc-batch22/17395.mp4, -1, -1, 61.63636363636361
yfcc-batch22/17401.mp4, -1, -1, 71.6470588235294
yfcc-batch22/17402.mp4, -1, -1, 65.57575757575759
yfcc-batch22/17405.mp4, -1, -1, 62.8378378378378
yfcc-batch22/17408.mp4, -1, -1, 65.6756756756757
yfcc-batch22/17410.mp4, -1, -1, 50.969696969697
yfcc-batch22/17415.mp4, -1, -1, 48.4166666666667
yfcc-batch22/17418.mp4, -1, -1, 58.46875
yfcc-batch22/17424.mp4, -1, -1, 74.70270270270271
yfcc-batch22/17430.mp4, -1, -1, 55.026315789473706
yfcc-batch22/17451.mp4, -1, -1, 56.0
yfcc-batch22/17453.mp4, -1, -1, 63.5161290322581
yfcc-batch22/17454.mp4, -1, -1, 60.485714285714295
yfcc-batch22/17464.mp4, -1, -1, 67.6909090909091
yfcc-batch22/17465.mp4, -1, -1, 68.1944444444444
yfcc-batch22/17468.mp4, -1, -1, 69.0555555555556
yfcc-batch22/17470.mp4, -1, -1, 59.9705882352941
yfcc-batch22/17471.mp4, -1, -1, 68.7428571428571
yfcc-batch22/17477.mp4, -1, -1, 54.32352941176471
yfcc-batch22/17481.mp4, -1, -1, 61.6060606060606
yfcc-batch22/17488.mp4, -1, -1, 51.6216216216216
yfcc-batch22/17490.mp4, -1, -1, 41.4864864864865
yfcc-batch22/17491.mp4, -1, -1, 58.6176470588235
yfcc-batch22/17497.mp4, -1, -1, 56.5
yfcc-batch22/17499.mp4, -1, -1, 60.0555555555556
yfcc-batch22/17503.mp4, -1, -1, 54.8333333333333
yfcc-batch22/17504.mp4, -1, -1, 39.8888888888889
yfcc-batch22/17506.mp4, -1, -1, 50.8684210526316
yfcc-batch22/17509.mp4, -1, -1, 65.8055555555556
yfcc-batch22/17511.mp4, -1, -1, 58.32352941176471
yfcc-batch22/17512.mp4, -1, -1, 25.5
yfcc-batch22/17514.mp4, -1, -1, 70.4411764705882
yfcc-batch22/17521.mp4, -1, -1, 75.78125
yfcc-batch22/17523.mp4, -1, -1, 59.342105263157904
yfcc-batch22/17530.mp4, -1, -1, 67.4871794871795
yfcc-batch22/17535.mp4, -1, -1, 60.1212121212121
yfcc-batch22/17534.mp4, -1, -1, 62.184210526315795
yfcc-batch22/17536.mp4, -1, -1, 59.4705882352941
yfcc-batch22/17538.mp4, -1, -1, 57.1666666666667
yfcc-batch22/17539.mp4, -1, -1, 76.5135135135135
yfcc-batch22/17540.mp4, -1, -1, 60.5
yfcc-batch22/17548.mp4, -1, -1, 70.2352941176471
yfcc-batch22/17551.mp4, -1, -1, 58.6666666666667
yfcc-batch22/17553.mp4, -1, -1, 72.75
yfcc-batch22/17555.mp4, -1, -1, 69.4
yfcc-batch22/17558.mp4, -1, -1, 71.0
yfcc-batch22/17564.mp4, -1, -1, 54.1666666666667
yfcc-batch22/17574.mp4, -1, -1, 66.6571428571429
yfcc-batch22/17573.mp4, -1, -1, 61.3823529411765
yfcc-batch22/17575.mp4, -1, -1, 61.8918918918919
yfcc-batch22/17581.mp4, -1, -1, 62.1428571428571
yfcc-batch23/18419.mp4, -1, -1, 58.88571428571429
yfcc-batch23/18421.mp4, -1, -1, 52.2894736842105
yfcc-batch23/18422.mp4, -1, -1, 76.9428571428571
yfcc-batch23/18435.mp4, -1, -1, 69.8823529411765
yfcc-batch23/18439.mp4, -1, -1, 54.6666666666667
yfcc-batch23/18447.mp4, -1, -1, 73.7428571428572
yfcc-batch23/18448.mp4, -1, -1, 60.7714285714286
yfcc-batch23/18451.mp4, -1, -1, 65.7631578947369
yfcc-batch23/18458.mp4, -1, -1, 68.875
yfcc-batch23/18460.mp4, -1, -1, 60.825
yfcc-batch23/18470.mp4, -1, -1, 49.8823529411765
yfcc-batch23/18478.mp4, -1, -1, 54.3055555555556
yfcc-batch23/18477.mp4, -1, -1, 76.1428571428571
yfcc-batch23/18482.mp4, -1, -1, 71.8181818181818
yfcc-batch23/18485.mp4, -1, -1, 61.8333333333333
yfcc-batch23/18487.mp4, -1, -1, 58.264705882352885
yfcc-batch23/18490.mp4, -1, -1, 64.027027027027
yfcc-batch23/18492.mp4, -1, -1, 71.5277777777778
yfcc-batch23/18493.mp4, -1, -1, 69.5135135135135
yfcc-batch23/18494.mp4, -1, -1, 72.1470588235294
yfcc-batch23/18497.mp4, -1, -1, 61.5
yfcc-batch23/18501.mp4, -1, -1, 71.05555555555559
yfcc-batch23/18502.mp4, -1, -1, 51.472222222222214
yfcc-batch23/18507.mp4, -1, -1, 65.14285714285711
yfcc-batch23/18516.mp4, -1, -1, 59.0909090909091
yfcc-batch23/18515.mp4, -1, -1, 74.2285714285714
yfcc-batch23/18522.mp4, -1, -1, 49.4705882352941
yfcc-batch23/18527.mp4, -1, -1, 74.7714285714286
yfcc-batch23/18548.mp4, -1, -1, 47.9444444444444
yfcc-batch23/18551.mp4, -1, -1, 47.7837837837838
yfcc-batch23/18552.mp4, -1, -1, 69.37142857142861
yfcc-batch23/18554.mp4, -1, -1, 59.5555555555556
yfcc-batch23/18555.mp4, -1, -1, 36.969696969697
yfcc-batch23/18556.mp4, -1, -1, 76.1578947368421
yfcc-batch23/18562.mp4, -1, -1, 65.2432432432432
yfcc-batch23/18567.mp4, -1, -1, 63.25
yfcc-batch23/18569.mp4, -1, -1, 77.7222222222222
yfcc-batch23/18576.mp4, -1, -1, 42.7352941176471
yfcc-batch23/18581.mp4, -1, -1, 73.02857142857141
yfcc-batch23/18584.mp4, -1, -1, 57.9459459459459
yfcc-batch23/18583.mp4, -1, -1, 58.5833333333333
yfcc-batch23/18590.mp4, -1, -1, 60.472222222222214
yfcc-batch23/18593.mp4, -1, -1, 72.69444444444441
yfcc-batch23/18596.mp4, -1, -1, 65.7777777777778
yfcc-batch23/18598.mp4, -1, -1, 65.5714285714286
yfcc-batch23/18602.mp4, -1, -1, 53.5428571428571
yfcc-batch23/18604.mp4, -1, -1, 53.0
yfcc-batch23/18612.mp4, -1, -1, 79.82857142857141
yfcc-batch23/18615.mp4, -1, -1, 52.184210526315795
yfcc-batch23/18630.mp4, -1, -1, 38.485714285714295
yfcc-batch23/18634.mp4, -1, -1, 57.2424242424242
yfcc-batch23/18637.mp4, -1, -1, 57.0810810810811
yfcc-batch23/18639.mp4, -1, -1, 56.4117647058824
yfcc-batch23/18645.mp4, -1, -1, 51.428571428571395
yfcc-batch23/18651.mp4, -1, -1, 72.10526315789471
yfcc-batch23/18650.mp4, -1, -1, 53.125
yfcc-batch23/18660.mp4, -1, -1, 68.9210526315789
yfcc-batch23/18662.mp4, -1, -1, 68.3333333333333
yfcc-batch23/18667.mp4, -1, -1, 61.0882352941177
yfcc-batch23/18674.mp4, -1, -1, 65.7741935483871
yfcc-batch23/18683.mp4, -1, -1, 69.7297297297297
yfcc-batch23/18682.mp4, -1, -1, 46.8611111111111
yfcc-batch23/18684.mp4, -1, -1, 61.864864864864906
yfcc-batch23/18685.mp4, -1, -1, 74.3030303030303
yfcc-batch23/18686.mp4, -1, -1, 61.3513513513514
yfcc-batch23/18694.mp4, -1, -1, 67.64705882352939
yfcc-batch23/18697.mp4, -1, -1, 69.8888888888889
yfcc-batch23/18700.mp4, -1, -1, 59.7027027027027
yfcc-batch23/18702.mp4, -1, -1, 61.1388888888889
yfcc-batch23/18709.mp4, -1, -1, 55.89473684210521
yfcc-batch23/18711.mp4, -1, -1, 54.11428571428571
yfcc-batch23/18712.mp4, -1, -1, 72.4117647058823
yfcc-batch23/18716.mp4, -1, -1, 58.9117647058824
yfcc-batch23/18719.mp4, -1, -1, 65.5588235294118
yfcc-batch23/18728.mp4, -1, -1, 61.073170731707286
yfcc-batch23/18737.mp4, -1, -1, 60.7297297297297
yfcc-batch23/18738.mp4, -1, -1, 71.2
yfcc-batch23/18740.mp4, -1, -1, 59.8055555555556
yfcc-batch23/18745.mp4, -1, -1, 60.8918918918919
yfcc-batch23/18752.mp4, -1, -1, 77.35483870967741
yfcc-batch23/18766.mp4, -1, -1, 47.5
yfcc-batch23/18767.mp4, -1, -1, 75.7058823529412
yfcc-batch23/18768.mp4, -1, -1, 61.2424242424242
yfcc-batch23/18772.mp4, -1, -1, 53.3823529411765
yfcc-batch23/18773.mp4, -1, -1, 70.14705882352939
yfcc-batch23/18777.mp4, -1, -1, 59.027777777777786
yfcc-batch23/18780.mp4, -1, -1, 65.9722222222222
yfcc-batch23/18779.mp4, -1, -1, 60.2972972972973
yfcc-batch23/18786.mp4, -1, -1, 58.825
yfcc-batch23/18794.mp4, -1, -1, 48.972222222222214
yfcc-batch23/18813.mp4, -1, -1, 60.6285714285714
yfcc-batch23/18816.mp4, -1, -1, 34.5294117647059
yfcc-batch23/18818.mp4, -1, -1, 60.3529411764706
yfcc-batch23/18819.mp4, -1, -1, 81.02857142857141
yfcc-batch23/18824.mp4, -1, -1, 63.3055555555556
yfcc-batch23/18830.mp4, -1, -1, 68.5
yfcc-batch23/18831.mp4, -1, -1, 66.42424242424241
yfcc-batch23/18834.mp4, -1, -1, 59.6
yfcc-batch23/18839.mp4, -1, -1, 69.59375
yfcc-batch23/18841.mp4, -1, -1, 68.6
yfcc-batch23/18845.mp4, -1, -1, 67.75
yfcc-batch23/18847.mp4, -1, -1, 53.7714285714286
yfcc-batch23/18848.mp4, -1, -1, 64.0
yfcc-batch23/18849.mp4, -1, -1, 67.3428571428571
yfcc-batch23/18857.mp4, -1, -1, 59.4117647058824
yfcc-batch23/18858.mp4, -1, -1, 67.0
yfcc-batch23/18859.mp4, -1, -1, 66.8709677419355
yfcc-batch23/18227.mp4, -1, -1, 74.6486486486487
yfcc-batch23/18708.mp4, -1, -1, 47.9166666666667
yfcc-batch23/18164.mp4, -1, -1, 66.2647058823529
yfcc-batch23/18043.mp4, -1, -1, 64.58064516129029
yfcc-batch23/18057.mp4, -1, -1, 49.428571428571395
yfcc-batch23/18056.mp4, -1, -1, 54.20588235294121
yfcc-batch23/18061.mp4, -1, -1, 80.4722222222222
yfcc-batch23/18063.mp4, -1, -1, 73.9090909090909
yfcc-batch23/18064.mp4, -1, -1, 54.7837837837838
yfcc-batch23/18072.mp4, -1, -1, 68.4571428571429
yfcc-batch23/18074.mp4, -1, -1, 63.0555555555556
yfcc-batch23/18077.mp4, -1, -1, 59.68571428571429
yfcc-batch23/18078.mp4, -1, -1, 68.91176470588239
yfcc-batch23/18080.mp4, -1, -1, 41.46875
yfcc-batch23/18091.mp4, -1, -1, 71.8529411764706
yfcc-batch23/18100.mp4, -1, -1, 66.4444444444444
yfcc-batch23/18102.mp4, -1, -1, 67.4210526315789
yfcc-batch23/18109.mp4, -1, -1, 48.9090909090909
yfcc-batch23/18112.mp4, -1, -1, 59.6944444444444
yfcc-batch23/18115.mp4, -1, -1, 68.7222222222222
yfcc-batch23/18116.mp4, -1, -1, 46.8684210526316
yfcc-batch23/18119.mp4, -1, -1, 53.8378378378378
yfcc-batch23/18122.mp4, -1, -1, 56.6666666666667
yfcc-batch23/18123.mp4, -1, -1, 70.0285714285714
yfcc-batch23/18124.mp4, -1, -1, 67.4594594594595
yfcc-batch23/18139.mp4, -1, -1, 58.5294117647059
yfcc-batch23/18142.mp4, -1, -1, 67.1176470588235
yfcc-batch23/18147.mp4, -1, -1, 63.736842105263214
yfcc-batch23/18160.mp4, -1, -1, 57.71428571428571
yfcc-batch23/18167.mp4, -1, -1, 39.47222222222221
yfcc-batch23/18170.mp4, -1, -1, 64.4054054054054
yfcc-batch23/18173.mp4, -1, -1, 60.57142857142861
yfcc-batch23/18172.mp4, -1, -1, 56.0833333333333
yfcc-batch23/18174.mp4, -1, -1, 57.5555555555556
yfcc-batch23/18176.mp4, -1, -1, 27.054054054054
yfcc-batch23/18175.mp4, -1, -1, 55.3823529411765
yfcc-batch23/18177.mp4, -1, -1, 69.1714285714286
yfcc-batch23/18190.mp4, -1, -1, 64.9714285714286
yfcc-batch23/18194.mp4, -1, -1, 62.5882352941177
yfcc-batch23/18196.mp4, -1, -1, 47.78125
yfcc-batch23/18198.mp4, -1, -1, 68.1388888888889
yfcc-batch23/18201.mp4, -1, -1, 62.31428571428571
yfcc-batch23/18205.mp4, -1, -1, 52.735294117647115
yfcc-batch23/18208.mp4, -1, -1, 71.6857142857143
yfcc-batch23/18210.mp4, -1, -1, 51.7894736842105
yfcc-batch23/18212.mp4, -1, -1, 66.1842105263158
yfcc-batch23/18213.mp4, -1, -1, 50.57142857142861
yfcc-batch23/18215.mp4, -1, -1, 70.2727272727273
yfcc-batch23/18221.mp4, -1, -1, 62.1111111111111
yfcc-batch23/18231.mp4, -1, -1, 65.5428571428571
yfcc-batch23/18230.mp4, -1, -1, 64.08571428571429
yfcc-batch23/18234.mp4, -1, -1, 78.18918918918921
yfcc-batch23/18236.mp4, -1, -1, 61.2285714285714
yfcc-batch23/18241.mp4, -1, -1, 68.5
yfcc-batch23/18243.mp4, -1, -1, 72.5945945945946
yfcc-batch23/18244.mp4, -1, -1, 59.0294117647059
yfcc-batch23/18251.mp4, -1, -1, 60.810810810810786
yfcc-batch23/18257.mp4, -1, -1, 48.8333333333333
yfcc-batch23/18265.mp4, -1, -1, 52.0285714285714
yfcc-batch23/18268.mp4, -1, -1, 73.6388888888889
yfcc-batch23/18271.mp4, -1, -1, 66.08571428571429
yfcc-batch23/18273.mp4, -1, -1, 68.0277777777778
yfcc-batch23/18290.mp4, -1, -1, 74.0588235294118
yfcc-batch23/18289.mp4, -1, -1, 83.0810810810811
yfcc-batch23/18295.mp4, -1, -1, 55.05882352941179
yfcc-batch23/18298.mp4, -1, -1, 65.0285714285714
yfcc-batch23/18302.mp4, -1, -1, 67.9705882352941
yfcc-batch23/18303.mp4, -1, -1, 64.0833333333333
yfcc-batch23/18309.mp4, -1, -1, 48.9714285714286
yfcc-batch23/18311.mp4, -1, -1, 59.6470588235294
yfcc-batch23/18319.mp4, -1, -1, 66.2162162162162
yfcc-batch23/18320.mp4, -1, -1, 50.1818181818182
yfcc-batch23/18322.mp4, -1, -1, 77.8571428571429
yfcc-batch23/18330.mp4, -1, -1, 63.8
yfcc-batch23/18338.mp4, -1, -1, 61.8484848484849
yfcc-batch23/18350.mp4, -1, -1, 77.7894736842105
yfcc-batch23/18353.mp4, -1, -1, 67.7222222222222
yfcc-batch23/18356.mp4, -1, -1, 62.1621621621622
yfcc-batch23/18366.mp4, -1, -1, 62.0
yfcc-batch23/18368.mp4, -1, -1, 63.43243243243239
yfcc-batch23/18371.mp4, -1, -1, 71.2
yfcc-batch23/18372.mp4, -1, -1, 65.2777777777778
yfcc-batch23/18373.mp4, -1, -1, 55.8823529411765
yfcc-batch23/18377.mp4, -1, -1, 42.8181818181818
yfcc-batch23/18390.mp4, -1, -1, 66.7222222222222
yfcc-batch23/18393.mp4, -1, -1, 73.94444444444441
yfcc-batch23/18394.mp4, -1, -1, 73.1176470588236
yfcc-batch23/18398.mp4, -1, -1, 41.47222222222221
yfcc-batch24/19226.mp4, -1, -1, 77.975
yfcc-batch24/19244.mp4, -1, -1, 68.1951219512195
yfcc-batch24/19243.mp4, -1, -1, 70.30769230769229
yfcc-batch24/19245.mp4, -1, -1, 68.9512195121951
yfcc-batch24/19247.mp4, -1, -1, 60.3488372093023
yfcc-batch24/19248.mp4, -1, -1, 59.846153846153896
yfcc-batch24/19253.mp4, -1, -1, 63.0909090909091
yfcc-batch24/19255.mp4, -1, -1, 72.7567567567568
yfcc-batch24/19256.mp4, -1, -1, 70.325
yfcc-batch24/19271.mp4, -1, -1, 73.1794871794872
yfcc-batch24/19276.mp4, -1, -1, 60.8837209302326
yfcc-batch24/19283.mp4, -1, -1, 70.4146341463415
yfcc-batch24/19287.mp4, -1, -1, 66.525
yfcc-batch24/19297.mp4, -1, -1, 68.2162162162162
yfcc-batch24/19306.mp4, -1, -1, 64.525
yfcc-batch24/19305.mp4, -1, -1, 75.69444444444441
yfcc-batch24/19311.mp4, -1, -1, 63.1315789473684
yfcc-batch24/19319.mp4, -1, -1, 69.1666666666667
yfcc-batch24/19322.mp4, -1, -1, 69.725
yfcc-batch24/19331.mp4, -1, -1, 70.3333333333333
yfcc-batch24/19343.mp4, -1, -1, 62.6410256410256
yfcc-batch24/19344.mp4, -1, -1, 63.1
yfcc-batch24/19346.mp4, -1, -1, 71.65
yfcc-batch24/19345.mp4, -1, -1, 58.6666666666667
yfcc-batch24/19352.mp4, -1, -1, 62.89743589743589
yfcc-batch24/19356.mp4, -1, -1, 62.825
yfcc-batch24/19366.mp4, -1, -1, 53.2093023255814
yfcc-batch24/19368.mp4, -1, -1, 60.63414634146339
yfcc-batch24/19377.mp4, -1, -1, 72.6585365853658
yfcc-batch24/19379.mp4, -1, -1, 68.525
yfcc-batch24/19384.mp4, -1, -1, 66.12195121951221
yfcc-batch24/19386.mp4, -1, -1, 60.30952380952379
yfcc-batch24/19390.mp4, -1, -1, 66.8536585365854
yfcc-batch24/19395.mp4, -1, -1, 76.25641025641029
yfcc-batch24/19398.mp4, -1, -1, 59.725
yfcc-batch24/19408.mp4, -1, -1, 47.023255813953504
yfcc-batch24/19409.mp4, -1, -1, 69.8421052631579
yfcc-batch24/19415.mp4, -1, -1, 69.7222222222222
yfcc-batch24/19416.mp4, -1, -1, 66.9
yfcc-batch24/19417.mp4, -1, -1, 76.6842105263158
yfcc-batch24/19419.mp4, -1, -1, 69.5789473684211
yfcc-batch24/19421.mp4, -1, -1, 64.5263157894737
yfcc-batch24/19425.mp4, -1, -1, 69.8604651162791
yfcc-batch24/19430.mp4, -1, -1, 83.0
yfcc-batch24/19431.mp4, -1, -1, 76.0833333333333
yfcc-batch24/19439.mp4, -1, -1, 65.027027027027
yfcc-batch24/19441.mp4, -1, -1, 62.95
yfcc-batch24/19446.mp4, -1, -1, 67.3157894736842
yfcc-batch24/19447.mp4, -1, -1, 60.8048780487805
yfcc-batch24/19450.mp4, -1, -1, 71.8684210526316
yfcc-batch24/19451.mp4, -1, -1, 62.487179487179496
yfcc-batch24/19452.mp4, -1, -1, 64.1951219512195
yfcc-batch24/19453.mp4, -1, -1, 57.428571428571395
yfcc-batch24/19463.mp4, -1, -1, 66.25641025641029
yfcc-batch24/19473.mp4, -1, -1, 56.675
yfcc-batch24/19480.mp4, -1, -1, 69.325
yfcc-batch24/19479.mp4, -1, -1, 65.3589743589744
yfcc-batch24/19482.mp4, -1, -1, 76.7837837837838
yfcc-batch24/19483.mp4, -1, -1, 64.73684210526321
yfcc-batch24/19484.mp4, -1, -1, 69.4615384615385
yfcc-batch24/19486.mp4, -1, -1, 61.512820512820504
yfcc-batch24/19488.mp4, -1, -1, 67.5789473684211
yfcc-batch24/19496.mp4, -1, -1, 46.0512820512821
yfcc-batch24/19500.mp4, -1, -1, 67.2105263157895
yfcc-batch24/19505.mp4, -1, -1, 65.2325581395349
yfcc-batch24/19521.mp4, -1, -1, 67.9473684210526
yfcc-batch24/19525.mp4, -1, -1, 56.878048780487795
yfcc-batch24/19529.mp4, -1, -1, 61.725
yfcc-batch24/19539.mp4, -1, -1, 63.342105263157904
yfcc-batch24/19547.mp4, -1, -1, 67.0512820512821
yfcc-batch24/19559.mp4, -1, -1, 69.5897435897436
yfcc-batch24/19580.mp4, -1, -1, 49.0
yfcc-batch24/19587.mp4, -1, -1, 65.65
yfcc-batch24/19593.mp4, -1, -1, 64.0
yfcc-batch24/19597.mp4, -1, -1, 48.6590909090909
yfcc-batch24/19600.mp4, -1, -1, 72.3720930232558
yfcc-batch24/19605.mp4, -1, -1, 70.125
yfcc-batch24/19608.mp4, -1, -1, 71.925
yfcc-batch24/19610.mp4, -1, -1, 55.7
yfcc-batch24/19613.mp4, -1, -1, 52.128205128205096
yfcc-batch24/19621.mp4, -1, -1, 67.2894736842105
yfcc-batch24/19622.mp4, -1, -1, 47.575
yfcc-batch24/19624.mp4, -1, -1, 58.380952380952394
yfcc-batch24/19629.mp4, -1, -1, 65.3888888888889
yfcc-batch24/19637.mp4, -1, -1, 65.2631578947369
yfcc-batch24/19652.mp4, -1, -1, 64.0512820512821
yfcc-batch24/19654.mp4, -1, -1, 65.0512820512821
yfcc-batch24/19660.mp4, -1, -1, 62.263157894736786
yfcc-batch24/19667.mp4, -1, -1, 66.3333333333333
yfcc-batch24/19671.mp4, -1, -1, 44.7
yfcc-batch24/19674.mp4, -1, -1, 74.35897435897441
yfcc-batch24/19676.mp4, -1, -1, 65.9736842105263
yfcc-batch24/19499.mp4, -1, -1, 69.1794871794872
yfcc-batch24/19223.mp4, -1, -1, 56.6
yfcc-batch24/18863.mp4, -1, -1, 74.5853658536585
yfcc-batch24/18869.mp4, -1, -1, 68.2926829268293
yfcc-batch24/18876.mp4, -1, -1, 71.76190476190479
yfcc-batch24/18892.mp4, -1, -1, 68.0
yfcc-batch24/18895.mp4, -1, -1, 42.65
yfcc-batch24/18897.mp4, -1, -1, 64.1666666666667
yfcc-batch24/18898.mp4, -1, -1, 73.5945945945946
yfcc-batch24/18899.mp4, -1, -1, 68.02325581395351
yfcc-batch24/18902.mp4, -1, -1, 70.4146341463415
yfcc-batch24/18905.mp4, -1, -1, 70.2702702702703
yfcc-batch24/18909.mp4, -1, -1, 82.675
yfcc-batch24/18911.mp4, -1, -1, 73.0909090909091
yfcc-batch24/18917.mp4, -1, -1, 59.20512820512821
yfcc-batch24/18920.mp4, -1, -1, 64.9210526315789
yfcc-batch24/18924.mp4, -1, -1, 64.2272727272727
yfcc-batch24/18927.mp4, -1, -1, 69.02564102564101
yfcc-batch24/18935.mp4, -1, -1, 57.390243902439
yfcc-batch24/18937.mp4, -1, -1, 64.6904761904762
yfcc-batch24/18941.mp4, -1, -1, 77.87804878048779
yfcc-batch24/18952.mp4, -1, -1, 63.023255813953504
yfcc-batch24/18956.mp4, -1, -1, 64.97435897435899
yfcc-batch24/18964.mp4, -1, -1, 66.1025641025641
yfcc-batch24/18968.mp4, -1, -1, 61.725
yfcc-batch24/18971.mp4, -1, -1, 71.5
yfcc-batch24/18978.mp4, -1, -1, 72.6486486486487
yfcc-batch24/18979.mp4, -1, -1, 61.0540540540541
yfcc-batch24/18981.mp4, -1, -1, 61.21428571428571
yfcc-batch24/18986.mp4, -1, -1, 60.435897435897395
yfcc-batch24/18988.mp4, -1, -1, 65.625
yfcc-batch24/18991.mp4, -1, -1, 70.67441860465121
yfcc-batch24/18993.mp4, -1, -1, 66.027027027027
yfcc-batch24/18992.mp4, -1, -1, 51.7317073170732
yfcc-batch24/18999.mp4, -1, -1, 55.7105263157895
yfcc-batch24/19003.mp4, -1, -1, 72.8157894736842
yfcc-batch24/19007.mp4, -1, -1, 66.3846153846154
yfcc-batch24/19013.mp4, -1, -1, 63.6111111111111
yfcc-batch24/19015.mp4, -1, -1, 76.74358974358971
yfcc-batch24/19017.mp4, -1, -1, 74.45
yfcc-batch24/19018.mp4, -1, -1, 68.725
yfcc-batch24/19019.mp4, -1, -1, 66.2
yfcc-batch24/19024.mp4, -1, -1, 59.410256410256395
yfcc-batch24/19031.mp4, -1, -1, 73.452380952381
yfcc-batch24/19034.mp4, -1, -1, 75.8
yfcc-batch24/19039.mp4, -1, -1, 71.97435897435899
yfcc-batch24/19040.mp4, -1, -1, 64.2051282051282
yfcc-batch24/19043.mp4, -1, -1, 59.75
yfcc-batch24/19047.mp4, -1, -1, 68.8157894736842
yfcc-batch24/19052.mp4, -1, -1, 67.7179487179487
yfcc-batch24/19055.mp4, -1, -1, 63.0540540540541
yfcc-batch24/19056.mp4, -1, -1, 61.71428571428571
yfcc-batch24/19060.mp4, -1, -1, 65.8461538461538
yfcc-batch24/19065.mp4, -1, -1, 67.5853658536585
yfcc-batch24/19067.mp4, -1, -1, 49.6111111111111
yfcc-batch24/19066.mp4, -1, -1, 61.90243902439021
yfcc-batch24/19069.mp4, -1, -1, 66.5789473684211
yfcc-batch24/19068.mp4, -1, -1, 66.78048780487799
yfcc-batch24/19072.mp4, -1, -1, 71.1428571428571
yfcc-batch24/19074.mp4, -1, -1, 77.1794871794872
yfcc-batch24/19085.mp4, -1, -1, 71.9230769230769
yfcc-batch24/19093.mp4, -1, -1, 65.35
yfcc-batch24/19096.mp4, -1, -1, 68.10526315789471
yfcc-batch24/19100.mp4, -1, -1, 61.777777777777786
yfcc-batch24/19102.mp4, -1, -1, 71.7105263157895
yfcc-batch24/19105.mp4, -1, -1, 70.45
yfcc-batch24/19106.mp4, -1, -1, 62.880952380952394
yfcc-batch24/19108.mp4, -1, -1, 60.2926829268293
yfcc-batch24/19111.mp4, -1, -1, 65.4615384615385
yfcc-batch24/19119.mp4, -1, -1, 36.6666666666667
yfcc-batch24/19120.mp4, -1, -1, 60.6315789473684
yfcc-batch24/19122.mp4, -1, -1, 72.375
yfcc-batch24/19130.mp4, -1, -1, 63.410256410256395
yfcc-batch24/19131.mp4, -1, -1, 57.0
yfcc-batch24/19139.mp4, -1, -1, 64.91428571428571
yfcc-batch24/19142.mp4, -1, -1, 55.4634146341463
yfcc-batch24/19143.mp4, -1, -1, 75.4871794871795
yfcc-batch24/19144.mp4, -1, -1, 50.675
yfcc-batch24/19151.mp4, -1, -1, 63.487179487179496
yfcc-batch24/19153.mp4, -1, -1, 65.1578947368421
yfcc-batch24/19154.mp4, -1, -1, 65.3589743589744
yfcc-batch24/19156.mp4, -1, -1, 62.657894736842096
yfcc-batch24/19158.mp4, -1, -1, 63.2439024390244
yfcc-batch24/19167.mp4, -1, -1, 66.5
yfcc-batch24/19173.mp4, -1, -1, 65.7948717948718
yfcc-batch24/19174.mp4, -1, -1, 66.0
yfcc-batch24/19182.mp4, -1, -1, 60.2105263157895
yfcc-batch24/19183.mp4, -1, -1, 62.6666666666667
yfcc-batch24/19187.mp4, -1, -1, 76.4285714285714
yfcc-batch24/19190.mp4, -1, -1, 57.7179487179487
yfcc-batch24/19191.mp4, -1, -1, 44.275
yfcc-batch24/19199.mp4, -1, -1, 67.4
yfcc-batch24/19200.mp4, -1, -1, 69.3243243243243
yfcc-batch24/19201.mp4, -1, -1, 68.67647058823529
yfcc-batch24/19210.mp4, -1, -1, 57.575
yfcc-batch24/19211.mp4, -1, -1, 69.0243902439025
yfcc-batch24/19215.mp4, -1, -1, 70.3846153846154
yfcc-batch24/19216.mp4, -1, -1, 64.23076923076921
yfcc-batch24/19221.mp4, -1, -1, 75.0
yfcc-batch24/19222.mp4, -1, -1, 68.9210526315789
yfcc-batch25/19686.mp4, -1, -1, 71.80555555555559
yfcc-batch25/19694.mp4, -1, -1, 67.075
yfcc-batch25/19702.mp4, -1, -1, 60.89743589743589
yfcc-batch25/19703.mp4, -1, -1, 56.89473684210521
yfcc-batch25/19707.mp4, -1, -1, 77.5
yfcc-batch25/19708.mp4, -1, -1, 71.3611111111111
yfcc-batch25/19709.mp4, -1, -1, 68.15151515151521
yfcc-batch25/19710.mp4, -1, -1, 70.7659574468085
yfcc-batch25/19711.mp4, -1, -1, 56.2
yfcc-batch25/19714.mp4, -1, -1, 62.55
yfcc-batch25/19719.mp4, -1, -1, 73.6304347826087
yfcc-batch25/19721.mp4, -1, -1, 61.3888888888889
yfcc-batch25/19729.mp4, -1, -1, 71.62162162162159
yfcc-batch25/19737.mp4, -1, -1, 61.89743589743589
yfcc-batch25/19748.mp4, -1, -1, 75.84848484848479
yfcc-batch25/19751.mp4, -1, -1, 69.5142857142857
yfcc-batch25/19760.mp4, -1, -1, 72.4615384615385
yfcc-batch25/19763.mp4, -1, -1, 59.461538461538495
yfcc-batch25/19765.mp4, -1, -1, 70.1666666666667
yfcc-batch25/19766.mp4, -1, -1, 69.3513513513513
yfcc-batch25/19774.mp4, -1, -1, 60.5789473684211
yfcc-batch25/19780.mp4, -1, -1, 60.526315789473706
yfcc-batch25/19788.mp4, -1, -1, 74.175
yfcc-batch25/19792.mp4, -1, -1, 61.0789473684211
yfcc-batch25/19799.mp4, -1, -1, 57.475
yfcc-batch25/19801.mp4, -1, -1, 63.3076923076923
yfcc-batch25/19808.mp4, -1, -1, 71.3243243243243
yfcc-batch25/19812.mp4, -1, -1, 53.15
yfcc-batch25/19818.mp4, -1, -1, 66.0
yfcc-batch25/19825.mp4, -1, -1, 79.1794871794872
yfcc-batch25/19845.mp4, -1, -1, 70.5
yfcc-batch25/19846.mp4, -1, -1, 57.780487804878
yfcc-batch25/19849.mp4, -1, -1, 67.4545454545455
yfcc-batch25/19855.mp4, -1, -1, 67.1351351351351
yfcc-batch25/19856.mp4, -1, -1, 64.0512820512821
yfcc-batch25/19858.mp4, -1, -1, 66.8
yfcc-batch25/19870.mp4, -1, -1, 73.3
yfcc-batch25/19875.mp4, -1, -1, 58.55
yfcc-batch25/19876.mp4, -1, -1, 58.4146341463415
yfcc-batch25/19877.mp4, -1, -1, 76.8461538461538
yfcc-batch25/19881.mp4, -1, -1, 68.425
yfcc-batch25/19886.mp4, -1, -1, 75.5
yfcc-batch25/19887.mp4, -1, -1, 70.7674418604651
backup/24954.mp4, -1, -1, 75.58974358974359
backup/24991.mp4, -1, -1, 73.5454545454545
backup/24978.mp4, -1, -1, 54.130952380952394
backup/24983.mp4, -1, -1, 77.1904761904762
backup/24992.mp4, -1, -1, 50.9326923076923
backup/24933.mp4, -1, -1, 48.4444444444444
backup/24951.mp4, -1, -1, 75.2162162162162
backup/24976.mp4, -1, -1, 73.0
backup/24979.mp4, -1, -1, 77.0602409638554
backup/24947.mp4, -1, -1, 55.1727272727273
backup/24926.mp4, -1, -1, 69.3536585365854
backup/24967.mp4, -1, -1, 38.4117647058824
backup/24990.mp4, -1, -1, 63.9090909090909
backup/24920.mp4, -1, -1, 69.7714285714286
backup/24968.mp4, -1, -1, 65.2258064516129
backup2/b1.mp4, -1, -1, 61.03571428571429
backup2/b2.mp4, -1, -1, 60.3448275862069
backup2/b3.mp4, -1, -1, 60.28571428571429
backup2/b9.mp4, -1, -1, 50.7666666666667
backup2/b10.mp4, -1, -1, 52.514285714285705
backup2/b21.mp4, -1, -1, 47.313725490196106
backup2/b26.mp4, -1, -1, 62.459459459459495
backup2/b56.mp4, -1, -1, 69.36
backup2/b58.mp4, -1, -1, 71.9152542372881
backup2/b61.mp4, -1, -1, 76.4
backup2/b66.mp4, -1, -1, 60.6206896551724
backup2/b68.mp4, -1, -1, 58.1
backup2/b73.mp4, -1, -1, 72.9387755102041
backup2/b74.mp4, -1, -1, 70.078431372549
ia-batch1/ectpa-ECTV_LIVE_May_1_2017_Lackawanna_College_Enviornmental_Center.mp4, -1, -1, 61.88571428571429
ia-batch1/coeor-City_Council_Meeting_02-23-2015.mp4, -1, -1, 44.7272727272727
ia-batch1/Talking_with_Greenhills_-_November_2017.mp4, -1, -1, 43.5757575757576
ia-batch1/Brookside_Gardens_Chrysanthemum_Show.mp4, -1, -1, 81.2666666666667
ia-batch1/Cooking_with_MFRD_October_2017.mp4, -1, -1, 73.6875
ia-batch1/Mike_Doughty_Vegetable_Live_at_KDHX_10_29_11.mp4, -1, -1, 59.0
ia-batch1/World_Beat_2012_OK2Botay_11.mp4, -1, -1, 49.0
ia-batch1/Wayzata_girls_claim_state_Nordic_ski_title.mp4, -1, -1, 60.4838709677419
ia-batch1/Community_Connection_September_2017_Fridley_MN.mp4, -1, -1, 83.5882352941177
ia-batch1/punkcast1251.mp4, -1, -1, 60.3611111111111
ia-batch1/youtube-4d2nmlXcN3w.mp4, -1, -1, 74.0606060606061
ia-batch1/youtube-P6U_lq5OicU.mp4, -1, -1, 38.02777777777779
ia-batch1/Northeast_Middle_School_s_Environmental_Club_Activities_12-3-15.mp4, -1, -1, 56.71428571428571
ia-batch1/bratt2vt-Neighbor_B_Hansson.mp4, -1, -1, 55.8181818181818
ia-batch1/mctvca-Millbrae_School_District_Meeting_-_March_5_2019.mp4, -1, -1, 64.85294117647061
ia-batch1/rofkc.mp4, -1, -1, 59.6111111111111
ia-batch1/youtube-fefPMQscAKQ.mp4, -1, -1, 43.17142857142861
ia-batch1/Campaign_2016_Kasich_Part_1.mp4, -1, -1, 74.5714285714286
ia-batch1/cogcks-Finney_County_Economic_Development_Corporation_February_2018_Meeting.mp4, -1, -1, 59.1388888888889
ia-batch1/rbtvil-Rep._Capital_Improvements_-_Life_Safety_Project_Summary_03-13-18.mp4, -1, -1, 40.3928571428571
ia-batch1/youtube-x2YFteoveAY.mp4, -1, -1, 52.290322580645196
ia-batch1/Relay_For_Life_-_2011.mp4, -1, -1, 52.96774193548389
ia-batch1/youtube-dCoMzlmiuQ8.mp4, -1, -1, 73.9310344827586
ia-batch1/Rodeo_Competitors_Bring_Joy_to_Give_Kids_The_World.mp4, -1, -1, 69.0
ia-batch1/youtube-13KBXT6XIk4.mp4, -1, -1, 49.5161290322581
ia-batch1/Sychronized_Swimming_Championship.mp4, -1, -1, 48.9375
ia-batch1/Board_of_Commissioners_and_CRA_October_17_2017.mp4, -1, -1, 51.764705882352885
ia-batch1/youtube-rX0l0In1WGM.mp4, -1, -1, 46.3333333333333
ia-batch1/youtube-6xxggelRuM0.mp4, -1, -1, 62.45161290322579
ia-batch1/Santa_Monica_Public_Library_Living_Room_PSA.mp4, -1, -1, 49.363636363636395
ia-batch1/nwctc-Maple_Grove_Softball_Blanks_Osseo_In_Playoff_Opener.mp4, -1, -1, 51.3333333333333
ia-batch1/youtube-KxkMg4-viLU.mp4, -1, -1, 39.1481481481482
ia-batch1/The_Sharon_Timlin_Memorial_5K_Color_Run_and_Family_Fun_Event.mp4, -1, -1, 74.05555555555559
ia-batch1/The_A-List_-_Wendy_Snyder_Jimmy_Mac.mp4, -1, -1, 51.8484848484849
ia-batch1/ONTV_Fantasy_Football_League_-_Week_16.mp4, -1, -1, 68.40625
ia-batch1/Board_of_Zoning_Appeals_-_10_01_15.mp4, -1, -1, 52.375
ia-batch1/youtube-UdaDgHrX188.mp4, -1, -1, 53.735294117647115
ia-batch1/vf_persona4_73_panda_3500.mp4, -1, -1, 49.125
ia-batch1/Das_Karnival_12_HARBOR.mp4, -1, -1, 56.59375
ia-batch1/coasc-Aiken_Design_Review_Board_-_February_6_2018.mp4, -1, -1, 40.551724137931
ia-batch1/School_Committee_Meeting_5_10_10_Part_8.mp4, -1, -1, 53.5666666666667
ia-batch1/Fire_Station_Construction_Celebration.mp4, -1, -1, 77.40625
ia-batch1/Brooklyn_Center_Mural_Project.mp4, -1, -1, 55.4814814814815
ia-batch1/The_SportsDesk_38.12_-_Torrance_CitiCABLE_-_November_13-19_2012.mp4, -1, -1, 46.9090909090909
ia-batch1/STPETERSCHURCHCOUNDHEWHOWOULDVALIANTBE.mp4, -1, -1, 63.1818181818182
ia-batch1/youtube-iIiVL1vCjBc.mp4, -1, -1, 45.366666666666696
ia-batch1/wtvnj-School_29_Spring_Concert_-_2019.mp4, -1, -1, 53.5294117647059
ia-batch1/codmi-Groundbreaking_for_The_Union_at_Dearborn.mp4, -1, -1, 52.9393939393939
ia-batch1/rectvma-RSO_2019_Final.mp4, -1, -1, 35.27027027027029
ia-batch1/Brooklyn_Center_at_Minnehaha_Football_Highlights.mp4, -1, -1, 62.085714285714296
ia-batch1/Columbus_Day_Curbside_Collection_Daylate.mp4, -1, -1, 35.4
ia-batch1/You_re_Kind_of_a_Big_Deal_-_Episode_01.mp4, -1, -1, 79.1111111111111
ia-batch1/Medfield_People_-_Nicole_Tongue_Website_Designer_11_2013.mp4, -1, -1, 44.6969696969697
ia-batch1/EemanSeries1FaithInAllahExistancewww.islamvermont.com.mp4, -1, -1, 61.1666666666667
ia-batch1/Sussex_School_Investigates_Paper_Usage_At_City_Hall.mp4, -1, -1, 40.91428571428569
ia-batch1/dni.ncaa.CVI-SUR_R_988-UMHB.mp4, -1, -1, 55.8125
ia-batch1/Should_the_Wizards_breakup_Wall_and_Beal_-_The_Roundball_Report.mp4, -1, -1, 40.3529411764706
ia-batch1/Disc_Golf_Live_NS14B_001.mp4, -1, -1, 43.0
ia-batch1/Buttonwood_Park_Zoo_-_Cougar.mp4, -1, -1, 76.64516129032259
ia-batch1/youtube-bIsw4E_MW5c.mp4, -1, -1, 60.4375
ia-batch1/youtube-hjHCemFdmxw.mp4, -1, -1, 55.09375
ia-batch1/O_FallonTV_-_Most_Wanted_1-17-17_O_Fallon_Missouri.mp4, -1, -1, 71.0
ia-batch1/sfcoca-Jon_Axis_and_Leo_Apollon_-_Open_Mic_4_22_16.mp4, -1, -1, 56.8529411764706
ia-batch1/bratt2vt-In_a_Workday_-_A_Video_Short_by_Hazen_McKinney.mp4, -1, -1, 46.68571428571429
ia-batch1/bigclivedotcom-638_20120824.mp4, -1, -1, 52.05882352941179
ia-batch1/youtube-81cEyHPr6Nw.mp4, -1, -1, 55.4571428571429
ia-batch1/youtube-f4G-0Yshxug.mp4, -1, -1, 50.1944444444444
ia-batch1/Electric_and_hybrid_cars._10-3-17.mp4, -1, -1, 60.3448275862069
ia-batch1/youtube-zBSEi-522A.mp4, -1, -1, 59.9428571428571
ia-batch1/bliptv-20131012-205523-AltarTV-InsideManPart2AnInterviewWithJohnFeldmann476.mp4, -1, -1, 74.5454545454546
ia-batch1/bptvpa-ims_stage_band_3-14-13.mp4, -1, -1, 51.0833333333333
ia-batch1/David_Miller.mp4, -1, -1, 53.764705882352885
ia-batch1/Willmar_City_Council_Meeting_-_October_17_2011.mp4, -1, -1, 38.6470588235294
ia-batch1/NRHS_Space_Needs_04feb16.mp4, -1, -1, 44.1935483870968
ia-batch1/Monona_City_Council_6_6_16.mp4, -1, -1, 46.9090909090909
ia-batch1/Pupia-PareteCESaglioccoSulleElezioniATrentolaDucenta200411380-3.mp4, -1, -1, 68.7666666666667
ia-batch1/Zebra_Mussels_Not_Welcome_Here.mp4, -1, -1, 46.7575757575758
ia-batch1/Wareham_Board_of_Selectmen_Meeting_4-27-2015.mp4, -1, -1, 58.03125
ia-batch1/Captain_s_Manor_Inn_-_Staying_at_the_Inn.mp4, -1, -1, 58.67647058823529
ia-batch1/youtube-Ku0nlnPYQf0.mp4, -1, -1, 74.0322580645161
ia-batch1/stvma-Rte_117_Improvements_Sept_2018_Jan_2019.mp4, -1, -1, 70.9090909090909
ia-batch1/ucberkeley_webcast_POjtcfFsGEQ.mp4, -1, -1, 45.527777777777786
ia-batch1/BeauSabreurTrailer.mp4, -1, -1, 37.6285714285714
ia-batch1/coasc-Board_of_Zoning_Appeals_Feb_26_2019.mp4, -1, -1, 39.8333333333333
ia-batch1/bliptv-20131031-054532-Bhblog-BrooklynBugleSessionsCobyGrant569.mp4, -1, -1, 61.7297297297297
ia-batch1/Every_Movie_Ever_-_Nancy_Drew_Detective.mp4, -1, -1, 74.4375
ia-batch1/blmtwpmiv-Hypertension.mp4, -1, -1, 63.7272727272727
ia-batch1/Behind_the_Scenes_-_The_Field_Museum.mp4, -1, -1, 44.8275862068966
ia-batch1/Sports_Jam_Spotlight_-_Max_Zimmer.mp4, -1, -1, 53.5833333333333
ia-batch1/youtube-dXui17pw2z8.mp4, -1, -1, 35.28125
ia-batch1/youtube-sdhY41EiTms.mp4, -1, -1, 29.8787878787879
ia-batch1/Tour_of_Liberty_High_School_s_new_gymnasium.mp4, -1, -1, 51.125
ia-batch1/Polk_Place_7_Rivers_Water_Festival_and_Cardboard_Cutout_Challenge.mp4, -1, -1, 76.1612903225806
ia-batch1/youtube-X9ticuRBV3w.mp4, -1, -1, 66.3333333333333
ia-batch1/Wareham_Selectmen_Meeting_5-7-2013.mp4, -1, -1, 40.06666666666671
ia-batch1/colcav-Topco_Solar_Field_Press_Conference_City_of_Lancaster.mp4, -1, -1, 76.9032258064516
ia-batch1/ncgvtvca-On_The_Town_Feb_2018.mp4, -1, -1, 51.21875
ia-batch1/SCVTV.com_7_7_2011_The_White_House_-_West_Wing_Week.mp4, -1, -1, 54.0
ia-batch1/youtube-KmB63BKuzZ0.mp4, -1, -1, 77.18918918918921
ia-batch1/youtube-JQb2mvPB6E0.mp4, -1, -1, 40.575757575757606
ia-batch1/School_Buildings_Committee_meeting_from_September_24_2013.mp4, -1, -1, 34.8620689655172
ia-batch1/North_Shore_Recycled_Fibers.mp4, -1, -1, 35.1724137931034
ia-batch1/youtube-M79HexpTh9M.mp4, -1, -1, 39.5
ia-batch1/V016_ExamplesFromAnimationLab.mp4, -1, -1, 30.419354838709694
ia-batch1/tbcama-1_North_Main_-_281_BAWIB_Kids_Concert.mp4, -1, -1, 52.5625
ia-batch1/codtx-Denton_Ventures_-_Hickory_Street_-_Mellow_Mushroom.mp4, -1, -1, 70.5
ia-batch1/youtube-LZ81uXsJva8.mp4, -1, -1, 69.4571428571429
ia-batch1/Do_Go_for_the_Week_Beginning_April_11_2013.mp4, -1, -1, 48.1176470588235
ia-batch1/bratt2vt-Leland_and_Gray_School_Board_Meeting_12_10_14.mp4, -1, -1, 52.241379310344804
ia-batch1/Vipers_Nest_-_Coach_Chris_Finch.mp4, -1, -1, 54.8965517241379
ia-batch1/nasa-and-optimus-prime-team-up-ANwlI_zKe3k.mp4, -1, -1, 81.82857142857141
ia-batch1/Show_Off_Talent_Contest_2014.mp4, -1, -1, 74.9032258064516
ia-batch1/bliptv-20131031-022004-Black5video-FarmerMovingSouthBR1952566.mp4, -1, -1, 60.6388888888889
ia-batch1/Egypt-ProtestorsRiseAgainstTyranny.mp4, -1, -1, 52.0344827586207
ia-batch1/tbcama-Shoe_City_Scoop_-_149.mp4, -1, -1, 61.71875
ia-batch1/Drpoulette-CSIAdvertisementInMexicoCity301.mp4, -1, -1, 50.2424242424242
ia-batch1/youtube-6ynfZa2y5mM.mp4, -1, -1, 41.1935483870968
ia-batch1/Candidate_Forum_Hosted_By_Fallsmead_Homes_Corporation.mp4, -1, -1, 47.34285714285711
ia-batch1/Every_Movie_Ever-_Waxwork_II_-_Lost_in_Time.mp4, -1, -1, 75.54285714285709
ia-batch1/City_Commission_Meeting_4-6-16.mp4, -1, -1, 59.866666666666696
ia-batch1/SCTV_Scituate_Thursday_Talks_Bill_Sexton_Cartoonist.mp4, -1, -1, 49.32142857142861
ia-batch1/You_and_the_Law_with_Bob_Lally_Steven_Cilente_20_Traffic_Stop.mp4, -1, -1, 60.8484848484849
ia-batch1/youtube-YmDkyEeR_uQ.mp4, -1, -1, 52.4571428571429
ia-batch1/The_Local_Music_Scene_12_-_Zagnutt_Agave_Mojo.mp4, -1, -1, 53.6451612903226
ia-batch1/SOMAtv_-_You_Your_Pets_-_December_11th_2012_-_Show_2.mp4, -1, -1, 60.125
ia-batch1/youtube-J81HZaD7xP4.mp4, -1, -1, 46.741935483871
ia-batch1/youtube-LLewTt2O1xk.mp4, -1, -1, 46.82857142857139
ia-batch1/cattvvt-Bennington_Development_Review_Board_-_6_19_18.mp4, -1, -1, 68.0740740740741
ia-batch1/ucberkeley_webcast_NXrQ6RqN-K4.mp4, -1, -1, 61.8484848484849
ia-batch1/youtube-3DY9NZAUgHY.mp4, -1, -1, 24.405405405405396
ia-batch1/cobmd-CH_Rm_201.mp4, -1, -1, 60.7837837837838
ia-batch1/youtube-J3TkKskyK8Q.mp4, -1, -1, 56.45161290322579
ia-batch1/btvnj-MIF_408_MPARKS_Sam_Skinner.mp4, -1, -1, 68.1707317073171
ia-batch1/youtube-gM_FAZYiAr8.mp4, -1, -1, 30.178571428571402
ia-batch1/MoveOverDollyScientistsCloneTwoMonkeys.mp4, -1, -1, 66.65517241379311
ia-batch1/youtube-Qat7-EqqyOg.mp4, -1, -1, 51.7714285714286
ia-batch1/youtube-yqHZifPnMyo.mp4, -1, -1, 52.5
ia-batch1/youtube-KsAYWOZ5lZI.mp4, -1, -1, 73.0
ia-batch1/whctvct-Be_The_Media_November_2015.mp4, -1, -1, 38.59459459459461
ia-batch1/tvce1qc-Defile_mode_relais_pour_la_vie.mp4, -1, -1, 60.84375
ia-batch1/ncgvtvca-On_the_Town_April_2018.mp4, -1, -1, 64.5714285714286
ia-batch1/SPONSORS_of_the_2012_National_Speech_and_Debate_Tournament.mp4, -1, -1, 59.741935483871
ia-batch1/bliptv-20131031-013239-BWABlaine-LakeEriePresqueIsleBay337.mp4, -1, -1, 62.63636363636361
ia-batch1/Engaging_Disadvantaged_Youth_in_National_Service.mp4, -1, -1, 65.1935483870968
ia-batch1/Storm_damage_woes_-_What_insurance_does_not_cover.mp4, -1, -1, 63.741935483871
ia-batch1/CREST_Awards_2013_-_LaWanda_Moore-Khorsand.mp4, -1, -1, 44.2424242424242
ia-batch1/The_Vault-January_1998.mp4, -1, -1, 46.4838709677419
ia-batch1/youtube_UCshPybKGgiQ4IsLLBCGkT2g.mp4, -1, -1, 66.23684210526321
ia-batch1/SPD_-_Home_Safety_Survey.mp4, -1, -1, 49.6666666666667
ia-batch1/ucberkeley_webcast_smJ4BdzejKw.mp4, -1, -1, 41.9285714285714
ia-batch1/Board_of_Aldermen_November_17_2017_10_00_32_AM.mp4, -1, -1, 50.5151515151515
ia-batch1/youtube-byT9efvrlQc.mp4, -1, -1, 56.8378378378378
ia-batch1/Polk_Today_Tuesday_20140909.mp4, -1, -1, 58.25
ia-batch1/Community_for_Care_Committee_Meeting_April_1_2015.mp4, -1, -1, 45.34375
ia-batch1/Triple_P_-_Provider_Profile_-_Vashti_Kittrell.mp4, -1, -1, 88.8620689655172
ia-batch1/NEWS_-_Shelby_Township_Clean_up_day_coming_up_April_29th_-_4.24.2017.mp4, -1, -1, 76.0
ia-batch1/Conservation_Commission_-_11_20_2013.mp4, -1, -1, 27.961538461538506
ia-batch1/End_of_Mosquito_Season_No_Cases_Reported.mp4, -1, -1, 74.3636363636364
ia-batch1/youtube-epL5gxLw22M.mp4, -1, -1, 55.7575757575758
ia-batch1/Story_Extravaganza_2012.mp4, -1, -1, 68.2162162162162
ia-batch1/bratt2vt-Sandglass_Theater_Company_presents_Puppets_in_Paradise_2013.mp4, -1, -1, 47.21875
ia-batch1/Somerville_MA_s_All-America_City_Winning_Presentation_-_6.18.09.mp4, -1, -1, 25.678571428571402
ia-batch1/Zombie_Lands_Boys_and_Girls_Club_Missoula.mp4, -1, -1, 66.5151515151515
ia-batch1/cig_0664-Baltimore_At_Work_-_Permit_Questions_Answered_June_5_2019.mp4, -1, -1, 83.5714285714286
ia-batch1/The_CHIC_Chat_November_14_2017.mp4, -1, -1, 50.074074074074105
ia-batch1/youtube-Q2TcntThhkk.mp4, -1, -1, 65.67647058823529
ia-batch1/youtube-QsOeE2pkELk.mp4, -1, -1, 50.540540540540505
ia-batch1/Missouri_City_-_City_Council_Meeting_-_March_02_2015.mp4, -1, -1, 56.096774193548406
ia-batch1/What_s_Happening_Waupaca_9_28_-_Hutching_House_and_King_Cottage.mp4, -1, -1, 53.3125
ia-batch1/Beginnings_-_Alive_Again.mp4, -1, -1, 53.0333333333333
ia-batch1/PSA_-_Hazardous_Waste.mp4, -1, -1, 55.0
ia-batch1/Youth_Library_July_15_to_21st.mp4, -1, -1, 52.972972972973004
ia-batch1/sttvmi-Shelby_TV_Sports_Break_-_Eisenhower_vs._Rochester_Adams_Boys_Basketball_Districts.mp4, -1, -1, 65.4
ia-batch1/Selectmen_Meeting_6_16_08_Part_5.mp4, -1, -1, 39.4
ia-batch1/youtube-OSos6kiI-cs.mp4, -1, -1, 57.8
ia-batch1/Flickr-27900606124.mp4, -1, -1, 63.7333333333333
ia-batch1/bptvpa-Down_on_the_Homestead_A_Frontier_Thanksgiving.mp4, -1, -1, 52.375
ia-batch1/MegaDriveLongplay417IndianaJonesAndTheLastCrusade.mp4, -1, -1, 53.1428571428571
ia-batch1/youtube-c8MZRBp-fdM.mp4, -1, -1, 58.32352941176471
ia-batch1/youtube-39RI0jP2ZKU.mp4, -1, -1, 34.1111111111111
ia-batch1/Reading_Tails_-_Rockingham_K9.mp4, -1, -1, 71.17142857142859
ia-batch1/Christian_Millennials.mp4, -1, -1, 59.8484848484849
ia-batch1/Vollies_2014_Nominee_Best_Youth_Program_-_Heroes_of_the_Tabletop.mp4, -1, -1, 59.322580645161295
ia-batch1/Wheat_Ridge_Top_of_the_Hour_-_Floodplains_-_March_2014.mp4, -1, -1, 66.9333333333333
ia-batch1/Developers_Break_Ground_on_Clarksburg_Premium_Outlets.mp4, -1, -1, 69.1612903225806
ia-batch1/Special_Needs_Shelters_-_Prepare_to_Survive.mp4, -1, -1, 77.4516129032258
ia-batch1/Oshkosh_Today_12_28_16_Oshkosh_Area_Humane_Society_-_Winter_Tips_for_Your_Pets.mp4, -1, -1, 63.71875
ia-batch1/D2_Boys_100_Fly_Heat_3.mp4, -1, -1, 59.3030303030303
ia-batch1/Colorado_s_Center_for_Women_s_Health_Research.mp4, -1, -1, 72.2424242424242
ia-batch1/Election_09_Bob_Hansen_Mayoral_Candidate_-_Vintage_TVSB.mp4, -1, -1, 48.15625
ia-batch1/Wareham_Planning_Board_Meeting_8-24-2016.mp4, -1, -1, 46.842105263157904
ia-batch1/ScottPhillipsWalkingBlues1985.mp4, -1, -1, 47.290322580645196
ia-batch1/PerEnfrentamientosConLaPolicaDuranteHuelgaGeneralPorReformasLaborales.mp4, -1, -1, 43.51724137931029
ia-batch1/Seniors_Today_135_February_2014.mp4, -1, -1, 56.82857142857139
ia-batch1/theCITY_EP55_City_Engineer_Russell_Pehl.mp4, -1, -1, 80.9411764705882
ia-batch1/blmtwpmiv-Holiday_and_Divorce.mp4, -1, -1, 44.6470588235294
ia-batch1/youtube-8BbGY2v_w5s.mp4, -1, -1, 33.0833333333333
ia-batch1/Rockville_Tree_Clean-up_Effort.mp4, -1, -1, 48.78125
ia-batch1/County_Chronicles_-_Lighting_the_Candle_-_Kwanzaa.mp4, -1, -1, 52.551724137931004
ia-batch1/Session_1-_170lbs_D2_Jacob_Potok_St._Vincent_St_Mary_-vs_Mitch_Moore_St_Paris_Graham.mp4, -1, -1, 75.5625
ia-batch2/County_increases_contribution_to_the_One_Summer_Program.mp4, -1, -1, 64.4716981132076
ia-batch2/Anoka_County_Marks_Law_Day.mp4, -1, -1, 49.745098039215705
ia-batch2/THe_Local_Live_148_Pet_of_the_week_Praline.mp4, -1, -1, 75.4285714285714
ia-batch2/Sports_Den_Highlight_-_5_Centennial_at_4_Wayzata_Football_-_10_26_18.mp4, -1, -1, 71.86
ia-batch2/youtube-RaznefZ8vCI.mp4, -1, -1, 48.5178571428571
ia-batch2/Be_You_Say_Bye_-_Episode_93.mp4, -1, -1, 57.50980392156861
ia-batch2/18_10_19_11_01_15PM.mp4, -1, -1, 29.0
ia-batch2/Wareham_Finance_Committee_Meeting_3-18-2015.mp4, -1, -1, 43.745098039215705
ia-batch2/archiveteam_videobot_twitter_com_795198159018397696.mp4, -1, -1, 61.65384615384621
ia-batch2/Compassion_Speaks_June_2017.mp4, -1, -1, 80.6382978723405
ia-batch2/youtube-XCLSaMJWLBg.mp4, -1, -1, 34.448979591836704
ia-batch2/blmtwpmiv-Technology_and_Life.mp4, -1, -1, 52.2641509433962
ia-batch2/youtube-7tMeHkmwTfw.mp4, -1, -1, 52.924528301886795
ia-batch2/Bloomington_Today_-_The_BUZZ_May_15_-_21.mp4, -1, -1, 59.41509433962261
ia-batch2/01.19.2016_Marshall_Public_Schools_Board_Meeting.mp4, -1, -1, 45.9166666666667
ia-batch2/City_Hall_Parking_Lot_M_Construction_Time_Lapse_KMedPo4Ob3s.mp4, -1, -1, 74.2352941176471
ia-batch2/Authors_Revealed_-_Rosemary_Wells.mp4, -1, -1, 50.6037735849057
ia-batch2/Metro_Edition_-_Louisville_Ballet_Rehearses_for_World_Premiere.mp4, -1, -1, 55.377358490565996
ia-batch2/Woburn_Kiwanis_Club_Ice_Bucket_Challenge_2015.mp4, -1, -1, 56.1698113207547
ia-batch2/youtube-4u8abGQF_mw.mp4, -1, -1, 49.6326530612245
ia-batch2/comfl-State_of_City_Address_2019.mp4, -1, -1, 74.13725490196079
ia-batch2/DrZakirNaikWhyYouCouldHaveFourWivesAndOneHusbandPolygamyInIslam.mp4, -1, -1, 59.6153846153846
ia-batch2/Burritoelectricotv-BurritoElectricoTV28458-2.mp4, -1, -1, 47.2452830188679
ia-batch2/Aspen_Environment_Forum_2009_-_NOAA_Administrator_Jane_Lubchenco.mp4, -1, -1, 45.7924528301887
ia-batch2/tncoh-Norwood_Middle_High_School_Orchestra_Concert_2019.mp4, -1, -1, 65.5762711864407
ia-batch2/A2_in_60_-_Sonic_Lunch.mp4, -1, -1, 46.0652173913044
ia-batch2/Out_On_The_Town_Episode_2.mp4, -1, -1, 61.9591836734694
ia-batch2/aggwmn-2017.01.03_Arlington_City_Council_Meeting.mp4, -1, -1, 56.4444444444444
ia-batch2/ctv3in-School_Board_-_May_8th_2018.mp4, -1, -1, 60.156862745097996
ia-batch2/09_27_12_Transportation_Licensing_Commission_Meeting.mp4, -1, -1, 60.7962962962963
ia-batch2/Cultural_Capital_Old_School_Square_Delray_Beach.mp4, -1, -1, 63.2592592592593
ia-batch2/yt-ghonszah.mp4, -1, -1, 57.078431372549
ia-batch2/Discussion_Part_1_080911.mp4, -1, -1, 50.7826086956522
ia-batch2/Metro_Public_Health_Learning_Collaborative.mp4, -1, -1, 37.25
ia-batch2/Pitt_County_-_Wanted_for_March_21_2011.mp4, -1, -1, 62.0833333333333
ia-batch2/youtube-aZp8ne3G39E.mp4, -1, -1, 36.9433962264151
ia-batch2/SCVTV.com_1_24_2012_Girls_Basketball_-_Golden_Valley_vs._Saugus_Q2.mp4, -1, -1, 50.195652173913096
ia-batch2/csdmd-Bel_Air_vs_C._Milton_Wright_Girls_Soccer_3A_North_Regional_Semifinal.mp4, -1, -1, 49.9782608695652
ia-batch2/Planning_Commission_3_27_14.mp4, -1, -1, 47.66
ia-batch2/TV23_s_Coverage_of_the_Marietta_Veterans_Day_Parade_2012.mp4, -1, -1, 44.6122448979592
ia-batch2/2013_Ste._Genevieve_County_Fair_Greased_Pig_Contest_7_14_13.mp4, -1, -1, 41.1632653061225
ia-batch2/Board_of_Selectmen_Meeting_2_22_10_Pt1.mp4, -1, -1, 38.45098039215689
ia-batch2/Parks_and_Recreation_Commission_Meeting_1_13_16.mp4, -1, -1, 47.372549019607895
ia-batch2/12-28-11_Church_Fire.mp4, -1, -1, 52.1730769230769
ia-batch2/youtube-xTZASWquNiU.mp4, -1, -1, 40.6470588235294
ia-batch2/Rethinking_Education_Philanthropy.mp4, -1, -1, 61.70588235294121
ia-batch2/Aldersgate_United_Methodist_Church_-_Sunday_Services_-_North_Reading_9_22_13.mp4, -1, -1, 59.46428571428571
ia-batch2/Varsity_Wrestling_vs._Clarkston_1-11-17.mp4, -1, -1, 63.962962962963
ia-batch2/This_Week_In_Torrance_25.13_-_Torrance_CitiCABLE_-_June_27-July_3_2013.mp4, -1, -1, 50.723404255319096
ia-batch2/nwctc-2018_Turkey_Trot_Boys_Hockey_Promo.mp4, -1, -1, 66.9622641509434
ia-batch2/Demetrious_Johnson_Golf_Tournament_2012.mp4, -1, -1, 63.3673469387755
ia-batch2/trcma-Special_Town_Meeting_01_08_19.mp4, -1, -1, 45.4
ia-batch2/XcorpsActionSportsTv7.SpeedskiSeg.2.mp4, -1, -1, 54.2321428571429
ia-batch2/codco-Council_Connection_for_April_7_2015.mp4, -1, -1, 70.94736842105259
ia-batch2/f20110413mad.mp4, -1, -1, 52.8301886792453
ia-batch2/Mystic_Vibrations_at_ScanSource_Reedy_River_Concerts.mp4, -1, -1, 82.16
ia-batch2/STL_TV_LIVE_-_Glo_on_the_Go_1_of_2.mp4, -1, -1, 62.75
ia-batch2/Erin_Willett_Performs_Favorites_Medley.mp4, -1, -1, 79.58
ia-batch2/DeKalb_International_Food_Music_Festival_PSA.mp4, -1, -1, 53.09803921568629
ia-batch2/Monona_Grove_High_School_Daily_Announcements_2_21_17.mp4, -1, -1, 77.10204081632659
ia-batch2/2016_WMTA_Forum_-_County_Council_Upcountry.mp4, -1, -1, 69.6545454545455
ia-batch2/Conservation_Commission_meeting_from_July_10_2013.mp4, -1, -1, 44.2641509433962
ia-batch2/The_News_Project_-_Head_Start_Off_To_A_Great_Start_04.25.17.mp4, -1, -1, 75.5416666666667
ia-batch2/youtube-Ax3GkwTIHzQ.mp4, -1, -1, 65.48076923076921
ia-batch2/B92-PartizanOsvojio16Titulu490.mp4, -1, -1, 33.6851851851852
ia-batch2/NES_Longplay_230_Lupin_Sansei_Pandora_no_Isan.mp4, -1, -1, 60.163265306122504
ia-batch2/youtube-7Nm7aC_dkx8.mp4, -1, -1, 35.625
ia-batch2/coeme-Ellsworth_City_Council_Meeting_-_September_19th_2016.mp4, -1, -1, 46.75
ia-batch2/Tai_Chi_Offers_New_Way_To_Relax_In_Coral_Gables.mp4, -1, -1, 64.7391304347826
ia-batch2/archiveteam_videobot_twitter_com_912732018332569600.mp4, -1, -1, 45.6153846153846
ia-batch2/dctvma-CranevilleDARE.mp4, -1, -1, 59.4716981132075
ia-batch2/youtube-Dzk1uXzJBTc.mp4, -1, -1, 55.4905660377359
ia-batch2/STL_TV_LIVE_--_Neighborhood_Houses_-_1_of_2_-_2012-07-31.mp4, -1, -1, 58.370370370370395
ia-batch2/archiveteam_videobot_twitter_com_806510340913577984.mp4, -1, -1, 78.62
ia-batch2/Planning_Commission_-_January_26_2015.mp4, -1, -1, 58.981132075471706
ia-batch2/archiveteam_videobot_twitter_com_914543061467877376.mp4, -1, -1, 47.0545454545455
ia-batch2/SCVTV.com_7_16_2012_New_Santa_Clarita_Transit_Schedules_Fees_Coming_Aug._5.mp4, -1, -1, 54.3333333333333
ia-batch2/2014_Youth_Job_Fair_-_Full_Video.mp4, -1, -1, 66.82352941176471
ia-batch2/20100817milestonereached20000subscriberscameradied....again.mp4, -1, -1, 68.25
ia-batch2/Zoning_Hearing_Board_-_September_20_2018.mp4, -1, -1, 52.019230769230795
ia-batch2/BANNEDVIMTOADVERT2016NOTALLOWEDONUKTV.mp4, -1, -1, 30.822222222222198
ia-batch2/youtube-ebkzoeujRzM.mp4, -1, -1, 22.450980392156897
ia-batch2/youtube-09jGqiisCgc.mp4, -1, -1, 36.537037037037
ia-batch2/cogco-Real_or_Rumor_-_Edition_28.mp4, -1, -1, 62.6122448979592
ia-batch2/wbpama-From_the_Underground_-_Day_Glow_Foxes.mp4, -1, -1, 66.5614035087719
ia-batch2/youtube-nxiJob8OWzg.mp4, -1, -1, 67.6382978723404
ia-batch2/2017_MN_State_Legion_Championship_-_Final_Out_for_Tri-City_Red.mp4, -1, -1, 71.4117647058823
ia-batch2/wctvwiv-Summer_Reading_Program_2018_PSA.mp4, -1, -1, 56.8775510204082
ia-batch2/North_Reading_Selectmen_Meeting_4_21_08_Part_7.mp4, -1, -1, 51.15384615384621
ia-batch2/100ThousandPoetsForChangeByShaheenWomensOrganizationPart012017Hyderabad.mp4, -1, -1, 51.8
ia-batch2/sctvco-kyrgyzstan_tv_news_crew.mp4, -1, -1, 73.06
ia-batch2/Artist_Marta_Chapa_Visits_Coral_Gables.mp4, -1, -1, 59.96428571428571
ia-batch2/AWARE_on_the_Air_-_Episode_163.mp4, -1, -1, 64.23076923076921
ia-batch2/RSA_Spotlight_-_John_Hills_and_Tom_Clark_on_Good_Times_Bad_Times_Hard_Times.mp4, -1, -1, 68.25
ia-batch2/youtube-W-oVIay4Ios.mp4, -1, -1, 53.156862745097996
ia-batch2/Singer_Songwriter_Cristabelle_Braden_and_Celtic_duo_of_Steve_Cooley_and_Eric_Zimmerman_6-4-12.mp4, -1, -1, 55.981132075471706
ia-batch2/youtube-jCuoGg20UWs.mp4, -1, -1, 47.2
ia-batch2/corrtx-Round_Rock_PARD_2016_Annual_VIDEO_Report.mp4, -1, -1, 68.0384615384615
ia-batch2/youtube-CjsIG9mlERU.mp4, -1, -1, 38.431372549019606
ia-batch2/Willowridge_Pump_Station_Drone_Footage_Fall_2017.mp4, -1, -1, 64.9615384615385
ia-batch2/Oshkosh_Today_Intro_6_24_15.mp4, -1, -1, 58.1320754716981
ia-batch2/youtube-J9s48RlAPxI.mp4, -1, -1, 47.2264150943396
ia-batch2/youtube-4l0-gz9syZ8.mp4, -1, -1, 39.7962962962963
ia-batch2/youtube-tnLgQSUIMcw.mp4, -1, -1, 53.561403508771896
ia-batch2/Municipal_Pool_Teaser_Trailer.mp4, -1, -1, 73.8035714285714
ia-batch2/Press_Announcement_-_All_Natural_Pool_Filter.mp4, -1, -1, 65.04444444444451
ia-batch2/Wareham_Selectmen_Meeting_10-4-2011.mp4, -1, -1, 40.533333333333296
ia-batch2/cg_0146-Ask_Jim_Smith_March_17_2009.mp4, -1, -1, 71.72340425531921
ia-batch2/Children_Come_First_CTV_News_4-13-12.mp4, -1, -1, 65.44
ia-batch2/New_location_tour_with_Beverly_and_Susan.mp4, -1, -1, 48.96
ia-batch2/Parish_President_s_Report_for_September_18_2017.mp4, -1, -1, 48.54
ia-batch2/2015_West_Allis_Ala_Carte.mp4, -1, -1, 55.846153846153896
ia-batch2/PloxieNowosti30.08.2016.mp4, -1, -1, 61.1346153846154
ia-batch2/MiniPodcastEspecialElNuevoLibroDeDraxYSuOpinion.mp4, -1, -1, 66.7719298245614
ia-batch2/Fire_Drill.mp4, -1, -1, 65.3958333333333
ia-batch2/Flickr-10524242986.mp4, -1, -1, 78.0392156862745
ia-batch2/YoutubeVideo0173PlayingChristmasMusic.mp4, -1, -1, 61.3584905660377
ia-batch2/nntvva-NNTV_Community_News_-_Juneteenth_Freedom_Festival_2019.mp4, -1, -1, 77.13725490196079
ia-batch2/youtube-T5awbL4QDHs.mp4, -1, -1, 47.3877551020408
ia-batch2/PCN_Cape_Cod_Bay_Watch_On_The_Water_Rally.mp4, -1, -1, 47.19607843137261
ia-batch2/archiveteam_videobot_UCSD_TV_20161216_1050.mp4, -1, -1, 63.346153846153896
ia-batch2/youtube-4nbGMy8HC0Q.mp4, -1, -1, 58.0769230769231
ia-batch2/youtube-zKdyBz2VKyI.mp4, -1, -1, 41.5416666666667
ia-batch2/NesCircusCharlieTasIn0330.08ByWalkerBoh.mp4, -1, -1, 65.71428571428571
ia-batch2/Brooklyn_Center_s_City_Survey_Results.mp4, -1, -1, 83.6363636363636
ia-batch2/wilctvma-The_Water_is_Wide.mp4, -1, -1, 40.2
ia-batch2/2017_Harrington_Healthcare_5K_Color_Run_Walk.mp4, -1, -1, 71.8333333333333
ia-batch2/youtube-qe4-7IgMbsg.mp4, -1, -1, 63.7962962962963
ia-batch2/Present_-_I.T.A.B._and_AIDS_Quilt_Interactive_at_the_San_Jose_Museum_of_Quilts_and_Textiles.mp4, -1, -1, 58.7735849056604
ia-batch2/SCTV_Scituate_Heritage_Days_2013.mp4, -1, -1, 48.5636363636364
ia-batch2/Tax_Payer_Alert_88_with_Host_Al_Segalla_and_Guest_Cory_Burnell_Financ_ial_Adviser.mp4, -1, -1, 59.4117647058824
ia-batch2/The_Dr_Is_In_18_with_Dr_Randall_Smart_-_Osteoporosis.mp4, -1, -1, 61.17647058823529
ia-batch2/Fishing_and_Fly_Tying_2-26-18.mp4, -1, -1, 61.8103448275862
ia-batch2/David_Harvey-_The_Crises_of_Capitalism.mp4, -1, -1, 70.66071428571429
ia-batch2/vf_mirrorsedgecatalyst_uf_04142016_1800.mp4, -1, -1, 77.0377358490566
ia-batch2/youtube-hbmyGlCq_CU.mp4, -1, -1, 69.22
ia-batch2/SCVTV.com_7_18_2012_This_Week_in_Santa_Clarita_-_City_Welcomes_Newly_Annexed_Copperstone_Residents.mp4, -1, -1, 57.127272727272704
ia-batch2/youtube-wjViVIz_w0M.mp4, -1, -1, 48.5416666666667
ia-batch2/youtube-TTtm5pXwzlM.mp4, -1, -1, 53.41071428571429
ia-batch2/Cong_Aaron_Schock_R_talks_about_avoiding_Defense_Cuts_Coming_Debt_Ceiling_Fight.mp4, -1, -1, 49.5
ia-batch2/bbrtvme-Fishermen_s_Festival_2014_-_Cod_Fish_Relay.mp4, -1, -1, 69.8936170212766
ia-batch2/Nature_Story_Time_2.mp4, -1, -1, 54.7446808510638
ia-batch2/Dancin_at_National_Night_Out_at_Kellogg_Park_in_Elizabeth_NJ.mp4, -1, -1, 52.47368421052629
ia-batch2/bratt2vt-BUHS-TV_3_22_12.mp4, -1, -1, 40.2962962962963
ia-batch2/ccpania-5_27_19_BOE.mp4, -1, -1, 64.8245614035088
ia-batch2/BarryLevineTheUnexpectedVenice.mp4, -1, -1, 59.75
ia-batch2/bptvpa-Community_Garden_Update_3.mp4, -1, -1, 50.7551020408163
ia-batch2/youtube-FTB0iGgGcXM.mp4, -1, -1, 48.3653846153846
ia-batch2/Evar_Speaks_Out_About_Gun_Violence.mp4, -1, -1, 68.0
ia-batch2/BronxAfricanExhibitionOpeningDesktop.mp4, -1, -1, 78.188679245283
ia-batch2/What_s_Happening_Waupaca_7_12_17_-_Teen_Library_Hand_Project.mp4, -1, -1, 65.0
ia-batch2/Robyn_Lightcap_Gives_an_Update_on_Preschool_Promise.mp4, -1, -1, 63.65384615384621
ia-batch2/aocla-AOC_Community_Quotes-_Candace_Gulotta-Haggart.mp4, -1, -1, 73.4150943396226
ia-batch2/City_Manager_Recommends_Special_Investment_for_Street_Lighting.mp4, -1, -1, 65.2115384615385
ia-batch2/Dayton_City_Commission_2018_Budget_Work_Session_4_-_Building_Environmental_Safety.mp4, -1, -1, 41.3518518518518
ia-batch2/youtube-2OPCYatHKgM.mp4, -1, -1, 63.30188679245279
ia-batch2/WhittenDominguez-3rdGrader-TdRun.mp4, -1, -1, 54.875
ia-batch2/youtube-FRVAcS6AxKA.mp4, -1, -1, 47.32075471698111
ia-batch2/First_Church_of_the_Naz._5-5-13.mp4, -1, -1, 59.5
ia-batch2/Northfield_By_Air-_1985.mp4, -1, -1, 42.0833333333333
ia-batch2/am-Amherst_Select_Board_5-10-17.mp4, -1, -1, 51.33928571428571
ia-batch2/youtube-ZOg8lQB5NRc.mp4, -1, -1, 49.6153846153846
ia-batch2/youtube-B2RMV6YIWTY.mp4, -1, -1, 45.70588235294121
ia-batch2/Boys_D1_100_Back_Heat_2.mp4, -1, -1, 54.3508771929825
ia-batch2/youtube-Twk29Z00NgE.mp4, -1, -1, 49.150943396226396
ia-batch2/Commissioners_Meeting_10-26-17.mp4, -1, -1, 57.351851851851904
ia-batch2/Street_Division_New_Brine_System_Newsbreak.mp4, -1, -1, 73.62962962962959
ia-batch2/Midland_s_Community_Awareness_Program_CAP.mp4, -1, -1, 66.3725490196079
ia-batch2/The_Lyle_Style_Show.mp4, -1, -1, 35.1041666666667
ia-batch2/An_Inside_Look_at_an_Emergency_Survival_Kit.mp4, -1, -1, 59.490196078431396
ia-batch2/ngtvma-Nantucket_Planning_Board_6_8_15.mp4, -1, -1, 47.5471698113208
ia-batch2/PRG_HL_Week_072913_Robina_Rhapsody_-_Aaron_Vaughn_Band.mp4, -1, -1, 57.5471698113208
ia-batch2/youtube-6iZvn_86DTI.mp4, -1, -1, 58.5652173913044
ia-batch2/patvny-World_War_II_Stories_11_Part_II_Stanley_Schwartez.mp4, -1, -1, 64.25
ia-batch2/Northern_Snakehead_at_Allen_Pond_Park.mp4, -1, -1, 61.7083333333333
ia-batch2/SCTV_Presents_Olivia_D_s_VetDog_PSA_11-1-16.mp4, -1, -1, 57.5185185185185
ia-batch2/2014_Santa_Clarita_Fourth_of_July_Parade_Part_1.mp4, -1, -1, 50.4117647058824
ia-batch2/Demolition_of_1226_N_Kansas_in_Topeka.mp4, -1, -1, 55.934782608695706
ia-batch2/youtube-bEo9un0NR94.mp4, -1, -1, 46.425925925925895
ia-batch2/Weekend_Showcase_-_How_I_Learned_to_Drive.mp4, -1, -1, 60.769230769230795
ia-batch2/youtube-9ZP9iGU-Fx4.mp4, -1, -1, 55.29411764705879
ia-batch2/CartoonFestival_997.mp4, -1, -1, 53.490196078431396
ia-batch2/cogrmi-High_water_levels_on_Grand_River_in_Grand_Rapids_MI_2_22_18.mp4, -1, -1, 77.9019607843137
ia-batch2/Valle_Catholic_School_Ste._Genevieve_Mo_ACA_2014_Video.mp4, -1, -1, 41.4782608695652
ia-batch2/DraculaSlotDraculaSlotMusic.mp4, -1, -1, 62.425925925925895
ia-batch2/youtube-U4dyHreZ4os.mp4, -1, -1, 61.4716981132075
ia-batch2/youtube-X8mZqEloYjU.mp4, -1, -1, 74.3518518518519
ia-batch2/Barbara_Rush.mp4, -1, -1, 66.5
ia-batch2/01KamenRiderBlack06.mp4, -1, -1, 76.2391304347826
ia-batch2/SCVTV.com_2_2012_How_to_Read_Your_Santa_Clarita_Transit_Bus_Schedule.mp4, -1, -1, 44.2641509433962
ia-batch2/youtube-5Vznl3OUqvQ.mp4, -1, -1, 60.30188679245279
ia-batch2/dma-ID_4072_-_What_does_DCTV_stand_for_2000.mp4, -1, -1, 47.096153846153896
ia-batch2/VIP_Dan_Shannon.mp4, -1, -1, 59.2105263157895
ia-batch2/BandOfBrothersGiveTheKidABreakBull.mp4, -1, -1, 50.0816326530612
ia-batch2/pMhfbLRoGEw.mp4, -1, -1, 63.3846153846154
ia-batch2/youtube-kQJAsIad8bs.mp4, -1, -1, 48.0566037735849
ia-batch2/Williamson_Inc._Public_Affairs_Roundtable_-_January_30th_2015.mp4, -1, -1, 53.1666666666667
ia-batch2/Shannon_McNally_Can_t_Pin_a_Color_Live_at_KDHX_5_28_13.mp4, -1, -1, 60.8
ia-batch2/pcmma-Fire_Station_Open_House_E5_PCM.mp4, -1, -1, 62.019607843137294
ia-batch2/Wheat_Ridge_Planning_09-01-16.mp4, -1, -1, 56.3061224489796
ia-batch2/The_Tape_-_Stop_Motion_Class.mp4, -1, -1, 53.2978723404255
ia-batch2/Shady_Hollow_Assisted_Riding_Program_5-18-18.mp4, -1, -1, 53.4339622641509
ia-batch2/Rep._Principal_s_Report_012715.mp4, -1, -1, 57.24
ia-batch2/Board_of_Aldermen_October_13_2017.mp4, -1, -1, 51.2745098039216
ia-batch3/All_About_Diabetes.mp4, -1, -1, 66.76923076923079
ia-batch3/youtube-VjRisOI0v3w.mp4, -1, -1, 43.54545454545449
ia-batch3/Bob_Ross_Christmas_Greeting.mp4, -1, -1, 52.28571428571429
ia-batch3/tvce1qc-Conference_de_Presse_Relais_Pour_La_Vie_2012.mp4, -1, -1, 69.6333333333333
ia-batch3/CITY_COUNCIL_MEETING_SEPTEMBER_18th_2012.mp4, -1, -1, 63.178571428571395
ia-batch3/cocoh-7_25_12.mp4, -1, -1, 62.926829268292714
ia-batch3/youtube-pu_Vq5k2SIE.mp4, -1, -1, 39.3783783783784
ia-batch3/bratt2vt-Girls_On_the_Run_2015.mp4, -1, -1, 50.7666666666667
ia-batch3/youtube-fqJC8nv5ASQ.mp4, -1, -1, 52.3448275862069
ia-batch3/Ashland_Selectboard_2_5_18.mp4, -1, -1, 70.5121951219512
ia-batch3/cobma-Soak_Laundry_Grand_Opening.mp4, -1, -1, 66.2121212121212
ia-batch3/Crystal_Mountain_Time_Lapse.mp4, -1, -1, 78.6285714285714
ia-batch3/bliptv-20131014-063441-Appadvice-AppAdviceDailyAppisode573411.mp4, -1, -1, 58.9354838709677
ia-batch3/pmcme-USM02OsherTravelGuideExh.mp4, -1, -1, 71.1428571428571
ia-batch3/sophia_mia_claymation_final.mp4, -1, -1, 52.3
ia-batch3/youtube-UIIUlJ4Wg5o.mp4, -1, -1, 51.2333333333333
ia-batch3/youtube-Z3oCPpK7yro.mp4, -1, -1, 63.2926829268293
ia-batch3/youtube-XDrJ0OY08rc.mp4, -1, -1, 64.14285714285711
ia-batch3/Priority_One_On_Your_Feet_S8_Ep5.mp4, -1, -1, 47.7391304347826
ia-batch3/Cheap_Eats_Episode_17.mp4, -1, -1, 62.84375
ia-batch3/youtube-SZUxjlmGxEQ.mp4, -1, -1, 54.6875
ia-batch3/Summer_Solstice_Paint_Out_6_20_14.mp4, -1, -1, 53.67741935483871
ia-batch3/Brown_s_Mill_Dam_Removal_Newsbreak.mp4, -1, -1, 49.0
ia-batch3/Access_Louisville_-_April_13_2011_-_Peak_10_Expansion.mp4, -1, -1, 66.0333333333333
ia-batch3/youtube--c416HdeoaM.mp4, -1, -1, 65.5151515151515
ia-batch3/youtube-iLwwAYJQSIg.mp4, -1, -1, 65.3030303030303
ia-batch3/Obama_Got_It_Entirely_Wrong_Says_Josh_Fox.mp4, -1, -1, 69.3793103448276
ia-batch3/Will_County_Reorganization_2014.mp4, -1, -1, 60.864864864864906
ia-batch3/ccxnewsmn-Wayzata_Girls_Hockey_Preps_for_Big_Games.mp4, -1, -1, 62.8620689655173
ia-batch3/archiveteam_videobot_twitter_com_676408978008576000.mp4, -1, -1, 51.625
ia-batch3/covbva-Street_Dedication_for_Fallen_Officer_Hezekiah_Little.mp4, -1, -1, 83.80555555555559
ia-batch3/cocva-Chesapeake_Development_and_Permits.mp4, -1, -1, 75.3571428571429
ia-batch3/whctvct-Shalom_Hartford_-_Interview_with_Gary_Mendell_February_2016.mp4, -1, -1, 49.866666666666696
ia-batch3/youtube-BTY2mJc1vgw.mp4, -1, -1, 35.7837837837838
ia-batch3/youtube-OJXFfXDgiLo.mp4, -1, -1, 63.1935483870968
ia-batch3/Council_In_Brief_June_19_2012.mp4, -1, -1, 70.54285714285709
ia-batch3/Van_Hollen_on_I-270_Improvements_Push_-_We_need_more_than_Band-Aids.mp4, -1, -1, 84.1153846153846
ia-batch3/Advisory_Committee_27_May_14.mp4, -1, -1, 48.89743589743589
ia-batch3/Aldeadle-AnneliJtteenmkiOnExplanationsOfVote624-3.mp4, -1, -1, 64.6333333333333
ia-batch3/School_Board_Meeting_2_1_16_Budget.mp4, -1, -1, 57.8
ia-batch3/cobok-The_Way_We_Worked_-_Smithsonian_Exhibit_Coming_to_Broken_Arrow.mp4, -1, -1, 56.96774193548389
ia-batch3/youtube-p1uvO1anGI8.mp4, -1, -1, 54.0294117647059
ia-batch3/youtube-J5UZC2rfuL0.mp4, -1, -1, 64.13793103448279
ia-batch3/Testimonials_Katie.mp4, -1, -1, 70.0
ia-batch3/youtube-smeBEw1kUfQ.mp4, -1, -1, 70.2258064516129
ia-batch3/02_12_12_Historic_Zoning_Commission.mp4, -1, -1, 60.1666666666667
ia-batch3/wbwma-2017-06-08_WB_Board_of_Selectmen.mp4, -1, -1, 51.88571428571429
ia-batch3/Bolton_Board_of_Selectmen_March_7_2017.mp4, -1, -1, 52.54838709677421
ia-batch3/Community_Journal_June_8.mp4, -1, -1, 66.4705882352941
ia-batch3/Flag_Day_2016.mp4, -1, -1, 58.6969696969697
ia-batch3/Community_Center_Easter_2016_Update.mp4, -1, -1, 59.0666666666667
ia-batch3/ZoukMusicYoutube.mp4, -1, -1, 67.1724137931034
ia-batch3/Waupaca_County_Board_2.12.16.mp4, -1, -1, 55.0416666666667
ia-batch3/bptvpa-Commit_to_be_Fit_511-13.mp4, -1, -1, 58.6216216216216
ia-batch3/Where_We_Live_-_West_End.mp4, -1, -1, 43.9310344827586
ia-batch3/Middlebury_Congregational_Church_Service_6_26_16.mp4, -1, -1, 62.612903225806505
ia-batch3/youtube-aLblUDlzYZA.mp4, -1, -1, 46.10526315789479
ia-batch3/Beaverton_Boys_Girls_Aid_Transitional_Living_Open_House.mp4, -1, -1, 68.78571428571429
ia-batch3/cpact-On_the_Spectrum.mp4, -1, -1, 65.0967741935484
ia-batch3/youtube-Mk23NxvHGxE.mp4, -1, -1, 43.037037037037
ia-batch3/Mono_-_Baron_Wormser_-_3_Poems_from_Scattered_Chapters_01.28.16.mp4, -1, -1, 67.4137931034483
ia-batch3/bptvpa-BPHS_Girls_Varsity_Soccer_vs_Baldwin_10_17_11_Part_1.mp4, -1, -1, 55.71875
ia-batch3/tfnj-Franklin_Township_Open_Space_Advisory_Committee_June_19_2018.mp4, -1, -1, 56.78571428571429
ia-batch3/St._Baldrick_s_Charity_for_Childhood_Cancer_Research.mp4, -1, -1, 42.67741935483871
ia-batch3/youtube-_RdAPXmVrJ0.mp4, -1, -1, 49.5161290322581
ia-batch3/coeor-City_Council_Work_Session_04-13-2011.mp4, -1, -1, 49.96774193548389
ia-batch3/10000b.mp4, -1, -1, 52.212121212121204
ia-batch3/youtube-FpBAbJ3TtGA.mp4, -1, -1, 49.4444444444444
ia-batch3/youtube-HZl_3GRw99I.mp4, -1, -1, 55.8965517241379
ia-batch3/El_Toro_Pharmacy_Health_Plus.mp4, -1, -1, 61.9354838709677
ia-batch3/archiveteam_videobot_twitter_com_785590272608657408.mp4, -1, -1, 54.2424242424242
ia-batch3/SCVTV.com_9_9_2011_U.S._Rep._Howard_Buck_McKeon_s_Remarks_on_President_Obama_s_Jobs_Speech.mp4, -1, -1, 61.258064516129
ia-batch3/youtube-x7Ywz3eaLZ8.mp4, -1, -1, 52.5428571428571
ia-batch3/20160122BEAMSArtsBirthday.mp4, -1, -1, 52.9428571428571
ia-batch3/2012_SCV_High_School_Football_Preview_-_Trinity.mp4, -1, -1, 69.6333333333333
ia-batch3/youtube-FrMs2hKlJeE.mp4, -1, -1, 39.2058823529412
ia-batch3/victoryinthepacific.mp4, -1, -1, 44.58064516129029
ia-batch3/bptvpa-NAMS_Spring_Concert_5_5_16.mp4, -1, -1, 58.78125
ia-batch3/rchwi-2000_Pepper_Fest_Eating_Contests.mp4, -1, -1, 48.3548387096774
ia-batch3/Tax_Increase.mp4, -1, -1, 53.387096774193495
ia-batch3/Plymouth_Ice_Center_needs_4.5_million_in_repairs.mp4, -1, -1, 63.9333333333333
ia-batch3/Special_Town_Meeting_-_October_18_2010.mp4, -1, -1, 50.454545454545496
ia-batch3/Scituate_Conservation_Commission_Meeting_June_18_2012.mp4, -1, -1, 61.25
ia-batch3/MikeBrownStrongArmRobberySurveillanceVideoTapeFull.mp4, -1, -1, 30.4
ia-batch3/Morrison_County_Board_Meeting_January_22_2019.mp4, -1, -1, 64.96428571428571
ia-batch3/Parade_2014_Highlights_Reel_2.mp4, -1, -1, 37.322580645161295
ia-batch3/cig_0664-Mayor_s_Press_Availability_February_13_2019.mp4, -1, -1, 75.48387096774191
ia-batch3/Antonwithagen-SousLeCielDeParis621.mp4, -1, -1, 52.96774193548389
ia-batch3/The_Simsbury_Woman_-_Meet_Dominique_Avery.mp4, -1, -1, 64.7333333333333
ia-batch3/silentinning86.mp4, -1, -1, 40.1935483870968
ia-batch3/dancepartyusa5thanniversary1991.mp4, -1, -1, 40.3714285714286
ia-batch3/WUHS_Boy_s_Hockey_Vs._Brattleboro_-_December_12_2013.mp4, -1, -1, 51.903225806451594
ia-batch3/coaltx-6_8_2018_Collective_Bargaining_Fire_Part_1.mp4, -1, -1, 53.67647058823529
ia-batch3/bratt2vt-Citizens_Breakfast_12_16_11.mp4, -1, -1, 49.8484848484849
ia-batch3/Willmar_City_Council_Meeting_-_February_4_2008.mp4, -1, -1, 45.1388888888889
ia-batch3/cobtn-A_Ravenswood_Mansion_Wedding.mp4, -1, -1, 45.0666666666667
ia-batch3/TV-BU_interviste.mp4, -1, -1, 69.67647058823529
ia-batch3/Abington_School_Committee_Meeting_10-25-11.mp4, -1, -1, 52.612903225806505
ia-batch3/Blight_Elimination_Program.mp4, -1, -1, 57.925925925925895
ia-batch3/coeor-City_Council_Work_Session_04-28-2014.mp4, -1, -1, 45.25
ia-batch3/Needham_School_Committee_Land_Use.mov.mp4, -1, -1, 47.633333333333304
ia-batch3/csdmd-Patterson_Mill_vs_Joppatowne_Boys_Basketball_2-24-14.mp4, -1, -1, 49.1
ia-batch3/ctv3in-School_Board_April_16_2015.mp4, -1, -1, 40.0555555555556
ia-batch3/prayer_201612.mp4, -1, -1, 57.777777777777786
ia-batch3/f20110205mak.mp4, -1, -1, 44.6451612903226
ia-batch3/youtube-7INVsWTT1KE.mp4, -1, -1, 44.387096774193495
ia-batch3/archiveteam_videobot_RTV_Drenthe_20171126_1440.mp4, -1, -1, 40.5405405405405
ia-batch3/youtube-lUUmpSHF7TI.mp4, -1, -1, 40.21875
ia-batch3/youtube-A0L225tEWpk.mp4, -1, -1, 61.6666666666667
ia-batch3/Be_A_Tourist_-_DaVinci_Machines_Exhibition.mp4, -1, -1, 55.09375
ia-batch3/07-24-2014_City_of_Franklin_TN_Municipal_Planning_Commission.mp4, -1, -1, 51.9333333333333
ia-batch3/30_Minutes_with_Special_Guest_Maestro_Valentin_Radu.mp4, -1, -1, 66.0333333333333
ia-batch3/olaks-Team_Olathe_Spotlight_-_Denny_Haggerty_Parks_Recreation.mp4, -1, -1, 72.3333333333333
ia-batch3/PSA_-_Bark_in_the_Park_2013.mp4, -1, -1, 59.1666666666667
ia-batch3/MMMMMoon-VotingDayProvincialElection510.mp4, -1, -1, 58.903225806451594
ia-batch3/Men_Women_in_Ministry_3-18-17.mp4, -1, -1, 61.1428571428571
ia-batch3/Voting_in_Dare_County.mp4, -1, -1, 73.0909090909091
ia-batch3/youtube-Wl0sDPcJSWc.mp4, -1, -1, 79.7777777777778
ia-batch3/trcma-Planning_Board_03_21_19.mp4, -1, -1, 50.875
ia-batch3/yt-mariotehplumber-201505.mp4, -1, -1, 58.1212121212121
ia-batch3/Our_History_Our_Heroes_-_Ben_Hines.mp4, -1, -1, 67.9333333333333
ia-batch3/Computer_Building_Competition.mp4, -1, -1, 49.21875
ia-batch3/We_Are_Serious_About_Fun-_Presented_by_Concord_Parks_and_Rec.mp4, -1, -1, 63.6511627906977
ia-batch3/Part_2_Paul_Wice_speaks_at_FDU.mp4, -1, -1, 68.3225806451613
ia-batch3/natma-Jewel_Crossing.mp4, -1, -1, 60.32142857142861
ia-batch3/Planning_Board_12_20_12.mp4, -1, -1, 50.6428571428571
ia-batch3/archiveteam_videobot_twitter_com_832209930761469953.mp4, -1, -1, 51.2291666666667
ia-batch3/youtube-oYcrv-y5Tqo.mp4, -1, -1, 56.222222222222214
ia-batch3/youtube-4ng2xEAs7QI.mp4, -1, -1, 53.741935483871
ia-batch3/USOC_Olympic_Games_Host_City_Contract_Update.mp4, -1, -1, 68.2714285714286
ia-batch3/Pat_Flys_2013.mp4, -1, -1, 57.212121212121204
ia-batch3/Craft_Fair_Aug_8_and_9.mp4, -1, -1, 61.1
ia-batch3/Athens_City_Council_Meeting_04-30-07.mp4, -1, -1, 63.612903225806505
ia-batch3/comaz-Council_Study_Session_-_1_21_2016.mp4, -1, -1, 48.56
ia-batch3/Civic_Events_-_Angelo_State_University_Choir_-_Halloween_Spooktacular_Concert_at_City_Hall_Auditorium.mp4, -1, -1, 50.0285714285714
ia-batch3/Black_History_Month_at_the_Maplewood_Memorial_Library_2012_-_Welcome.mp4, -1, -1, 43.56756756756761
ia-batch3/youtube-tkCsSp2cgww.mp4, -1, -1, 46.4333333333333
ia-batch3/SeelosEyes-theLeafDanceGoesOn114-2.mp4, -1, -1, 56.1612903225807
ia-batch3/Extended_spotlight_interview_for_Iowa_City_In_Focus_-_September_2013.mp4, -1, -1, 75.3846153846154
ia-batch3/youtube-gTtpUx6ffJ0.mp4, -1, -1, 40.9117647058824
ia-batch3/Mustang_Pee_Wee_Reds_vs_Homer.mp4, -1, -1, 49.0333333333333
ia-batch3/youtube-q2OkRJOtxC0.mp4, -1, -1, 49.1935483870968
ia-batch3/Arts_101_-_January_2013.mp4, -1, -1, 59.1290322580645
ia-batch3/archiveteam_videobot_twitter_com_797110391037800449.mp4, -1, -1, 52.55882352941179
ia-batch3/1933DeadwoodPass.mp4, -1, -1, 43.625
ia-batch3/youtube-Ul_dkQIXrbk.mp4, -1, -1, 57.3
ia-batch3/The_Rick_Rock_Show_featuring_House_of_Freaks.mp4, -1, -1, 32.2258064516129
ia-batch3/cokin-Kgov2_News_Brief_March_18_2015_-_Local_News_and_Egg-hunting_tips.mp4, -1, -1, 55.774193548387096
ia-batch3/ncgvtvca-Smith_and_Macarthy.mp4, -1, -1, 68.5666666666667
ia-batch3/Volunteer_South_Texas_Week_2016.mp4, -1, -1, 70.92592592592591
ia-batch3/csdmd-North_Harford_vs_C._Milton_Wright_Field_Hockey_10-11-12.mp4, -1, -1, 49.212121212121204
ia-batch3/Video_Story_Telling.mp4, -1, -1, 53.1
ia-batch3/ChristopherColumbusAndTheAfricanHolocaust.mp4, -1, -1, 65.4666666666667
ia-batch3/CONCERT_IN_THE_KITCHEN_070513_SEGMENT_3.mp4, -1, -1, 62.2753623188406
ia-batch3/avbcmi-In_The_Garden_52_The_Borgerson_Garden.mp4, -1, -1, 55.8064516129032
ia-batch3/bliptv-20131012-135518-918thefan-iStalk899399.mp4, -1, -1, 47.459459459459495
ia-batch3/youtube-vOIOX2uJEyo.mp4, -1, -1, 58.6388888888889
ia-batch3/Behind_the_Badge_December_2012.mp4, -1, -1, 56.257142857142895
ia-batch3/Salt_Lake_City_s_Capital_City_News_Brief_-_April_2_2018.mp4, -1, -1, 70.0740740740741
ia-batch3/Medfield_Jazz_Night_2018_w_Grace_Kelly_-_Blake_MS_Jazz_Band.mp4, -1, -1, 64.7297297297297
ia-batch3/youtube-a8lfuXXYcOI.mp4, -1, -1, 48.6388888888889
ia-batch3/Disaster_Recovery_Relief.mp4, -1, -1, 63.903225806451594
ia-batch3/Ume_Barophobia_Live_at_KDHX_3-22-14.mp4, -1, -1, 72.58064516129029
ia-batch3/cobtn-Historic_Brentwood_-_A_2000_Production.mp4, -1, -1, 57.46428571428571
ia-batch3/Anderson_Township_Trustees_Meeting_11_19_15.mp4, -1, -1, 50.03225806451611
ia-batch3/3127_007_MusicCityShakeDown_EP7_spicejdeluxinepisodeNEW.mp4, -1, -1, 40.3666666666667
ia-batch3/nctv-Christmas_in_New_York.mp4, -1, -1, 66.8148148148148
ia-batch3/SCTV_Presents_Natalie_s_Pet_Report_1-5-17.mp4, -1, -1, 60.9333333333333
ia-batch3/youtube-M6pzXhO-rXg.mp4, -1, -1, 45.58064516129029
ia-batch3/youtube-pVxgIHlL8FU.mp4, -1, -1, 68.9310344827586
ia-batch3/SCVTV.com_11_23_2010_CALFIRE_-_Practice_Safe_Home_Cooking.mp4, -1, -1, 48.925925925925895
ia-batch3/Steering_Committee_-_March_11_2014.mp4, -1, -1, 57.1612903225807
ia-batch3/Bayberry_Quilters_Annual_Quilt_Show_2014.mp4, -1, -1, 51.40625
ia-batch3/DsrvFootage.mp4, -1, -1, 43.290322580645196
ia-batch3/APN_Coach_John_Bowler.mp4, -1, -1, 70.8387096774194
ia-batch3/PCN_Plimoth_Plantation_Strawberry_Festival.mp4, -1, -1, 46.5625
ia-batch3/youtube-5tnrI4D6_mc.mp4, -1, -1, 33.3396226415094
ia-batch3/archiveteam_videobot_twitter_com_796411507781222400.mp4, -1, -1, 56.370370370370395
ia-batch3/Clayton_Update_DT4fAdAEDvk.mp4, -1, -1, 51.864864864864906
ia-batch3/youtube-Szc49eLv0T4.mp4, -1, -1, 65.258064516129
ia-batch3/cmntv18-Troy_High_School_Orchestra_Winter_Concert_-_Dec_18_2017.mp4, -1, -1, 63.5161290322581
ia-batch3/archiveteam_videobot_twitter_com_629803206814466048.mp4, -1, -1, 66.8387096774194
ia-batch3/cogal-83_Gadsden_Alabama_City_Council_Meeting_12_22_13.mp4, -1, -1, 47.96428571428571
ia-batch3/ToxicPopArchive-TineaTricoloreTheLoveFungus466.mp4, -1, -1, 49.67741935483871
ia-batch3/youtube-ec7Hy4eHHyc.mp4, -1, -1, 48.51724137931029
ia-batch3/ehmma-Southampton_Select_Board_03_12_13_Part_2_of_2.mp4, -1, -1, 50.74285714285711
ia-batch3/PKG_2011_8_3_SenatorCandidate_FINAL.mp4, -1, -1, 54.514285714285705
ia-batch3/youtube-4bNoVVzX2OM.mp4, -1, -1, 66.6129032258065
ia-batch3/youtube-o8Axmvsr0tY.mp4, -1, -1, 75.7741935483871
ia-batch3/calma_la_tempesta_5_28_13.mp4, -1, -1, 44.6969696969697
ia-batch3/youtube-J76PJcSGIFo.mp4, -1, -1, 42.4193548387097
ia-batch3/Norfolk_News_Now_-_March_1_2013_edition.mp4, -1, -1, 44.5161290322581
ia-batch3/North_Hudson_Village_Board_Meeting_February_6_2007.mp4, -1, -1, 55.0909090909091
ia-batch3/Stop_the_Pipeline_Full_version.mp4, -1, -1, 60.1724137931035
ia-batch3/mmcmor-McMinnville_During_Holiday_Season.mp4, -1, -1, 66.3
ia-batch3/ncgvtvca-Handmade_Moments_-_You_Never_Knew_My_Name.mp4, -1, -1, 76.1851851851852
ia-batch3/youtube-hb6VTl8cVpY.mp4, -1, -1, 67.1935483870968
ia-batch3/tndcco-Click_on_DC_-_Page_to_Stage.mp4, -1, -1, 47.235294117647115
ia-batch3/SCVTV.com_2_2012_How_to_Use_Your_Santa_Clarita_Transit_TAP_Card.mp4, -1, -1, 69.46428571428571
ia-batch3/Wichita-Sedgwick_County_MAPC_Meeting_August_8_2019.mp4, -1, -1, 50.322580645161295
ia-batch3/Miss_Bree_Hollis_Sings_the_National_Anthem.mp4, -1, -1, 66.8518518518519
ia-batch3/uptv6il-Champaign_County_Agriculture_Today_-_Season_1_Episode_19.mp4, -1, -1, 62.085714285714296
ia-batch3/youtube-A9BXq6kRiW0.mp4, -1, -1, 65.6129032258065
ia-batch3/spanishrevolution-Gran_Vi_a_De_Norte_a_Sur_de_Este_a_Oeste_MOV-ddduFnu-n8w.mp4, -1, -1, 36.3333333333333
ia-batch3/f20101015mak.mp4, -1, -1, 42.4444444444444
ia-batch3/Every_Movie_Ever_-_Ladybugs.mp4, -1, -1, 70.57575757575759
ia-batch3/21_This_Week_-_Maryland_District_19_Delegate_Race.mp4, -1, -1, 60.59375
ia-batch3/youtube-fYitEq7Zb2I.mp4, -1, -1, 65.57575757575759
ia-batch3/youtube-RmpZ5yaVXrA.mp4, -1, -1, 42.7241379310345
ia-batch3/rtvma-July_13_2018_update_from_15th_Annual_Revere_Beach_International_Sand_Sculpting_Festival.mp4, -1, -1, 70.7777777777778
ia-batch3/Discovery_Business_Campus.mp4, -1, -1, 60.1935483870968
ia-batch3/bliptv-20131014-172323-Bevnerd-CahabaBrewingCoAlabamaCraftBeerInterview726.mp4, -1, -1, 69.8214285714286
ia-batch3/Dukes_of_Sports_-_5_30_12.mp4, -1, -1, 53.8
ia-batch3/Alan_Gresik.mp4, -1, -1, 57.6875
ia-batch3/youtube-Jswka8hUhHU.mp4, -1, -1, 71.28125
ia-batch3/ExtremeSportsPovStockFootage-Adventureimagery.com.mp4, -1, -1, 59.4117647058824
ia-batch3/Beloit_Today_July_2012.mp4, -1, -1, 58.9666666666667
ia-batch3/Bull_City_Today_-_Nov_1_2017_ep._212.mp4, -1, -1, 73.6551724137931
ia-batch3/youtube-JFfs4I10lvw.mp4, -1, -1, 47.972222222222214
ia-batch3/TheBigU.mp4, -1, -1, 44.38636363636361
ia-batch3/ncgvtvca-Staci_on_the_Streets_-_Talking_with_Jason_Sussberg.mp4, -1, -1, 74.9393939393939
ia-batch3/Conservation_Trust_Update_Sept_27.mp4, -1, -1, 64.4042553191489
ia-batch3/youtube-mWLRX5mbohQ.mp4, -1, -1, 49.8787878787879
ia-batch3/Taste_of_the_Gables_2015.mp4, -1, -1, 58.625
ia-batch3/3D_Downtowns_Modeling_Video.mp4, -1, -1, 69.3225806451613
ia-batch4/pgctvmd-Property_Taxes.mp4, -1, -1, 69.5
ia-batch4/AllAmerica_PSA_1_16x9.mp4, -1, -1, 52.3513513513514
ia-batch4/Theater_of_the_Fantastic.mp4, -1, -1, 48.5428571428571
ia-batch4/Abstract_Painting_with_Karen_Lesniak_5-6-15.mp4, -1, -1, 52.657142857142894
ia-batch4/The_Sacred_Journey_Qigong_for_Women_HD.mp4, -1, -1, 68.05405405405409
ia-batch4/youtube-_USyu4xpdjk.mp4, -1, -1, 59.0810810810811
ia-batch4/csdmd-Westminster_vs_Bel_Air_Girls_Volleyball_3A_North_Regional_Final_11-7-14.mp4, -1, -1, 48.5882352941177
ia-batch4/spanishrevolution-ACAMPADA_GRANADA_INTERVENCIONES_TARDE_13_MAYO_PARTE_8-OM3ZvH0Y7zo.mp4, -1, -1, 58.3529411764706
ia-batch4/SCVTV.com_-_COC_Cougar_News_March_18_2008.mp4, -1, -1, 47.3611111111111
ia-batch4/Brooklyn_Park_restaurant_giving_to_others_this_holiday.mp4, -1, -1, 59.472222222222214
ia-batch4/ClassicToons_432.mp4, -1, -1, 47.485714285714295
ia-batch4/New_Ordinance_on_Plastic_Bags.mp4, -1, -1, 75.25
ia-batch4/facebook-785691215187726.mp4, -1, -1, 54.8181818181818
ia-batch4/FilmNumber74GaetanGosselin.mp4, -1, -1, 64.0
ia-batch4/youtube-j7zlLitMFCs.mp4, -1, -1, 45.75
ia-batch4/Tony_Brown_Live_at_High_Ground_Caf_3-13-15_Part_4.mp4, -1, -1, 70.6388888888889
ia-batch4/youtube-wBHGt97nqgU.mp4, -1, -1, 39.1470588235294
ia-batch4/Top_Plays_-_Sports_Den_10-4-16.mp4, -1, -1, 51.10526315789479
ia-batch4/youtube-8qDGCov9AJU.mp4, -1, -1, 53.1081081081081
ia-batch4/youtube-kssOWKhp4SI.mp4, -1, -1, 49.722222222222214
ia-batch4/2016_Hilers_Boys_Varsity_Soccer_Preview.mp4, -1, -1, 66.4848484848485
ia-batch4/Cygnus-DragonFlySculptureByValxartcom749.mp4, -1, -1, 54.9705882352941
ia-batch4/youtube-a2R-Lm_MCwA.mp4, -1, -1, 28.3055555555556
ia-batch4/nctv18ma-The_Painting_2017.mp4, -1, -1, 53.735294117647115
ia-batch4/Ratbagradio-GazaProtestRallyBrisbane106.mp4, -1, -1, 42.0
ia-batch4/MUHS_Graduation_2016.mp4, -1, -1, 55.8
ia-batch4/Executive_Kittleman_Announces_Capital_Improvement_Projects_for_Fire_and_Rescue_Services.mp4, -1, -1, 73.6111111111111
ia-batch4/Week_of_11_09_15_Harris_Hill_Elementary_Penfield_Morning_Show.mp4, -1, -1, 50.1176470588235
ia-batch4/cactvmav-Alewife_Storm_Wetland.mp4, -1, -1, 41.6486486486487
ia-batch4/youtube-3NOcn0idaII.mp4, -1, -1, 60.974358974359
ia-batch4/12_News_October_27_2014.mp4, -1, -1, 53.085714285714296
ia-batch4/ucberkeley_webcast_NlN8Lwi8AaM.mp4, -1, -1, 40.5526315789474
ia-batch4/archiveteam_videobot_twitter_com_764731951697637377.mp4, -1, -1, 67.7941176470588
ia-batch4/youtube-0DVF2lwDEv4.mp4, -1, -1, 51.864864864864906
ia-batch4/coatv-Market_House_Vendor_introduction.mp4, -1, -1, 59.88571428571429
ia-batch4/youtube-LHCm4j-iLps.mp4, -1, -1, 48.7837837837838
ia-batch4/2013_Norwood_Day_Parade.mp4, -1, -1, 49.11428571428571
ia-batch4/archiveteam_videobot_twitter_com_785588612578455552.mp4, -1, -1, 48.67647058823529
ia-batch4/tndcco-City_Hotel.mp4, -1, -1, 35.058823529411804
ia-batch4/Board_of_Selectmen_Special_Meeting_3_24_15.mp4, -1, -1, 65.945945945946
ia-batch4/NPTEL-CoreSciEngr-Water_and_Waste_Water_Enginee.mp4, -1, -1, 51.0285714285714
ia-batch4/SPCA_Pet_Talk_-_ep_111.mp4, -1, -1, 58.459459459459495
ia-batch4/youtube-w54YKLD7u9E.mp4, -1, -1, 48.4444444444444
ia-batch4/The_Sportsdesk_02.11_-_Torrance_CitiCABLE_Channel_3_-_Local_CA_Sports_-_January_2011.mp4, -1, -1, 58.11428571428571
ia-batch4/sttvmi-Shelby_TV_Sports_Break_-_Eisenhower_Hockey_vs_Grosse_Pointe_South_MAC_Showcase.mp4, -1, -1, 67.2727272727273
ia-batch4/punkcast921.mp4, -1, -1, 43.1621621621622
ia-batch4/Tree_Lighting_Ceremony_Promo.mp4, -1, -1, 51.5555555555556
ia-batch4/Bedford_TV_News_-_10_16_2017.mp4, -1, -1, 76.69444444444441
ia-batch4/Will_the_Republicans_Prevail_in_2010_Seats_to_Watch_and_Why.mp4, -1, -1, 56.9428571428571
ia-batch4/youtube-voKxhcAvikQ.mp4, -1, -1, 57.8571428571429
ia-batch4/youtube-dj8EDxXoUP0.mp4, -1, -1, 27.638888888888893
ia-batch4/Tethered_Exhibit_Appears_Through_Jan._5_2017_at_Winchester_Cultural_Center.mp4, -1, -1, 69.5135135135135
ia-batch4/youtube-S9w6IXj_FbQ.mp4, -1, -1, 45.8333333333333
ia-batch4/youtube-cPbDbhGBlQQ.mp4, -1, -1, 53.257142857142895
ia-batch4/Fairfax_County_Executive_Ed_Long_-_In_His_Own_Words.mp4, -1, -1, 61.0
ia-batch4/Fall_River_Rotary_Auction_2012_Time_Lapse.mp4, -1, -1, 58.68571428571429
ia-batch4/Wareham_High_School_2016_Powderpuff_Football_Game.mp4, -1, -1, 58.6666666666667
ia-batch4/youtube-FM5g2Y8B3ZE.mp4, -1, -1, 45.75
ia-batch4/TheLittleEngineThatCould.mp4, -1, -1, 48.0571428571429
ia-batch4/DreamerTraining_July_26_2016.mp4, -1, -1, 58.8888888888889
ia-batch4/youtube-MUa9HAzP8cM.mp4, -1, -1, 58.8333333333333
ia-batch4/Board_of_Selectmen_s_meeting_from_November_24_2014.mp4, -1, -1, 42.9117647058824
ia-batch4/CITY_COUNCIL_WORKSHOP_MEETING_FEBRUARY_21st_2012.mp4, -1, -1, 54.8484848484849
ia-batch4/TakingFireInBaqubah.mp4, -1, -1, 45.8529411764706
ia-batch4/Fairfax_County_s_Workhouse_Arts_Center.mp4, -1, -1, 47.3529411764706
ia-batch4/The_Beautiful_Heart_Show_-_Typhoon_Haiyan_Outreach.mp4, -1, -1, 50.2
ia-batch4/Flickr-29928376607.mp4, -1, -1, 69.1538461538462
ia-batch4/qc_quickcam_020309_3500.mp4, -1, -1, 37.1428571428571
ia-batch4/STL_TV_Live_-_The_Marfa_Dialogues_1_of_2.mp4, -1, -1, 51.972222222222214
ia-batch4/cogtx-Waves_of_Information_-_April_2_2019.mp4, -1, -1, 71.6756756756757
ia-batch4/wbrtvmi-County_Line_with_Don_Brown_Pt._2.mp4, -1, -1, 53.0571428571429
ia-batch4/2016_DeKalb_State_of_the_County_Afternoon_Address.mp4, -1, -1, 64.7837837837838
ia-batch4/Toontime1.mp4, -1, -1, 52.810810810810786
ia-batch4/youtube-kWwug4Lg_ZU.mp4, -1, -1, 52.2162162162162
ia-batch4/Zoning_Commission_Meeting_May_18_2015.mp4, -1, -1, 53.0606060606061
ia-batch4/ClubUnitedSoccer.mp4, -1, -1, 60.79411764705879
ia-batch4/colcav-Youth_In_Government_2015_City_of_Lancaster.mp4, -1, -1, 66.5142857142857
ia-batch4/2010_Gourmet_Alley.mp4, -1, -1, 59.257142857142895
ia-batch4/youtube-YazZuyCDyxM.mp4, -1, -1, 62.28571428571429
ia-batch4/CutTheGoat1921.mp4, -1, -1, 49.3055555555556
ia-batch4/26_Square_Solar_Co-op.mp4, -1, -1, 68.7222222222222
ia-batch4/2014_-_2105_High_School_Sports_Season_s_Top_Sports_Plays.mp4, -1, -1, 67.3142857142857
ia-batch4/facebook-507406749814849.mp4, -1, -1, 49.3055555555556
ia-batch4/2016_Norwood_Chamber_of_Commerce_Recognition_Awards.mp4, -1, -1, 48.9090909090909
ia-batch4/slpmn-Country_Music_Jam_pt1_9-4-2019_at_LenoxCC_--_ParkTV15.mp4, -1, -1, 65.25
ia-batch4/clvmn-Lakeville_Liquors_-_Bonus_Wine_Packs_February_2019.mp4, -1, -1, 66.1111111111111
ia-batch4/youtube-RziDYIYLOOY.mp4, -1, -1, 82.69444444444441
ia-batch4/Steering_Committee_-_September_4_2013.mp4, -1, -1, 59.6285714285714
ia-batch4/cdaid-February_27_2017_Public_Works_Committee_Meeting.mp4, -1, -1, 53.2432432432432
ia-batch4/cobmd-Bowie_Fair_Housing_Roundtable.mp4, -1, -1, 56.3030303030303
ia-batch4/serpentine_session_3.mp4, -1, -1, 53.3513513513514
ia-batch4/Sticks_and_Stones_Opens_at_Fogerty_Arena.mp4, -1, -1, 75.0
ia-batch4/coeor-Budget_Committee_02-26-2014.mp4, -1, -1, 46.0810810810811
ia-batch4/Press_Availability_June_25_2014.mp4, -1, -1, 74.0
ia-batch4/youtube-bMKiK_Ydv7g.mp4, -1, -1, 52.3030303030303
ia-batch4/archiveteam_videobot_twitter_com_821880030926086148.mp4, -1, -1, 54.6486486486487
ia-batch4/pmpnc-Wendell_vs_Zebulon_Mighty_Mites_2018_shAHe7BVkMc.mp4, -1, -1, 59.6285714285714
ia-batch4/youtube-mmTfpC4ogIc.mp4, -1, -1, 62.151515151515206
ia-batch4/CHC_Dana_Ward_Larry_Cole_2001.mp4, -1, -1, 40.6285714285714
ia-batch4/An_Afternoon_of_Conversation_with_Madeline_Albright_James_Baker_James_Steinberg.mp4, -1, -1, 57.31428571428571
ia-batch4/youtube-1ds8Fylj5fM.mp4, -1, -1, 43.8333333333333
ia-batch4/youtube-5iJyq-N_HZA.mp4, -1, -1, 35.914285714285704
ia-batch4/Sustainable_Rockville_Earth_Day_Roundup.mp4, -1, -1, 36.9428571428571
ia-batch4/youtube-7UNg2UZW2as.mp4, -1, -1, 54.128205128205096
ia-batch4/Disc._First_Avenue_Bike_Path_011315.mp4, -1, -1, 63.31428571428571
ia-batch4/Dinners_With_Love.mp4, -1, -1, 62.4
ia-batch4/2014_EPA_MC_Sports_Summer_Camp.mp4, -1, -1, 58.8484848484849
ia-batch4/okcok-HHW_Painter.mp4, -1, -1, 53.157894736842096
ia-batch4/CTV_News_6_26_14.mp4, -1, -1, 61.6111111111111
ia-batch4/The_Intersection_of_Poverty_and_Data_-_Part_1.mp4, -1, -1, 51.4166666666667
ia-batch4/Carver_Board_of_Selectmen_3_8_16.mp4, -1, -1, 57.9714285714286
ia-batch4/ctv3in-Girl_Talk_April_2015.mp4, -1, -1, 59.3888888888889
ia-batch4/What_s_Going_On_-_Children_s_Community_Healthcare_Plan_-_Part_Two.mp4, -1, -1, 50.4375
ia-batch4/Planning_11-13-12.mp4, -1, -1, 45.4444444444444
ia-batch4/youtube-1K9IZJfAhGc.mp4, -1, -1, 46.2972972972973
ia-batch4/cornv-Reno_Basque_Festival_2013.mp4, -1, -1, 60.0
ia-batch4/archiveteam_videobot_twitter_com_883058014298796032.mp4, -1, -1, 59.9459459459459
ia-batch4/youtube-HQOJprZ-3w8.mp4, -1, -1, 66.88571428571429
ia-batch4/dscma-Dover_Selectmen_Meeting_November_29_2018.mp4, -1, -1, 61.1875
ia-batch4/afma-The_Framingham_Beat_-_Cardboard_Challenge_at_TLC.mp4, -1, -1, 75.82352941176471
ia-batch4/youtube-pPBtuxvEzI4.mp4, -1, -1, 30.972972972973
ia-batch4/caatvia-BOARD_OF_SUPERVISORS_MAY_7.mp4, -1, -1, 67.9090909090909
ia-batch4/Education_Matters_Interns.mp4, -1, -1, 74.2121212121212
ia-batch4/youtube-rQUHoNhAPi8.mp4, -1, -1, 79.70270270270271
ia-batch4/Adoptable_Dogs_in_Clackamas_County_-_Nov._21_-_Nov._28.mp4, -1, -1, 69.4857142857143
ia-batch4/State_2017_SEMIS_D1_126lbs_Fields_WALSH_vs._Sharp_MARYSVILLE.mp4, -1, -1, 66.6842105263158
ia-batch4/youtube-aEmvIJxphTs.mp4, -1, -1, 37.8823529411765
ia-batch4/Aspen_Challenge_Denver-_Highlights.mp4, -1, -1, 73.5135135135135
ia-batch4/electricsheep-flock-244-85000-4.mp4, -1, -1, 63.79411764705879
ia-batch4/Planning_Commission_Regular_Meeting_-_July_15_2015.mp4, -1, -1, 55.5
ia-batch4/Monona_Grove_High_School_Daily_Announcements_3_1_18.mp4, -1, -1, 74.62162162162159
ia-batch4/youtube-rqqWq7MP6Mo.mp4, -1, -1, 29.384615384615397
ia-batch4/Community_Journal_December_7_2017.mp4, -1, -1, 69.2121212121212
ia-batch4/youtube-NdGhR6lQoYc.mp4, -1, -1, 54.7027027027027
ia-batch4/Ste._Genevieve_Mo_Board_of_Aldermen_2_12_15.mp4, -1, -1, 44.2285714285714
ia-batch4/ToniqTV-ToniqTVWhiteLight581.mp4, -1, -1, 60.67647058823529
ia-batch4/ncgvtvca-Just_Jan_-_Episode_7.mp4, -1, -1, 62.2285714285714
ia-batch4/Trailer_Division2_Cinematic_20180611_3200.mp4, -1, -1, 55.8684210526316
ia-batch4/The_Presidency_and_the_Constitution_5_of_5_2008.mp4, -1, -1, 55.44117647058821
ia-batch4/VideoBRubenYouCanPlayYourBanjo.mp4, -1, -1, 57.394736842105296
ia-batch4/youtube-ZB-wbgE_8sQ.mp4, -1, -1, 33.8918918918919
ia-batch4/26322NuremburgTrialsPart1.mp4, -1, -1, 48.05882352941179
ia-batch4/archiveteam_videobot_twitter_com_740589855575400448.mp4, -1, -1, 59.5882352941177
ia-batch4/TheBarnDance.mp4, -1, -1, 48.405405405405396
ia-batch4/ehsan312.mp4, -1, -1, 43.0789473684211
ia-batch4/12-13-2011_BOMA_Work_Session.mp4, -1, -1, 51.0882352941177
ia-batch4/ClassicToons_201511.mp4, -1, -1, 45.8333333333333
ia-batch4/Testimony_from_Opponents_of_Pension_Reform_Bill_512.mp4, -1, -1, 63.472222222222214
ia-batch4/mhatca-Live_Oak_Grad_Night_2006.mp4, -1, -1, 47.421052631579
ia-batch4/youtube-ArbBX2CBY3c.mp4, -1, -1, 52.4705882352941
ia-batch4/cg_0740-Miami-Dade_County_Beaches.mp4, -1, -1, 72.91428571428571
ia-batch4/Pt.2BuscamosSerSalvadosComoEnElTiempoDeEgiptoY.mp4, -1, -1, 64.8611111111111
ia-batch4/This_Week_Feb_19.mp4, -1, -1, 55.67647058823529
ia-batch4/electricsheep-flock-244-47500-6.mp4, -1, -1, 66.59375
ia-batch4/Securing_the_Nation_s_Largest_City.mp4, -1, -1, 58.5
ia-batch4/youtube-7emlMLVatMY.mp4, -1, -1, 36.2727272727273
ia-batch4/Antonwithagen-HitTheRoadJack390.mp4, -1, -1, 45.9444444444444
ia-batch4/Adoptable_Dogs_in_Clackamas_County_-_Dec._28_-_Jan._3.mp4, -1, -1, 73.81081081081079
ia-batch4/stltvmo-Takin_it_to_the_Streets_-_New_Year_s_Resolutions.mp4, -1, -1, 71.5142857142857
ia-batch4/Roebling_Bridge_Pedestrian_Connector.mp4, -1, -1, 55.1428571428571
ia-batch4/electricsheep-flock-244-30000-8.mp4, -1, -1, 65.7021276595745
ia-batch4/bliptv-20131104-203441-Cficafilm-AspectRatioJanuary2013946.mp4, -1, -1, 73.02857142857141
ia-batch4/TightRopeTricks1933.mp4, -1, -1, 45.3783783783784
ia-batch4/coltx-State_of_the_City_Address_-_Laredo_Texas.mp4, -1, -1, 56.8888888888889
ia-batch4/Council_On_Aging_February_Update_2017.mp4, -1, -1, 59.57142857142861
ia-batch4/youtube-S6wVKxTMCsE.mp4, -1, -1, 61.0294117647059
ia-batch4/vf_graystation_120414_1800.mp4, -1, -1, 57.29411764705879
ia-batch4/Omni_Edition_Garden_City_-_October_2015.mp4, -1, -1, 61.7714285714286
ia-batch4/dni.ncaa.ICCR-558-VHS.mp4, -1, -1, 23.5277777777778
ia-batch4/youtube-h5C9kebBGXU.mp4, -1, -1, 38.7058823529412
ia-batch4/State_of_the_Village_Address_-_Part_2_of_2.mp4, -1, -1, 56.5625
ia-batch4/Charter_Revision_Commission_Meeting_March_17_2016_part_1.mp4, -1, -1, 51.777777777777786
ia-batch4/archiveteam_videobot_twitter_com_764879386277507072.mp4, -1, -1, 49.3333333333333
ia-batch4/NHS_v_Masco_Football.mp4, -1, -1, 52.764705882352885
ia-batch4/Pet_of_the_Week_-_Goliath.mp4, -1, -1, 71.4117647058823
ia-batch4/0037_Gift_of_Green_13_00_46_00.mp4, -1, -1, 55.7714285714286
ia-batch4/3_MEN_IN_KILTS.mp4, -1, -1, 59.43243243243239
ia-batch4/208Hunted.mp4, -1, -1, 48.235294117647115
ia-batch4/The_Fire_Chief_s_Kitchen_Table_-_May_2014.mp4, -1, -1, 62.0
ia-batch4/tctvoh-The_2015_Troy_High_School_Holiday_Concert_Series_-_Symphonic_Concert_Band_Performance.mp4, -1, -1, 48.1388888888889
ia-batch4/PAPSARSEOM051819NaomiBinzen.mp4, -1, -1, 61.222222222222214
ia-batch4/youtube-EDLigQI7Tow.mp4, -1, -1, 54.11428571428571
ia-batch4/youtube-Yr0mHpoGp9w.mp4, -1, -1, 71.5277777777778
ia-batch4/Parks_Rec_Volunteer_Kick-Off_1-29-15.mp4, -1, -1, 75.2727272727273
ia-batch4/archiveteam_videobot_twitter_com_885440048648384512.mp4, -1, -1, 52.74285714285711
ia-batch4/youtube-JdozGOWYvKY.mp4, -1, -1, 71.6285714285714
ia-batch4/Winton_Woods_Middle_School_Orchestra_at_the_Sabin_Center_-_November_9_1994.mp4, -1, -1, 39.837837837837895
ia-batch4/Pitt_County_DSS_Board_meeting_for_3_13_2012.mp4, -1, -1, 47.2972972972973
ia-batch4/Page_Park.mp4, -1, -1, 73.82857142857141
ia-batch4/a6.8magnitudeearthquakestruckmindanaophillipines.mp4, -1, -1, 54.2285714285714
ia-batch4/youtube-r2bg1JAYYa8.mp4, -1, -1, 54.5428571428571
ia-batch4/bratt2vt-Putney_Selectboard_Mtg_4_24_13.mp4, -1, -1, 53.527777777777786
ia-batch4/youtube-OMconHntMo4.mp4, -1, -1, 51.2
ia-batch4/bratt2vt-5_45_Live_8_17_11.mp4, -1, -1, 57.263157894736786
ia-batch4/youtube-epLS3ZFSQtg.mp4, -1, -1, 58.2
ia-batch4/DerSchwarzeOrder.mp4, -1, -1, 42.75
ia-batch4/Currently_in_Quincy_-_The_Interviews_-_NF_Northeast_-_August_2_2019.mp4, -1, -1, 79.6666666666667
ia-batch4/archiveteam_videobot_twitter_com_882574261684236288.mp4, -1, -1, 51.025641025641
ia-batch4/DrinkingWithBob-IfItWerentForThePeople701.mp4, -1, -1, 42.8333333333333
ia-batch4/youtube-QSZdRy1lqY8.mp4, -1, -1, 56.375
ia-batch4/Splash_Pad_Extended_Hours.mp4, -1, -1, 78.8787878787879
ia-batch4/Flickr-32998216163.mp4, -1, -1, 68.1842105263158
ia-batch4/National_Letter_of_Intent_Day.mp4, -1, -1, 60.277777777777786
ia-batch4/SummerGamesDoneQuick2012.mp4, -1, -1, 61.5151515151515
ia-batch4/youtube-OAi98jQaS7o.mp4, -1, -1, 61.2972972972973
ia-batch4/blmtwpmiv-Is_There_a_Difference_between_Religion_Spirituality.mp4, -1, -1, 67.6486486486487
ia-batch4/Epicness_ReChoired_of_Epic_Elementary.mp4, -1, -1, 58.1944444444444
ia-batch4/bedford-Boston.mp4, -1, -1, 68.0285714285714
ia-batch4/Bristol_Development_Authority-_7-25-16.mp4, -1, -1, 65.37142857142861
ia-batch4/WilliamBoothSalvationArmy1953Documentary.mp4, -1, -1, 40.526315789473706
ia-batch4/Reading_High_Basketball_State_Championship_Parade_4-5-17.mp4, -1, -1, 59.0
ia-batch4/Varsity_Boys_Basketball_-_Wareham_Vikings_vs_Cardinal_Spellman_Cardinals_1-10-15.mp4, -1, -1, 53.82857142857139
ia-batch4/youtube-vX7wL4h4RP8.mp4, -1, -1, 62.5757575757576
ia-batch4/youtube-vYj2M8ORCoU.mp4, -1, -1, 29.1666666666667
ia-batch4/Vcd24IhdinasSiraatalMustaqeem...Part6SuraAlFaatiha.mp4, -1, -1, 52.6176470588235
ia-batch4/vf_derrickthedeathfin_ql_3500.mp4, -1, -1, 58.9117647058824
ia-batch4/electricsheep-flock-244-22500-3.mp4, -1, -1, 53.43243243243239
ia-batch5/facebook-1723571791035278.mp4, -1, -1, 63.5833333333333
ia-batch5/707_SEGMENTS_-_PAUL_DRAPER_ON_SUSTAINABILITY.mp4, -1, -1, 69.375
ia-batch5/cg_0146-Mobile_Career_Center_for_Ex-Offenders.mp4, -1, -1, 65.1666666666667
ia-batch5/MC_Comm_6_21.mp4, -1, -1, 56.1315789473684
ia-batch5/Eleanor_Friedberger_Stare_at_the_Sun_Live_at_KDHX_6_24_13.mp4, -1, -1, 70.1212121212121
ia-batch5/youtube-cjqTEc6-wVY.mp4, -1, -1, 48.1176470588235
ia-batch5/youtube-ZGUXBOIGueg.mp4, -1, -1, 47.6153846153846
ia-batch5/CMAC_n_Live_From_Fresno_with_the_Rebel_Lovers_Part_1.mp4, -1, -1, 74.5675675675676
ia-batch5/My_Laurel_Promo_1.mp4, -1, -1, 63.8205128205128
ia-batch5/TheHeadlessHorseman.mp4, -1, -1, 49.8333333333333
ia-batch5/Art_To_Grow_On.mp4, -1, -1, 61.7894736842105
ia-batch5/21_This_Week_-_County_Executive_Candidate_Forum_Council_Passes_Increase_to_Minimum_Wage.mp4, -1, -1, 80.7714285714286
ia-batch5/youtube-YYaZoBN2D7E.mp4, -1, -1, 48.1081081081081
ia-batch5/WoodyWoodpeckerPanic.mp4, -1, -1, 55.6060606060606
ia-batch5/youtube-o16JcCP7DqE.mp4, -1, -1, 52.1388888888889
ia-batch5/cig_07.mp4, -1, -1, 52.8055555555556
ia-batch5/am-The_Curious_Giraffe_Show_Episode_27_-_About_Feelings.mp4, -1, -1, 66.11428571428571
ia-batch5/youtube-lQVoBo84Pfk.mp4, -1, -1, 41.02777777777779
ia-batch5/Tying_the_Knot_-_BrotherManship.mp4, -1, -1, 51.8
ia-batch5/trqk7t1972q326.mp4, -1, -1, 67.25
ia-batch5/youtube-QufQEhZloqQ.mp4, -1, -1, 48.972222222222214
ia-batch5/Tails_and_Trails_PSA_2012.mp4, -1, -1, 51.5789473684211
ia-batch5/youtube-b_81oqt6JrU.mp4, -1, -1, 36.729729729729705
ia-batch5/D2_Girls_100_Breastroke_Heat_3.mp4, -1, -1, 65.4411764705882
ia-batch5/archiveteam_videobot_twitter_com_692784742018711552.mp4, -1, -1, 50.5
ia-batch5/O_Sister_Brother-Babylon.mp4, -1, -1, 55.540540540540505
ia-batch5/coscca-City_Council_Meeting_June_21_2016.mp4, -1, -1, 47.4
ia-batch5/SCVTV.com_12_15_2011_U.S._Military_-_Looking_Back_at_the_Iraq_War_as_the_Mission_Ends.mp4, -1, -1, 57.277777777777786
ia-batch5/youtube-rxnzvGxjnxc.mp4, -1, -1, 53.71428571428571
ia-batch5/cmcnbca-Skate_Park.mp4, -1, -1, 61.7297297297297
ia-batch5/vf_mailbag_071411_3500.mp4, -1, -1, 66.10526315789471
ia-batch5/youtube-IXccrEcnZD4.mp4, -1, -1, 41.342857142857106
ia-batch5/106901_MCPS_2008_2_45th_AA_band_fest_part_2.mp4, -1, -1, 59.8055555555556
ia-batch5/RMD_Patti_Insurance_2014_Holiday_Greeting.mp4, -1, -1, 72.94444444444441
ia-batch5/Community_Journal_November_2_2017.mp4, -1, -1, 68.0
ia-batch5/youtube-hsCruiMrP0Y.mp4, -1, -1, 70.7777777777778
ia-batch5/NewMakers_-_Arlingtonians_for_a_Clean_Environment_ACE.mp4, -1, -1, 46.9714285714286
ia-batch5/youtube-IPGDHxzwpUI.mp4, -1, -1, 40.18918918918921
ia-batch5/youtube-RdZxuEnus9s.mp4, -1, -1, 67.7428571428572
ia-batch5/youtube-6tkJ3wz4Kcc.mp4, -1, -1, 39.3055555555556
ia-batch5/youtube-DD1FAs3ie0c.mp4, -1, -1, 66.8611111111111
ia-batch5/slctvma-Channel_8_Community_Updates_-_October_13th_2015.mp4, -1, -1, 66.1351351351351
ia-batch5/Mountain_View_Spartans_vs_Gunn_Titans-_Girls_Volleyball_October_28_2014.mp4, -1, -1, 54.9428571428571
ia-batch5/youtube-WroFyZV45QU.mp4, -1, -1, 72.19444444444441
ia-batch5/Every_Movie_Ever_-_The_Foot_Fist_Way.mp4, -1, -1, 71.5428571428572
ia-batch5/Missoula_Live_3-24-2014.mp4, -1, -1, 50.921052631579
ia-batch5/World_Beat_2012_Danza_Azteca_2.mp4, -1, -1, 62.3823529411765
ia-batch5/100_Years_The_McLennan_Courthouse_-_Waco_Gateway_to_Texas_History.mp4, -1, -1, 68.5833333333333
ia-batch5/youtube-lLnrbF1-gxA.mp4, -1, -1, 51.9705882352941
ia-batch5/Spartans_Boys_Varsity_Soccer_vs._Cathedral_Game_Recap.mp4, -1, -1, 63.7714285714286
ia-batch5/2014_Scandia_Taco_Daze_Festival.mp4, -1, -1, 54.1621621621622
ia-batch5/youtube-jU9BgEJHBdU.mp4, -1, -1, 63.0526315789474
ia-batch5/Proud_American_Days_2014_-_Baby_Contest.mp4, -1, -1, 56.0
ia-batch5/youtube-HvM0qEZXFE.mp4, -1, -1, 46.5
ia-batch5/Minnesota_State_Capitol.mp4, -1, -1, 56.342105263157904
ia-batch5/St._Charles_Parish_Today_Promo_-_Relay_For_Life_of_St._Charles_Parish_2010.mp4, -1, -1, 58.972222222222214
ia-batch5/Sports_Update_-_April_13_2017.mp4, -1, -1, 68.7297297297297
ia-batch5/Missouri_City_Texas_-_Planning_Zoning_Meeting_-_December_9_2015.mp4, -1, -1, 60.60526315789479
ia-batch5/Town_Council_meeting_August_13_2015.mp4, -1, -1, 58.1388888888889
ia-batch5/vf_bittripcore_int_063009_3500.mp4, -1, -1, 68.875
ia-batch5/051415_Berkley_vs_Lake_Orion_Girls_Soccer.mp4, -1, -1, 47.454545454545496
ia-batch5/wbrtvmi-Peach_Festival_Kidsfest_2009_Promo.mp4, -1, -1, 51.612903225806505
ia-batch5/Transperformance_26_-_Mikey_Sweet_as_The_Boss.mp4, -1, -1, 72.4285714285714
ia-batch5/Sam_Rayburn_Tollway_Closing_2_25_Weekend.mp4, -1, -1, 53.74285714285711
ia-batch5/Roundball_Report_719.mp4, -1, -1, 46.55882352941179
ia-batch5/youtube-GkkVlhkm6MI.mp4, -1, -1, 63.1290322580645
ia-batch5/codmi-New_Slide_at_Dunworth_Pool.mp4, -1, -1, 69.78125
ia-batch5/cofrmd-Motter_Ave_and_I-70_Phase_2D.mp4, -1, -1, 70.2
ia-batch5/ELIZAbits_Ep_37_-_Elizabeth_Spray_Parks.mp4, -1, -1, 77.8684210526316
ia-batch5/African-American_Read-In_2014.mp4, -1, -1, 68.7567567567568
ia-batch5/e3_trashcans_053109_3500.mp4, -1, -1, 54.8888888888889
ia-batch5/pmpc-East_Wake_News_nPNQnJk8B-c.mp4, -1, -1, 53.3030303030303
ia-batch5/Planning_Board_01_10_2006_Newmarket_New_Hampshire.mp4, -1, -1, 46.5833333333333
ia-batch5/youtube--wZY5DnrE1g.mp4, -1, -1, 61.88571428571429
ia-batch5/Arts_Are_the_Answer_Calendar_December_2012_Christmas_in_the_Adobes.mp4, -1, -1, 63.31428571428571
ia-batch5/City_Hall_Halloween_Festival_2016.mp4, -1, -1, 57.969696969697
ia-batch5/youtube-ufkHt8dgG8I.mp4, -1, -1, 81.9189189189189
ia-batch5/bratt2vt-The_Pulse_May_2010_Cow_Bucks_Shopping.mp4, -1, -1, 48.2162162162162
ia-batch5/youtube-mQGDkWJz8ds.mp4, -1, -1, 48.189189189189214
ia-batch5/Track_74_-_Kamikaze_Democracy_-_Un-American_Patriotism.mp4, -1, -1, 45.2
ia-batch5/Berks_Perspectives_3-24-16.mp4, -1, -1, 61.454545454545496
ia-batch5/United_Way_Difference_July_2015.mp4, -1, -1, 67.4444444444444
ia-batch5/TotalWarRome2CivilWarCutsceneRome.mp4, -1, -1, 63.538461538461505
ia-batch5/youtube-dVuTVxBvY84.mp4, -1, -1, 37.3055555555556
ia-batch5/MMMMMoon-Halo3LegendarySet573-2.mp4, -1, -1, 52.405405405405396
ia-batch5/Catholic_Mass_from_the_Church_of_Ste._Genevieve_Mo_10_15_17.mp4, -1, -1, 52.5
ia-batch5/ThePinkPanther-cartoons.mp4, -1, -1, 62.657142857142894
ia-batch5/On_what_to_expect_from_US-Asia_policy.mp4, -1, -1, 64.5833333333333
ia-batch5/PCN_Duxbury_New_Town_Manager.mp4, -1, -1, 58.4571428571429
ia-batch5/youtube-NV-wG_I3ioc.mp4, -1, -1, 48.28571428571429
ia-batch5/acfrma-Framingham_Fan_to_Fan_with_Mass_with_Mass_Warriors.mp4, -1, -1, 76.3142857142857
ia-batch5/School_Board_Meeting_-_04-14-2015.mp4, -1, -1, 55.8787878787879
ia-batch5/electricsheep-flock-244-85000-5.mp4, -1, -1, 70.2777777777778
ia-batch5/Adoptable_Dogs_in_Clackamas_County_-_Oct._24_-_30.mp4, -1, -1, 73.28571428571429
ia-batch5/Antonwithagen-TheSongOfTheWhale506.mp4, -1, -1, 37.1944444444444
ia-batch5/2001_Nightmare_on_Broad_Street.mp4, -1, -1, 51.15384615384621
ia-batch5/ncgvtvca-BriarPatch_Solar_array_video.mp4, -1, -1, 55.94117647058821
ia-batch5/Digieffects-DELIRIUMPuffyCloudsFastMovingNightCloudsPreset127.mp4, -1, -1, 43.264705882352885
ia-batch5/TotoAfricaMinecraftAnimationLowQuality.mp4, -1, -1, 50.6315789473684
ia-batch5/Pop_Warner_2016_-_Week_3_-_E_Team.mp4, -1, -1, 48.5
ia-batch5/3027_838_InnerCityChurchofChrist_EP838.mp4, -1, -1, 54.8823529411765
ia-batch5/youtube-0aZwBVwLpPg.mp4, -1, -1, 58.9166666666667
ia-batch5/Precinct_Deputy_Training.mp4, -1, -1, 51.027777777777786
ia-batch5/Richard_Tyler_Kelly_Rowland_Sharon_Stone_and_Cheryl_Shuman_at_Mercedes_Benz_Fashion_Week_2.mp4, -1, -1, 50.6666666666667
ia-batch5/bliptv-20131012-115344-Activetuts-CS5Video319.mp4, -1, -1, 50.3714285714286
ia-batch5/DuPage_Wild_Ones.mp4, -1, -1, 59.0833333333333
ia-batch5/BR_Robotics_Team.mp4, -1, -1, 58.5
ia-batch5/Recycle_Moore.mp4, -1, -1, 56.387096774193495
ia-batch5/Budget_Committee_01_04_2011_Newmarket_New_Hampshire.mp4, -1, -1, 40.9166666666667
ia-batch5/youtube-5r3dYP7bLNo.mp4, -1, -1, 55.6969696969697
ia-batch5/Memorial_Tree_Program_-_Plant_a_Legacy_-_Missouri_City_TX.mp4, -1, -1, 58.7714285714286
ia-batch5/youtube-ipVo7dc2zgI.mp4, -1, -1, 40.5294117647059
ia-batch5/cg_0246-What_s_News_in_Union_County_-_Nov._11_-_Nov._18.mp4, -1, -1, 71.3157894736842
ia-batch5/Pat_Clark.mp4, -1, -1, 81.9166666666667
ia-batch5/youtube_UC3Ss8ag5UH2aCINEjjzDGrA.mp4, -1, -1, 56.29411764705879
ia-batch5/comaz-School_Zone_Saftey_PSA.mp4, -1, -1, 69.25
ia-batch5/youtube-P_5K78V6NyE.mp4, -1, -1, 71.71428571428571
ia-batch5/Adoptable_Dogs_in_Clackamas_County_-_Oct._10_-_17.mp4, -1, -1, 59.222222222222214
ia-batch5/youtube-XoXwOXyBBKY.mp4, -1, -1, 66.0
ia-batch5/013014_SFHS_vs_Springville_Boys_Basketball_3rd_Quarter.mp4, -1, -1, 52.31428571428571
ia-batch5/AirRaidUSORedFeather1943.mp4, -1, -1, 42.179487179487204
ia-batch5/youtube-RnQ86kahxJ4.mp4, -1, -1, 63.60526315789479
ia-batch5/punkcastcomPUNKCAST33535WhiteMagicOneNote.mp4, -1, -1, 50.1315789473684
ia-batch5/Sports_Jam_October_8_2012.mp4, -1, -1, 58.1470588235294
ia-batch5/bliptv-20131013-003852-918thefan-iStalk801991.mp4, -1, -1, 66.85714285714289
ia-batch5/Ryanne-NorthernVermontNelsonsHouse118.mp4, -1, -1, 37.52777777777779
ia-batch5/Community_Conversations_-_Maryland_Heroin_Awareness_Advocates.mp4, -1, -1, 81.3513513513513
ia-batch5/youtube-V2RFOvt4aqE.mp4, -1, -1, 55.6285714285714
ia-batch5/Fire_Safety_Prevention_Week_and_Essay_Award_Winners.mp4, -1, -1, 62.3611111111111
ia-batch5/Dr._R.E._Cycle_-_Landfill_Tour.mp4, -1, -1, 56.63636363636361
ia-batch5/September_05_2017_City_Council.mp4, -1, -1, 46.4117647058824
ia-batch5/Sarasota_County_2012_Annual_Report_Video_-_Environmental_Utilities.mp4, -1, -1, 58.11428571428571
ia-batch5/youtube-x6SbhXxp8qo.mp4, -1, -1, 54.8611111111111
ia-batch5/Flickr-16241125170.mp4, -1, -1, 62.2285714285714
ia-batch5/Election_Forum_-_Dist._7_Sacramento_City_Council.mp4, -1, -1, 72.6060606060606
ia-batch5/Chautauqua_Sunrise_with_Doc_Hamels_Week_of_June_30.mp4, -1, -1, 63.8611111111111
ia-batch5/youtube-u4n_kfmF2jk.mp4, -1, -1, 45.8787878787879
ia-batch5/cg_0740-Fight_the_Bite_-_Spanish.mp4, -1, -1, 53.6285714285714
ia-batch5/North_Hudson_Village_Board_Meeting_June_5_2007.mp4, -1, -1, 55.3783783783784
ia-batch5/TD_Saturday_Market_-30_Promo.mp4, -1, -1, 55.0526315789474
ia-batch5/Antonwithagen-MayDay733.mp4, -1, -1, 55.6111111111111
ia-batch5/South_central_neighborhoods_bike_pedestrian_workshop.mp4, -1, -1, 54.1428571428571
ia-batch5/Eisenhower_Eagle_Football_Review_-_Week_1_-_Rockford.mp4, -1, -1, 67.4864864864865
ia-batch5/Two_City_Schools_Garner_Governor_s_Award_in_Norfolk.mp4, -1, -1, 47.10526315789479
ia-batch5/Read_Across_America_Day_-_H._Olive_Day_School_March_1_2019.mp4, -1, -1, 75.9722222222222
ia-batch5/Rutland_Halloween_Parade_HD_Oct_28FE_CL19.mp4, -1, -1, 47.4705882352941
ia-batch5/youtube-BdpBjjIVawE.mp4, -1, -1, 57.5
ia-batch5/youtube-hQjdI9qJbWE.mp4, -1, -1, 62.3529411764706
ia-batch5/After_school_tutoring_goes_mobile.mp4, -1, -1, 68.4857142857143
ia-batch5/archiveteam_videobot_twitter_com_914950482480812033.mp4, -1, -1, 63.9705882352941
ia-batch5/Dilly-O_12-05-08.mp4, -1, -1, 46.8
ia-batch5/youtube-5CoueIjn36U.mp4, -1, -1, 51.2702702702703
ia-batch5/Notice_New_Lenox_-_Kumon_Math_and_Reading_Center.mp4, -1, -1, 61.28571428571429
ia-batch5/acamma-Abington_vs._East_Bridgewater_Boys_Junior_Varsity_Basketball_-_2_18_18.mp4, -1, -1, 52.9473684210526
ia-batch5/bratt2vt-2012_Brattleboro_Rep_Town_Mtg._-_PM_Session_3_24_12.mp4, -1, -1, 50.34285714285711
ia-batch5/Public_Service_Announcement_-_Building_Bright_Futures_of_Chittenden_County.mp4, -1, -1, 59.8529411764706
ia-batch5/youtube-bVq98BVxJ2E.mp4, -1, -1, 65.3243243243243
ia-batch5/youtube-aUTM5R1_eeI.mp4, -1, -1, 48.67647058823529
ia-batch5/The_Affordable_Health_Care_Act_in_Virginia.mp4, -1, -1, 54.5555555555556
ia-batch5/Community_Ministries_of_Rockville_Celebrating_50_years_of_Service.mp4, -1, -1, 76.0
ia-batch5/archiveteam_videobot_twitter_com_801724715417174016.mp4, -1, -1, 43.8055555555556
ia-batch5/2012_Gaithersburg_Book_Festival_-_John_Feinstein.mp4, -1, -1, 68.3333333333333
ia-batch5/youtube-hlnm4B4hwos.mp4, -1, -1, 56.3714285714286
ia-batch5/Mono_-_Two_Went_To_Sleep_a_poem_by_Leonard_Cohen_read_by_Steve_Dunning.mp4, -1, -1, 35.575757575757606
ia-batch5/ngtvma-Nantucket_Finance_Committee_1_22_15.mp4, -1, -1, 50.428571428571395
ia-batch5/ucberkeley_webcast_ssw8rhL_ss8.mp4, -1, -1, 54.5454545454546
ia-batch5/youtube-4KwHmtBNghQ.mp4, -1, -1, 44.6944444444444
ia-batch5/MMMMMoon-DonnasNewBaby94PlymouthSundance938.mp4, -1, -1, 59.722222222222214
ia-batch5/acmima-All_Town_String_Concert_-_ONN_Production_-_March_16_2016.mp4, -1, -1, 50.5625
ia-batch5/bliptv-20131013-235657-BreakaLegTV-BaLEpisode2Part1Commentary661.mp4, -1, -1, 69.29729729729729
ia-batch5/Opening_of_the_Lucky_Leven_Show_17.mp4, -1, -1, 53.459459459459495
ia-batch5/Smart_Money_-_Why_Have_A_Will.mp4, -1, -1, 75.9166666666667
ia-batch5/youtube-9F3-vXn8iLM.mp4, -1, -1, 62.0
ia-batch5/Board_of_Education_-_School_Start_Times_Part_2_of_2.mp4, -1, -1, 62.363636363636395
ia-batch5/youtube-g2D5g8PvaoM.mp4, -1, -1, 39.1666666666667
ia-batch5/bliptv-20131011-162030-Anewbreedcinema-SweepersPromo603.mp4, -1, -1, 53.0
ia-batch5/corrtx-McGruff_s_Down.mp4, -1, -1, 54.71428571428571
ia-batch5/5K_Monster_Dash_Race_Day_10min._Version.mp4, -1, -1, 53.5294117647059
ia-batch5/youtube-srFpqQZmLMs.mp4, -1, -1, 47.1212121212121
ia-batch5/Sign_Up_For_The_2012_Rudolph_Run.mp4, -1, -1, 58.29411764705879
ia-batch5/Seniors_Dance_at_Clark_County_Centers.mp4, -1, -1, 60.9166666666667
ia-batch5/Councilman_Tom_Simplot_-_Staying_Fit_for_the_Holidays.mp4, -1, -1, 65.3333333333333
ia-batch5/archiveteam_videobot_twitter_com_766050921537241088.mp4, -1, -1, 58.972972972973004
ia-batch5/Defeating_Mans_Common_Enemy_062411.mp4, -1, -1, 61.6969696969697
ia-batch5/Parading_Petaluma_Butter_Eggs_Parade_-_2014.mp4, -1, -1, 44.6944444444444
ia-batch5/Wellesley_High_School_Sports_Report_-_02_01_16.mp4, -1, -1, 70.3611111111111
ia-batch5/2223_NFU_Time_Lapse_Promo.mp4, -1, -1, 57.9714285714286
ia-batch5/1987_Forest_Lake_4th_of_July_Parade.mp4, -1, -1, 45.277777777777786
ia-batch5/Navajo_County_Connection_December_2017.mp4, -1, -1, 80.9411764705882
ia-batch5/3027_843_InnerCityChurchofChrist_EP843.mp4, -1, -1, 50.82857142857139
ia-batch5/youtube-bQjqUMwxdHI.mp4, -1, -1, 51.257142857142895
ia-batch5/ebctvwv-82nd_Mountain_State_Forest_Festival_Opening_Ceremony.mp4, -1, -1, 57.74285714285711
ia-batch5/City_Council_Meeting_-_11_22_2010.mp4, -1, -1, 52.189189189189214
ia-batch5/bliptv-20131015-010256-Appadvice-AppAdviceDailyAppisode592389.mp4, -1, -1, 58.11428571428571
ia-batch5/SF_News_2-2-11_pt2.mp4, -1, -1, 68.1176470588235
ia-batch5/SangeetaNagpalINDIA_201512.mp4, -1, -1, 70.6285714285714
ia-batch5/Belfast_Chamber_Year_in_Review_2016.mp4, -1, -1, 52.0540540540541
ia-batch5/Chiclettes_-_Nowhere_to_Run.mp4, -1, -1, 56.57142857142861
ia-batch6/Petaluma_Board_of_Education_-_5_12_15.mp4, -1, -1, 64.2285714285714
ia-batch6/coltx-Anti_Bullying_Walk_Event_Overview_102018.mp4, -1, -1, 71.75
ia-batch6/The_Entrepreneurs_Network_with_Special_Guest_Kenny_Dublin.mp4, -1, -1, 59.0789473684211
ia-batch6/Public_Hearing_-_Solid_Waste_-_09-17-2015.mp4, -1, -1, 62.3823529411765
ia-batch6/youtube-TyyodTzwEnc.mp4, -1, -1, 59.8205128205128
ia-batch6/electricsheep-flock-244-7500-5.mp4, -1, -1, 71.4166666666667
ia-batch6/am-Amherst_School_Committee_-_2-26-13.mp4, -1, -1, 59.263157894736786
ia-batch6/tctvbc-Golden_Spike_2013_part_6.mp4, -1, -1, 50.5
ia-batch6/youtube-4EYy8niTzHM.mp4, -1, -1, 30.3235294117647
ia-batch6/nwatvvt-No_Left_Turn_plays_live_in_Taylor_Park_Summer_Concert_Series.mp4, -1, -1, 62.8
ia-batch6/youtube-BD62K6Bgy68.mp4, -1, -1, 52.44117647058821
ia-batch6/youtube-7fO5uBjO9Iw.mp4, -1, -1, 47.59459459459461
ia-batch6/youtube-dI-nhbM0r4w.mp4, -1, -1, 52.0540540540541
ia-batch6/untvmi-The_Briefing_Room_10_4_12.mp4, -1, -1, 58.2432432432432
ia-batch6/Abington_Finance_Committee_3-15-12_-_Part_2.mp4, -1, -1, 52.71428571428571
ia-batch6/youtube-jaoerb_LY9A.mp4, -1, -1, 52.31428571428571
ia-batch6/Reach_Out_and_Read_-_Alexander_County_Public_Health.mp4, -1, -1, 64.4285714285714
ia-batch6/Cinderella_189.mp4, -1, -1, 40.72222222222221
ia-batch6/Exercise_with_Emma_Part_1.mp4, -1, -1, 64.1111111111111
ia-batch6/youtube-ckGMSAgGVZk.mp4, -1, -1, 50.810810810810786
ia-batch6/Top_Plays_10.23.17.mp4, -1, -1, 66.7428571428571
ia-batch6/Water_Works_and_Lighting_Commission_Meeting_8_14_13.mp4, -1, -1, 74.9090909090909
ia-batch6/2015-12-04-Christmas_in_the_Square_Full_Concert.mp4, -1, -1, 53.75
ia-batch6/Cooking_Con_Lucas_Red_Chile_Sauce.mp4, -1, -1, 73.35897435897441
ia-batch6/AlongPartyLinesVol.1.mp4, -1, -1, 54.11428571428571
ia-batch6/youtube-x7IHx1KQ9kc.mp4, -1, -1, 70.3846153846154
ia-batch6/AEstrelaEsquecidaDaDanceMusicDoBrasilEstDeVolta.mp4, -1, -1, 39.76315789473679
ia-batch6/conok-Order_your_Rain_Barrel_Today_Deadline_March_30.mp4, -1, -1, 78.5714285714286
ia-batch6/Vocal_Support_A_Cappella_Benefit_Concert.mp4, -1, -1, 53.6
ia-batch6/mctvmd-The_Weekend_Marquee_S3E14_-_Hannah_Gill.mp4, -1, -1, 68.8
ia-batch6/DE23AA87829E42EA9A5EA4EFFE6FD510.mp4, -1, -1, 37.5428571428571
ia-batch6/tndcco-Mounted_Patrol.mp4, -1, -1, 58.55
ia-batch6/wfktvme-VI40_Geese_Crosswalk.mp4, -1, -1, 69.2
ia-batch6/4_of_4_-_CAMPAIGN_2008_-_Illinois_Volunteers_for_Senator_Obama.mp4, -1, -1, 52.4
ia-batch6/youtube-XTeL4lMDZ2U.mp4, -1, -1, 57.10526315789479
ia-batch6/Candidate_Filing_2012.mp4, -1, -1, 64.85714285714289
ia-batch6/bitvil-Bungalow_Chef_Plum_Tart.mp4, -1, -1, 60.871794871794904
ia-batch6/Your_World_-_Bringing_it_Home_-_Mass_Energy.mp4, -1, -1, 56.257142857142895
ia-batch6/Mexian_Open_2017.mp4, -1, -1, 70.55555555555559
ia-batch6/Dick_and_Jane_s_Brass_Band_and_the_Walker_West_Academy_at_the_Selby_Ave_Jazz_Festival_2013.mp4, -1, -1, 67.7567567567568
ia-batch6/youtube-Fkyq106eeJ0.mp4, -1, -1, 50.8888888888889
ia-batch6/youtube-1_X8z0NzF2s.mp4, -1, -1, 61.8918918918919
ia-batch6/Tellin_You_All_About_It_-_Apr_28th_2015_15_DUNK_the_NSA_thing.mp4, -1, -1, 63.9714285714286
ia-batch6/Welding_Career_and_Training_Expo_St._Charles_County_Government.mp4, -1, -1, 73.5675675675676
ia-batch6/uctvma-Be_My_Guest_02_28_19_Carol_Lewis_Hospitality_House_4925.mp4, -1, -1, 78.4166666666667
ia-batch6/tweakers004853.mp4, -1, -1, 64.37142857142861
ia-batch6/AWARE_on_the_Air_-_Episode_287.mp4, -1, -1, 56.8823529411765
ia-batch6/tndcco-Cycling_-_Part_1.mp4, -1, -1, 51.3888888888889
ia-batch6/Tempe_State_of_the_City_-_Biomedical_Campus.mp4, -1, -1, 83.2352941176471
ia-batch6/wfktvme-Kitchen_Party_April_2019.mp4, -1, -1, 69.28571428571429
ia-batch6/youtube-EpPi1RqIQbI.mp4, -1, -1, 61.4242424242424
ia-batch6/Videoplayback1_20180203_1436.mp4, -1, -1, 66.3142857142857
ia-batch6/Porsche_Race_Car_Classic_V4.mp4, -1, -1, 73.9677419354839
ia-batch6/DevotionalTimeEp1.mp4, -1, -1, 58.3055555555556
ia-batch6/No_deal_is_better_than_a_bad_deal._National_Security_Advisor_Susan_Rice_on_Iran.mp4, -1, -1, 83.1842105263158
ia-batch6/youtube-opUtv-0oNmw.mp4, -1, -1, 63.7567567567568
ia-batch6/Board_of_Selectmen_s_meeting_from_March_25_2013.mp4, -1, -1, 42.742857142857105
ia-batch6/youtube-8JZTgbfbvoc.mp4, -1, -1, 34.5555555555556
ia-batch6/2016_Not_in_Our_Schools_Film_Festival.mp4, -1, -1, 56.948717948718006
ia-batch6/bliptv-20131031-055653-Armchairdirectors-Scream4MovieReviewAdvanceScreening407.mp4, -1, -1, 76.28571428571429
ia-batch6/Public_Safety_Committee_June_27_2017.mp4, -1, -1, 56.5833333333333
ia-batch6/Antonwithagen-NideggenGermany948.mp4, -1, -1, 55.3589743589744
ia-batch6/nflstreet2-tas-nflchallenge-lobsterzelda.mp4, -1, -1, 62.63636363636361
ia-batch6/DailyVlog1ROWERYIGALODYIPAAAAECZKI.mp4, -1, -1, 60.722222222222214
ia-batch6/TheFineBros-391_20140302.mp4, -1, -1, 84.5833333333333
ia-batch6/North_Reading_Selectmen_Meeting_8_13_12_Part_2.mp4, -1, -1, 51.3055555555556
ia-batch6/Sir_Ken_Robinson_-_The_Element.mp4, -1, -1, 63.0285714285714
ia-batch6/tctvma-Narragansett_Regional_High_School_Art_Show_2019.mp4, -1, -1, 68.0882352941177
ia-batch6/youtube-tRoBpqfXNas.mp4, -1, -1, 64.8823529411765
ia-batch6/Armstrong_Baseball_Preview.mp4, -1, -1, 57.9189189189189
ia-batch6/Ste_Genevieve_Mo._County_Fair_Greased_Pig_Contest_7_12_15.mp4, -1, -1, 52.0833333333333
ia-batch6/SCHOLAR_OF_THE_WEEK--KELSEY_SPURIO.mp4, -1, -1, 58.5
ia-batch6/cg_0146-Cigna_Mid-Atlantic_Thank_You.mp4, -1, -1, 67.15
ia-batch6/youtube-7bCMqsnt8Es.mp4, -1, -1, 43.1315789473684
ia-batch6/Belfast_Boat_Shop_Tours_-_Front_Street_Shipyard.mp4, -1, -1, 56.6060606060606
ia-batch6/ncgvtvca-Luxury_Homes_Show_-_April_2019.mp4, -1, -1, 55.25
ia-batch6/youtube-ijmovWUtlcw.mp4, -1, -1, 55.8611111111111
ia-batch6/youtube-eFyRnjNVgu4.mp4, -1, -1, 53.8611111111111
ia-batch6/TotalHalibut-2766_20101014.mp4, -1, -1, 63.3513513513514
ia-batch6/cobma-Mattapan_Farmers_Market_Opening_Day_2018_-_Promo.mp4, -1, -1, 65.0294117647059
ia-batch6/DrinkingWithBob-SolutionToGasProblemIsMORETAXES464.mp4, -1, -1, 49.472222222222214
ia-batch6/youtube-BDpcX-cC62M.mp4, -1, -1, 45.5
ia-batch6/ZeldaOoT_eu_SS_446.mp4, -1, -1, 53.6176470588235
ia-batch6/RVC_37_-_Al_Terminiello_Jr..mp4, -1, -1, 70.6285714285714
ia-batch6/Cheap_Eats_21_-_Mel_s_Drive_In.mp4, -1, -1, 61.6285714285714
ia-batch6/SamRenseiw-patafilm394M2sBrithday218.mp4, -1, -1, 42.6857142857143
ia-batch6/youtube-MQwbAzwOrrY.mp4, -1, -1, 56.4473684210526
ia-batch6/Davidleeking-songIdea143.mp4, -1, -1, 61.9444444444444
ia-batch6/Organization_of_New_Board_of_Education_042815.mp4, -1, -1, 49.0526315789474
ia-batch6/Midway_Early_Music_Ensemble_-_2.mp4, -1, -1, 78.0833333333333
ia-batch6/CTV_Sports_Page_11_19_3.mp4, -1, -1, 62.125
ia-batch6/ctncrmn-CTN_Journal_-_Thuney_s_Haunted_Graveyard.mp4, -1, -1, 76.6666666666667
ia-batch6/Muratore_s_9th_inning_walkoff.mp4, -1, -1, 77.7777777777778
ia-batch6/ytvideo-SuperMario64Beta.mp4, -1, -1, 42.7647058823529
ia-batch6/cosmca-Antonella_Borjas_Pecha_Kucha_-_ClimateFest.mp4, -1, -1, 65.0555555555556
ia-batch6/Scituate_Board_of_Selectmen_meeting_March_15_2011.mp4, -1, -1, 51.7714285714286
ia-batch6/youtube-hC-amgenmiA.mp4, -1, -1, 45.3823529411765
ia-batch6/youtube-fB7AlXVw2UY.mp4, -1, -1, 72.6111111111111
ia-batch6/8_Robbinsdale_Armstrong_vs_1_BSM_Boys_Hockey_6AA_Qtr._Final_2_21_13.mp4, -1, -1, 58.05882352941179
ia-batch6/3058_057_ROC_MtZionExpo2014_Part2.mp4, -1, -1, 64.8421052631579
ia-batch6/youtube-SKbiZ6f8Vjo.mp4, -1, -1, 53.59459459459461
ia-batch6/youtube-dSh4JkS8mgs.mp4, -1, -1, 50.8529411764706
ia-batch6/tvc22on-BernArt_en_Studio_Saison_1_episode_9.mp4, -1, -1, 64.5294117647059
ia-batch6/7MotivosParaOdiarADrossdofilo.mp4, -1, -1, 43.7297297297297
ia-batch6/youtube-PeyXLF7RmN8.mp4, -1, -1, 69.18918918918922
ia-batch6/Abington_vs_East_Bridgewater_Freshman_Football_-_9_7_17.mp4, -1, -1, 61.1111111111111
ia-batch6/wbrtvmi-RWB_Parks_Recreation_-_June_23_29_Pt._2.mp4, -1, -1, 65.0263157894737
ia-batch6/Education_Exchange_-_Health_Services_Susie_Poulton.mp4, -1, -1, 82.91428571428571
ia-batch6/Republic_Windows.mp4, -1, -1, 67.5277777777778
ia-batch6/Plan_Commission_3_9_15.mp4, -1, -1, 59.1794871794872
ia-batch6/cornv-Golf_Consultant_Recommends_Closing_Rosewood_Lakes_Golf_Course.mp4, -1, -1, 65.9166666666667
ia-batch6/mctvwi-Macci_Business_Profile_Episode_2_Quality_Tank_Soutions.mp4, -1, -1, 76.70270270270271
ia-batch6/cogco-GURA_Housing_Rehab.mp4, -1, -1, 64.0294117647059
ia-batch6/Montgomery_County_Exec_Leggett_Visits_MC311_Call_Center.mp4, -1, -1, 62.8571428571429
ia-batch6/youtube-I8m961wYQnc.mp4, -1, -1, 51.82857142857139
ia-batch6/comal-City_of_Mobile_will_resurface_more_than_27_miles_of_roads_this_year..mp4, -1, -1, 47.44117647058821
ia-batch6/DsNewSuperMarioBroswarplessIn4300.28BySoigWinepic.mp4, -1, -1, 74.97058823529409
ia-batch6/NASAKennedy-g4bWm8_JITI.mp4, -1, -1, 57.8055555555556
ia-batch6/Dana_Brown_interviews_in_the_street_July_2014.mp4, -1, -1, 60.6388888888889
ia-batch6/AOC_Community_Quotes_-_Trevor_Chapman.mp4, -1, -1, 78.2571428571428
ia-batch6/Board_of_Selectmen_Sept._2_2015.mp4, -1, -1, 58.428571428571395
ia-batch6/archiveteam_videobot_twitter_com_756540643233542144.mp4, -1, -1, 57.135135135135094
ia-batch6/electricsheep-flock-244-17500-8.mp4, -1, -1, 76.4117647058823
ia-batch6/youtube-w1si3MHiWy4.mp4, -1, -1, 61.35
ia-batch6/youtube-Wrc7MN5dR9s.mp4, -1, -1, 43.0
ia-batch6/dni.ncaa.IGRMS-3B_418-BC.mp4, -1, -1, 51.0
ia-batch6/Recreation_Department_Easter_Egg_Hunt_2009.mp4, -1, -1, 56.75
ia-batch6/scctvmn-Sports_Path_-_September_5_2018.mp4, -1, -1, 71.69444444444441
ia-batch6/Army_NavyTailgate_Grimm.mp4, -1, -1, 74.70270270270271
ia-batch6/fcgtvmd-Pet_of_the_Week_-_June_18_2018.mp4, -1, -1, 75.1470588235294
ia-batch6/youtube-rA1df0UOZ1w.mp4, -1, -1, 41.9428571428571
ia-batch6/archiveteam_videobot_twitter_com_911197837920268288.mp4, -1, -1, 61.485714285714295
ia-batch6/cc4ia-Iowa_City_City_Council_Meeting_of_November_19_2019.mp4, -1, -1, 59.0285714285714
ia-batch6/youtube-ZyX-iXDfKjE.mp4, -1, -1, 52.9166666666667
ia-batch6/SPCA_Pet_Talk_e74.mp4, -1, -1, 58.7027027027027
ia-batch6/School_Winter_Concert_-_2011.mp4, -1, -1, 51.0882352941177
ia-batch6/TBCN_Corporate_Videos_PSA.mp4, -1, -1, 60.3333333333333
ia-batch6/youtube-A1YA7vjC39U.mp4, -1, -1, 55.1463414634146
ia-batch6/Ag_Fair_Volunteer.mov.mp4, -1, -1, 62.472222222222214
ia-batch6/youtube-igQ9925hvPg.mp4, -1, -1, 65.4571428571429
ia-batch6/f20110831mad.mp4, -1, -1, 50.0
ia-batch6/3109_027_ChicoandBMan_EP27_The_Hit_Men_Simple_Rules_Chris_Lee.mp4, -1, -1, 58.31428571428571
ia-batch6/youtube-V34QanGsOAk.mp4, -1, -1, 53.9375
ia-batch6/sctvct-Headlines_Simsbury_with_Karen_Handville_May_30_2018.mp4, -1, -1, 72.3611111111111
ia-batch6/VM20_Grand_Isle_Mizpah.mp4, -1, -1, 78.8
ia-batch6/ctnaa-Ann_Arbor_Farmers_Market_Promo.mp4, -1, -1, 76.8378378378378
ia-batch6/Msx_Longplay_030_Fantasy_Zone.mp4, -1, -1, 64.67647058823529
ia-batch6/Ste._Genevieve_Mo_Tourism_Tax_Commission_10_18_16.mp4, -1, -1, 56.769230769230795
ia-batch6/School_Comittee_District_Goals_10-21-11.mp4, -1, -1, 54.8823529411765
ia-batch6/coffeehouse_tch_129_Terri_Allard1.mp4, -1, -1, 60.75
ia-batch6/Sevastopol_Board_of_Supervisors_07-22-13.mp4, -1, -1, 63.82857142857139
ia-batch6/Cinderellafilmi2015.mp4, -1, -1, 47.6470588235294
ia-batch6/youtube-8iNyIkajjIc.mp4, -1, -1, 65.4571428571429
ia-batch6/Veterans_Tribute_Park_Playground_Time_Lapse.mp4, -1, -1, 50.763157894736786
ia-batch6/cornv-City_of_Reno_NV_Windspires_Go_Up_in_Washoe_Valley_Neighborhood.mp4, -1, -1, 57.514285714285705
ia-batch6/Montague_Selectboard_Meeting_11-19-12.mp4, -1, -1, 52.5428571428571
ia-batch6/Senior_Safety_Services.mp4, -1, -1, 62.222222222222214
ia-batch6/Davidleeking-CoffeeInTheMorningLumiereVideo426.mp4, -1, -1, 67.5
ia-batch6/Champaign_Connection_57.mp4, -1, -1, 72.6470588235294
ia-batch6/Sauk_Centre_City_Council_11-20-13.mp4, -1, -1, 61.75
ia-batch6/BliterUndergroundArcadia2013.mp4, -1, -1, 48.8055555555556
ia-batch6/DAYAFTERAU.mp4, -1, -1, 48.7027027027027
ia-batch6/What_s_New_In_Burbank_-_February_13_2016.mp4, -1, -1, 68.88571428571429
ia-batch6/Wareham_Selectmen_Meeting_1-25-2011.mp4, -1, -1, 49.135135135135094
ia-batch6/Savannah_St._Pat_s_Celebration.mp4, -1, -1, 65.5714285714286
ia-batch6/brattvvt-Here_We_Are_with_guest_Derrik_Jordan.mp4, -1, -1, 75.37837837837841
ia-batch6/SoundieFrankParisHisMarionettes.mp4, -1, -1, 47.405405405405396
ia-batch6/amaranth6b.mp4, -1, -1, 49.63636363636361
ia-batch6/4H_and_FFA_Fair_2013_Tractor_Pull_Class_800.mp4, -1, -1, 65.8888888888889
ia-batch6/Elizabeth_Warren_visits_Needham.mp4, -1, -1, 59.6388888888889
ia-batch6/Appadvice-AppAdviceDailyAppisode126816.mp4, -1, -1, 71.1666666666667
ia-batch6/Miptalk-MadSkillsRhysMillenIsTheKiwiDrifter431-3.mp4, -1, -1, 57.4893617021277
ia-batch6/youtube-MZYGmJggbBA.mp4, -1, -1, 65.4736842105263
ia-batch6/youtube-F-rTlIQmI9I.mp4, -1, -1, 62.9428571428571
ia-batch6/youtube-VjoRJwkZ8bA.mp4, -1, -1, 54.9444444444444
ia-batch6/PC_Engine_Longplay_152_Space_Harrier.mp4, -1, -1, 65.1818181818182
ia-batch6/youtube-9P44WuJcRyQ.mp4, -1, -1, 43.7894736842105
ia-batch6/SantaAndTheRedNoseRaindeer.mp4, -1, -1, 49.722222222222214
ia-batch6/pctca-2019_World_Dog_Surf_Championship.mp4, -1, -1, 67.027027027027
ia-batch6/Osceola_County_Pets_of_the_Week_-_September_26-Octotober_2_2012_-_Misty_and_Pumpkin.mp4, -1, -1, 71.0
ia-batch6/Memorial_Day_Monday_May_25_2009.mp4, -1, -1, 55.8333333333333
ia-batch6/comimn-Winter_Parking_Restrictions_are_about_Public_Safety_-_Hmong.mp4, -1, -1, 65.4054054054054
ia-batch6/bctvme-PUBLIC_SAFETY_DAY_2018.mp4, -1, -1, 67.5428571428571
ia-batch6/blmtwpmiv-Impact100_Metro_Detroit_Detroit_Historical_Society.mp4, -1, -1, 64.2894736842105
ia-batch6/World_Beat_2012_OK2Botay_8.mp4, -1, -1, 61.8378378378378
ia-batch6/youtube-KJHowjpbJVo.mp4, -1, -1, 58.44117647058821
ia-batch6/Chamber_of_Commerce_03062013.mp4, -1, -1, 48.65625
ia-batch6/bliptv-20131014-170701-BigCatRescue-SnowLeopardVsHawkBigBirdRescue456.mp4, -1, -1, 51.68571428571429
ia-batch6/AutoCare_Washing_Down_our_Drains_-_Missouri_City_Texas.mp4, -1, -1, 57.0
ia-batch6/Archangel_Gabriel_Orthodox_Church_15B016.mp4, -1, -1, 57.0540540540541
ia-batch6/TildenAdvancedTennis.mp4, -1, -1, 47.421052631579
ia-batch6/CU_Immigration_Forum_-_Episode_133.mp4, -1, -1, 66.6153846153846
ia-batch6/youtube-dXfy5RzeyE.mp4, -1, -1, 70.4864864864865
ia-batch6/cosmca-Jazz_on_the_Lawn.mp4, -1, -1, 65.28571428571429
ia-batch6/wbrtvmi-RWB_Parks_Recreation_s_Weekly_Update_-_May_1_-_7.mp4, -1, -1, 62.157894736842096
ia-batch6/electricsheep-flock-244-2500-6.mp4, -1, -1, 66.2051282051282
ia-batch6/csatx-Bluffs_Nature_Walk.mp4, -1, -1, 71.44444444444441
ia-batch6/youtube-5fBdihs40KU.mp4, -1, -1, 48.0555555555556
ia-batch6/youtube-0UNqQr8X6uA.mp4, -1, -1, 54.184210526315795
ia-batch6/001BB.mp4, -1, -1, 45.6176470588235
ia-batch6/Piedmont_Plus_Senior_Games_2014_Information.mp4, -1, -1, 56.57142857142861
ia-batch6/electricsheep-flock-244-65000-9.mp4, -1, -1, 70.75
ia-batch6/bliptv-20131031-071919-Appadvice-AppAdviceDailyAppisode412565.mp4, -1, -1, 68.1351351351351
ia-batch6/2015-12-28-SDA_Speed_Runs.mp4, -1, -1, 67.62857142857139
ia-batch6/2016_NHSPCA_Paws_Walk.mp4, -1, -1, 62.342105263157904
ia-batch6/27267_1411114866_s01_Hawaii_the_paradise_of_the_Pacific.mp4, -1, -1, 48.1621621621622
ia-batch6/csgfmo-SPS_makes_buses_available_for_firefighter_training.mp4, -1, -1, 72.2432432432432
ia-batch6/youtube-edp157E4ZCk.mp4, -1, -1, 52.1666666666667
ia-batch6/BSOHMovie09AttackOfTheMonsters.mp4, -1, -1, 50.2972972972973
ia-batch6/youtube-F6nFSD1VBFY.mp4, -1, -1, 47.777777777777786
ia-batch6/bostonCANshare_Launch.mp4, -1, -1, 57.657894736842096
ia-batch6/youtube-w88gvS_bNf4.mp4, -1, -1, 48.9714285714286
ia-batch6/RatPakRecords-RonnyMunroeTheFireWithinPreviewsTrack6DemonOpera161-2.mp4, -1, -1, 59.428571428571395
ia-batch6/youtube-UBrivRoG5GM.mp4, -1, -1, 54.030303030303
ia-batch6/FARfetchedEther-LiveatGardnerLake_June142008.mp4, -1, -1, 48.8888888888889
ia-batch6/Norfolk_Is_Now_A_Rockefeller_Resilient_City.mp4, -1, -1, 70.921052631579
ia-batch6/youtube-0IcP8B_t2jM.mp4, -1, -1, 56.56756756756761
ia-batch6/ccgnc-CTW_Camp_TN_Spencer_Pool_06.24.2018.mp4, -1, -1, 78.0
ia-batch6/Safety_Committee_10-9-13.mp4, -1, -1, 60.79411764705879
ia-batch6/youtube-kGACjQcMqg0.mp4, -1, -1, 56.75
ia-batch6/STAR_Program_-_LOAN.mp4, -1, -1, 76.5945945945946
ia-batch6/RBHS_Spring_Art_Show_2015.mp4, -1, -1, 76.2162162162162
ia-batch6/EAC_9-26-13.mp4, -1, -1, 55.2894736842105
ia-batch6/Murfreesboro_Storytellers_March_2014-Margaret_Britton_Vaughn.mp4, -1, -1, 53.972222222222214
ia-batch6/archiveteam_videobot_twitter_com_766041874486484992.mp4, -1, -1, 48.222222222222214
ia-batch6/2013_City_of_McAllen_Proposition_Election_Dates_Locations.mp4, -1, -1, 62.67647058823529
ia-batch6/Alan_Page_-_Football_Courts_Learning.mp4, -1, -1, 64.2777777777778
ia-batch6/TCRF_-_Car_Ride.mp4, -1, -1, 49.0833333333333
ia-batch6/The_117th_Boston_Marathon_Start_in_Hopkinton.mp4, -1, -1, 49.57142857142861
ia-batch6/St._Clair_Makes_Mats_for_the_Community.mp4, -1, -1, 75.5945945945946
ia-batch6/Schwan_s_Cup_Highlights.mp4, -1, -1, 59.5
ia-batch6/BliptvLearningCenter-ComedyCaseyMcKinnonGalacticast339.mp4, -1, -1, 64.275
ia-batch6/coatv-Safe_Boat_Course.mp4, -1, -1, 73.7222222222222
ia-batch6/whctvct-2018_Kingswood_Oxford_Commencement_May_25_2018.mp4, -1, -1, 48.6875
ia-batch6/bliptv-20131013-164931-AnnoyingOrange-EpicRapBattlesOfKitchenryFtNicePeter536.mp4, -1, -1, 68.6111111111111
ia-batch6/Cooking_with_Nick_Asian_Flavors.mp4, -1, -1, 56.75
ia-batch6/APN_Arlington_Open_Studios_2013.mp4, -1, -1, 69.9722222222222
ia-batch6/electricsheep-flock-244-2500-3.mp4, -1, -1, 62.428571428571395
ia-batch6/02HoneysuckleRose.mp4, -1, -1, 35.8787878787879
ia-batch6/All_About_Dogs_Day_6-4-13.mp4, -1, -1, 46.5
ia-batch6/National_Signing_Day.mp4, -1, -1, 66.2903225806452
ia-batch6/youtube-DReyG2AML1k.mp4, -1, -1, 48.4848484848485
ia-batch7/B92-NikoliSledeegOktobraNaVlasti366.mp4, -1, -1, 52.31428571428571
ia-batch7/youtube-aOb2ILaE7ro.mp4, -1, -1, 48.0
ia-batch7/youtube-KaXNykYyrGY.mp4, -1, -1, 44.6285714285714
ia-batch7/Flickr-21614231970.mp4, -1, -1, 69.125
ia-batch7/youtube-u6cS_0RGu24.mp4, -1, -1, 72.69444444444441
ia-batch7/Mono_-_Poems_by_Jack_Gilbert_04.29.16.mp4, -1, -1, 53.9459459459459
ia-batch7/youtube-p_MwSOM4MVE.mp4, -1, -1, 56.82857142857139
ia-batch7/VilleDeNancy.mp4, -1, -1, 50.769230769230795
ia-batch7/Flickr-35868275783.mp4, -1, -1, 69.6216216216216
ia-batch7/01KamenRider83.mp4, -1, -1, 63.9166666666667
ia-batch7/youtube-gNTZKkMgVdU.mp4, -1, -1, 56.277777777777786
ia-batch7/Track_and_Field_Finals_Day_1.mp4, -1, -1, 47.4864864864865
ia-batch7/1458_NFU_SRE_jan10.mp4, -1, -1, 59.95
ia-batch7/youtube-GmtIIMFB5NE.mp4, -1, -1, 58.794871794871796
ia-batch7/wbrtvmi-WBRW_News_-_Week_of_February_10_2010_Pt._3.mp4, -1, -1, 48.954545454545496
ia-batch7/youtube-nWzr6gMqC0w.mp4, -1, -1, 45.9705882352941
ia-batch7/youtube-2FjFMunaSCM.mp4, -1, -1, 49.0
ia-batch7/coeor-City_Council_Work_Session_05-09-2012.mp4, -1, -1, 48.4848484848485
ia-batch7/youtube-iFolHnmKaTo.mp4, -1, -1, 38.1351351351351
ia-batch7/Mydeco-ExcitingProjects956.mp4, -1, -1, 67.94285714285711
ia-batch7/bliptv-20131031-105130-BoudoirLouisville-BoudoirLouisvilleGoesPropShoppingInPennsylvania800.mp4, -1, -1, 67.9736842105263
ia-batch7/Rose_Krasnow_Democrat_Candidate_for_Montgomery_County_Executive.mp4, -1, -1, 74.82352941176471
ia-batch7/tndcco-Colorado_Outdoors_-_Highlands_Ranch_Parks.mp4, -1, -1, 57.24324324324329
ia-batch7/Edward_Everett_Sculptures.mp4, -1, -1, 52.921052631579
ia-batch7/olaks-St._Patrick_s_Day_time-lapse_of_Downtown_Olathe.mp4, -1, -1, 58.526315789473706
ia-batch7/youtube-sYlIIc_FWNE.mp4, -1, -1, 56.6666666666667
ia-batch7/youtube-q8RuLo3Z1Wo.mp4, -1, -1, 54.1111111111111
ia-batch7/youtube-GaJi_d860KE.mp4, -1, -1, 60.135135135135094
ia-batch7/youtube-OaYVdgdjUk0.mp4, -1, -1, 52.459459459459495
ia-batch7/Roundabouts_Corridor_Flythrough.mp4, -1, -1, 61.97368421052629
ia-batch7/electricsheep-flock-244-82500-4.mp4, -1, -1, 71.8461538461538
ia-batch7/Cod_Mock_Bank_Robbery.mp4, -1, -1, 51.6666666666667
ia-batch7/youtube-uYr-F2Com48.mp4, -1, -1, 51.15384615384621
ia-batch7/Broadway_Singer_Tap_Dancer_Join_National_Philharmonic_for_Strathmore_Holiday_Concert.mp4, -1, -1, 64.3888888888889
ia-batch7/WWHS_Varsity_Ensemble_Chosen_for_Champions_Competition_World_Choir_Games.mp4, -1, -1, 52.68571428571429
ia-batch7/youtube-njlicBL7HU4.mp4, -1, -1, 59.9473684210526
ia-batch7/APN_Arlington_in_2_June_04_2015.mp4, -1, -1, 80.5945945945946
ia-batch7/MegaDriveLongplay312SameSameSame.mp4, -1, -1, 63.6944444444444
ia-batch7/Nick_Paganella_Holiday_Greeting_at_AF-TV_2014.mp4, -1, -1, 55.257142857142895
ia-batch7/Seniors_Bring_in_the_Catch_at_Fishing_Rodeo.mp4, -1, -1, 54.527777777777786
ia-batch7/ucberkeley_webcast_2PfI0mXUreg.mp4, -1, -1, 48.4444444444444
ia-batch7/NES_Longplay_172_Bubble_Bobble_Part_2.mp4, -1, -1, 63.324324324324294
ia-batch7/youtube-zLKzLYtvL4M.mp4, -1, -1, 64.5142857142857
ia-batch7/01.03.2017_Marshall_Public_Schools_Board_Meeting.mp4, -1, -1, 58.25
ia-batch7/vctv7bc-APE_Parkour_Demo_-_Valemount_Elementary_-_Mar._9_2015.mp4, -1, -1, 60.0285714285714
ia-batch7/2013_USTA_MEN_S_PRO_CIRCUIT_TENNIS_TOURNAMENT_promo.mp4, -1, -1, 51.7894736842105
ia-batch7/Black_History_Part_1_10-24-16.mp4, -1, -1, 54.540540540540505
ia-batch7/Computer_Donation_PSA.mp4, -1, -1, 67.1351351351351
ia-batch7/nwctc-Maple_Grove_Girls_Lacrosse_Falls_to_Prior_Lake.mp4, -1, -1, 58.972222222222214
ia-batch7/BOF_11_20_17.mp4, -1, -1, 59.9459459459459
ia-batch7/youtube-fo4_YJ4UXQs.mp4, -1, -1, 48.2972972972973
ia-batch7/archiveteam_videobot_twitter_com_800082822962626560.mp4, -1, -1, 47.8611111111111
ia-batch7/2008_2009_Hudson_Raiders_Wrestling_vs_West_Salem2.mp4, -1, -1, 57.1621621621622
ia-batch7/youtube-wQRIgUuXlfw.mp4, -1, -1, 47.8571428571429
ia-batch7/cocoh-CTV_News_Briefs_-_Plant_Pride_on_Parsons_2012.mp4, -1, -1, 53.9166666666667
ia-batch7/Wes_PSA_for_Access_TV.mp4, -1, -1, 73.8
ia-batch7/Board_of_Selectmen_9_2_08_Part_1.mp4, -1, -1, 49.7837837837838
ia-batch7/comid-This_Week_in_Meridian_-_June_6_-_13.mp4, -1, -1, 71.2058823529412
ia-batch7/chtvma-Town_Talk_featuring_Dick_DeFreitas_-_February_26_2018.mp4, -1, -1, 75.4736842105263
ia-batch7/City_of_Solon_Ohio_Council_2_6_12.mp4, -1, -1, 53.0789473684211
ia-batch7/sctvco-Pets_of_the_Week_for_May_09_2018.mp4, -1, -1, 69.75
ia-batch7/411Show-LuminariaArtsNightPart1891.mp4, -1, -1, 65.4
ia-batch7/Environmental_Advisory_Council_-_September_27_2018.mp4, -1, -1, 51.871794871794904
ia-batch7/New_Municipal_Service_Center_-_Time_Lapse.mp4, -1, -1, 43.59459459459461
ia-batch7/youtube-pJ-DmHbCypE.mp4, -1, -1, 57.9714285714286
ia-batch7/sttvmi-NEWS_5.14.2018_-_23_Dogs_Seized_From_Shelby_Township_Home.mp4, -1, -1, 78.6486486486487
ia-batch7/ComebackTina.mp4, -1, -1, 39.1842105263158
ia-batch7/Swajana-MarkusIntro113.mp4, -1, -1, 63.514285714285705
ia-batch7/Abington_vs._Rockland_Boys_Varsity_Soccer_-_9_7_16.mp4, -1, -1, 44.8684210526316
ia-batch7/youtube-wvEm1zITrqo.mp4, -1, -1, 43.89473684210521
ia-batch7/cobor-Community_Development_Department_Update_-_CC.mp4, -1, -1, 49.777777777777786
ia-batch7/04D60575D89B479A9337C743E2D8F448.mp4, -1, -1, 48.6969696969697
ia-batch7/youtube-iyjbhwq-pEk.mp4, -1, -1, 54.60526315789479
ia-batch7/ABDOOK407.mp4, -1, -1, 62.657894736842096
ia-batch7/coltx-Laredo_International_Sister_Festival_2017.mp4, -1, -1, 67.7222222222222
ia-batch7/youtube-ylYxOJfZoME.mp4, -1, -1, 49.135135135135094
ia-batch7/CIAA_Outdoor_Track_Field_Championships_Part_2.mp4, -1, -1, 55.257142857142895
ia-batch7/etvmn-Eagan_3rd_Grade_Inventors_Want_To_Go_To_Global_Finals.mp4, -1, -1, 70.6
ia-batch7/youtube-w70Hambhnsw.mp4, -1, -1, 46.421052631579
ia-batch7/Pet_of_the_Week_-_September_18_2017.mp4, -1, -1, 72.7058823529412
ia-batch7/Discover_Irving_-_2013_Dragon_Boat_Festival.mp4, -1, -1, 59.0
ia-batch7/youtube-KJKqpE51GwM.mp4, -1, -1, 67.8684210526316
ia-batch7/TokioJokio.mp4, -1, -1, 52.7894736842105
ia-batch7/youtube-ZIKRKwdqxrk.mp4, -1, -1, 41.6666666666667
ia-batch7/pacmd-Give_a_Day_Change_a_life_Gold_Award_Project.mp4, -1, -1, 63.538461538461505
ia-batch7/Tempe_Recycling.mp4, -1, -1, 73.3529411764706
ia-batch7/youtube-OEIJUv20mvc.mp4, -1, -1, 57.09375
ia-batch7/StPatrickParishChurchInVancouverBirthdayPartyEntertainmentFun.mp4, -1, -1, 54.972222222222214
ia-batch7/youtube-wkN_TZdJUkA.mp4, -1, -1, 45.421052631579
ia-batch7/Smithtown_September_11_Memorial_2018.mp4, -1, -1, 63.29411764705879
ia-batch7/Alcohol_Review_Board_Meeting_09_04_2012.mp4, -1, -1, 55.027777777777786
ia-batch7/AWARE_on_the_Air_-_Episode_376.mp4, -1, -1, 57.135135135135094
ia-batch7/Successful_Gardener_-_NW_Cabarrus_High_School_Rain_Garden.mp4, -1, -1, 63.81578947368421
ia-batch7/Agenda_-_Edina_-_Early_December_2013_-_Strategic_Priorities.mp4, -1, -1, 79.35
ia-batch7/3x3SpiralDoorTUTORIAL.mp4, -1, -1, 56.70588235294121
ia-batch7/Shane_and_Tyler_Show_May_23_2000.mp4, -1, -1, 56.975
ia-batch7/05.23.2017_Marshall_City_Council_Meeting.mp4, -1, -1, 55.3333333333333
ia-batch7/Walk_to_End_Alzheimers_2017.mp4, -1, -1, 49.2424242424242
ia-batch7/ccgnc-CTW_-_Mt._Pleasant_Library_03.11.2018.mp4, -1, -1, 71.1351351351351
ia-batch7/Education_Exchange_-_City_High_-_Best_Buddies_part_3.mp4, -1, -1, 56.1944444444444
ia-batch7/youtube-dHKwhXcDCNs.mp4, -1, -1, 40.027027027027
ia-batch7/cctvga-Clayton_County_Library_System_presents_Greg_Street_s_We_Need_2_Read_Read-A-Thon_3000.mp4, -1, -1, 58.421052631579
ia-batch7/Fire_Safety.mp4, -1, -1, 48.6944444444444
ia-batch7/Taste_of_Torrance_with_Kirk_Leins_12.13_part_1_-_Gaetano_s_Resturant_-_Torrance_CitiCABLE.mp4, -1, -1, 61.9230769230769
ia-batch7/stltvmo-STL_LIVE_Moving4Ward_Ministries_1_of_2.mp4, -1, -1, 60.8888888888889
ia-batch7/fcoga-Chairman_s_Circle_CNN_Partnership.mp4, -1, -1, 62.89743589743589
ia-batch7/Spotlight_Rewind_1_-_Caleb_Lewis_and_AJ_Harper.mp4, -1, -1, 75.2222222222222
ia-batch7/youtube-hluCjQR3mvA.mp4, -1, -1, 48.1111111111111
ia-batch7/A_Grief_Observed_November_2014.mp4, -1, -1, 80.5945945945946
ia-batch7/youtube-VwXQA03MJgE.mp4, -1, -1, 46.0789473684211
ia-batch7/Bunker_Beach_Expansion_Tour.mp4, -1, -1, 50.3823529411765
ia-batch7/26th_Yankee_Brigade_Deployment_Ceremony.mp4, -1, -1, 53.974358974359
ia-batch7/St._Charles_Parish_Question_of_the_Day_No._7.mp4, -1, -1, 53.675675675675706
ia-batch7/Board_of_Adjustment_Meeting_January_6_2015.mp4, -1, -1, 41.9473684210526
ia-batch7/bliptv-20131031-094806-Arsenio26-MakingAMusicVideoWithHysterica235.mp4, -1, -1, 69.0
ia-batch7/punkcast1189.mp4, -1, -1, 47.846153846153896
ia-batch7/3_-____------6----all----vidio--saleh---almaghamsy--all---mqate3---moatherah--.mp4, -1, -1, 61.9189189189189
ia-batch7/Dog_of_the_Week_-_Denali_the_Border_Collie_German_Shepherd_Mix.mp4, -1, -1, 68.4736842105263
ia-batch7/youtube-sCJrD1fVuEY.mp4, -1, -1, 60.257142857142895
ia-batch7/STLTV_LIVE_-_Jesse_Gannon.mp4, -1, -1, 57.657142857142894
ia-batch7/youtube-mUcnGlXn8Mc.mp4, -1, -1, 34.4594594594595
ia-batch7/youtube-qXy-kmJLdEk.mp4, -1, -1, 70.8333333333333
ia-batch7/youtube-77mQc6brJtk.mp4, -1, -1, 59.88571428571429
ia-batch7/NesNightmareOnElmStreetusaIn1631.93ByJamesBrowneziplock.mp4, -1, -1, 62.0555555555556
ia-batch7/2014_Wall_of_Fame_Induction_Ceremony.mp4, -1, -1, 57.1666666666667
ia-batch7/archiveteam_videobot_twitter_com_578484985881051136.mp4, -1, -1, 56.3888888888889
ia-batch7/Oath_of_Office_Ceremony_-_Norfolk_City_Council_2014.mp4, -1, -1, 55.277777777777786
ia-batch7/acamma-Abington_2017_Grandmarch_-_4_7_17.mp4, -1, -1, 46.6216216216216
ia-batch7/Dr._Traffic.mp4, -1, -1, 38.4324324324324
ia-batch7/Planning_Board_08_11_2009_Newmarket_New_Hampshire.mp4, -1, -1, 54.5833333333333
ia-batch7/Tysons_Annual_Open_House_May_2014.mp4, -1, -1, 59.514285714285705
ia-batch7/ucberkeley_webcast_4Ak20Lzduvo.mp4, -1, -1, 60.5833333333333
ia-batch7/youtube-HXbxdWht7Oc.mp4, -1, -1, 75.0
ia-batch7/PC-Engine_Longplay_320_Keto_Chan_and_Ken_Chan.mp4, -1, -1, 61.263157894736786
ia-batch7/Wareham_Board_of_Selectmen_Meeting_9-19-2017.mp4, -1, -1, 59.56756756756761
ia-batch7/electricsheep-flock-244-80000-0.mp4, -1, -1, 66.08108108108111
ia-batch7/DARE_Challenge_-_Semi-Finals_-_Winton_Forest_vs_Whitaker.mp4, -1, -1, 46.3611111111111
ia-batch7/badr_03_nabel_alawadi_alahmadi.avi.mp4, -1, -1, 46.3333333333333
ia-batch7/School_Committee_Meeting_5_12_08_Part_5.mp4, -1, -1, 58.972222222222214
ia-batch7/12_News_April_17_2014.mp4, -1, -1, 63.085714285714296
ia-batch7/Artist_to_Artist_Episode_1.mp4, -1, -1, 64.5
ia-batch7/cg_0146-County_Executive_and_Superintendent_help_break_ground_for_new_northwest_area_elementary_sch.mp4, -1, -1, 68.6388888888889
ia-batch7/MessageForBrownsvilleTxFBIFieldOffice.mp4, -1, -1, 72.7631578947369
ia-batch7/01GoseigerReturnsLastEpic.mp4, -1, -1, 67.4594594594595
ia-batch7/Flickr-11288864413.mp4, -1, -1, 48.263157894736786
ia-batch7/youtube-7828zOa_9Bw.mp4, -1, -1, 53.810810810810786
ia-batch7/Wareham_Finance_Committee_Meeting_8-18-2016.mp4, -1, -1, 53.1388888888889
ia-batch7/6137_Action_of_the_Human_Heart_01_55_11_26.mp4, -1, -1, 46.5135135135135
ia-batch7/Conferencereport-DartRainBirdsong115.mp4, -1, -1, 74.1621621621622
ia-batch7/wcnc-2015_Legislative_Goals.mp4, -1, -1, 69.2631578947369
ia-batch7/youtube-hXM7SdtVAOE.mp4, -1, -1, 37.2162162162162
ia-batch7/County_of_Berks_Board_of_Commissioners_meeting_6-22-17.mp4, -1, -1, 63.1666666666667
ia-batch7/patvny-World_War_II_Veterans_Stories_6_Part_I_Charles_K._Lawrence_K._Frederick_G..mp4, -1, -1, 63.47368421052629
ia-batch7/Fathers_day_promo_-_Farmington_Hills.mp4, -1, -1, 64.4864864864865
ia-batch7/youtube-TQ_hhK7RuWc.mp4, -1, -1, 63.3714285714286
ia-batch7/2016_State_of_the_District.mp4, -1, -1, 48.17142857142861
ia-batch7/rocny-Fire_Prevention_-_Carbon_Monoxide_Alarms.mp4, -1, -1, 68.6129032258065
ia-batch7/youtube-TSGsnu39ikc.mp4, -1, -1, 42.972972972973004
ia-batch7/youtube-6PaolAt9m-Y.mp4, -1, -1, 58.864864864864906
ia-batch7/coatv-MESSAGE_FROM_MAYOR_COHEN_-_SNOW_UPDATE.mp4, -1, -1, 53.3611111111111
ia-batch7/youtube-1E1Vu4y87zE.mp4, -1, -1, 52.81578947368421
ia-batch7/Animals_in_Ames_L5wl9jeY5ws.mp4, -1, -1, 77.23684210526321
ia-batch7/wacamav-Campaign_2010_-_A_Political_Rally.mp4, -1, -1, 51.89473684210521
ia-batch7/Conversations_467.mp4, -1, -1, 67.9411764705882
ia-batch7/North_Reading_Selectmen_Meeting_10_17_11_part_2.mp4, -1, -1, 64.4444444444444
ia-batch7/Mikes_Mondo_Calaveras_60_Peter_Maurer_Planning_Director_8_29_2018.mp4, -1, -1, 56.6388888888889
ia-batch7/Workshop_Submission_-_Something_Wrong_at_Nutmeg_TV.mp4, -1, -1, 63.2
ia-batch7/youtube-D4X-AxzeJ-o.mp4, -1, -1, 57.4864864864865
ia-batch7/AECOM_University_Ave_to_Greenhill_December.mp4, -1, -1, 74.6315789473684
ia-batch7/AmasterdamChinatown.mp4, -1, -1, 59.88571428571429
ia-batch7/3117_003_Cowboy_Dan_EP3.mp4, -1, -1, 60.324324324324294
ia-batch7/cokin-Egg_Drop_2016.mp4, -1, -1, 67.3513513513513
ia-batch7/NASAPlaneCrashTest.mp4, -1, -1, 41.1470588235294
ia-batch7/Senior_Center_Nature_Walk_08_25_16.mp4, -1, -1, 73.9210526315789
ia-batch7/f20110204mak.mp4, -1, -1, 53.6285714285714
ia-batch7/PloxieNowosti20.01.2016.mp4, -1, -1, 58.9189189189189
ia-batch7/Music_on_Main_2016_-_Trip_Daddys_PSA.mp4, -1, -1, 64.972972972973
ia-batch7/cornv-City_of_Reno_NV_Bob_Carroll_and_Friends_Interview_at_Northern_Nevada_Food_Bank.mp4, -1, -1, 49.5428571428571
ia-batch7/electricsheep-flock-245-5000-8.mp4, -1, -1, 68.14285714285711
ia-batch7/youtube-dsdSV9cZtJo.mp4, -1, -1, 53.157894736842096
ia-batch7/NWCT_Board_of_Directors_Election_2015_Promo.mp4, -1, -1, 56.1111111111111
ia-batch7/Westborough_Garden_Club_Plant_Sale.mp4, -1, -1, 38.75
ia-batch7/SportsDesk_27.10_PART_2.mp4, -1, -1, 48.96774193548389
ia-batch7/tpctvmd-WSSC_Forum_-_March_26_2009.mp4, -1, -1, 42.8974358974359
ia-batch7/Coral_Gables_Now_February_2011_Part_1.mp4, -1, -1, 50.8055555555556
ia-batch7/cactvma-Directions_to_Your_Room_TRAILER.mp4, -1, -1, 53.74285714285711
ia-batch7/electricsheep-flock-244-15000-8.mp4, -1, -1, 71.7058823529412
ia-batch7/youtube-0I0_dEXGXRc.mp4, -1, -1, 40.0810810810811
ia-batch7/Bible_Believers_Preaching_and_Teaching_15A005.mp4, -1, -1, 54.6486486486487
ia-batch7/Abde_EL_ALI-ANOUN-video-el-moslem.com.mp4, -1, -1, 42.5428571428571
ia-batch7/youtube-7Sz4TIp1n_A.mp4, -1, -1, 67.5588235294118
ia-batch7/brattvvt-West_River_Valley_Thrives_-_Impairment_Goggles_PSA.mp4, -1, -1, 65.3513513513513
ia-batch7/yt-SonichuCWC.mp4, -1, -1, 33.6111111111111
ia-batch7/Fantasmagori.mp4, -1, -1, 36.526315789473706
ia-batch7/youtube-qKuKVosUqKE.mp4, -1, -1, 76.6857142857143
ia-batch7/Saugus_Finance_Committee_-_September_20_2012.mp4, -1, -1, 56.68571428571429
ia-batch7/youtube-LzwkMzTuhzQ.mp4, -1, -1, 64.1388888888889
ia-batch7/youtube-4vJioAZ1oIY.mp4, -1, -1, 54.8918918918919
ia-batch7/AOC_Static._Stay_tuned.mp4, -1, -1, 22.4324324324324
ia-batch7/Comcast_Franchise_Renewal_Meetings.mp4, -1, -1, 57.3888888888889
ia-batch7/youtube-yhOjKcio4Oo.mp4, -1, -1, 47.9230769230769
ia-batch7/youtube-3fnQ1bg_Q0o.mp4, -1, -1, 56.4864864864865
ia-batch7/Tips_For_Easier_Voting_Experience.mp4, -1, -1, 58.9117647058824
ia-batch7/Crysis3LastSecondKillOnSweptsquash.mp4, -1, -1, 70.55555555555559
ia-batch7/Richard_Nielsen.mp4, -1, -1, 75.0789473684211
ia-batch7/anabcnewsdocumentarycoveringthemilitarycoupattemptinthesovietunionfromaugust19toaugust251991..mp4, -1, -1, 54.4166666666667
ia-batch7/pmpnc-Kidz_Newz_g2w8SmsGwZ0.mp4, -1, -1, 58.4705882352941
ia-batch7/Train_Conductor_Cap_Explanation_by_Chris_Hyland.mp4, -1, -1, 74.64102564102559
ia-batch7/youtube-KGKyBRFbrIc.mp4, -1, -1, 60.6666666666667
ia-batch7/cig_0646-Blaine_Safety_Camp_2009.mp4, -1, -1, 48.972222222222214
ia-batch7/electricsheep-flock-244-5000-2.mp4, -1, -1, 64.5263157894737
ia-batch7/The_SportsDesk_13.12_-_Torrance_CitiCABLE_-_April_2012.mp4, -1, -1, 55.5454545454546
ia-batch7/Play_of_the_Game_-_Girls_Hockey_-_Lakeville_South_vs._Burnsville_12-7-13.mp4, -1, -1, 59.5853658536585
ia-batch7/youtube-qAifwvHv74g.mp4, -1, -1, 59.0
ia-batch7/The_Splash_Person_of_the_Week_Christy_Forhan.mp4, -1, -1, 62.1666666666667
ia-batch7/Adopt_A_Pet_-_August_23_2013.mp4, -1, -1, 53.657142857142894
ia-batch7/Board_of_Selectmen_Meeting_March_15_2010_Part_7.mp4, -1, -1, 49.864864864864906
ia-batch7/youtube-kZXo6Q4U9i8.mp4, -1, -1, 49.11428571428571
ia-batch7/3_of_6_-_Chicago_s_Transportation_Needs_and_Funding.mp4, -1, -1, 53.5833333333333
ia-batch7/Crimson_edge_Falcons_advance_to_state.mp4, -1, -1, 53.17647058823529
ia-batch7/Montgomery_College_Student_Awards.mp4, -1, -1, 45.1111111111111
ia-batch7/youtube-Q5UGGz-fMhQ.mp4, -1, -1, 51.3611111111111
ia-batch7/Ode_II_Change_Episode_17NS001.mp4, -1, -1, 55.1388888888889
ia-batch7/youtube-WkRZCDQLTxo.mp4, -1, -1, 61.675
ia-batch8/2010_Grand_Wine_and_Food_Affair.mp4, -1, -1, 53.1351351351352
ia-batch8/El_Camino_del_Corazon.mp4, -1, -1, 78.3157894736842
ia-batch8/Public_Works_Open_House_Coming_Up.mp4, -1, -1, 75.64516129032259
ia-batch8/youtube-l26jtnVplEU.mp4, -1, -1, 61.1666666666667
ia-batch8/Yewenyi-trucksInAConvoy248.mp4, -1, -1, 44.7
ia-batch8/youtube-1YhL08oRGDg.mp4, -1, -1, 42.2
ia-batch8/2014_Queer_Youth_Leadership_Awards_-_Queer_Youth_Leadership_Award.mp4, -1, -1, 79.54285714285709
ia-batch8/MerkabaAnimationP2010.aviYouTube.mp4, -1, -1, 54.34285714285711
ia-batch8/Council_on_Aging_02_01_16_Recap.mp4, -1, -1, 75.1176470588236
ia-batch8/Brisbane_Planning_Commission_04.28.16_part_1_of_2.mp4, -1, -1, 42.7105263157895
ia-batch8/Mock_Crash_Shows_Students_Dangers_of_Drinking_and_Driving.mp4, -1, -1, 56.6285714285714
ia-batch8/EberlyCoykendalAfternoon1990.mp4, -1, -1, 57.82857142857139
ia-batch8/youtube-AvMW68PHxpc.mp4, -1, -1, 64.53125
ia-batch8/youtube-MqkMxnS6qCs.mp4, -1, -1, 44.59459459459461
ia-batch8/tbcama-United_States_Flag_Day_Ceremony_at_Brockton_City_Hall_6-14-16.mp4, -1, -1, 76.73684210526321
ia-batch8/A_Dragon_s_Burning_Love.mp4, -1, -1, 56.89743589743589
ia-batch8/03-10-12_SF_News_.mp4, -1, -1, 57.31428571428571
ia-batch8/bliptv-20131011-140423-918thefan-iStalk881689.mp4, -1, -1, 68.9393939393939
ia-batch8/AIA_Tour.mp4, -1, -1, 63.722222222222214
ia-batch8/youtube-wWQirQUJgAw.mp4, -1, -1, 44.3589743589744
ia-batch8/BHS_Girls_Varsity_Basketball_vs_Wayland_01_31_2014.mp4, -1, -1, 54.2105263157895
ia-batch8/youtube-Ornb3L0IyC0.mp4, -1, -1, 35.526315789473706
ia-batch8/Miptalk-TheCMOClubBarryHerstein169.mp4, -1, -1, 66.23076923076921
ia-batch8/1966_Windsor_Shad_Derby_Parade.mp4, -1, -1, 37.060606060606105
ia-batch8/Oshkosh_School_Board_12_21_16.mp4, -1, -1, 56.342105263157904
ia-batch8/Chai_with_Manjula_-_Vibha.mp4, -1, -1, 47.5
ia-batch8/Special_Election_for_the_Clarenceville_School_District.mp4, -1, -1, 67.8461538461538
ia-batch8/trackfiles013.mp4, -1, -1, 73.5945945945946
ia-batch8/4.0EarthquakeHitsClevelandArea.mp4, -1, -1, 44.5454545454546
ia-batch8/Alivelihood_12_12_13.mp4, -1, -1, 68.4545454545455
ia-batch8/youtube-zIMSiNdnuU8.mp4, -1, -1, 33.8285714285714
ia-batch8/youtube-4LJ_yEOpnRY.mp4, -1, -1, 36.6111111111111
ia-batch8/Pedestrian_Rights.mp4, -1, -1, 62.82857142857139
ia-batch8/The_Local_Music_Scene_12_-_Brothers_Bellamy_Yesterday.mp4, -1, -1, 41.05
ia-batch8/4th_up_bluff_open_question_3.mov.mp4, -1, -1, 50.8888888888889
ia-batch8/youtube-9i-5Xcb3MKM.mp4, -1, -1, 70.3888888888889
ia-batch8/tr_p3d_060718_3200.mp4, -1, -1, 71.0
ia-batch8/youtube-V989inxyblU.mp4, -1, -1, 33.825
ia-batch8/youtube-IJ7ipx_TUco.mp4, -1, -1, 77.4054054054054
ia-batch8/The_Bridge_Cape_Ann_Weekend_Calendar_1_13_2017.mp4, -1, -1, 70.82857142857141
ia-batch8/tv4satx-San_Antonio_Nuclear_Power_plant_Protest.mp4, -1, -1, 48.540540540540505
ia-batch8/scatvma-The_Bluffs_Demolition.mp4, -1, -1, 83.1081081081081
ia-batch8/CathMass021113.mp4, -1, -1, 50.972972972973004
ia-batch8/11-03-12_SF_News_pt1.mp4, -1, -1, 58.3783783783784
ia-batch8/youtube-wK0NINXCmY4.mp4, -1, -1, 80.5945945945946
ia-batch8/youtube-Nbdw5bFiiNs.mp4, -1, -1, 67.969696969697
ia-batch8/whpama-Hubbardston_Bi-Centennial_Celebration_1967.mp4, -1, -1, 27.5862068965517
ia-batch8/Richard_Reeves_on_Educational_Inequalities.mp4, -1, -1, 80.6
ia-batch8/BITCOINSCRYPTOCURRENCIES5GNETWORKTIEDINTORFIDCHIPMARKOFTHEBEASTPROPHECYMalakAhab.mp4, -1, -1, 55.425
ia-batch8/Community_Meeting-Problem_Gambling.mp4, -1, -1, 51.71428571428571
ia-batch8/2014_Walking_Club_PSA.mp4, -1, -1, 55.9
ia-batch8/youtube-YLzPLbfzAWc.mp4, -1, -1, 63.612903225806505
ia-batch8/bliptv-20131013-172511-Bgrella-MakeABandsawTensionGauge635.mp4, -1, -1, 60.20588235294121
ia-batch8/Middlebury_Development_Review_Board_Meeting_8_14_17.mp4, -1, -1, 56.79411764705879
ia-batch8/Ryanne-HelloFromABoat.mp4, -1, -1, 44.7105263157895
ia-batch8/WhyFoodPricesAreSpiking.mp4, -1, -1, 65.23684210526321
ia-batch8/Santa_s_Coming_to_Town.mp4, -1, -1, 71.05555555555559
ia-batch8/The_Smithereens_-_Live_in_Concert_at_the_2012_Celebrate_Gaithersburg_in_Olde_Towne_Street_Festival.mp4, -1, -1, 53.3055555555556
ia-batch8/ccmky-Campbell_County_The_Road_Not_Taken_10_5_13.mp4, -1, -1, 41.030303030303
ia-batch8/Councilman_Daniel_Valenzuela_Safety_check_at_Desert_Winds_Elementary_School.mp4, -1, -1, 50.4375
ia-batch8/wtvma-Queen_s_Specials_-_Life_in_an_Assisted_Community.mp4, -1, -1, 59.540540540540505
ia-batch8/North_Street_Fire_December_2012.mp4, -1, -1, 56.1081081081081
ia-batch8/bratt2vt-Paneurythmy_-_The_Dance_of_Life.mp4, -1, -1, 52.10526315789479
ia-batch8/youtube-0UGAY5aULE0.mp4, -1, -1, 59.0285714285714
ia-batch8/youtube-juFicaGxX8.mp4, -1, -1, 44.10256410256411
ia-batch8/Dog_Rescued_from_Las_Vegas_Strip_Hotel_Room.mp4, -1, -1, 56.0
ia-batch8/archiveteam_videobot_twitter_com_773495706619252737.mp4, -1, -1, 68.15625
ia-batch8/The_SportsDesk_18.13_-_Torrance_CitiCABLE_-_May_14-20_2013.mp4, -1, -1, 58.4166666666667
ia-batch8/Oshkosh_Today_7-26-2016_Food_Truck_Friday.mp4, -1, -1, 71.10526315789471
ia-batch8/Eyes_on_Naperville_-_Diane_Gilbert_Madsen.mp4, -1, -1, 63.1081081081081
ia-batch8/youtube-awyUYmQ1HiA.mp4, -1, -1, 37.75
ia-batch8/debunkedthereisnoevidencefortheresurrection.mp4, -1, -1, 72.5641025641026
ia-batch8/2017_World_Singles_Quoit_Championship_semi-finals_11-27-17.mp4, -1, -1, 48.25
ia-batch8/WW2_Italy.mp4, -1, -1, 82.2121212121212
ia-batch8/D2_Boys_400_Free_Relay_Heat_3.mp4, -1, -1, 60.538461538461505
ia-batch8/AspieBeatsThatBag.mp4, -1, -1, 46.0
ia-batch8/rocny-Bike-In_Movie_2018.mp4, -1, -1, 70.8421052631579
ia-batch8/Bennington_Select_Board_-_Budget_Session_-_1_11_14.mp4, -1, -1, 62.538461538461505
ia-batch8/youtube-eqw9RAeoGkk.mp4, -1, -1, 61.3783783783784
ia-batch8/The_Wall_That_Heals.mp4, -1, -1, 57.0
ia-batch8/cornv-Multi-agency_gang_bust_near_Neil_Road_led_to_indictment_on_drug_charges..mp4, -1, -1, 49.157894736842096
ia-batch8/nwctc-Brooklyn_Park_Tater_Daze.mp4, -1, -1, 47.8918918918919
ia-batch8/Sherwood_Planning_Commission_-_January_28_2014.mp4, -1, -1, 48.921052631579
ia-batch8/pandatv23ny-Special_Olympic_World_Games_2015_Swimming.mp4, -1, -1, 59.3030303030303
ia-batch8/youtube-Bu4TlJ5Izwg.mp4, -1, -1, 59.7714285714286
ia-batch8/TheEndResultOfHumanityIsNationalSocialism.mp4, -1, -1, 39.875
ia-batch8/archiveteam_videobot_twitter_com_800283862555238400.mp4, -1, -1, 58.2432432432432
ia-batch8/TheBlackMommieDearest.mp4, -1, -1, 47.026315789473706
ia-batch8/archiveteam_videobot_twitter_com_754078897189298176.mp4, -1, -1, 47.7567567567568
ia-batch8/ucberkeley_webcast_htzJdKoEmO0.mp4, -1, -1, 57.88571428571429
ia-batch8/ec16mn-Agenda_-_Edina_-_Grandview_Green_Update_-_Early_November_2018.mp4, -1, -1, 73.8529411764706
ia-batch8/City_of_Fairview_Candidate_Forum.mp4, -1, -1, 57.394736842105296
ia-batch8/youtube-_pIJWAMwJ9s.mp4, -1, -1, 77.7297297297297
ia-batch8/Open_Mic_November_2012.mp4, -1, -1, 62.70588235294121
ia-batch8/County_Report_This_Week_Episode_505_December_27_2019.mp4, -1, -1, 68.2903225806452
ia-batch8/youtube-ZKfmMIc0qdc.mp4, -1, -1, 57.4761904761905
ia-batch8/Pirates_vaulting_to_new_heights.mp4, -1, -1, 64.3333333333333
ia-batch8/Chambers_Street_Theatre_Episode_304_-_The_Christmas_Pudding.mp4, -1, -1, 75.5
ia-batch8/youtube-QOvmVK1G_3c.mp4, -1, -1, 77.0789473684211
ia-batch8/The_SportsDesk_34.12_-_Torrance_CitiCABLE_-_October_16_-_23_2012.mp4, -1, -1, 49.625
ia-batch8/North_Reading_High_School_Football_-_Thanksgiving_Day_Game_2010_-_Part_5_-_Norcam.mp4, -1, -1, 50.5882352941177
ia-batch8/Public_Health_prepares_for_Super_Bowl_visitors.mp4, -1, -1, 81.84375
ia-batch8/2017_BHA_Awards.mp4, -1, -1, 55.324324324324294
ia-batch8/youtube-t0gz7Cquc-o.mp4, -1, -1, 49.157894736842096
ia-batch8/Portfest_-_Raw_Footgae.mp4, -1, -1, 56.03125
ia-batch8/2015_CITY_OFFICIALS_AND_ADMINISTRATION.mp4, -1, -1, 56.15
ia-batch8/youtube-HlqOWruTQ-Q.mp4, -1, -1, 57.263157894736786
ia-batch8/vf_qotw_071209_3500.mp4, -1, -1, 45.657142857142894
ia-batch8/Woodbridge_Historical_Moment_-_The_Barron_Arts_Center.mp4, -1, -1, 49.60526315789479
ia-batch8/Raising_Families_-_Immigration_Law.mp4, -1, -1, 60.6486486486487
ia-batch8/2008_Dodge_Ball_Hobbes_v._Super_Coopers_Games_4-6.mp4, -1, -1, 48.9459459459459
ia-batch8/wctvtn-Jake_Johnson_-_Leiper_s_Fork_Library_Performance_2019.mp4, -1, -1, 65.73684210526321
ia-batch8/Crimson_rally_for_win_in_boys_basketball.mp4, -1, -1, 46.0555555555556
ia-batch8/dogtrouble1943.mp4.mp4, -1, -1, 71.15151515151521
ia-batch8/December_3_2015_Zoning_Planning_part_1.mp4, -1, -1, 62.875
ia-batch8/Adopt_A_Pet_-_August_9_2013.mp4, -1, -1, 58.026315789473706
ia-batch8/youtube-GErWxP1rc6w.mp4, -1, -1, 44.8611111111111
ia-batch8/youtube-rmC7uZXJnNU.mp4, -1, -1, 75.1081081081081
ia-batch8/colrar-America_Recycles_Day.mp4, -1, -1, 65.8918918918919
ia-batch8/RHS_v_Innovation_Charter_01-04-2016_HIGHLIGHTS.mp4, -1, -1, 55.264705882352885
ia-batch8/ADayInTheHayfields1904.mp4, -1, -1, 43.4444444444444
ia-batch8/On_Golden_Pond_Performance_Oct_15.mp4, -1, -1, 66.3636363636364
ia-batch8/youtube-aD_mKJ4_7HE.mp4, -1, -1, 57.8378378378378
ia-batch8/vimeo-141890454.mp4, -1, -1, 45.28571428571429
ia-batch8/Flickr-23964822725.mp4, -1, -1, 70.4736842105263
ia-batch8/the.daily.2011.06.08.cnn.mp4, -1, -1, 53.324324324324294
ia-batch8/youtube-PtjxdKzFkrw.mp4, -1, -1, 40.32432432432429
ia-batch8/06_21_13_MAC_GED_Graduation.mp4, -1, -1, 58.527777777777786
ia-batch8/Alexfotovideo-6EstreantesDoInteriorCampinas2007Parte3697.mp4, -1, -1, 49.96875
ia-batch8/bliptv-20131013-201746-Appadvice-AppAdviceDailyAppisode596200.mp4, -1, -1, 53.769230769230795
ia-batch8/bctvpa-Wounded_Warrior_Benefit_Dance_7-5-12.mp4, -1, -1, 46.71428571428571
ia-batch8/Why_the_New_Marriott_HQ_Is_Important_to_Montgomery_County.mp4, -1, -1, 78.8421052631579
ia-batch8/Today_s_Veteran_-_Congressman_Dennis_Ross.mp4, -1, -1, 60.6666666666667
ia-batch8/01wackyshow07.mp4, -1, -1, 51.6944444444444
ia-batch8/Bull_City_Today_-_Feb_11_2020_ep._781_Street_Re-Striping_Project.mp4, -1, -1, 78.4
ia-batch8/Wareham_Public_Schools_2015_Budget_Hearing_Part_2.mp4, -1, -1, 52.527777777777786
ia-batch8/St._Louis_Surge_Home_Opener_2014.mp4, -1, -1, 56.0606060606061
ia-batch8/waya16613.mp4, -1, -1, 46.0555555555556
ia-batch8/bratt2vt-Neighbor_to_Neighbor_-_Rabbi_Tom_Heyn.mp4, -1, -1, 64.0512820512821
ia-batch8/bliptv-20131013-144517-BigCatRescue-HelpRescueALIGERAnd2TIGERS133.mp4, -1, -1, 65.3333333333333
ia-batch8/Dog_of_the_Week_-_Salvador_Dogi.mp4, -1, -1, 76.1428571428571
ia-batch8/Munimula.mp4, -1, -1, 39.25
ia-batch8/youtube-d_eadGcIRwY.mp4, -1, -1, 48.914285714285704
ia-batch8/Battling_the_holiday_weight_gain.mp4, -1, -1, 63.0540540540541
ia-batch8/youtube--k-zcXX6jgc.mp4, -1, -1, 53.921052631579
ia-batch8/PortalGunDuel.mp4, -1, -1, 63.2894736842105
ia-batch8/youtube-CBuG1EFvnVw.mp4, -1, -1, 72.0833333333333
ia-batch8/Planning_Development_Committee_Meeting_-_9_13_2010.mp4, -1, -1, 48.846153846153896
ia-batch8/ComoGanharDinheiroComBlog.mp4, -1, -1, 63.0294117647059
ia-batch8/cowmi-Westland_Police_Promotions_May_13_2019.mp4, -1, -1, 71.8421052631579
ia-batch8/cobne-Minute_with_the_Mayor_Brian_Madison_Bellevue_Park_Superintendent.mp4, -1, -1, 71.11428571428571
ia-batch8/150427_council.mp4, -1, -1, 53.3611111111111
ia-batch8/youtube-KWYaaH9IOiY.mp4, -1, -1, 49.472222222222214
ia-batch8/archiveteam_videobot_twitter_com_757055866562633728.mp4, -1, -1, 55.184210526315795
ia-batch8/youtube-ZUAD1yPlCnY.mp4, -1, -1, 50.3783783783784
ia-batch8/2013_Red_Kettle_Kick-Off.mp4, -1, -1, 81.5405405405405
ia-batch8/mhatca-Morgan_Hill_Skate_Jam_2001.mp4, -1, -1, 42.27777777777779
ia-batch8/snnma-Out_of_the_Stacks_-_with_the_Somerville_Public_Library_-_Feb_2_2018_SNN.mp4, -1, -1, 75.4166666666667
ia-batch8/youtube-m-5CDVdglp4.mp4, -1, -1, 63.527777777777786
ia-batch8/youtube-urkEorTq05c.mp4, -1, -1, 73.0
ia-batch8/muslim2006_2146.mp4, -1, -1, 48.2105263157895
ia-batch8/School_Board_-_01-09-2017.mp4, -1, -1, 59.722222222222214
ia-batch8/fcoga-The_District_-_Library_Services_LudaFamDay.mp4, -1, -1, 61.794871794871796
ia-batch8/archiveteam_videobot_twitter_com_845411415380910080.mp4, -1, -1, 35.2105263157895
ia-batch8/Concert_on_the_Common-Yankee_Notion_2000.mp4, -1, -1, 43.9459459459459
ia-batch8/Oregon_High_School_Class_of_2011_Highlights.mp4, -1, -1, 49.0
ia-batch8/youtube-udXnduDdZo0.mp4, -1, -1, 43.222222222222214
ia-batch8/bptvpa-PGH_Sportsline_3_25_14.mp4, -1, -1, 59.189189189189214
ia-batch8/dcatma-Off_the_Shelf_-_Say_No_More_-_Hank_Phillippi_Ryan.mp4, -1, -1, 67.85714285714289
ia-batch8/Flickr-35413615894.mp4, -1, -1, 59.6730769230769
ia-batch8/NOT_QUITE_A_JAKARTA_TALE_2001.mp4, -1, -1, 54.1081081081081
ia-batch8/Varsity_Girls_Basketball_-_Wareham_Vikings_vs_Joseph_Case_Cardinals_1_10_14.mp4, -1, -1, 46.9117647058824
ia-batch8/youtube-SQE21efsf7Y.mp4, -1, -1, 51.290322580645196
ia-batch8/youtube-bm37BxXVn6I.mp4, -1, -1, 42.0
ia-batch8/wbrtvmi-Bulldog_Profile_-_2009_Track_Coaches_Part_2.mp4, -1, -1, 48.3846153846154
ia-batch8/youtube-w3RTLTBAyYc.mp4, -1, -1, 58.1081081081081
ia-batch8/youtube-tG5_TvbnAaU.mp4, -1, -1, 52.027777777777786
ia-batch8/electricsheep-flock-244-67500-0.mp4, -1, -1, 55.25
ia-batch8/bctvpa-Oley_Dairy_Diner_Petting_Zoo_and_Goodwill_Runway_Show_4-28-10.mp4, -1, -1, 48.969696969697
ia-batch8/Plan_Zone_Meeting_For_February_15_2017.mp4, -1, -1, 62.1666666666667
ia-batch8/archiveteam_videobot_twitter_com_642488989446832128.mp4, -1, -1, 61.97368421052629
ia-batch8/Catholic_Mass_from_the_Church_of_Ste._Genevieve_Mo._1_7_18.mp4, -1, -1, 46.3611111111111
ia-batch8/ACPS_BOARD_WORK_SESSION.mp4, -1, -1, 56.3333333333333
ia-batch8/youtube-OL6gZGiHyX8.mp4, -1, -1, 58.675675675675706
ia-batch8/youtube-WBx-OaoiaRc.mp4, -1, -1, 50.9444444444444
ia-batch8/SonicAdvanceTailsPB1224.04.mp4, -1, -1, 54.10256410256411
ia-batch8/APA_Arts_Gala_2017.mp4, -1, -1, 59.3030303030303
ia-batch8/Do_You_Know_Show_October.mp4, -1, -1, 53.4666666666667
ia-batch8/youtube-WuZLkcI4njM.mp4, -1, -1, 51.1111111111111
ia-batch8/vf_ilovemondays_091211_3500.mp4, -1, -1, 63.6
ia-batch8/08_06_12_Planning_Zoning_Historical_Committee_Meeting.mp4, -1, -1, 58.89743589743589
ia-batch8/Skate_Park_in_Bridgewater_Shuts_Down.mp4, -1, -1, 55.0
ia-batch8/09_04_12_Council_Meeting.mp4, -1, -1, 48.7297297297297
ia-batch8/Best_of_the_STL_-_Community_Wellness.mp4, -1, -1, 51.15
ia-batch8/The_Mastersons_Closer_to_You_Live_at_KDHX_6_5_14.mp4, -1, -1, 63.3684210526316
ia-batch8/Wichita_Public_Golf_Courses_Better_Conditions_Ahead.mp4, -1, -1, 74.2051282051282
ia-batch8/4_25_15_District_4_Town_Hall_Meeting.mp4, -1, -1, 52.1176470588235
ia-batch8/The_Plymouth_ShareFair_1rst_Annual_Regional.mp4, -1, -1, 54.096774193548406
ia-batch8/Diane_Coffee_As_You_Live_at_KDHX_1_20_18.mp4, -1, -1, 72.75
ia-batch8/The_App_Generation_-_Howard_Gardner.mp4, -1, -1, 81.94594594594591
ia-batch8/youtube-rR-0klHUh7Y.mp4, -1, -1, 59.3548387096774
ia-batch8/youtube-rtMGh0Z_bWo.mp4, -1, -1, 62.3513513513514
ia-batch8/youtube-wWbZ003Lo9Y.mp4, -1, -1, 42.0555555555556
ia-batch8/Yourself-Summerdance.mp4, -1, -1, 58.5
ia-batch8/cctvga-2014_State_of_the_County_Address-_Chairman_Jeffrey_E._Turner.mp4, -1, -1, 66.027027027027
ia-batch8/April_4_2011_B_A_Mtg_-_Part_II.mp4, -1, -1, 40.261904761904795
ia-batch8/Anderson_Township_Zoning_Appeals_Meeting_2_4_16.mp4, -1, -1, 56.3589743589744
ia-batch8/MusiqueUltimasFranceBackingFilm1995.mp4, -1, -1, 26.428571428571402
ia-batch8/youtube-PkrvcyCDp54.mp4, -1, -1, 50.263157894736786
ia-batch8/cobmd-5Brenee1wmv_wmv.mp4, -1, -1, 47.1388888888889
ia-batch8/Win_s_World_September_29_2017_Lise_Reid_Ben_Iacono.mp4, -1, -1, 75.75
ia-batch8/TheCoffeeHouse147.mp4, -1, -1, 62.3333333333333
ia-batch8/bliptv-20131012-024842-AndreaCurrieCrafts-WhatIsCraftTasticLive594.mp4, -1, -1, 59.9459459459459
ia-batch8/youtube-DSHTnZH7fOY.mp4, -1, -1, 54.5882352941177
ia-batch8/NES_Longplay_323_Ghoul_School.mp4, -1, -1, 63.472222222222214
ia-batch8/Save_Energy_and_Money_with_a_Green_House_Call.mp4, -1, -1, 74.11428571428571
ia-batch8/DanHartman-InstantReplayAerobicDancingFitnessVersionWithRichardSimmonsFromGeneralHospital.mp4, -1, -1, 48.6944444444444
ia-batch8/youtube-0QqDkAaA5qw.mp4, -1, -1, 71.8888888888889
ia-batch8/Samuel_Spanish_Recycler.mp4, -1, -1, 61.67741935483871
ia-batch9/MIAMI_TOWNSHIP_TRUSTEES_2018_10_01.mp4, -1, -1, 60.2820512820513
ia-batch9/cctvsalem-Cathy_DANIELS.mp4, -1, -1, 74.3513513513513
ia-batch9/youtube-xauFsMYBx68.mp4, -1, -1, 53.128205128205096
ia-batch9/vf_rocketriot_ql_061909_3500.mp4, -1, -1, 55.89743589743589
ia-batch9/cohca-Sports_Corner_-_Lawndale_vs._Leuzinger_Football_9_7_18.mp4, -1, -1, 71.28571428571429
ia-batch9/youtube-mTNCPz8hn04.mp4, -1, -1, 44.6285714285714
ia-batch9/youtube-_gdEfa7o0vg.mp4, -1, -1, 44.743589743589794
ia-batch9/RGB_MAN_ROBBED.mp4, -1, -1, 58.972222222222214
ia-batch9/Finance_Investing_with_Al_King_Intro.mp4, -1, -1, 67.2222222222222
ia-batch9/2017_Greenville_Poinsettia_Christmas_Parade_Highlights.mp4, -1, -1, 72.6111111111111
ia-batch9/Music_in_the_Park_2011_promo.mp4, -1, -1, 62.657142857142894
ia-batch9/Community_Journal_November_3rd_2016.mp4, -1, -1, 54.7105263157895
ia-batch9/youtube-HZMWVBRalBY.mp4, -1, -1, 41.5526315789474
ia-batch9/Topic_Time_-_Mel_Tamberino_-_12_03_14.mp4, -1, -1, 52.0810810810811
ia-batch9/youtube-Z1DyMpllS30.mp4, -1, -1, 60.1111111111111
ia-batch9/paul_sarbannes_final.mp4, -1, -1, 69.18918918918922
ia-batch9/MikeyWeinkoveWaysofWorking2_part3_.mp4, -1, -1, 57.0789473684211
ia-batch9/Flickr-28853599445.mp4, -1, -1, 70.75
ia-batch9/Aspen_Non-Profit_Owner_John_Bennett_on_ASE_Vision_Process.mp4, -1, -1, 75.1666666666667
ia-batch9/da92ccx892.mp4, -1, -1, 61.722222222222214
ia-batch9/youtube-LaPFOtORiy4.mp4, -1, -1, 67.1578947368421
ia-batch9/Quick_Hits_-_El_Segundo_vs_Bishop_Montgomery_Boys_Volleyball.mp4, -1, -1, 52.2972972972973
ia-batch9/Dayton_Receives_27_Million_for_CDBG.mp4, -1, -1, 49.972222222222214
ia-batch9/youtube-qxqXcuXn5mI.mp4, -1, -1, 50.3055555555556
ia-batch9/youtube-wWOInVjJ9uY.mp4, -1, -1, 46.2105263157895
ia-batch9/DarkCrusadeOrkEnding.mp4, -1, -1, 49.2162162162162
ia-batch9/Art_PrivatePublic_10-26-11.mp4, -1, -1, 34.4594594594595
ia-batch9/CommunionAsAMeansOfGrace-TimAttwell.mp4, -1, -1, 54.405405405405396
ia-batch9/youtube-zzFw05B58Uw.mp4, -1, -1, 51.545454545454504
ia-batch9/Be_You_Say_Bye_-_Episode_203.mp4, -1, -1, 53.4166666666667
ia-batch9/youtube-IfQsZYuUVU8.mp4, -1, -1, 38.756756756756786
ia-batch9/411Show-ElectionDayDoesAnyoneCare406.mp4, -1, -1, 54.871794871794904
ia-batch9/City_of_Wichita_-_Summer_of_Discovery_Camps.mp4, -1, -1, 63.2972972972973
ia-batch9/Voices_of_La_Paz-Quartzsie_S.10_07_23_12.mp4, -1, -1, 44.8888888888889
ia-batch9/youtube-gS7i49DU3Ok.mp4, -1, -1, 49.6666666666667
ia-batch9/The_Latest_on_Yucca_Mtn..mp4, -1, -1, 65.3888888888889
ia-batch9/APN_Mugar_Site.mp4, -1, -1, 63.89473684210521
ia-batch9/youtube-cHhrKR3yMfw.mp4, -1, -1, 55.5
ia-batch9/Canine_Companions_for_Seniors.mp4, -1, -1, 61.2105263157895
ia-batch9/caatvia-bos_jan_28.mp4, -1, -1, 57.7297297297297
ia-batch9/electricsheep-flock-244-12500-2.mp4, -1, -1, 70.0277777777778
ia-batch9/ucberkeley_webcast_EbtMJX1xGH8.mp4, -1, -1, 42.8
ia-batch9/youtube-bmcNafJ1vNQ.mp4, -1, -1, 47.6216216216216
ia-batch9/Public_Works_Planning_Committee_-_May_5_2015.mp4, -1, -1, 58.11428571428571
ia-batch9/Wareham_Sewer_Commissioners_Meeting_5-5-2016.mp4, -1, -1, 58.527777777777786
ia-batch9/cccmcma-A_Glimpse_of_Chatham_-_Full_Length_Version.mp4, -1, -1, 65.1714285714286
ia-batch9/youtube-IrXHsg_d1Hw.mp4, -1, -1, 71.4285714285714
ia-batch9/Off_The_Shelves_S5ep1_Adrian_Barnett_with_The_Questet.mp4, -1, -1, 75.97142857142859
ia-batch9/Dinosaurs_Brain_Teasers_2_and_Cuevas-Works_on_Paper_6-10-16.mp4, -1, -1, 59.10526315789479
ia-batch9/The_Local_Live_216_-_Pets_of_the_Week_-_06_14_2018.mp4, -1, -1, 68.39473684210529
ia-batch9/youtube-hxPVLgST4MI.mp4, -1, -1, 70.44736842105259
ia-batch9/electricsheep-flock-244-10000-1.mp4, -1, -1, 70.9736842105263
ia-batch9/Melanie_Ilana_and_the_Wrong_Tree_11-22-17.mp4, -1, -1, 50.2162162162162
ia-batch9/Rockville_2012_Lunar_New_Year_Celebration_news_recap.mp4, -1, -1, 69.9722222222222
ia-batch9/cg_0258-May_2013_Catawba_Communities.mp4, -1, -1, 56.7027027027027
ia-batch9/Northwest_Board_of_Education_Meeting_-_April_4_2016.mp4, -1, -1, 55.2894736842105
ia-batch9/youtube-grhYaU1UAlM.mp4, -1, -1, 55.5833333333333
ia-batch9/dni.ncaa.ICCR-2525-VHS.mp4, -1, -1, 51.4705882352941
ia-batch9/Common_Council_October_11_2016.mp4, -1, -1, 40.8421052631579
ia-batch9/Do_You_Know_-_October_2011.mp4, -1, -1, 43.95
ia-batch9/Polar_Plunge_2010.mov.mp4, -1, -1, 48.0
ia-batch9/ocmswi-Oshkosh_Parks_Advisory_Board_4_9_18.mp4, -1, -1, 73.4324324324324
ia-batch9/youtube-UKCLJcRhhDs.mp4, -1, -1, 47.1621621621622
ia-batch9/youtube-10FQ16IZAK0.mp4, -1, -1, 61.8055555555556
ia-batch9/Zaranyzerak-SexAndTheCityAndFantasticFlesh130.mp4, -1, -1, 58.6
ia-batch9/youtube-FmU0Q5yxpIk.mp4, -1, -1, 40.51282051282049
ia-batch9/The_502_Report_Episode_07.mp4, -1, -1, 55.410256410256395
ia-batch9/bliptv-20131013-161930-Appadvice-AppAdviceDailyAppisode588305.mp4, -1, -1, 60.9444444444444
ia-batch9/archiveteam_videobot_twitter_com_860170115173765122.mp4, -1, -1, 56.17142857142861
ia-batch9/Agnes_Binagwaho_-_It_s_Not_Hopeless.mp4, -1, -1, 73.5833333333333
ia-batch9/Common_Council_03-10-14.mp4, -1, -1, 51.3
ia-batch9/Ol_Possum_at_the_2019_Northwest_Park_Country_Fair.mp4, -1, -1, 67.1315789473684
ia-batch9/The_Guilford_Poets_Guild_Presents_Kate_Rushin.mp4, -1, -1, 56.222222222222214
ia-batch9/youtube-v09qxMB_VlQ.mp4, -1, -1, 40.0833333333333
ia-batch9/Needham_vs_Wellesley_Baseball.mp4, -1, -1, 51.6388888888889
ia-batch9/YokinsInstrumentsDCShuntsSuppliers.mp4, -1, -1, 60.3589743589744
ia-batch9/20190905_20190905_1151.mp4, -1, -1, 57.657142857142894
ia-batch9/cmntv18-Reaching_Out_-_Wigs_4_Kids_2014.mp4, -1, -1, 62.472222222222214
ia-batch9/2009_Hudson_Raiders_Volleyball_vs_River_Falls.mp4, -1, -1, 52.512820512820504
ia-batch9/Around_Athens_-_Well_it_s_not_literally_Around_Athens_but_a_Trip_West_Part_2.mp4, -1, -1, 55.236842105263214
ia-batch9/Financing_Your_Future_-_Session_4.mp4, -1, -1, 55.8055555555556
ia-batch9/youtube-cZcs-gJYOhU.mp4, -1, -1, 61.2
ia-batch9/21_This_Week_Opening_Monologue_June_1_2012.mp4, -1, -1, 64.91891891891889
ia-batch9/Waycross_Election_Forum_-_Winton_Woods_Board_of_Education_-_October_5_1993.mp4, -1, -1, 49.948717948718006
ia-batch9/2013_May_Lafayette_City_Council.mp4, -1, -1, 58.212121212121204
ia-batch9/Ashland_Selectboard_11_7_16.mp4, -1, -1, 72.1282051282051
ia-batch9/Sportsnight_for_December_27_2016.mp4, -1, -1, 75.2285714285714
ia-batch9/Pierce_County_News_11_14_13.mp4, -1, -1, 67.5945945945946
ia-batch9/elbejjine7.mp4, -1, -1, 61.4166666666667
ia-batch9/stltvmo-Inside_Sports_Rob_Rains.mp4, -1, -1, 55.7837837837838
ia-batch9/vsctvct-Pete_Mezzetti_Show_-_Miner_Vincent_July_2018.mp4, -1, -1, 75.9736842105263
ia-batch9/coffeehouse_Stewart_Schwartz_135.mp4, -1, -1, 59.6944444444444
ia-batch9/Winter_Pileated_Woodpecker.mp4, -1, -1, 55.263157894736786
ia-batch9/nwctc-Terry_Tuma_Tip_-_Carolina_Rigging.mp4, -1, -1, 71.9166666666667
ia-batch9/vf_ilovemondays_013111_3500.mp4, -1, -1, 42.75
ia-batch9/TheSecretWorldOfShoplifting.mp4, -1, -1, 60.1111111111111
ia-batch9/WW3Update.UNCallsForStrikesOnAssadAfterChemicalAttack.mp4, -1, -1, 59.184210526315795
ia-batch9/VM34_Madawaska_Valley_Fuel_Stop_Area.mp4, -1, -1, 73.6
ia-batch9/Families_Advocating_Safe_Streets_23rd_Annual_Candelight_Service.mp4, -1, -1, 55.3529411764706
ia-batch9/Stigsen_-_Stigs_Priest_2009-03-14_4.61.mp4, -1, -1, 61.277777777777786
ia-batch9/archiveteam_videobot_twitter_com_633345347117547520.mp4, -1, -1, 64.35294117647061
ia-batch9/spanishrevolution-Carga_policial_y_detenciones_Madrid_4_de_Agosto_de_2011-xWeGLc3zayA.mp4, -1, -1, 44.5
ia-batch9/concoh-Council_Meeting_-_September_2_2014.mp4, -1, -1, 54.4864864864865
ia-batch9/youtube-tJC7JEcr-vE.mp4, -1, -1, 43.527777777777786
ia-batch9/youtube-2z5mE-Gmwjc.mp4, -1, -1, 44.2162162162162
ia-batch9/Demolition_Report.mp4, -1, -1, 54.7837837837838
ia-batch9/Community_Thanksgiving_PSA.mp4, -1, -1, 73.25
ia-batch9/bctvpa-Special_Ballot_Question_2019_9-16-19_LWV_Part_2.mp4, -1, -1, 66.0526315789474
ia-batch9/Around_the_Parish_-_High_School_Welding_Competition.mp4, -1, -1, 56.9333333333333
ia-batch9/Billy_Strings_Turmoil_Tinfoil_Live_at_KDHX_4_6_18.mp4, -1, -1, 67.23684210526321
ia-batch9/Words_For_Life_-_It_Ain_t_Over_Till_It_s_Over_-_3_29_15.mp4, -1, -1, 40.7837837837838
ia-batch9/ucberkeley_webcast_AabmIupcy9U.mp4, -1, -1, 49.8918918918919
ia-batch9/1905AliceGuyBlacheTheStatue.mp4, -1, -1, 39.5833333333333
ia-batch9/AnishKapoor-ShootingIntoTheCorner.mp4, -1, -1, 57.23076923076921
ia-batch9/Automated_External_Defibrillators_AED_s.mp4, -1, -1, 61.5135135135135
ia-batch9/Osseo_Hopkins_prepare_for_state.mp4, -1, -1, 52.7297297297297
ia-batch9/bptvpa-Memorial_Day_Parade_Cemetery_Ceremony_5_28_18.mp4, -1, -1, 48.2702702702703
ia-batch9/electricsheep-flock-244-10000-7.mp4, -1, -1, 75.47058823529409
ia-batch9/CameraBar-2008RallyBiancoAzzurroBennatiLPerazzoliPs02Trebbio557.mp4, -1, -1, 58.17142857142861
ia-batch9/youtube-eHXO0_Air5o.mp4, -1, -1, 46.4571428571429
ia-batch9/waya726133.mp4, -1, -1, 36.9444444444444
ia-batch9/ExplosionsNotFireBroughtWTC7Down..UndeniableEvidenceOfExplosions.mp4, -1, -1, 46.485714285714295
ia-batch9/North_Hudson_Village_Board_October_5_2010.mp4, -1, -1, 57.95
ia-batch9/Takin_It_To_The_Streets_-_Winter_Activities.mp4, -1, -1, 53.10526315789479
ia-batch9/thereisnomovementwithoutrhythm.mp4, -1, -1, 49.027027027026996
ia-batch9/youtube-ob_Pr3Se0R8.mp4, -1, -1, 62.8918918918919
ia-batch9/dma-ID_1824_-_What_do_you_think_of_the_high_cost_of_living_in_Davis_1991.mp4, -1, -1, 41.027027027027
ia-batch9/Pets_of_the_Week_-_June_26th_2014.mp4, -1, -1, 65.6756756756757
ia-batch9/Election_Speakout_10_10_12_Jim_Kight.mp4, -1, -1, 59.0769230769231
ia-batch9/Rose_Krasnow_Talks_Recordation_Tax_at_County_Executive_Candidate_s_Forum.mp4, -1, -1, 71.1388888888889
ia-batch9/2018_SW_Ohio_Swim_Classic_Girls_200_yd_Medley_Relay_Heat_2.mp4, -1, -1, 60.236842105263214
ia-batch9/youtube-GteaSYl5th0.mp4, -1, -1, 46.89743589743589
ia-batch9/The_Jeff_Donatello_Show_-_102_-_Chris_Thigpen.mp4, -1, -1, 56.914285714285704
ia-batch9/Superheroes_flock_to_Brooklyn_Center.mp4, -1, -1, 60.189189189189214
ia-batch9/youtube-h1wpKckwULQ.mp4, -1, -1, 54.4571428571429
ia-batch9/VjSteveg.mp4, -1, -1, 36.405405405405396
ia-batch9/electricsheep-flock-244-15000-5.mp4, -1, -1, 71.4324324324324
ia-batch9/Wayzata_rallies_to_beat_Rosemount_in_football.mp4, -1, -1, 56.9705882352941
ia-batch9/Public_Building_Committee_Meeting_October_5_2015.mp4, -1, -1, 55.82857142857139
ia-batch9/youtube-33L3sjwknOc.mp4, -1, -1, 39.8648648648648
ia-batch9/ucberkeley_webcast_xyK7sqxdl8Y.mp4, -1, -1, 48.6111111111111
ia-batch9/pacmd-One_On_One_Politic_School_Board_District_4_Candidates.mp4, -1, -1, 72.32352941176471
ia-batch9/21_This_Week_Panel_Discusses_Federal_Government_Shutdown.mp4, -1, -1, 63.027777777777786
ia-batch9/yt-admercial.mp4, -1, -1, 52.1428571428571
ia-batch9/Cape_Ann_TV_Promo_for_Cape_Ann_Winter_Solstice_Concert.mp4, -1, -1, 59.9459459459459
ia-batch9/Alexander_County_History_Book.mp4, -1, -1, 55.342105263157904
ia-batch9/Exeter_Public_Library_Tour.mp4, -1, -1, 55.2972972972973
ia-batch9/Digieffects-DeliriumThermographIntenseGlowPreset996.mp4, -1, -1, 37.5555555555556
ia-batch9/Bolton_Board_of_Selectmen_October_4_2016.mp4, -1, -1, 54.6153846153846
ia-batch9/SamRenseiw-Lum159GroupWait671.mp4, -1, -1, 59.8055555555556
ia-batch9/youtube-HEC_V6w8DzY.mp4, -1, -1, 61.2972972972973
ia-batch9/Corporal_Elmer_Richard_s_Funeral.mp4, -1, -1, 50.43243243243239
ia-batch9/am-Amherst_Select_Board_1-8-17.mp4, -1, -1, 51.0
ia-batch9/coprfl-City_Council_Regular_Meeting_09_13_2016.mp4, -1, -1, 59.1081081081081
ia-batch9/archiveteam_videobot_twitter_com_756554605954293761.mp4, -1, -1, 60.6315789473684
ia-batch9/coffeehouse_Cindy_Schwartz_119.mp4, -1, -1, 60.9714285714286
ia-batch9/youtube-hTefH0g5itA.mp4, -1, -1, 50.394736842105296
ia-batch9/Art_Vendors_North_-_2017_Millbrae_Art_and_Wine_Festival.mp4, -1, -1, 68.2105263157895
ia-batch9/Norfolk_Fire_Department_Open_House_2016.mp4, -1, -1, 73.37837837837841
ia-batch9/ABudABowlShowHD420PodcastHydroponicIndoorHeadbandSourKushMarijuanaPartTwo.mp4, -1, -1, 42.06666666666671
ia-batch9/Northeast_Youth_Jada_Northeast_Regional_Library.mp4, -1, -1, 72.69230769230771
ia-batch9/youtube-umYElSuv9i0.mp4, -1, -1, 47.3513513513514
ia-batch9/youtube-ttK_D78NbWo.mp4, -1, -1, 32.2972972972973
ia-batch9/Anthropology_Major_-_Experience_Southeast.mp4, -1, -1, 45.31428571428571
ia-batch9/Rain_Dance.mp4, -1, -1, 62.189189189189214
ia-batch9/coffeehouse_tch_129_Joshua_Weiner_420.mp4, -1, -1, 67.1351351351351
ia-batch9/Special_Olympics_Event_at_MTSU.mp4, -1, -1, 68.9714285714286
ia-batch9/The_Language_of_Business_-_Aaron_Cai.mp4, -1, -1, 56.25
ia-batch9/youtube-iNiVhn7SoeA.mp4, -1, -1, 33.5294117647059
ia-batch9/archiveteam_videobot_twitter_com_798222420448608256.mp4, -1, -1, 66.23076923076921
ia-batch9/D1_126lbs_Qtrs_Mick_Burnett_Elyria_vs_Micah_Norwood_Lancaster.mp4, -1, -1, 64.4
ia-batch9/VisionOntv-NeighbourhoodDestroyedByGentrification204.mp4, -1, -1, 60.189189189189214
ia-batch9/Wayzata_overwhelmed_by_top-ranked_Edina_in_section_girls_hockey.mp4, -1, -1, 63.9189189189189
ia-batch9/youtube-EmGoIRe1FiI.mp4, -1, -1, 62.0
ia-batch9/wtvnj-School_27_Winter_Concert_-_2018.mp4, -1, -1, 59.135135135135094
ia-batch9/Every_Movie_Ever_-_Flight_of_the_Navigator.mp4, -1, -1, 71.5833333333333
ia-batch9/PCN_SLRHS_New_Principal.mp4, -1, -1, 50.722222222222214
ia-batch9/youtube-k7qGkIOOOA8.mp4, -1, -1, 78.7714285714286
ia-batch9/youtube--QL48J5JeLk.mp4, -1, -1, 60.6388888888889
ia-batch9/Wareham_Selectmen_Meeting_9-12-2012.mp4, -1, -1, 50.864864864864906
ia-batch9/UnleashedEntertainmentDemise.mp4, -1, -1, 53.150943396226396
ia-batch9/youtube-MafZZpt418g.mp4, -1, -1, 40.1842105263158
ia-batch9/coeor-Planning_Commission_07-30-2012.mp4, -1, -1, 46.3611111111111
ia-batch9/youtube-2-LCNlENOl8.mp4, -1, -1, 66.91891891891889
ia-batch9/youtube-QEA4uLukdqI.mp4, -1, -1, 57.8055555555556
ia-batch9/87174cNASAApollo12AndWinglessSpacecraft.mp4, -1, -1, 46.6111111111111
ia-batch9/Cool_Beans_Duo_8-1-11.mp4, -1, -1, 41.179487179487204
ia-batch9/youtube-MKUQn_YmHYU.mp4, -1, -1, 55.236842105263214
ia-batch9/Exeter_Criterium_Classic_Bike_Race_-_June.mp4, -1, -1, 74.5277777777778
ia-batch9/Crystal_Mayor_s_Minutes_12-3-12.mp4, -1, -1, 52.421052631579
ia-batch9/Chamber_Winter_Fest_with_Freezin_For_A_Reason.mp4, -1, -1, 59.0810810810811
ia-batch9/youtube-uEBj-OVOyMg.mp4, -1, -1, 38.77777777777779
ia-batch9/Ratbagradio-NoSellOFFOfPublicAssetsRallyBrisbaneJuly32009572.mp4, -1, -1, 50.459459459459495
ia-batch9/STCnow_6-1-17.mp4, -1, -1, 71.0
ia-batch9/RiverRegnitz.mp4, -1, -1, 73.9230769230769
ia-batch9/4H_FFA_Fair_Rodeo_a_Lot_of_Grit_and_a_Lot_of_Try.mp4, -1, -1, 64.89473684210529
ia-batch9/Planting_Your_Garden.mp4, -1, -1, 57.25641025641029
ia-batch9/100-Year-Old_Downtown_Waco_Panoramic_Photo.mp4, -1, -1, 65.05405405405409
ia-batch9/The_Aspen_Institute_Energy_and_Environment_Award_for_Corporate_Energy_Generation.mp4, -1, -1, 56.25
ia-batch9/Another_Path_1.mp4, -1, -1, 74.91428571428571
ia-batch9/2016-05-09_Hingham_School_Committee.mp4, -1, -1, 53.6923076923077
ia-batch9/Nixter-SpringPlanting903.mp4, -1, -1, 46.47368421052629
ia-batch9/pmpnc-2018_Knightdale_vs._Esst_Wake_Volleyball_3hwF4JwCFxk.mp4, -1, -1, 73.54285714285709
ia-batch9/wtvma-WHS_High_School_Boys_Varsity_Hockey_-_Vikings_vs_Crusaders_vs_Canalmen.mp4, -1, -1, 53.94117647058821
ia-batch9/youtube-rLvQNSGjKsg.mp4, -1, -1, 56.8611111111111
ia-batch9/SevenStringBarbedWireFenceWith100ThousandPoetsForChangeSanAntonio2017_201712.mp4, -1, -1, 53.6486486486487
ia-batch9/City_of_Solon_Ohio_Finance_3_19_12.mp4, -1, -1, 44.0
ia-batch9/New_Rules_at_the_Pool.mp4, -1, -1, 60.972972972973004
ia-batch9/Shark_Attack_Immanuel_Lutheran_School_CCTV_Visit.mp4, -1, -1, 62.1470588235294
ia-batch9/youtube-VWTw_1oGKLg.mp4, -1, -1, 41.47222222222221
ia-batch9/6167_Selling_Facts_About_Homart_Water_Conditioning_Equipment_The_01_20_24_24.mp4, -1, -1, 51.0810810810811
ia-batch9/youtube-ViDQzImIjtk.mp4, -1, -1, 78.6571428571429
ia-batch9/youtube-87NHueHBHwY.mp4, -1, -1, 46.736842105263214
ia-batch9/3065_106_SpiritSoulBody_070812_Vision_for_Your_Life_EP106.mp4, -1, -1, 63.1666666666667
ia-batch9/fcmacfl-The_Woodwork_Part_22.mp4, -1, -1, 62.5
ia-batch9/39_West_Eatery_Ribbon_Cutting.mp4, -1, -1, 74.25
ia-batch10/coaltx-Alice_Natatorium_Opening.mp4, -1, -1, 54.5
ia-batch10/bliptv-20131031-125200-Black5video-PRVSMSRailLinesOperationsAtMorrisville126.mp4, -1, -1, 76.4324324324324
ia-batch10/youtube-soTeet6d3tE.mp4, -1, -1, 59.9512195121951
ia-batch10/Sublime_Slime.mp4, -1, -1, 69.2820512820513
ia-batch10/Williamson_County_Board_of_Education_Meeting_-_August_17th_2015.mp4, -1, -1, 49.540540540540505
ia-batch10/Zombie_TV_Camp_2015.mp4, -1, -1, 66.6486486486487
ia-batch10/Senior_Scene_09.12_-_Services_For_Seniors_-_Torrance_CitiCABLE_-_September_2012.mp4, -1, -1, 55.921052631579
ia-batch10/youtube-JsnJftMy9po.mp4, -1, -1, 61.5789473684211
ia-batch10/Emerging_-_The_Artists_of_Frog_Hollow.mp4, -1, -1, 74.55263157894741
ia-batch10/youtube-AHgwwRXVH0I.mp4, -1, -1, 70.0512820512821
ia-batch10/Songwriter_Circle_ALBERTA_in_Founders_Park.mp4, -1, -1, 64.4736842105263
ia-batch10/Osceola_County_Pets_of_the_Week_-_April_20_2010_-_Socks_and_Molly.mp4, -1, -1, 72.1081081081081
ia-batch10/pmpc-Kidz_Newz_Ibzmbjw6-Ig.mp4, -1, -1, 68.7894736842105
ia-batch10/Baytaper.com_TheShotgunWeddingQuintetTheShotgunWeddingQuintetLIVEatBrunos.mp4, -1, -1, 46.8611111111111
ia-batch10/Moonlight_Bike_Ride_-_July_16_2016_-_Greeley_Colorado.mp4, -1, -1, 60.0810810810811
ia-batch10/Around_Athens_-_Heat_Pump_Tour_Marching_110.mp4, -1, -1, 55.3589743589744
ia-batch10/youtube-Ju9acJJKOnE.mp4, -1, -1, 51.0
ia-batch10/Flag_Football.mp4, -1, -1, 49.6410256410256
ia-batch10/NB_Idol_PC.mp4, -1, -1, 59.24324324324329
ia-batch10/FlemaInglesa.mp4, -1, -1, 26.157894736842106
ia-batch10/Corn_Dog_Classic_at_Fourth_on_the_Brazos.mp4, -1, -1, 72.945945945946
ia-batch10/ReesesPuffsRapVideo-Tajh.mp4, -1, -1, 52.59459459459461
ia-batch10/youtube-7RmMvFc-k8w.mp4, -1, -1, 61.428571428571395
ia-batch10/cocoh-Westgate_Community_Center_Groundbreaking.mp4, -1, -1, 59.864864864864906
ia-batch10/bliptv-20131031-091810-Brentalfloss-ZeldaIIWITHLYRICS164.mp4, -1, -1, 62.128205128205096
ia-batch10/youtube-BgVZ70NbjFU.mp4, -1, -1, 33.314285714285695
ia-batch10/youtube-8qFsqmzHp7U.mp4, -1, -1, 44.9459459459459
ia-batch10/MPS_Talks_-_Episode_16_-_What_it_Means_to_be_an_Innovative_Leader.mp4, -1, -1, 73.23076923076921
ia-batch10/youtube-_51M5O4NRHc.mp4, -1, -1, 60.0
ia-batch10/cg_0740-Miami_Skyline_Timelapse.mp4, -1, -1, 67.05405405405409
ia-batch10/stgenmo-Ste._Genevieve_Mo_Board_of_Aldermen_7_12_18.mp4, -1, -1, 52.0909090909091
ia-batch10/bliptv-20131105-001947-Black5video-TheSilvertonTrainB665.mp4, -1, -1, 62.10526315789479
ia-batch10/ucberkeley_webcast_JV6FRsRnZtc.mp4, -1, -1, 59.39473684210521
ia-batch10/12_News_April_12_2016.mp4, -1, -1, 67.2727272727273
ia-batch10/Stormwater_PSA_5_48.mp4, -1, -1, 55.0810810810811
ia-batch10/Wellesley_Sports_in_June.mp4, -1, -1, 41.243243243243214
ia-batch10/DzigaVertovSovietToys1924.mp4, -1, -1, 45.6315789473684
ia-batch10/youtube-nBnTYORaE4M.mp4, -1, -1, 40.9444444444444
ia-batch10/DCTV_Community_Day_Now_Airing.mp4, -1, -1, 57.3684210526316
ia-batch10/Safe_and_Sober_Prom_Campaign_2015.mp4, -1, -1, 56.60526315789479
ia-batch10/youtube-lSqb_IF1Md0.mp4, -1, -1, 53.5
ia-batch10/archiveteam_videobot_twitter_com_726903505559150592.mp4, -1, -1, 63.459459459459495
ia-batch10/OldMillPond.mp4, -1, -1, 48.2432432432432
ia-batch10/Cymbeline_201405.mp4, -1, -1, 40.4444444444444
ia-batch10/bliptv-20131013-004451-Alanm321-TheHealthcareEconomyBigMedGetsRichOffTheSick217.mp4, -1, -1, 73.05555555555559
ia-batch10/PlymouthMassachusetts.mp4, -1, -1, 42.2162162162162
ia-batch10/2018_Boys_Varsity_Volleyball_-_Princeton_at_Sycamore.mp4, -1, -1, 54.184210526315795
ia-batch10/The_Hype_-_Season_1_Episode_1.mp4, -1, -1, 53.9473684210526
ia-batch10/youtube-11zj0Vy8K2A.mp4, -1, -1, 70.1111111111111
ia-batch10/The_2011_VIP_Awards.mp4, -1, -1, 59.6285714285714
ia-batch10/ThereAintNobody_201808.mp4, -1, -1, 51.25
ia-batch10/Cue_ball_trick_down_a_bar._Joliet_IL..mp4, -1, -1, 19.3142857142857
ia-batch10/Vikings_vs_Blue_Devils_55-37_12.14.12.mp4, -1, -1, 43.0833333333333
ia-batch10/DurgaEp03.mp4, -1, -1, 74.030303030303
ia-batch10/Everything_Phoenix_-_Hunger_at_Home_Head_Start_provides_nutritious_meals_for_pre-schoolers.mp4, -1, -1, 51.075
ia-batch10/cofnd-The_Board_of_Fargo_City_Commissioners_-_Regular_Meeting_-_03.12.2018.mp4, -1, -1, 61.24324324324329
ia-batch10/Boston_Neighborhood_Sports_-_3_23_15.mp4, -1, -1, 58.5428571428571
ia-batch10/youtube-E_fKLwSuBPg.mp4, -1, -1, 75.1388888888889
ia-batch10/Aurora_Daily_Click_5-1712.mp4, -1, -1, 75.5
ia-batch10/youtube-cqecs2QP7PU.mp4, -1, -1, 43.1621621621622
ia-batch10/Polk_Place_-_Voices_for_the_People.mp4, -1, -1, 53.972222222222214
ia-batch10/youtube-fOUsLMOK0NU.mp4, -1, -1, 62.0
ia-batch10/youtube-RXRRLLuNNvo.mp4, -1, -1, 65.1944444444444
ia-batch10/Ste._Genevieve_Mo._Board_of_Aldermen_4_14_16.mp4, -1, -1, 53.0
ia-batch10/youtube-zLSe7RxtJ4o.mp4, -1, -1, 66.6388888888889
ia-batch10/Scituate_Summer_Adventures_-_Knights_of_Columbus_Pool_Opening_Day.mp4, -1, -1, 61.0
ia-batch10/Somerville_MA_Spring_Clean_Up_2013.mp4, -1, -1, 53.1944444444444
ia-batch10/Bettobalon-LesCopainsDabordBrassensInItaliano615.mp4, -1, -1, 57.10256410256411
ia-batch10/Tanya_Lee_Stone_The_Authors_Phoenix_Books.mp4, -1, -1, 64.2222222222222
ia-batch10/youtube-GAib6RkTbfY.mp4, -1, -1, 78.4117647058823
ia-batch10/youtube-DY4gnkfKbSo.mp4, -1, -1, 59.972222222222214
ia-batch10/4-H_Park_Christmas_Toy_Show.mp4, -1, -1, 70.4358974358974
ia-batch10/youtube-qZEIUIEAm1Q.mp4, -1, -1, 48.972222222222214
ia-batch10/youtube-PIamyAomSIo.mp4, -1, -1, 55.0625
ia-batch10/STL_TV_Live_-_Pulitzer_Arts_Foundation_2_of_2.mp4, -1, -1, 55.675675675675706
ia-batch10/youtube-NPzKSMjtgHM.mp4, -1, -1, 43.4117647058824
ia-batch10/Every_Movie_Ever_-_Chronic-Con_-_Episode_420_-_A_New_Dope.mp4, -1, -1, 80.1315789473684
ia-batch10/20191025_20191025_0725.mp4, -1, -1, 47.9444444444444
ia-batch10/CTV_News_6-26-2018.mp4, -1, -1, 62.657142857142894
ia-batch10/Town_Council_Meeting_12_02_13.mp4, -1, -1, 56.3055555555556
ia-batch10/youtube-u7z8UQuTwMc.mp4, -1, -1, 68.3333333333333
ia-batch10/Pets_on_Parade_May_22_2019.mp4, -1, -1, 70.7777777777778
ia-batch10/SisyphusOnVacationRichardJochum.mp4, -1, -1, 56.9166666666667
ia-batch10/youtube-jm0WTFwlpOs.mp4, -1, -1, 70.3513513513513
ia-batch10/DavidAndTheMagicPearl.mp4, -1, -1, 49.6176470588235
ia-batch10/Stillwater_vs_Forest_Lake_2_9_17_Boys_Hockey_Highlights.mp4, -1, -1, 69.945945945946
ia-batch10/North_Reading_School_Committee_8_18_09_Part_5.mp4, -1, -1, 52.0769230769231
ia-batch10/fanboatfilm4bbrace.mp4.mp4, -1, -1, 45.43243243243239
ia-batch10/pmca-New_City_Beat_with_Adam_Schiff.mp4, -1, -1, 81.2
ia-batch10/vf_mailbag_060710_3500.mp4, -1, -1, 54.7575757575758
ia-batch10/youtube-Z8KLTVe3sgE.mp4, -1, -1, 69.025
ia-batch10/BritFlx_-_The_Life_of_Richard_Attenborough.mp4, -1, -1, 53.9444444444444
ia-batch10/O_Fallon_s_Most_Wanted_6-1-18_O_Fallon_Missouri.mp4, -1, -1, 58.9230769230769
ia-batch10/pcmma-Conservation_Commission_June_20_2017.mp4, -1, -1, 55.075
ia-batch10/Remembering_Jim_Schlichting_KCM_volunteer.mp4, -1, -1, 69.5882352941177
ia-batch10/youtube-d2nPQuyOsIc.mp4, -1, -1, 51.24324324324329
ia-batch10/youtube-PwfjwQyeRI8.mp4, -1, -1, 55.421052631579
ia-batch10/CTV_Sports_10_28_15_-_WCAC_Girls.mp4, -1, -1, 56.4166666666667
ia-batch10/bliptv-20131014-070829-Bleedingedge-BleedingEdgeTV431VonageMobileVsSkype834.mp4, -1, -1, 70.5135135135135
ia-batch10/TheFineBros-392_20140301.mp4, -1, -1, 73.1111111111111
ia-batch10/ucberkeley_webcast_0buBJlPo9us.mp4, -1, -1, 43.787878787878796
ia-batch10/NesAirFortressIn4108.37ByTool23.mp4, -1, -1, 54.526315789473706
ia-batch10/ctv3in-Statehouse_Access_March_2015.mp4, -1, -1, 67.4444444444444
ia-batch10/TorreLaPalanca.mp4, -1, -1, 50.051282051281994
ia-batch10/cattvvt-Vermont_Forests_94_-_History_in_Forests_pt._2.mp4, -1, -1, 56.5555555555556
ia-batch10/youtube_UC5skJN2WYbyYHUmrMQ00LtA.mp4, -1, -1, 22.75
ia-batch10/ucberkeley_webcast_BOd7eBXF9-M.mp4, -1, -1, 52.6486486486487
ia-batch10/Woodbridge_Board_of_Education_-_01_17_17.mp4, -1, -1, 56.9393939393939
ia-batch10/Community_Crossroads_Center.mp4, -1, -1, 57.324324324324294
ia-batch10/AWARE_on_the_Air_-_Episode_300.mp4, -1, -1, 65.1081081081081
ia-batch10/youtube-1-BmYV4s7go.mp4, -1, -1, 50.9459459459459
ia-batch10/bliptv-20131014-094407-Cgbenzine-LegoMyBlago207.mp4, -1, -1, 73.62162162162159
ia-batch10/cobmd-Hydrant_Flushing_April_2019.mp4, -1, -1, 70.0277777777778
ia-batch10/St._Charles_Parish_Today_Promo_-_Employee_of_the_Year.mp4, -1, -1, 54.914285714285704
ia-batch10/YourselfOneDudeOrchestra-IllTellYouWhatIMeanToSay.mp4, -1, -1, 70.1666666666667
ia-batch10/archiveteam_videobot_twitter_com_751421418890342400.mp4, -1, -1, 61.70588235294121
ia-batch10/Bull_City_Today_-_Aug_2_2018_ep._402.mp4, -1, -1, 72.02564102564101
ia-batch10/vf_goty_videothing_3500.mp4, -1, -1, 61.410256410256395
ia-batch10/ToonTime.mp4, -1, -1, 42.1764705882353
ia-batch10/ucberkeley_webcast_VkXEGJ4gVEg.mp4, -1, -1, 51.527777777777786
ia-batch10/Antonwithagen-Volcanoes247.mp4, -1, -1, 56.1111111111111
ia-batch10/Every_Movie_Ever_-_The_Last_Witch_Hunter.mp4, -1, -1, 53.4864864864865
ia-batch10/Ateliers35-Rennesson.mp4, -1, -1, 36.5555555555556
ia-batch10/Council_On_Aging_Update_August_2016.mp4, -1, -1, 64.0
ia-batch10/fanboatfilm2bbrace.mp4.mp4, -1, -1, 34.5263157894737
ia-batch10/Restoration_of_the_Hansen_House.mp4, -1, -1, 55.7297297297297
ia-batch10/Flickr-10501131435.mp4, -1, -1, 64.5428571428571
ia-batch10/PPC_11_7_16_-_Pacifica_Planning_Commission_Meeting_-_November_7_2016.mp4, -1, -1, 44.9428571428571
ia-batch10/youtube-p5wUtd5C4gQ.mp4, -1, -1, 71.8611111111111
ia-batch10/youtube-9Vaw658Bow8.mp4, -1, -1, 61.0882352941177
ia-batch10/300th_Anniversary_Recap_Video_2015.mp4, -1, -1, 62.0833333333333
ia-batch10/youtube-p6tP2u48pv4.mp4, -1, -1, 61.684210526315795
ia-batch10/youtube-q_jaYswk8FU.mp4, -1, -1, 66.4210526315789
ia-batch10/coibca-08-20-14_City_Council_Meeting.mp4, -1, -1, 38.8333333333333
ia-batch10/bliptv-20131012-230004-AngFatArcade-Arcade44Teaser416.mp4, -1, -1, 75.875
ia-batch10/youtube-avp5RSlqgJA.mp4, -1, -1, 35.027027027027
ia-batch10/AMERICANMUSICEp6ShannonAndTheClamsOOFTVQaCkuogTL6c.mp4, -1, -1, 65.1111111111111
ia-batch10/youtube-hVc1hvD6mCw.mp4, -1, -1, 45.857142857142804
ia-batch10/2013-03-22-SDA_Speed_Runs.mp4, -1, -1, 65.6842105263158
ia-batch10/youtube-xcrXwTypq_k.mp4, -1, -1, 58.342105263157904
ia-batch10/Second_Chance_Animal_Center_-_Pets_of_the_Week_-_5_15_17_Long.mp4, -1, -1, 68.2162162162162
ia-batch10/TheGallopinGaucho.mp4, -1, -1, 39.025
ia-batch10/On_The_Rock_-_Episode_191.mp4, -1, -1, 59.657894736842096
ia-batch10/youtube-i9qLsZOiDfo.mp4, -1, -1, 35.078947368421
ia-batch10/youtube-72w0f-Ipc6Q.mp4, -1, -1, 62.0555555555556
ia-batch10/The_Lost_Ski_Areas_of_Southern_Vermont.mp4, -1, -1, 63.6666666666667
ia-batch10/youtube-Akrw_G_iXG8.mp4, -1, -1, 62.277777777777786
ia-batch10/PSAMonsterDashTrainPSA.mp4, -1, -1, 45.7894736842105
ia-batch10/Black_Red_Blitz_10_6_17.mp4, -1, -1, 69.5641025641026
ia-batch10/AIM_Spring_Break_Camp_-_Stop_Motion_Drawings_2017.mp4, -1, -1, 61.675675675675706
ia-batch10/New_Business_Part_02_091311.mp4, -1, -1, 60.027777777777786
ia-batch10/Memorial_Baptist_Church_Service_7_24_16.mp4, -1, -1, 60.864864864864906
ia-batch10/announce_867.mp4, -1, -1, 63.0526315789474
ia-batch10/youtube-qQcl6vd2WtU.mp4, -1, -1, 68.8536585365854
ia-batch10/youtube-VuDyBvDXbTU.mp4, -1, -1, 57.0810810810811
ia-batch10/Somerset_Berkley_Regional_School_Committee_-_April_9_2015.mp4, -1, -1, 61.6111111111111
ia-batch10/Flickr-35842385964.mp4, -1, -1, 72.8461538461538
ia-batch10/Absolute_Victory.mp4, -1, -1, 60.44117647058821
ia-batch10/20UnreleasedSamSpenceNFLMusicTracksWithHighlights1080p60fps.mp4, -1, -1, 44.9166666666667
ia-batch10/youtube-bL_wOmqjI6g.mp4, -1, -1, 48.0833333333333
ia-batch10/electricsheep-flock-244-37500-4.mp4, -1, -1, 71.1428571428571
ia-batch10/The_Last_Text_-_Don_t_Text_While_Driving_Documentary.mp4, -1, -1, 39.4166666666667
ia-batch10/youtube-XLqjL2fwL6M.mp4, -1, -1, 40.35
ia-batch10/Bible_Believers_Preaching_and_Teaching_Hour_Episode_17A008.mp4, -1, -1, 52.9459459459459
ia-batch10/Tartuffe_presented_in_Ste._Genevieve_Mo._63670.mp4, -1, -1, 52.0294117647059
ia-batch10/vf_tang_residentevil_3500.mp4, -1, -1, 72.2571428571428
ia-batch10/coswfl-Senior_Center_Knitting.mp4, -1, -1, 74.0
ia-batch10/cobmd-2018_Bowie_Health_Fair.mp4, -1, -1, 60.10526315789479
ia-batch10/youtube-yw-DIgd0A24.mp4, -1, -1, 44.0555555555556
ia-batch10/OCTV_New_Phantom_Drone_-_Oxford_History_Facts.mp4, -1, -1, 74.7105263157895
ia-batch10/50-50com_oldschool_skatejam_2001.mp4, -1, -1, 58.6111111111111
ia-batch10/youtube-ebNttwavbfg.mp4, -1, -1, 53.3888888888889
ia-batch10/The_U-liners.mp4, -1, -1, 62.894736842105296
ia-batch10/A_Look_at_America_and_the_Global_Economy_4_of_4_2008.mp4, -1, -1, 56.0555555555556
ia-batch10/North_Reading_School_Committee_5_14_12_Part_8.mp4, -1, -1, 56.0294117647059
ia-batch10/Public_Works_January_9_2014.mp4, -1, -1, 54.3783783783784
ia-batch10/FinalUpdate720p30fpsH264192kbitAAC.mp4, -1, -1, 72.4615384615385
ia-batch10/uptv6il-Urbana_vs._Peoria_Richwoods_Football_Highlights_-_Homecoming_2019.mp4, -1, -1, 71.6111111111111
ia-batch10/youtube-vZCcvuwc8n0.mp4, -1, -1, 39.1081081081081
ia-batch10/youtube-QH8kDZB9HcU.mp4, -1, -1, 35.6857142857143
ia-batch10/nwctc-Fire_Destroys_Plymouth_Garage_House_Saved.mp4, -1, -1, 76.4285714285714
ia-batch10/Rise_and_Shine_Yoga_-_12-9-14.mp4, -1, -1, 72.7941176470588
ia-batch10/electricsheep-flock-245-2500-2.mp4, -1, -1, 68.1176470588235
ia-batch10/Conversation_with_Mike_Dukakis.mp4, -1, -1, 63.3939393939394
ia-batch10/Ste._Genevieve_Mo_Heritage_Commission_4_18_16.mp4, -1, -1, 49.63414634146339
ia-batch10/107166_video_game_ROCK_BAND_LIVE.mp4, -1, -1, 35.6486486486486
ia-batch10/youtube-NUejJ2UMsbk.mp4, -1, -1, 50.461538461538495
ia-batch10/Smale_Park_Animation.mp4, -1, -1, 56.10256410256411
ia-batch10/STL_TV_LIVE_--_Handmade_Happy_Hour_BelleStyle_part_2_of_2.mp4, -1, -1, 59.026315789473706
ia-batch10/North_Central_Ride_V2.mp4, -1, -1, 50.972222222222214
ia-batch10/untvmi-The_Briefing_Room_10_18_12.mp4, -1, -1, 52.7105263157895
ia-batch10/5BANNEDDisturbingUNEXPECTEDMomentsInKidsShows.mp4, -1, -1, 54.2105263157895
ia-batch10/chtvma-Chasing_the_Facts_with_Sam_Chase_featuring_Susan_Julian_Gates_-_May_15_2019.mp4, -1, -1, 76.3333333333333
ia-batch10/013014_SFHS_vs_Springville_Girls_Basketball_2nd_Quarter.mp4, -1, -1, 47.684210526315795
ia-batch10/youtube-CeGWnEdoHhE.mp4, -1, -1, 49.722222222222214
ia-batch10/Do_Go_for_the_Week_Beginning_January_10_2013.mp4, -1, -1, 59.0
ia-batch10/Board_of_Selectmen_-_September_7_2016.mp4, -1, -1, 49.8611111111111
ia-batch10/Flickr-20907916179.mp4, -1, -1, 66.375
ia-batch10/Berkley_Planning_Commission_Meeting_-_January_27_2015.mp4, -1, -1, 44.6666666666667
ia-batch10/archiveteam_videobot_twitter_com_747487580933914624.mp4, -1, -1, 62.2
ia-batch10/Can_Kyle_Martin_Do_Your_Job_7_10_17.mp4, -1, -1, 74.8
ia-batch10/Uncle_Lucius_A_Million_Ways_Live_at_KDHX_07_20_2010_HD.mp4, -1, -1, 64.1315789473684
ia-batch10/archiveteam_videobot_twitter_com_758360902278090753.mp4, -1, -1, 37.6486486486486
ia-batch10/ObrafourBlessesThisRapperAndSignsHimToExercusionEntertainment.mp4, -1, -1, 53.2972972972973
ia-batch10/Clausura2010ColonRiver.mp4, -1, -1, 41.3333333333333
ia-batch10/AFF_2016_Coming_Soon.mp4, -1, -1, 73.8
ia-batch10/youtube-JGX8jXs2FMM.mp4, -1, -1, 59.410256410256395
ia-batch10/Needham_vs._Wellesley_Boys_Lacrosse_4-26-11.mp4, -1, -1, 52.4571428571429
ia-batch10/bratt2vt-My_Vineyard_Vacation_2012.mp4, -1, -1, 47.4
ia-batch10/youtube-Z5IWfiJ23ss.mp4, -1, -1, 36.6842105263158
ia-batch10/youtube-4wT-0KD0Wy8.mp4, -1, -1, 61.277777777777786
ia-batch10/RobertKrovitz16aug2013YiddishBookCenter.mp4, -1, -1, 76.0810810810811
ia-batch10/youtube-dVY6Q6q_T1o.mp4, -1, -1, 64.3055555555556
ia-batch10/Volunteer_Spotlight_Billy_Ledbetter.mp4, -1, -1, 68.2894736842105
ia-batch10/Elvis_Perkins_in_Dearland_Gypsy_Davy_Live_at_KDHX_11_20_09_HD.mp4, -1, -1, 62.540540540540505
ia-batch10/slctvmi-Feral_Kitty_Trappers_-_Spotlight_on_South_Lyon.mp4, -1, -1, 76.80555555555559
ia-batch10/youtube-NMMDpK4chN4.mp4, -1, -1, 55.74285714285711
ia-batch10/youtube-cJnqv1AdsLY.mp4, -1, -1, 62.5135135135135
ia-batch10/youtube-aEn2behCJHM.mp4, -1, -1, 47.0769230769231
ia-batch11/75062_14157030_s01_Hurdle_Jumping_by_Trained_Dogs.mp4, -1, -1, 41.939393939393895
ia-batch11/Board_of_Public_Service_October_13_2015.mp4, -1, -1, 57.88571428571429
ia-batch11/American_Rover_Kid_Cruises.mp4, -1, -1, 55.842105263157904
ia-batch11/City_Talk_-_Columbia_Housing_Authority_s_Inaugural_Scholarship_Golf_Tournament.mp4, -1, -1, 79.4545454545455
ia-batch11/youtube-7JBaOYgh-eE.mp4, -1, -1, 40.212121212121204
ia-batch11/Pets_of_the_Week_for_May_27_2017.mp4, -1, -1, 72.94871794871791
ia-batch11/1051_002_WRLTV_EP002.mp4, -1, -1, 63.8
ia-batch11/youtube-Mz8tmOi9JUY.mp4, -1, -1, 50.405405405405396
ia-batch11/ucberkeley_webcast_07BJiMIJZqo.mp4, -1, -1, 57.94117647058821
ia-batch11/youtube-FN4JNvZFTtU.mp4, -1, -1, 51.7714285714286
ia-batch11/youtube-6-5ZPYgelHg.mp4, -1, -1, 40.97222222222221
ia-batch11/rptv1on-LANND_TV_-_First_Fire_Dance_Program.mp4, -1, -1, 55.8888888888889
ia-batch11/youtube-Kqy8wCaxh7s.mp4, -1, -1, 61.6216216216216
ia-batch11/The_News_Project_-_What_is_an_Essential_Oil.mp4, -1, -1, 74.19444444444441
ia-batch11/cccmcma-Benefit_Concert_for_Houston.mp4, -1, -1, 68.9722222222222
ia-batch11/What_s_New_SCATV_Eps._17.mp4, -1, -1, 69.15
ia-batch11/Portola_Hotel_and_Spa_Making_a_Tasty_Difference_in_Ocean_Preservation.mp4, -1, -1, 75.258064516129
ia-batch11/Arlington_Youth_Film_Festival_-_The_People_United.mp4, -1, -1, 44.8529411764706
ia-batch11/Aldermen101112.mp4, -1, -1, 54.2285714285714
ia-batch11/Simple_Recycling_Garden_City.mp4, -1, -1, 73.8823529411765
ia-batch11/Online_dating_inspires_Health_Department_food_safety_campaign.mp4, -1, -1, 75.55555555555559
ia-batch11/youtube-9K399fBYTBU.mp4, -1, -1, 51.7105263157895
ia-batch11/tweakers005431.mp4, -1, -1, 60.3888888888889
ia-batch11/cogco-Howl-o-ween_Trick_or_Treat.mp4, -1, -1, 58.6111111111111
ia-batch11/Bloomington_Today_-_Winter_Safety.mp4, -1, -1, 51.030303030303
ia-batch11/youtube-Hx4pEwSZj5E.mp4, -1, -1, 57.7027027027027
ia-batch11/Podcast100FelizNavidadYFeliz2018ArdForEver.mp4, -1, -1, 53.7894736842105
ia-batch11/electricsheep-flock-244-25000-3.mp4, -1, -1, 61.421052631579
ia-batch11/582015SegC.mp4, -1, -1, 67.89473684210529
ia-batch11/Wisconsin_Rapids_Google_Business_PSA.mp4, -1, -1, 70.2121212121212
ia-batch11/coatx-Experience_Mayan_Grupo_Pakal.mp4, -1, -1, 71.1621621621622
ia-batch11/Duck_Wildlife.mp4, -1, -1, 80.7666666666667
ia-batch11/electricsheep-flock-245-7500-8.mp4, -1, -1, 67.85714285714289
ia-batch11/Flickr-32682327250.mp4, -1, -1, 64.1388888888889
ia-batch11/The_Local_Live_Round_Table_-_Students_Speak_Up-Gun_Violence.mp4, -1, -1, 83.3333333333333
ia-batch11/Pets_of_the_Week_07-15-18.mp4, -1, -1, 67.28571428571429
ia-batch11/vf_e3_2010_kinectadventuresdemo_061410_3500.mp4, -1, -1, 53.1388888888889
ia-batch11/Dancing_with_the_Reading_Stars_Balloonacy_Berks_Art_Alliance_3-8-16.mp4, -1, -1, 60.34375
ia-batch11/codfl-City_of_Destin_Okaloosa_Today_2014_Destin_Fishing_Rodeo_-_September_2014.mp4, -1, -1, 60.3684210526316
ia-batch11/911_Essentials_-_When_to_Call_911.mp4, -1, -1, 54.6216216216216
ia-batch11/2013_Tree_Lighting_Mountain_View.mp4, -1, -1, 52.846153846153896
ia-batch11/Finance_and_Personnel_Meeting_11_3_14.mp4, -1, -1, 52.6
ia-batch11/youtube-PMvs-kiqMYI.mp4, -1, -1, 54.3333333333333
ia-batch11/Operation_Exit_Graduation.mp4, -1, -1, 72.4210526315789
ia-batch11/youtube-yEh1pWWhA5c.mp4, -1, -1, 40.4594594594595
ia-batch11/1HOUROfMTVMusicTelevisionFromJune1985WithVJsNinaBlackwoodU0026AlanHunter0BBrOL6PdPNTJoNzY0UU1zSWM.mp4, -1, -1, 29.9166666666667
ia-batch11/youtube-FGT6xOaY-fc.mp4, -1, -1, 43.5135135135135
ia-batch11/coeor-City_Council_Meeting_07-08-2013.mp4, -1, -1, 49.722222222222214
ia-batch11/A_Closer_Look_Episode_16_-_Cultures_of_Thinking.mp4, -1, -1, 79.3611111111111
ia-batch11/youtube-snLEk-MvqA0.mp4, -1, -1, 67.85714285714289
ia-batch11/youtube-OBO8yWiooko.mp4, -1, -1, 58.969696969697
ia-batch11/Be_safe_with_Fireworks.mp4, -1, -1, 63.3783783783784
ia-batch11/State_Wrestling_QTRS._D1_195_Perrine_NORDONIA_vs._Bryant_MOELLER.mp4, -1, -1, 70.2162162162162
ia-batch11/PSAGreenbriarReichl.mp4, -1, -1, 52.57142857142861
ia-batch11/Waupaca_Senior_Center_-_Caring_for_you_-_Massage_and_Herbal_Supplements.mp4, -1, -1, 52.71428571428571
ia-batch11/St_Jean_Baptiste_Day_Observance.mp4, -1, -1, 55.722222222222214
ia-batch11/ws46fg45_201704.mp4, -1, -1, 55.405405405405396
ia-batch11/BOH_5-2-13.mp4, -1, -1, 46.2894736842105
ia-batch11/Boys_D1_200_Free_Relay_Heat_2.mp4, -1, -1, 51.9117647058824
ia-batch11/ThisDay_-_Diane_Masson_-_Your_Senior_Housing_Options_-_08.02.2016.mp4, -1, -1, 63.5135135135135
ia-batch11/York_News_-_November_27_2013.mp4, -1, -1, 65.67647058823529
ia-batch11/ALL_ABOUT_BOOKS_2_28_18.mp4, -1, -1, 52.6315789473684
ia-batch11/youtube-gH3oLH1-9kc.mp4, -1, -1, 58.0555555555556
ia-batch11/ehmma-Southampton_Council_On_Aging_11.07.2018.mp4, -1, -1, 56.4473684210526
ia-batch11/youtube-sRaSU0fVFtg.mp4, -1, -1, 52.82352941176471
ia-batch11/youtube-R62TPFzBQ40.mp4, -1, -1, 63.657142857142894
ia-batch11/youtube-ows-ChiefLansdowneincandidinterviewduringrai-s27RiiveRxQ.mp4, -1, -1, 56.90625
ia-batch11/08-23_-2016_City_of_Franklin_TN_Board_Of_Mayor_and_Aldermen_Work_Session.mp4, -1, -1, 49.3714285714286
ia-batch11/youtube-bABXZ2EjJ2U.mp4, -1, -1, 55.972972972973004
ia-batch11/BOL_Chairman_Ken_Jenkins_Gives_Keynote_Address_at_WCA_Breakfast_Part_I.mp4, -1, -1, 52.9444444444444
ia-batch11/youtube-ZD1EGXhrBbo.mp4, -1, -1, 44.657142857142894
ia-batch11/Worldfest_2009_PSA.mp4, -1, -1, 52.5789473684211
ia-batch11/School_Committee_2_22_10_part_2.mp4, -1, -1, 47.6388888888889
ia-batch11/TheDeacon.mp4, -1, -1, 36.1351351351351
ia-batch11/bliptv-20131013-113226-BIF-RecentChangesInIntellectualProperty210.mp4, -1, -1, 76.2285714285714
ia-batch11/youtube-BFBPm60dhdY.mp4, -1, -1, 77.5142857142857
ia-batch11/2014_Sports_Jam_Boys_Basketball_Team_-.mp4, -1, -1, 57.3611111111111
ia-batch11/coffeehouse_ilyAIMY_132.mp4, -1, -1, 62.4117647058824
ia-batch11/PSA_-_Scams.mp4, -1, -1, 58.9117647058824
ia-batch11/3026_431_HopefortheCities_GarryPollock2PollockPrinting.mp4, -1, -1, 44.29411764705879
ia-batch11/Same-Sex_Marriages_Become_Legal_in_Minnesota.mp4, -1, -1, 62.4117647058824
ia-batch11/411Show-LeticiaVanDePutteHumanTrafficking990.mp4, -1, -1, 54.43243243243239
ia-batch11/whatvme-Roll_in_in_My_Sweet_Baby_s_Arms._Covered_by_Brad_Hooper.mp4, -1, -1, 70.7777777777778
ia-batch11/mptvma-Mashpee_Task_Force_Drop_In_Night_PSA2.mp4, -1, -1, 73.4864864864865
ia-batch11/youtube-RW4X9szZU6E.mp4, -1, -1, 21.5454545454545
ia-batch11/New_Ice_Rink.mp4, -1, -1, 56.0285714285714
ia-batch11/youtube_UC45YIx7X9EplUm5SJOVQnOQ.mp4, -1, -1, 53.4117647058824
ia-batch11/cobmd-Bowie_State_University_Concert_Band.mp4, -1, -1, 50.6666666666667
ia-batch11/tv4satx-Fiesta_Flambeau_Parade_2008_Act_7.mp4, -1, -1, 51.6
ia-batch11/Anatomy_of_a_Pothole.mp4, -1, -1, 61.6666666666667
ia-batch11/Cook_County_Law_Library_50th_Anninversary_and_Rededication.mp4, -1, -1, 63.25
ia-batch11/youtube-3RMJwwl0h0U.mp4, -1, -1, 32.314285714285695
ia-batch11/EndingWarZMovie.mp4, -1, -1, 62.8611111111111
ia-batch11/youtube-Gp6Mik53Bek.mp4, -1, -1, 47.472222222222214
ia-batch11/youtube-9ZgwgIQcKhk.mp4, -1, -1, 55.0
ia-batch11/Up_Front_W_John_Patterson_June_2015.mp4, -1, -1, 51.1212121212121
ia-batch11/2013_Aspen_Summer_Words_Literary_Festival-_Publishing_Industry_Insiders_Tell_All.mp4, -1, -1, 59.8787878787879
ia-batch11/Ballgame.mp4, -1, -1, 62.8484848484849
ia-batch11/youtube-jE-YqHVsbJ4.mp4, -1, -1, 58.538461538461505
ia-batch11/youtube-odKlZnc5X38.mp4, -1, -1, 77.6285714285714
ia-batch11/youtube-v5YAEqGUceQ.mp4, -1, -1, 49.11428571428571
ia-batch11/ToniTTH2.mp4, -1, -1, 49.71428571428571
ia-batch11/The_Westchester_Humane_Society.mp4, -1, -1, 66.6388888888889
ia-batch11/Beaverton_Police_Department_Recruitment_2012.mp4, -1, -1, 49.3611111111111
ia-batch11/ctnaa-Conversations_496_w_Ann_Arbor_Chief_of_Police_Michael_Cox_August_2019.mp4, -1, -1, 69.8378378378378
ia-batch11/MoonmanVideoBacking02.mp4, -1, -1, 44.8611111111111
ia-batch11/Flickr-35563123190.mp4, -1, -1, 66.9
ia-batch11/Soul_Fest_2017.mp4, -1, -1, 66.82352941176471
ia-batch11/youtube-iZnc8jgcoAA.mp4, -1, -1, 68.5128205128205
ia-batch11/youtube-m-qJax-wn9E.mp4, -1, -1, 60.324324324324294
ia-batch11/cosny-Mayor_Miner_s_Swearing-In_1-18-2014.mp4, -1, -1, 59.75
ia-batch11/Selectboard_5_21_13.mp4, -1, -1, 54.9189189189189
ia-batch11/youtube-gEKOu1L9CHU.mp4, -1, -1, 43.1081081081081
ia-batch11/youtube-KumNFNnjey4.mp4, -1, -1, 59.8055555555556
ia-batch11/cornv-Picking_up_fall_leaves.mp4, -1, -1, 55.2894736842105
ia-batch11/archiveteam_videobot_twitter_com_724610033799974912.mp4, -1, -1, 69.0555555555556
ia-batch11/North_Reading_School_Committee_6_11_12_Part_4.mp4, -1, -1, 56.0833333333333
ia-batch11/youtube-VP58Oqh0yRY.mp4, -1, -1, 60.0540540540541
ia-batch11/VOICE_OF_DELIVERANCE_220413.mp4, -1, -1, 44.82352941176471
ia-batch11/2014_Taste_of_Whitman_Hanson.mp4, -1, -1, 50.5
ia-batch11/bcacca-BIG_BEN_S_MOVIE_SHOW_-_Angry_Birds_Nice_Guys_Neighbours_2.mp4, -1, -1, 68.39473684210529
ia-batch11/cc4ia-Iowa_City_City_Council_Meeting_of_February_6_2018.mp4, -1, -1, 53.05882352941179
ia-batch11/youtube-K6Lsagx_BFY.mp4, -1, -1, 44.0555555555556
ia-batch11/youtube-jZxX1GsKgkI.mp4, -1, -1, 58.257142857142895
ia-batch11/electricsheep-flock-244-45000-4.mp4, -1, -1, 79.92592592592591
ia-batch11/acmima-Studio_Knights_-_Ep007_-_Katsos.mp4, -1, -1, 80.8529411764706
ia-batch11/Champlin_Park_wins_again_still_No._1.mp4, -1, -1, 62.842105263157904
ia-batch11/Cook_County_Board_President_Toni_Preckwinkle_addresse_recent_layoffs_and_budget_crisis.mp4, -1, -1, 70.3888888888889
ia-batch11/Scvtv20-runner070109b973-2.mp4, -1, -1, 55.0555555555556
ia-batch11/pctvma-The_Pittsfield_4th_Of_July_Parade_2013_-_Part_One.mp4, -1, -1, 54.6388888888889
ia-batch11/PCN_Pembroke_Art_Festival.mp4, -1, -1, 54.472222222222214
ia-batch11/Square_Dance_Live_-_Episode_55.mp4, -1, -1, 52.914285714285704
ia-batch11/archiveteam_videobot_twitter_com_766351785208328192.mp4, -1, -1, 50.394736842105296
ia-batch11/youtube-sjtDwa1b1I4.mp4, -1, -1, 59.5151515151515
ia-batch11/North_Hudson_Public_Works_September_15_2015.mp4, -1, -1, 56.3611111111111
ia-batch11/Everything_You_Wanted_To_Know_About_Public_Access_and_Were_Afraid_To_Ask_Part_1.mp4, -1, -1, 42.7352941176471
ia-batch11/On_The_Rise_with_Nahjee_Grant_and_Guest_Rachael_Lassoff.mp4, -1, -1, 56.6111111111111
ia-batch11/Discover_Community_Development_2-24-2012.mp4, -1, -1, 67.14705882352939
ia-batch11/03.08.2017_Senior_Compass_-_Marshall_s_AFS_Exchange_Students.mp4, -1, -1, 75.0882352941177
ia-batch11/Annual_Address_to_the_Boston_Municipal_Research_Bureau.mp4, -1, -1, 52.3684210526316
ia-batch11/youtube-fqfElBJCImo.mp4, -1, -1, 52.4
ia-batch11/1908AVeryFineLadyLouisFeuillade.mp4, -1, -1, 44.0789473684211
ia-batch11/bliptv-20131014-000558-Cgtuts-ProceduralNonProceduralTexturingPt3835.mp4, -1, -1, 60.6388888888889
ia-batch11/youtube-aqbGGBKr2pQ.mp4, -1, -1, 44.70588235294121
ia-batch11/Scituate_Board_of_Selectmen_Meeting_9-23-14.mp4, -1, -1, 55.526315789473706
ia-batch11/youtube-vBbhtmC3OGk.mp4, -1, -1, 69.5714285714286
ia-batch11/DynamicsOfACarCrash1970s.mp4, -1, -1, 43.027777777777786
ia-batch11/Expungement_Clinic.mp4, -1, -1, 57.71428571428571
ia-batch11/The_Emperor_and_the_Nightingale.mp4, -1, -1, 54.75
ia-batch11/archiveteam_videobot_twitter_com_732586796547104769.mp4, -1, -1, 67.6666666666667
ia-batch11/youtube-9M5ynegmjkA.mp4, -1, -1, 21.7714285714286
ia-batch11/sandy_shaw.mp4, -1, -1, 37.105263157894704
ia-batch11/youtube-0JUN9aDxVmI.mp4, -1, -1, 73.7777777777778
ia-batch11/ehmma-HousingPartnership_7_16_13.mp4, -1, -1, 55.027777777777786
ia-batch11/01KamenRider85.mp4, -1, -1, 64.1666666666667
ia-batch11/Tolstoy_1812.mp4, -1, -1, 62.6486486486487
ia-batch11/United_Mutual_Solar_Project_11_01_16.mp4, -1, -1, 77.11428571428571
ia-batch11/scctvmn-Behind_the_Scenes_-_A_TV19_Production.mp4, -1, -1, 62.6285714285714
ia-batch11/youtube-P1i5W07UDhQ.mp4, -1, -1, 46.7714285714286
ia-batch11/csdmd-North_Carroll_vs_Fallston_Boys_Lacrosse_2A_1A_State_Final_5-20-14.mp4, -1, -1, 48.7272727272727
ia-batch11/Budget_Committee_1_of_2_01_15_2014_Newmarket_New_Hampshire.mp4, -1, -1, 42.2857142857143
ia-batch11/youtube-Bot468dN5jE.mp4, -1, -1, 71.9393939393939
ia-batch11/Zoning_Board_Meeting_July_17_2017.mp4, -1, -1, 50.25
ia-batch11/electricsheep-flock-244-80000-3.mp4, -1, -1, 64.3611111111111
ia-batch11/Second_Opinion_-_Valerie_Wormell.mp4, -1, -1, 78.1388888888889
ia-batch11/TheBurglar2008.mp4, -1, -1, 49.8684210526316
ia-batch11/Wluers-NoVloPoMo8955.mp4, -1, -1, 50.3055555555556
ia-batch11/btvnj-90.5_Night_Vision_-_Seneca.mp4, -1, -1, 56.8571428571429
ia-batch11/bratt2vt-1st_Wed._UVM_Prof._Frank_Bryan_1_5_11.mp4, -1, -1, 57.1666666666667
ia-batch11/PCN_Town_Talk_with_Duxbury_-_March_26_2015_-_on_set.mp4, -1, -1, 78.54054054054059
ia-batch11/AliaK-refractionJonHunter20704.mp4, -1, -1, 62.472222222222214
ia-batch11/Open_Line_-_Heritage_Senior_Center.mp4, -1, -1, 60.151515151515206
ia-batch11/toothpiccreation.mp4, -1, -1, 61.9189189189189
ia-batch11/Raw_Naked_and_Ugly_Billboard_Awards_Call_1.mp4, -1, -1, 52.8888888888889
ia-batch11/youtube-SEXY-sXXyL0.mp4, -1, -1, 36.0
ia-batch11/nwctc-CCX_News_June_18_2018.mp4, -1, -1, 77.1212121212121
ia-batch11/vf_ps4harddrive_040815_1800.mp4, -1, -1, 63.3333333333333
ia-batch11/2010_Lakefair_Grand_Parade.mp4, -1, -1, 39.7647058823529
ia-batch11/Topic_Time_-_Bobby_Faria_-_03_25_15.mp4, -1, -1, 51.8823529411765
ia-batch11/ytchannelimpz.mp4, -1, -1, 33.125
ia-batch11/youtube-48wqsXwx7Fs.mp4, -1, -1, 51.6944444444444
ia-batch11/starvingmusicvideo.mp4, -1, -1, 63.184210526315795
ia-batch11/The_Nutcracker_Homecoming_-_Behind_the_Scenes_With_Metropolitan_Ballet_Theatre.mp4, -1, -1, 68.741935483871
ia-batch11/County_of_Berks_Commissioners_Meeting_1-11-18.mp4, -1, -1, 55.257142857142895
ia-batch11/cocnc-Runway_5K_Run.mp4, -1, -1, 66.85714285714289
ia-batch11/youtube-BlB_XuSMuxs.mp4, -1, -1, 41.060606060606105
ia-batch11/am-Theological_Devotional_-_The_Promise_is_the_Spirit_of_Christ_in_US_LOVE.mp4, -1, -1, 67.65625
ia-batch11/wrokmi-Holiday_Magic_Parade_featuring_Redford_Unicycle_Club.mp4, -1, -1, 51.7272727272727
ia-batch11/archiveteam_videobot_twitter_com_885899309509726214.mp4, -1, -1, 36.9117647058824
ia-batch11/youtube-FjPNE93e_lk.mp4, -1, -1, 48.59459459459461
ia-batch11/Crimes_of_the_Month_June_2019.mp4, -1, -1, 45.2
ia-batch11/ctv3in-2015_Lions_Downhill_Derby_8-9_Year_Olds.mp4, -1, -1, 55.1111111111111
ia-batch11/Your_Community_January_2014.mp4, -1, -1, 43.4864864864865
ia-batch11/Every_Movie_Ever_-_Kingsman_-_The_Golden_Circle.mp4, -1, -1, 71.2222222222222
ia-batch11/Antonwithagen-RembrandtAndTheNightwatch246.mp4, -1, -1, 44.4
ia-batch11/bctvpa-Circle_of_Life_Coalition_6-20-19.mp4, -1, -1, 65.1388888888889
ia-batch11/Whats_Your_Story_-_E162_-_Jane_Doe_pt._2.mp4, -1, -1, 81.28125
ia-batch11/youtube-vhX_5lAqSng.mp4, -1, -1, 56.5185185185185
ia-batch11/2014_Calaveras_County_Superior_Court_Judge_Candidates_Department_Two.mp4, -1, -1, 64.9117647058823
ia-batch11/youtube-_KK5gXHrFXk.mp4, -1, -1, 50.4444444444444
ia-batch11/youtube-Z1x2Ezc3880.mp4, -1, -1, 56.212121212121204
ia-batch11/youtube-EiakbnCPNHc.mp4, -1, -1, 68.2285714285714
ia-batch11/concoh-Council_Meeting_-_December_5_2016.mp4, -1, -1, 46.1470588235294
ia-batch11/105917_missoula_city_band_08_09_2006_Disc_1.mp4, -1, -1, 49.736842105263214
ia-batch11/Public_Defenders.mp4, -1, -1, 69.08108108108111
ia-batch11/youtube-__pRop8gikI.mp4, -1, -1, 82.8684210526316
ia-batch11/D2_Girls_100_Fly_Heat_2.mp4, -1, -1, 66.9375
ia-batch11/cokin-GeekStorm_GameTable_promo.mp4, -1, -1, 72.45714285714291
ia-batch11/Save_Our_Water_Catch_The_Plastic.mp4, -1, -1, 59.8611111111111
ia-batch11/Sports_Den_S12_Episode_10.mp4, -1, -1, 54.3529411764706
ia-batch11/youtube-af4Z5onAGLQ.mp4, -1, -1, 50.027027027026996
ia-batch11/youtube-sfhXe_Nlzi8.mp4, -1, -1, 30.6666666666667
ia-batch11/electricsheep-flock-244-77500-3.mp4, -1, -1, 77.4324324324324
ia-batch11/Pet_of_the_Week_-_Betty_Boop.mp4, -1, -1, 56.277777777777786
ia-batch11/06_04_13_Metro_Council_Announcements.mp4, -1, -1, 56.485714285714295
ia-batch11/russia_wharf_top_off.mp4, -1, -1, 64.5405405405406
ia-batch11/MmbossmansFdsArumanaNoKisekiIn0826.67.mp4, -1, -1, 55.0
ia-batch11/archiveteam_videobot_twitter_com_730054583700078592.mp4, -1, -1, 49.6111111111111
ia-batch11/Abington_Lady_Wave_JV_vs._Norwell_-_1_6_15.mp4, -1, -1, 61.6
ia-batch11/dcatma-School_Committee_Meeting_10_07_19.mp4, -1, -1, 61.05882352941179
ia-batch11/SamRenseiw-patafilm562pachidermDream368.mp4, -1, -1, 33.705882352941195
ia-batch11/Board_of_Works_Dec_24_2013.mp4, -1, -1, 50.842105263157904
ia-batch11/electricsheep-flock-244-17500-6.mp4, -1, -1, 75.9117647058823
ia-batch11/War_of_the_Colossal_Beast.mp4, -1, -1, 41.375
ia-batch12/VHSFormatsTape02.mp4, -1, -1, 49.4166666666667
ia-batch12/electricsheep-flock-244-80000-6.mp4, -1, -1, 52.3055555555556
ia-batch12/Brooklyn_Center_unveils_new_logo_tagline.mp4, -1, -1, 76.02857142857141
ia-batch12/youtube-N6lhwWVP4E.mp4, -1, -1, 27.8918918918919
ia-batch12/North_Reading_JVC_Football_Team_Gold_Game_4_Oct.22th_2011_Part_3.mp4, -1, -1, 63.8181818181818
ia-batch12/youtube-zXytLqyvZrs.mp4, -1, -1, 46.81578947368421
ia-batch12/Cupertino_Earth_Day_-_Stevens_Permanente_Creek_Watershed_Council.mp4, -1, -1, 57.29411764705879
ia-batch12/Do_You_Want_To_Be_Made_Well_-_E040_-_Faith_pt._2.mp4, -1, -1, 81.3529411764706
ia-batch12/Northwest_vs_Winton_Woods_Soccer.mp4, -1, -1, 47.722222222222214
ia-batch12/Cuban_Bridge_-_Ep._30_Live_with_Jerome_Monachino_of_Eight_02.mp4, -1, -1, 67.64705882352939
ia-batch12/bratt2vt-BUHS-TV_5_21_12.mp4, -1, -1, 46.1621621621622
ia-batch12/Que_Pasa_Polk_Show_015_-_Mayo_23_2013.mp4, -1, -1, 58.5
ia-batch12/cpaz-Monsoon_Dust_Rolling_In_August_12_2018.mp4, -1, -1, 75.91428571428571
ia-batch12/bctvnh-Bedford_Fire_Department_s_Guide_to_House_Numbers.mp4, -1, -1, 73.0606060606061
ia-batch12/Big_Ideas_Fest_2009_Brainstorming.mp4, -1, -1, 50.2285714285714
ia-batch12/cocva-Get_Your_Flu_Shot.mp4, -1, -1, 76.32352941176471
ia-batch12/youtube-qsA8qh9TAaQ.mp4, -1, -1, 47.5
ia-batch12/youtube-sSBbON9ABzQ.mp4, -1, -1, 55.914285714285704
ia-batch12/NORCAM_s_Video_of_the_Day_8_24_12_-_Getting_Amped.mp4, -1, -1, 65.64705882352939
ia-batch12/Victor_James_RB_-_Irondale_Highlights_vs_Panthers.mp4, -1, -1, 60.212121212121204
ia-batch12/1976SaturdayMorningCommercials.mp4, -1, -1, 36.605263157894704
ia-batch12/SCVTV.com_8_6_2010_President_Barack_Obama_-_Speech_Reception_for_Justice-Elect_Elena_Kagan.mp4, -1, -1, 60.60526315789479
ia-batch12/Topeka_City_Council_4_8_2014_1_PGM.mp4, -1, -1, 46.3714285714286
ia-batch12/September_4_2013_-_The_Deerfield_Elementary_School_Committee.mp4, -1, -1, 56.6111111111111
ia-batch12/youtube-33HdoHkFZlo.mp4, -1, -1, 56.1176470588235
ia-batch12/Changes_in_the_Assessor_s_Office.mp4, -1, -1, 56.6111111111111
ia-batch12/PebblePadInTheDepartmentOfOccupationalTherapy.mp4, -1, -1, 45.5
ia-batch12/Community_Thanksgiving_Banquet.mp4, -1, -1, 65.08571428571429
ia-batch12/FAQs_on_the_North_Ave_Road_Changes_Pilot_06_07_2016.mp4, -1, -1, 64.7428571428572
ia-batch12/youtube-JZjckkdNE3s.mp4, -1, -1, 45.96875
ia-batch12/Community_Media_Week_-_Promo.mp4, -1, -1, 39.6470588235294
ia-batch12/sctvco-Pets_of_the_week_for_September_20_2018.mp4, -1, -1, 68.8285714285714
ia-batch12/PCN_Sports_Flash_12_6_12.mp4, -1, -1, 50.375
ia-batch12/Archive_NS15B010.mp4, -1, -1, 66.08108108108111
ia-batch12/youtube-hXaMDgNKhKk.mp4, -1, -1, 60.67647058823529
ia-batch12/Summer_Youth_Programs_2016.mp4, -1, -1, 59.1176470588235
ia-batch12/APN_Summer_Fun_2015.mp4, -1, -1, 62.05882352941179
ia-batch12/youtube-lTOJdjE3u2g.mp4, -1, -1, 64.3333333333333
ia-batch12/youtube-dKt9ofaCVOc.mp4, -1, -1, 43.8888888888889
ia-batch12/youtube-XHw6lHy0PHM.mp4, -1, -1, 60.9714285714286
ia-batch12/Permanent_Makeup_Tattoo_9-27-16.mp4, -1, -1, 57.684210526315795
ia-batch12/Walnut_St_Cafe.mp4, -1, -1, 53.8
ia-batch12/coaltx-8_18_2017_council_workshop_part_1.mp4, -1, -1, 58.2
ia-batch12/WestfordCAT_Weekly_News_-_February_3_2017.mp4, -1, -1, 72.8529411764706
ia-batch12/DynaFoxGameTrailer.mp4, -1, -1, 51.514285714285705
ia-batch12/coatv-Public_Works_Task_Force_July_17_2019.mp4, -1, -1, 59.5428571428571
ia-batch12/2015_Volleyball_-_Mansfield_Timberlake_Lady_JV_Wolves_at_Seguin_Lady_JV_Cougars.mp4, -1, -1, 51.4242424242424
ia-batch12/am-Economic_Development_Forum_5-31-18.mp4, -1, -1, 55.6176470588235
ia-batch12/Beethoven_Park_Playground_Ribbon_Cutting.mp4, -1, -1, 67.3333333333333
ia-batch12/youtube-aoxG5-chXxA.mp4, -1, -1, 56.55882352941179
ia-batch12/My_Tune_TV_-_Honey_Wilders.mp4, -1, -1, 56.428571428571395
ia-batch12/youtube-Twsddv3pd7I.mp4, -1, -1, 45.857142857142804
ia-batch12/2018_Greeley_Stampede_PRCA_Xtreme_Bulls_Highlights.mp4, -1, -1, 69.35294117647061
ia-batch12/youtube-6DZYbNtrst4.mp4, -1, -1, 61.7575757575758
ia-batch12/Pause_4_Paws_Pet_Adoption_Promo.mp4, -1, -1, 62.2972972972973
ia-batch12/youtube-Juo58MVZxS4.mp4, -1, -1, 39.8648648648648
ia-batch12/cocnc-CATS_Ambassadors_09_05_12.mp4, -1, -1, 74.4117647058823
ia-batch12/f20111024mak.mp4, -1, -1, 57.027027027026996
ia-batch12/School_Committee_Meeting_8_3_10_Part_1.mp4, -1, -1, 65.8378378378378
ia-batch12/ccpania-5_13_19_BOE.mp4, -1, -1, 52.7575757575758
ia-batch12/Salt_Lake_City_Capital_City_News_Brief_-_August_6_2018.mp4, -1, -1, 59.3611111111111
ia-batch12/coeor-Budget_Committee_05-28-2013.mp4, -1, -1, 43.875
ia-batch12/youtube-D5_qfFtkYjI.mp4, -1, -1, 57.32352941176471
ia-batch12/North_Reading_School_Committee_2_23_09_Part_4.mp4, -1, -1, 64.5277777777778
ia-batch12/ASMRrequests-66_20140430.mp4, -1, -1, 63.05882352941179
ia-batch12/Regulations_for_tall_grass_and_weeds.mp4, -1, -1, 78.7272727272727
ia-batch12/ABudABowlShowHDMisplacedEpisode4.mp4, -1, -1, 38.9411764705882
ia-batch12/cig_0342-MESO_Lineworkers_Rodeo_Results_2018_City_of_Stillwater.mp4, -1, -1, 76.0
ia-batch12/Compost_Facility_Tour_Highlights_-_September_15_2018.mp4, -1, -1, 72.5882352941177
ia-batch12/archiveteam_videobot_twitter_com_700145509697097731.mp4, -1, -1, 69.4411764705882
ia-batch12/bptvpa-Bethel_Park_Special_Council_Meeting_7_22_19.mp4, -1, -1, 68.37142857142861
ia-batch12/North_Reading_Town_Meeting_4_3_00_Part_9.mp4, -1, -1, 6.928571428571429
ia-batch12/Day_Late_Trash_Recycle_Collection_-_Memorial_Day.mp4, -1, -1, 43.222222222222214
ia-batch12/nasa.SCVTV.com_7_22_2011_JPL_-_Gale_Crater_-_Landing_Site_for_Mars_Science_Laboratory.mp4, -1, -1, 59.527777777777786
ia-batch12/archiveteam_videobot_twitter_com_870389510814683136.mp4, -1, -1, 71.48387096774191
ia-batch12/youtube-FZeHpGpsMN8.mp4, -1, -1, 37.7575757575758
ia-batch12/youtube-I_DF69ycGvk.mp4, -1, -1, 67.1842105263158
ia-batch12/cig_0356-Safer_with_Sidewalks_-_Cleveland_Street.mp4, -1, -1, 74.1176470588236
ia-batch12/electricsheep-flock-245-7500-6.mp4, -1, -1, 74.6388888888889
ia-batch12/youtube-x0_NF7xXjTw.mp4, -1, -1, 70.4545454545455
ia-batch12/youtube-mOpwylgSXUo.mp4, -1, -1, 37.7714285714286
ia-batch12/youtube-2lixNOq5B9M.mp4, -1, -1, 49.0571428571429
ia-batch12/electricsheep-flock-245-5000-0.mp4, -1, -1, 68.8823529411765
ia-batch12/OB_Band_Uniforms_021114.mp4, -1, -1, 64.14705882352939
ia-batch12/North_Reading_Town_Meeting_4_6_92_Part_10.mp4, -1, -1, 12.1875
ia-batch12/youtube-9VMrzrr-jpg.mp4, -1, -1, 4.70967741935484
ia-batch12/cobok-Road_Maintenance_Program.mp4, -1, -1, 80.1538461538462
ia-batch12/Athens_Showcase_-_Art_Attack_New_York_City.mp4, -1, -1, 50.0540540540541
ia-batch12/youtube-4cxeUbczsI0.mp4, -1, -1, 52.8823529411765
ia-batch12/AngryBlackKidWantsHisMotherFIngChange.mp4, -1, -1, 39.675675675675706
ia-batch12/The_People_s_Clerk_-_August_2013.mp4, -1, -1, 64.70270270270271
ia-batch12/archiveteam_videobot_twitter_com_955518817542787073.mp4, -1, -1, 65.4285714285714
ia-batch12/uptv6il-Tell_It_Like_It_Tis_-_Season_2_Episode_4.mp4, -1, -1, 55.11428571428571
ia-batch12/archiveteam_videobot_twitter_com_797730112535937024.mp4, -1, -1, 46.6285714285714
ia-batch12/WarrenTkd4211.mp4, -1, -1, 67.725
ia-batch12/crowdfunding_christian_music_ep_054.mp4, -1, -1, 70.3055555555556
ia-batch12/The_Anchor_-_Hingham_s_News_Show_Ep._2_Week_of_11_5.mp4, -1, -1, 67.1351351351351
ia-batch12/okcok-Oklahoma_City_Snow_Routes.mp4, -1, -1, 43.9393939393939
ia-batch12/cogtx-Waves_of_Information_-_August_7.mp4, -1, -1, 70.0294117647059
ia-batch12/ctv3in-School_Board_February_12_2013.mp4, -1, -1, 58.1470588235294
ia-batch12/f7jlA5eNrVA.mp4, -1, -1, 67.67647058823529
ia-batch12/accsac-Crumble_-_PCS_2012.mp4, -1, -1, 55.0571428571429
ia-batch12/Access_Virginia_Beach_July_3_-_17_2015.mp4, -1, -1, 57.2424242424242
ia-batch12/youtube-jUZp01PKPcQ.mp4, -1, -1, 49.3333333333333
ia-batch12/Pitkin_County_Healthy_Rivers_Whitewater_Feature_Construction_5.mp4, -1, -1, 76.9428571428571
ia-batch12/ocmswi-Oshkosh_Common_Council_-_3_27_18.mp4, -1, -1, 64.91428571428571
ia-batch12/Pansy.mp4, -1, -1, 58.4117647058824
ia-batch12/Washington_Lee_at_Wakefield_1_18_11.mp4, -1, -1, 55.921052631579
ia-batch12/bctvpa-Cardiac_Health_8-14-19.mp4, -1, -1, 63.2285714285714
ia-batch12/Push_Ups_For_Little_Friends.mp4, -1, -1, 66.6666666666667
ia-batch12/TheFailedDamA53.5.mp4, -1, -1, 61.9189189189189
ia-batch12/youtube-Nn69DDDfNoI.mp4, -1, -1, 56.59459459459461
ia-batch12/EARTHQUAKESMEXICOCITYALASKAANDTHEPHILIPPINES.mp4, -1, -1, 41.0571428571429
ia-batch12/bliptv-20131014-074826-Cgbenzine-Breakfast9ToastAndPeaNuetralMilkHotelButter445.mp4, -1, -1, 70.8648648648649
ia-batch12/youtube-D1d_ixlggLA.mp4, -1, -1, 67.8888888888889
ia-batch12/Wayzata_a_winner_over_Maple_Grove_in_holiday_basketball.mp4, -1, -1, 60.6388888888889
ia-batch12/Big_Shot_performs_You_re_Only_Human_Second_Wind.mp4, -1, -1, 46.0833333333333
ia-batch12/CMAC_n_with_Jimmy_O_-_Part_1.mp4, -1, -1, 60.4117647058824
ia-batch12/Sarasota_County_Government_FYI_Padre_Drill.mp4, -1, -1, 67.28571428571429
ia-batch12/Budgeting_101_with_Joni_Kearn_-_Wills_Trusts_-_March_2017.mp4, -1, -1, 59.3513513513514
ia-batch12/ugwckcks-9_12_19_Board_of_Commission_7pm_Thursday.mp4, -1, -1, 62.6388888888889
ia-batch12/am-Green_Eye_d_Film.mp4, -1, -1, 38.2424242424242
ia-batch12/bratt2vt-Brattleboro_Union_High_School_Bd._Mtg._3_7_11.mp4, -1, -1, 46.70588235294121
ia-batch12/CAT_Tracks_-_Westford_Electronics_More_Recycling_Day.mp4, -1, -1, 63.764705882352885
ia-batch12/AWhiteWomanCalledThePoliceOnABlackManAtACommunityPool...becauseHeWasWearingSocksRacialTension.mp4, -1, -1, 64.7647058823529
ia-batch12/archiveteam_videobot_twitter_com_588287512155660288.mp4, -1, -1, 52.3333333333333
ia-batch12/youtube-Yb-_TpCIhzc.mp4, -1, -1, 50.3783783783784
ia-batch12/cmcnbca-Luther_Burbank_Rose_Parade_Festival_2012_Promo.mp4, -1, -1, 53.421052631579
ia-batch12/Zoning_Board_of_Appeals_Meeting_August_16_2011.mp4, -1, -1, 57.735294117647115
ia-batch12/youtube-f4FrShFHogg.mp4, -1, -1, 45.5
ia-batch12/cmntv18-Rochester_High_School_Graduation_-_June_6_2017.mp4, -1, -1, 52.4117647058824
ia-batch12/Zkmiec-ActivitiesWorkshop890.mp4, -1, -1, 35.72222222222221
ia-batch12/youtube-aK6W1iO_5wA.mp4, -1, -1, 65.9473684210526
ia-batch12/youtube-3sdpOhYP1sA.mp4, -1, -1, 59.34285714285711
ia-batch12/ConCOmm050714.mp4, -1, -1, 47.2
ia-batch12/Quinn_Cook_Basketball_Camp.mp4, -1, -1, 50.0
ia-batch12/superturrican-timeattack-exim.mp4, -1, -1, 62.79411764705879
ia-batch12/70624ADayWithTheSeminolesMos.mp4, -1, -1, 34.5833333333333
ia-batch12/This_is_RCTV....mp4, -1, -1, 65.18918918918922
ia-batch12/bevcamma-Holiday_Parade_2014.mp4, -1, -1, 56.70588235294121
ia-batch12/Penn_and_American_Redevelopment.mp4, -1, -1, 57.3055555555556
ia-batch12/bratt2vt-Brattleboro_Selectboard_Mtg_-_1_20_2011.mp4, -1, -1, 51.5
ia-batch12/Bluecanoerecords-JosephPatrickMooreToAfricaWithLoveEPK476.mp4, -1, -1, 54.56756756756761
ia-batch12/youtube-ZkVZdQhHRgE.mp4, -1, -1, 78.3243243243243
ia-batch12/colrar-Summer_Bash_Talent_Show_2017_Little_Rock_Parks_Recreation.mp4, -1, -1, 65.6969696969697
ia-batch12/Wild_Wacky_Wednesdays_at_the_PSL_Minsky_Gym.mp4, -1, -1, 58.4705882352941
ia-batch12/Coral_Gables_celebrates_Arbor_Day.mp4, -1, -1, 56.9189189189189
ia-batch12/youtube-Zs0HLKUDi0Q.mp4, -1, -1, 71.28571428571429
ia-batch12/pcmid-School_District_25_Regular_Meeting_-_09_20_16.mp4, -1, -1, 63.34285714285711
ia-batch12/Public-Private_Partnership_Symposium.mp4, -1, -1, 51.277777777777786
ia-batch12/School_Committee_-_March_15_2017.mp4, -1, -1, 51.5333333333333
ia-batch12/dcatma-Zoning_Board_-_11_4_19_-_Danvers_MA.mp4, -1, -1, 69.15151515151521
ia-batch12/City_Council_Meeting_April_18_2011_Part_3.mp4, -1, -1, 56.28571428571429
ia-batch12/youtube-MxMAFiZDurA.mp4, -1, -1, 57.1428571428571
ia-batch12/youtube-nPuH4Tm_Rf8.mp4, -1, -1, 49.6285714285714
ia-batch12/csdmd-Havre_de_Grace_vs_Edgewood_Girls_Lacrosse.mp4, -1, -1, 48.189189189189214
ia-batch12/Second_Chance_Animal_Center_-_Pets_of_the_Week_-_10_5_15.mp4, -1, -1, 77.5882352941177
ia-batch12/Oshkosh_Today_12_28_16_Oshkosh_Public_Library.mp4, -1, -1, 55.57142857142861
ia-batch12/bliptv-20131014-090904-Bloomingknitter-KnittingBloomsSpecialEditionShortRowHeel825.mp4, -1, -1, 60.56756756756761
ia-batch12/TEACHERFireAShotInDaltonHighSchoolInAtlanta.mp4, -1, -1, 67.4722222222222
ia-batch12/youtube_UCgvRxl2obXKb2Ubq3f1oAcA.mp4, -1, -1, 65.62857142857139
ia-batch12/Sarasota_County_Government_Live_Rowing_Event_PSA.mp4, -1, -1, 57.5151515151515
ia-batch12/Volleyball_highlights_-_Stillwater_vs._Irondale.mp4, -1, -1, 81.6857142857143
ia-batch12/Fire_Prevention_and_Safety_in_the_Kitchen.mp4, -1, -1, 69.2571428571429
ia-batch12/30_Minutes_with_Special_Guest_Bill_Ronayne_of_the_Mario_Lanza_Institute.mp4, -1, -1, 60.0285714285714
ia-batch12/RodeoSponsors2013.mp4, -1, -1, 50.4117647058824
ia-batch12/wrokmi-Playdate_Art_Explored_Live_Summer_Concerts_2014.mp4, -1, -1, 60.5
ia-batch12/What_s_New_In_Burbank_-_September_1_2017.mp4, -1, -1, 68.1944444444444
ia-batch12/corrtx-RRPL_Online_Catalog_Introduction_and_Features.mp4, -1, -1, 64.741935483871
ia-batch12/Cracking_Down_on_Online_Drug_Sales.mp4, -1, -1, 61.1428571428571
ia-batch12/actvma-Board_of_Selectmen_-_February_25_2019.mp4, -1, -1, 68.7941176470588
ia-batch12/North_Reading_Town_Meeting_4_3_00_Part_1.mp4, -1, -1, 49.8378378378378
ia-batch12/ectpa-ECTV_LIVE_February_26_2018_Scranton_St._Patrick_s_Day_Parade.mp4, -1, -1, 63.5555555555556
ia-batch12/Soapbox_March_13_2014.mp4, -1, -1, 57.3055555555556
ia-batch12/Memory_Bear_Workshop_Oct_24.mp4, -1, -1, 68.6
ia-batch12/Arts_101_November_2012.mp4, -1, -1, 65.5833333333333
ia-batch12/Aerial_View_of_SHS_Turf_Field.mp4, -1, -1, 75.8571428571429
ia-batch12/youtube-8Oxz3mc1b-I.mp4, -1, -1, 56.79411764705879
ia-batch12/2013_Revere_Beach_Sand_Sculpting_Festival_July_17_update_full_show.mp4, -1, -1, 68.4
ia-batch12/SHARPS_-_PSA.mp4, -1, -1, 72.80555555555559
ia-batch12/SVC2008_-_Week_One_Shot_List.mp4, -1, -1, 46.55882352941179
ia-batch12/youtube-2-hy__ShFCE.mp4, -1, -1, 54.0833333333333
ia-batch12/youtube-pXGOA8M52cE.mp4, -1, -1, 50.6285714285714
ia-batch12/youtube-llkcOzFIUaY.mp4, -1, -1, 69.1578947368421
ia-batch12/blmtwpmiv-Cartoonist.mp4, -1, -1, 55.189189189189214
ia-batch12/SamRenseiw-patafilm547clownOnIce306.mp4, -1, -1, 53.6176470588235
ia-batch12/Action_Collab_Showcase_-_Reflection_Engine_BIF_2012.mp4, -1, -1, 74.7352941176471
ia-batch12/bliptv-20131011-140429-Amandacongdon-FunThingsToDoOnFridayThe13th625.mp4, -1, -1, 59.11428571428571
ia-batch12/Montgomery_al_Dia_from_CRTW_457.mp4, -1, -1, 80.7941176470588
ia-batch12/Concrete_Rodeo_Tour_2010.mp4, -1, -1, 61.5789473684211
ia-batch12/The_first_City_Council_of_Missouri_City_Texas.mp4, -1, -1, 36.384615384615394
ia-batch12/Apperceptions-DigitalDojoSpringSightsAndSounds437.mp4, -1, -1, 58.184210526315795
ia-batch12/Do_Go_for_the_Week_Beginning_June_27_2013.mp4, -1, -1, 72.0833333333333
ia-batch12/PerseverandoHastaElFin.mp4, -1, -1, 66.11428571428571
ia-batch12/MichaelWyszomierskiAnotherLook.mp4, -1, -1, 29.0285714285714
ia-batch12/bliptv-20131014-182044-Atomicwedgie-SlapHappyGoingDown697.mp4, -1, -1, 64.05405405405409
ia-batch12/youtube-zWS93UFQ2_k.mp4, -1, -1, 63.20512820512821
ia-batch12/Monona_Memorial_Day_Parade_5_29_17.mp4, -1, -1, 71.4210526315789
ia-batch12/Flickr-24186219755.mp4, -1, -1, 68.0294117647059
ia-batch12/bliptv-20131031-041404-Appadvice-AppAdviceDailyAppisode709854.mp4, -1, -1, 66.7647058823529
ia-batch12/twitter-1208391672641544198.mp4, -1, -1, 51.3611111111111
ia-batch12/Seniors_Today_109.mp4, -1, -1, 59.8
ia-batch12/ctv3in-County_Commissioners_July_7_2014.mp4, -1, -1, 55.96875
ia-batch12/Notice_New_Lenox_-_Animal_Clinic_at_New_Lenox.mp4, -1, -1, 64.14285714285711
ia-batch12/NES_Longplay_394_Milons_Secret_Castle.mp4, -1, -1, 68.9166666666667
ia-batch12/Summer_Showcase_at_the_Library.mp4, -1, -1, 77.97142857142859
ia-batch12/Westborough_TV_Wrap_Up_-_May_13_2016.mp4, -1, -1, 58.9459459459459
ia-batch12/Edison_-_Denver_Loft_Sessions.mp4, -1, -1, 56.6111111111111
ia-batch12/youtube-6dYGt37d_Jk.mp4, -1, -1, 59.235294117647115
ia-batch12/Nerd_Cast_ep._4.mp4, -1, -1, 40.921052631579
ia-batch12/youtube-v9wrbM-w7DE.mp4, -1, -1, 58.2424242424242
ia-batch12/youtube-1DJn1sa3brs.mp4, -1, -1, 56.56756756756761
ia-batch13/The_Cool_Cat_Store_in_Kent_Island_Maryland.mp4, -1, -1, 70.71428571428571
ia-batch13/The_Scoop_Episode_14.mp4, -1, -1, 81.5
ia-batch13/18_Holes_of_Fun.mp4, -1, -1, 58.3783783783784
ia-batch13/youtube-QEdTHbStVTg.mp4, -1, -1, 39.6578947368421
ia-batch13/cogal-Gadsden_Alabama_City_Council_Meeting_2015-6-2.mp4, -1, -1, 55.277777777777786
ia-batch13/A_Place_for_Learning_Matthew_Taylor_RSA_Replay.mp4, -1, -1, 76.42424242424241
ia-batch13/nwctc-Boys_Basketball_Showcased_at_All-Star_Series.mp4, -1, -1, 65.85294117647061
ia-batch13/archiveteam_videobot_twitter_com_840622013236551684.mp4, -1, -1, 53.4864864864865
ia-batch13/We_re_On_It_-_Code_Compliance_Public_Service_Announcement.mp4, -1, -1, 58.89743589743589
ia-batch13/facebook-1913837282193438.mp4, -1, -1, 55.9166666666667
ia-batch13/AMERICADROVEMECRAZY.mp4, -1, -1, 45.4473684210526
ia-batch13/8_20191218.mp4, -1, -1, 79.027027027027
ia-batch13/ThousandsFloodHongKongStreetsProtestingExtraditionBill.mp4, -1, -1, 56.9
ia-batch13/At_Your_Service_12_13_18.mp4, -1, -1, 75.6666666666667
ia-batch13/Nature_Center_Show_-_Salamanders_February_2010.mp4, -1, -1, 62.43243243243239
ia-batch13/Red_Knights_put_Eagles_on_ice.mp4, -1, -1, 57.6060606060606
ia-batch13/Medfield_Selectmen_11-15-2016_-_State_Hospital_Master_Planning_Comm_Housing_Reports.mp4, -1, -1, 47.9473684210526
ia-batch13/CTV_News_5_21_13.mp4, -1, -1, 60.1470588235294
ia-batch13/youtube-s3Wq0ee9cto.mp4, -1, -1, 50.7894736842105
ia-batch13/conpfl-Public_Works_Removes_Dock_from_Waterway_Following_Hurricane_Irma.mp4, -1, -1, 72.91428571428571
ia-batch13/comfl-Hurricane_Preparedness_-_Trim_Your_Trees.mp4, -1, -1, 73.5945945945946
ia-batch13/archiveteam_videobot_twitter_com_787943382341545984.mp4, -1, -1, 60.684210526315795
ia-batch13/youtube-iv8jCpz_hIk.mp4, -1, -1, 55.1111111111111
ia-batch13/coeor-City_Council_Work_Session_11-12-2014.mp4, -1, -1, 41.47368421052629
ia-batch13/MIAA_Medfield_Warrior_Boys_Hockey_vs_Beverly_3_16_14.mp4, -1, -1, 52.526315789473706
ia-batch13/csdmd-North_Harford_vs_Hereford_Boys_Soccer.mp4, -1, -1, 45.5
ia-batch13/NiggasIsWilin.mp4, -1, -1, 36.0294117647059
ia-batch13/Tv5-TourAroundTheSchool906.mp4, -1, -1, 46.743589743589794
ia-batch13/youtube-1Al7RKxUjtg.mp4, -1, -1, 56.9166666666667
ia-batch13/punkcast1420.mp4, -1, -1, 52.277777777777786
ia-batch13/youtube-mga9cL5xwvk.mp4, -1, -1, 52.4166666666667
ia-batch13/wtvma-Cooking_with_Jean_Episode_6.mp4, -1, -1, 71.3157894736842
ia-batch13/dctvtxv-The_Other_Side_Show_18_with_Donny_Ray_Ford.mp4, -1, -1, 65.6388888888889
ia-batch13/Stillwater_vs_Hastings_Softball_Highlights_-_May_16_2018.mp4, -1, -1, 70.2631578947369
ia-batch13/youtube-hmtGdmpmVuY.mp4, -1, -1, 59.17142857142861
ia-batch13/awcatvmav-PSA_-_Westminster_Food_Pantry_2013.mp4, -1, -1, 58.89743589743589
ia-batch13/youtube-W7uotCl4PLY.mp4, -1, -1, 69.9166666666667
ia-batch13/youtube-e9q5uDf_WpU.mp4, -1, -1, 38.6388888888889
ia-batch13/youtube-rVwh6VKkavU.mp4, -1, -1, 30.411764705882398
ia-batch13/costjmn-February_5th_2019_City_Council.mp4, -1, -1, 51.810810810810786
ia-batch13/comid-Keith_Bird_Legacy_Park_Construction_Time_Lapse_-_Meridian_Idaho.mp4, -1, -1, 53.1666666666667
ia-batch13/This_Week_in_Frederick_County_-_At_a_Glance.mp4, -1, -1, 64.3783783783784
ia-batch13/Cruise_Night_D_Arcy_Buick_GMC_Dealership._Joliet_Illinois.mp4, -1, -1, 50.5526315789474
ia-batch13/youtube-C0NZObyv45I.mp4, -1, -1, 42.23076923076921
ia-batch13/youtube-mZHM0vFT96s.mp4, -1, -1, 63.4
ia-batch13/Arcade_Longplay_113_Dragons_Lair.mp4, -1, -1, 55.8378378378378
ia-batch13/Springfield_Township_2014_Outdoor_Kids_Summer_Concert_-_Chip_Richter.mp4, -1, -1, 60.8333333333333
ia-batch13/Budget_Committee_-_08_25_2014_Newmarket_New_Hampshire.mp4, -1, -1, 52.894736842105296
ia-batch13/Takin_It_to_the_Streets_-_Warmer_Weather_is_Coming.mp4, -1, -1, 53.60526315789479
ia-batch13/City_of_Falls_Church_Senior_Center_-_Ballroom_Dancing.mp4, -1, -1, 74.54054054054059
ia-batch13/Ashfielders_-_Nan.mp4, -1, -1, 68.7741935483871
ia-batch13/1_Benilde_soccer_nets_another_win.mp4, -1, -1, 48.3846153846154
ia-batch13/youtube-o5EJyL7iGQw.mp4, -1, -1, 47.9166666666667
ia-batch13/youtube-QYc5TC2QwAE.mp4, -1, -1, 46.0833333333333
ia-batch13/Paul_Revere_Statue_Commemoration.mp4, -1, -1, 56.3783783783784
ia-batch13/youtube-gRVRND_p0SE.mp4, -1, -1, 62.0769230769231
ia-batch13/Flickr-34963850412.mp4, -1, -1, 64.4210526315789
ia-batch13/Young_Wings_team_set_to_fly.mp4, -1, -1, 66.5
ia-batch13/Mike_Taylor_s_Mondo_Calaveras_25_with_Guest_Roy_Beck_Ag_Instructor.mp4, -1, -1, 57.405405405405396
ia-batch13/michaelcarterchristmasvideosintro.mp4, -1, -1, 49.4878048780488
ia-batch13/youtube-rCBvq_5vJ1I.mp4, -1, -1, 44.135135135135094
ia-batch13/coeor-City_Council_Work_Session_05-12-2014.mp4, -1, -1, 35.578947368421
ia-batch13/Dr._K_s_Motown_Revue_-_Ain_t_Nothing_Like_the_Real_Thing.mov.mp4, -1, -1, 61.0833333333333
ia-batch13/youtube-1DGSXtyzhbA.mp4, -1, -1, 43.0285714285714
ia-batch13/youtube-iPBM8rZaHbc.mp4, -1, -1, 30.8378378378378
ia-batch13/Flickr-35241562041.mp4, -1, -1, 76.0833333333333
ia-batch13/coasc-Aiken_City_Council_Meeting_May_14_2018.mp4, -1, -1, 48.3714285714286
ia-batch13/Pain_Upon_Pain_by_Nancy_Day.mp4, -1, -1, 38.5555555555556
ia-batch13/Concerts_on_The_Common_SPREAD_EAGLE.mp4, -1, -1, 48.1081081081081
ia-batch13/Shout_Sister_Shout_-_Give_My_Regards_to_Miss_Moline_Moonlight_in_Vermont.mp4, -1, -1, 59.3333333333333
ia-batch13/Capitals_Victory_Parade.mp4, -1, -1, 55.675675675675706
ia-batch13/cobor-Stormwater_Crew_Monitors_Water_Quality_-_CC.mp4, -1, -1, 55.2162162162162
ia-batch13/SAD_17_School_Board_2-3-14.mp4, -1, -1, 61.10526315789479
ia-batch13/Aurora_News_Weekly_8_30_11_Trim.mp4, -1, -1, 58.56756756756761
ia-batch13/tctvbc-Isabel_Hombre_TCCTV_Community_Piano_Project_Tori_Kelly_Confetti_Cover.mp4, -1, -1, 69.0
ia-batch13/Monroe_County_INC_September_2014.mp4, -1, -1, 60.7317073170732
ia-batch13/NRHA_-_Staying_The_Course.mp4, -1, -1, 74.45714285714291
ia-batch13/Ste._Genevieve_Mo_Board_of_Aldermen_7_24_14.mp4, -1, -1, 55.394736842105296
ia-batch13/Reading_Public_Library_Update_8-1-16.mp4, -1, -1, 60.8611111111111
ia-batch13/SCTV_Presents_-_Comedy_Thursday_Promo_Video.mp4, -1, -1, 56.81578947368421
ia-batch13/archiveteam_videobot_twitter_com_760479220959211520.mp4, -1, -1, 50.9473684210526
ia-batch13/nctv18ma-One_on_One_with_2019_Select_Board_Candidates_Toias_Glidden.mp4, -1, -1, 74.8823529411765
ia-batch13/31014SportsParadeSeaGoingThrills.mp4, -1, -1, 47.394736842105296
ia-batch13/2017_HHL_Opening_Day_Parade.mp4, -1, -1, 68.0263157894737
ia-batch13/TF-14.mp4, -1, -1, 29.2222222222222
ia-batch13/Sea_Glass_Weekend_At_CBEC.mp4, -1, -1, 54.5833333333333
ia-batch13/Apoemaday-AWholeNewFullMonthlyPlaylistOnYouTubeMay152011710.mp4, -1, -1, 70.45714285714291
ia-batch13/Public_Works_2-6-13.mp4, -1, -1, 54.71428571428571
ia-batch13/silentinning101.mp4, -1, -1, 32.314285714285695
ia-batch13/fctvma-FCTV_Exclusives_-_Arts_Alive.mp4, -1, -1, 68.3589743589744
ia-batch13/youtube-Os6snXW2ubQ.mp4, -1, -1, 54.487179487179496
ia-batch13/MITPE.810S07.mp4, -1, -1, 52.0833333333333
ia-batch13/bliptv-20131015-023219-Bevnerd-BevNerdEpisode6CrackerBarrelSpecial557.mp4, -1, -1, 57.722222222222214
ia-batch13/Economic_Developement_Committee_11apr16.mp4, -1, -1, 48.7567567567568
ia-batch13/youtube-a23jQUxFMNk.mp4, -1, -1, 84.390243902439
ia-batch13/youtube-kwfp66IDORg.mp4, -1, -1, 49.7272727272727
ia-batch13/D2_Boys_200_Medley_Relay_Heat_1.mp4, -1, -1, 68.91176470588239
ia-batch13/MMCMX_Hunger_Free_Zone_Short2.mp4, -1, -1, 75.1621621621622
ia-batch13/At_Your_Library_-_Concert_on_the_Lawn_-_Sweet_Wednesday.mp4, -1, -1, 58.0
ia-batch13/Everyone_Does_Dallas.mp4, -1, -1, 61.527777777777786
ia-batch13/accsac-LISTEN_UP_-_AUTUMN_SKY.mp4, -1, -1, 67.1081081081081
ia-batch13/The_Valley_Advocate_Sessions_-_Celseigh_INTERVIEW.mp4, -1, -1, 82.3142857142857
ia-batch13/youtube-lrb3gQZCRq4.mp4, -1, -1, 61.3783783783784
ia-batch13/youtube-o7E_EbBWDWY.mp4, -1, -1, 48.0555555555556
ia-batch13/youtube-3RfYfMjZ5w0.mp4, -1, -1, 64.10526315789471
ia-batch13/Effective_pandemic_response_requires_communication_and_cultural_respect.mp4, -1, -1, 75.0277777777778
ia-batch13/youtube-ES8EUcguvZQ.mp4, -1, -1, 37.4166666666667
ia-batch13/Finneytown_High_School_Holiday_Concert_-_December_21_1992.mp4, -1, -1, 45.2162162162162
ia-batch13/02_04_15_MNPS_East_Nashville_Advisory_Committee_Meeting.mp4, -1, -1, 51.972222222222214
ia-batch13/youtube-IakTNRFDEyc.mp4, -1, -1, 70.25
ia-batch13/slpmn-ISD283_High_School_Orchestras_Winter_Concert_12-20-2018_--_ParkTV15.mp4, -1, -1, 71.25641025641029
ia-batch13/BliptvLearningCenter-ComedyHaydenBlackGoodNightBurbank996.mp4, -1, -1, 59.810810810810786
ia-batch13/youtube--JwqTIbpzTk.mp4, -1, -1, 78.1951219512195
ia-batch13/Reading_Tails_-_Juno.mp4, -1, -1, 76.3428571428571
ia-batch13/1929WisDellsWeeks.mp4, -1, -1, 31.4324324324324
ia-batch13/Badges_for_Baseball.mp4, -1, -1, 57.0789473684211
ia-batch13/youtube-sUlsp8Sh8D8.mp4, -1, -1, 52.6388888888889
ia-batch13/ACS_Video_Newsletter_4.mp4, -1, -1, 58.31428571428571
ia-batch13/youtube-Pyk8NZfTRKc.mp4, -1, -1, 48.0789473684211
ia-batch13/mnn96f.mp4, -1, -1, 56.25
ia-batch13/pmnmiv-Gather_Your_Team_Accept_The_Challenge.mp4, -1, -1, 64.4857142857143
ia-batch13/youtube-B_0e8AsEQhc.mp4, -1, -1, 56.6486486486487
ia-batch13/Pets_of_the_Week_for_August_31_2016.mp4, -1, -1, 83.3428571428571
ia-batch13/youtube-tkGf2YzzIu0.mp4, -1, -1, 43.9705882352941
ia-batch13/youtube-KeNXstMT3Bg.mp4, -1, -1, 37.1111111111111
ia-batch13/youtube-EySUzeJg-Zs.mp4, -1, -1, 48.6111111111111
ia-batch13/What_s_New_4_9_14.mp4, -1, -1, 50.8888888888889
ia-batch13/PaulAllisonRunwithmeandlistentometalkaboutWeb20.mp4, -1, -1, 38.837837837837895
ia-batch13/Firefighters_Train_on_Swift_Water.mp4, -1, -1, 56.277777777777786
ia-batch13/Snowplow_Maintenance_SnapShot_-_February_2018.mp4, -1, -1, 75.25
ia-batch13/avbcmi-Full_Gospel_Battle_Creek_Episode_316.mp4, -1, -1, 59.7
ia-batch13/Flag_Day_Ceremony_06_14_15.mp4, -1, -1, 54.1621621621622
ia-batch13/Space_Shuttle_Discovery_s_Final_Flight.mp4, -1, -1, 63.2972972972973
ia-batch13/2014_Simply_Chef_Renee_-_Monday_Soup.mp4, -1, -1, 57.894736842105296
ia-batch13/youtube-Ju0uNvRxzxo.mp4, -1, -1, 54.7837837837838
ia-batch13/PAC_14_County_Council_Meeting_11.17.15_Part_1.mp4, -1, -1, 49.7027027027027
ia-batch13/bratt2vt-The_Desha_Show_-_Wild_Night_on_the_Catwalk_Episode_5.mp4, -1, -1, 52.6666666666667
ia-batch13/Etch_Catch.mp4, -1, -1, 59.1428571428571
ia-batch13/The_Wonderful_Sounds_of_December.mp4, -1, -1, 53.8055555555556
ia-batch13/coasm6875t5.mp4, -1, -1, 50.6060606060606
ia-batch13/Bonnie_s_Beat_with_William_M_Madway.mp4, -1, -1, 55.1111111111111
ia-batch13/Countyline_-_Swine_Flu.mp4, -1, -1, 58.8918918918919
ia-batch13/youtube-K39tvR71PKw.mp4, -1, -1, 41.2162162162162
ia-batch13/True_Gallery_Opens_in_Needham.mp4, -1, -1, 54.5526315789474
ia-batch13/Business_Beat_with_Valley_Animal_Hospital_-_Geneva_IL.mp4, -1, -1, 54.525
ia-batch13/youtube-hCSQtKmVxlA.mp4, -1, -1, 56.2894736842105
ia-batch13/VM7_Fort_Kent_Hospital_Area.mp4, -1, -1, 75.5
ia-batch13/PRETTY.OriginalSong.mp4, -1, -1, 49.5789473684211
ia-batch13/youtube-GnJPPXxrZd4.mp4, -1, -1, 65.81081081081078
ia-batch13/youtube-xTsx50u1TfE.mp4, -1, -1, 80.76923076923079
ia-batch13/youtube-7y6MbZSHt4E.mp4, -1, -1, 39.2941176470588
ia-batch13/youtube-oJqNtPlYGyM.mp4, -1, -1, 41.1111111111111
ia-batch13/Election_Calaveras_2018_Supervisorial_District_PATV_Studio_Debate_4_24_2018.mp4, -1, -1, 58.9189189189189
ia-batch13/School_Committee_-_February_28_2018.mp4, -1, -1, 42.3333333333333
ia-batch13/Coolidge_Foundation_Summer_Speaker_Series_-_James_Wright_President_Emeritus.mp4, -1, -1, 57.4242424242424
ia-batch13/Anna_Deavere_Smith_Offers_an_Artistic_Interlude_2007.mp4, -1, -1, 44.96875
ia-batch13/youtube-EP1Slnruw3s.mp4, -1, -1, 58.8378378378378
ia-batch13/pcmid-While_You_re_at_the_Library_-_10_26_17.mp4, -1, -1, 67.43243243243239
ia-batch13/youtube-uuAKzlCfq88.mp4, -1, -1, 41.2
ia-batch13/05-18-2013_District_4_Town_Hall_Meeting.mp4, -1, -1, 55.1212121212121
ia-batch13/electricsheep-flock-244-25000-9.mp4, -1, -1, 75.17647058823529
ia-batch13/Milford_School_Committee_Meeting_January_22_2015.mp4, -1, -1, 54.3333333333333
ia-batch13/youtube-HjOnSVCD_mk.mp4, -1, -1, 40.526315789473706
ia-batch13/2017_Memorial_Day_Ceremony.mp4, -1, -1, 67.0
ia-batch13/ClassicToons.mp4, -1, -1, 43.85
ia-batch13/archiveteam_videobot_twitter_com_883218742901080069.mp4, -1, -1, 61.5789473684211
ia-batch13/FallbackVideoByG.mp4, -1, -1, 51.3611111111111
ia-batch13/dyeharde1.mp4, -1, -1, 45.3333333333333
ia-batch13/youtube-VAUag3mBLU0.mp4, -1, -1, 58.675675675675706
ia-batch13/nwctc-Cooper_Runs_Past_Richfield_Hawks_Football_Now_6-0.mp4, -1, -1, 56.027027027026996
ia-batch13/03-28-17_Door_County_Board_of_Adjustment.mp4, -1, -1, 54.0810810810811
ia-batch13/archiveteam_videobot_twitter_com_756275097539751936.mp4, -1, -1, 72.7878787878788
ia-batch13/youtube-_vpPWZRoCBQ.mp4, -1, -1, 54.3333333333333
ia-batch13/vf_jazzpunkdirectorscut_ql_09302016_1800.mp4, -1, -1, 69.4210526315789
ia-batch13/Snow_is_welcome_for_local_nordic_skiing_teams.mp4, -1, -1, 66.8055555555556
ia-batch13/electricsheep-flock-244-25000-5.mp4, -1, -1, 72.2432432432432
ia-batch13/coatx-Carly_Patterson_s_City_of_Allen_Celebration_2004.mp4, -1, -1, 50.75
ia-batch13/codtx-Library_Larry_-_Chuck_s_Band.mp4, -1, -1, 76.5
ia-batch13/ucberkeley_webcast_mVXpvsdeuKU.mp4, -1, -1, 46.459459459459495
ia-batch13/youtube-83oK5JEu6gs.mp4, -1, -1, 58.20588235294121
ia-batch13/Special_Event_-_YMCA-Strong_Kids_-_Farmington_Hills.mp4, -1, -1, 70.5405405405405
ia-batch13/The_Dreamscapes_Project.mp4, -1, -1, 58.75
ia-batch13/BoomGenTV-BGTVDailyEpisode7IsIranImmuneToSanctions512.mp4, -1, -1, 59.43243243243239
ia-batch13/youtube-IqJ2Yoagz-I.mp4, -1, -1, 49.4166666666667
ia-batch13/mpmc-Swara_Lahari_Presents_Parameshwar_Hegde_in_concert_-_Part_1_of_2.mp4, -1, -1, 69.4358974358974
ia-batch13/MinecraftTimeLapseTheTemple_201901.mp4, -1, -1, 49.894736842105296
ia-batch13/youtube-i2xgWR-Gr68.mp4, -1, -1, 56.0833333333333
ia-batch13/WB2009_7L_-_Galadriel.mp4, -1, -1, 46.0
ia-batch13/Downtown_Renaissance-Holiday_Bazaar_2014-on_the_Beat.mp4, -1, -1, 66.575
ia-batch13/youtube-nfZqQHO0Qs8.mp4, -1, -1, 48.1351351351352
ia-batch13/Pjkproductions-Adeste2784.mp4, -1, -1, 47.0
ia-batch13/youtube-nwnfGmld7p4.mp4, -1, -1, 76.8648648648649
ia-batch13/Northshire_Merger_Study_Committee_09.29.16.mp4, -1, -1, 63.1212121212121
ia-batch13/Europeanposte-HeinzDuthelUneVieSurLaChansonDeRenanLuce502-3.mp4, -1, -1, 44.9189189189189
ia-batch13/youtube-2JvRK232TKQ.mp4, -1, -1, 35.0833333333333
ia-batch13/Angels_Camp_City_Council_meeting_of_2_20_2018.mp4, -1, -1, 58.31428571428571
ia-batch13/youtube-UaD4Lf4YUOA.mp4, -1, -1, 39.7105263157895
ia-batch13/youtube-MEB0LBhFRS0.mp4, -1, -1, 51.428571428571395
ia-batch13/Racing_Action_Today_-_E419_-_2017_Berlin_Fair_Tractor_Pull.mp4, -1, -1, 58.0
ia-batch13/Pilar_Onstad_wins_the_game_for_Spring_Lake_Park.mp4, -1, -1, 56.157894736842096
ia-batch13/Community_Cooking_23.13_-_Hosted_by_Maria_Prekeges_-_Torrance_CitiCABLE.mp4, -1, -1, 60.342105263157904
ia-batch13/ARBOR_DAY_2016_Promo_-_City_of_Palm_Coast.mp4, -1, -1, 68.6774193548387
ia-batch13/New_Disc_Golf_Feature_at_Dewey_Park.mp4, -1, -1, 68.3684210526316
ia-batch13/youtube-WHwtG-CCVSs.mp4, -1, -1, 64.0833333333333
ia-batch13/youtube-uepjyEC15lQ.mp4, -1, -1, 36.7837837837838
ia-batch13/Alberta_Cross_Wasteland_Live_at_KDHX_7_17_12.mp4, -1, -1, 52.5151515151515
ia-batch13/ccmky-CCMS_8th_Grade_2013_KMEA_Concert_Festival.mp4, -1, -1, 54.8823529411765
ia-batch13/youtube-LnX3B9oaKzw.mp4, -1, -1, 82.9189189189189
ia-batch13/cg_0750-Pinellas_Animal_Services_with_PCU.mp4, -1, -1, 72.5
ia-batch13/08-23-2012_Franklin_TN_Municipal_Planning_Commission.mp4, -1, -1, 54.0882352941177
ia-batch13/bigclivedotcom-310_20150228.mp4, -1, -1, 76.25
ia-batch13/youtube-BaFd3dvDzdI.mp4, -1, -1, 46.05882352941179
ia-batch13/The_Q_15A008.mp4, -1, -1, 54.894736842105296
ia-batch13/comimn-January_21_2016_Zoning_Planning.mp4, -1, -1, 53.257142857142895
ia-batch13/Alonzo_Interview_with_Black_Milk.mp4, -1, -1, 32.3611111111111
ia-batch13/Buttonwood_Park_Zoo_-_Aquarium.mp4, -1, -1, 71.97142857142859
ia-batch13/AskPlano_Episode_13_Road_Repairs.mp4, -1, -1, 78.10526315789471
ia-batch13/NPTEL-CompSciEngr-Computer_Graphics.mp4, -1, -1, 62.8181818181818
ia-batch13/ucberkeley_webcast_MMOZGG_2QYc.mp4, -1, -1, 51.7837837837838
ia-batch13/bliptv-20131014-145539-ArtsandIdeas-JonahLehrerProustWasANeuroscientist423.mp4, -1, -1, 63.5833333333333
ia-batch13/dctvma-OK191.mp4, -1, -1, 65.5142857142857
ia-batch13/bliptv-20131031-122611-Bobfish_Almighty-LFailsDrunkenlyCondemnedPromiseKeptEdition0818TheFace813.mp4, -1, -1, 58.7179487179487
ia-batch13/Cooking_Up_Louisiana_s_T_reassures_15B002.mp4, -1, -1, 55.3611111111111
ia-batch13/bratt2vt-BUHS-TV_1_14_13.mp4, -1, -1, 39.8717948717949
ia-batch13/youtube-qXS8k9b7W20.mp4, -1, -1, 61.6410256410256
ia-batch13/ctv3in-City_Council_-_April_16_2018.mp4, -1, -1, 64.3783783783784
ia-batch13/Finance_05-21-14.mp4, -1, -1, 47.8918918918919
ia-batch13/Vikings_vs_Indians_69_57.mp4, -1, -1, 54.6216216216216
ia-batch14/American_Idol_Auditions_-_SVC_Season_8_August_2011.mp4, -1, -1, 66.9210526315789
ia-batch14/youtube-SKtqJzYFla0.mp4, -1, -1, 37.394736842105296
ia-batch14/alpcmi-Michigan_City_St._Patrick_s_Day_Parade_3-7.mp4, -1, -1, 58.4166666666667
ia-batch14/County_Fare_-_Kettering_Medical_Center.mp4, -1, -1, 50.97368421052629
ia-batch14/B-R_Connection_10_22_15.mp4, -1, -1, 57.24324324324329
ia-batch14/Video_intervista_a_Leandro_Casagrande_2.mp4, -1, -1, 60.3783783783784
ia-batch14/Election_Forum_in_Windsor_Auditorium_pt_1.mp4, -1, -1, 59.8611111111111
ia-batch14/youtube-ZeytEq8vyec.mp4, -1, -1, 50.257142857142895
ia-batch14/mnn_13703_4338.mp4, -1, -1, 62.70588235294121
ia-batch14/Culture_Vultures_-_Tampa_s_Public_Art_Photographer_Laureate_Programs.mp4, -1, -1, 59.56756756756761
ia-batch14/A_E_-_Maryland_Choral_Society.mp4, -1, -1, 65.5714285714286
ia-batch14/youtube-fMe0u-sunPQ.mp4, -1, -1, 73.29729729729729
ia-batch14/Summer_2004_Youth_In_Crisis.mp4, -1, -1, 43.0
ia-batch14/coltx-Border_Olympics_Track_and_Field.mp4, -1, -1, 57.3333333333333
ia-batch14/Drive_By_Blues_Band_9_30_17.mp4, -1, -1, 59.0
ia-batch14/Election_2013_-_Voter_Registration_Deadline.mp4, -1, -1, 70.7894736842105
ia-batch14/The_Kween_s_Roundtable_-_Episode_8.mp4, -1, -1, 59.322580645161295
ia-batch14/youtube-GhN1wGllIyM.mp4, -1, -1, 50.7567567567568
ia-batch14/Amy_Ginsburg_on_Friends_of_White_Flint_meeting.mp4, -1, -1, 62.17142857142861
ia-batch14/Committee_of_the_Whole_06_24_13.mp4, -1, -1, 51.0833333333333
ia-batch14/Anabaptists_-_Amish_and_Mennonites_7-23-18.mp4, -1, -1, 59.82857142857139
ia-batch14/Two_New_Businesses_in_Wright-Dunbar.mp4, -1, -1, 59.540540540540505
ia-batch14/Autism_at_Home.mp4, -1, -1, 60.82352941176471
ia-batch14/Every_Movie_Ever_-_True_Romance.mp4, -1, -1, 71.23076923076921
ia-batch14/2018_South_Shore_Science_Festival_-_April_21_2018.mp4, -1, -1, 61.7073170731707
ia-batch14/Selectmen_Meeting_11_21_11_Part_9.mp4, -1, -1, 49.5135135135135
ia-batch14/wbctvwi-West_Bend_Mud_Run_2017.mp4, -1, -1, 68.71428571428571
ia-batch14/youtube-JxKbH6jUeXo.mp4, -1, -1, 46.151515151515206
ia-batch14/youtube-DEOKPDJ4AOg.mp4, -1, -1, 53.43243243243239
ia-batch14/SCP_Today_Promo_-_Celebrate_My_Drive.mp4, -1, -1, 63.459459459459495
ia-batch14/ac12ia-Healthy_Life_Center_Interview_ysgOnyoxNpU.mp4, -1, -1, 80.5
ia-batch14/Scituate_Planning_Board_Meeting_-_07_11_19.mp4, -1, -1, 55.5
ia-batch14/Wareham_Finance_Committee_Meeting_6-18-2013.mp4, -1, -1, 65.0
ia-batch14/youtube-OB-QImZiAcg.mp4, -1, -1, 28.7631578947368
ia-batch14/Perry_Township_Game_Association_and_Taxidermy_11-28-16.mp4, -1, -1, 56.324324324324294
ia-batch14/Zoning_Board_of_Appeals_-_August_20_2015.mp4, -1, -1, 52.263157894736786
ia-batch14/PCN_Pembroke_Chamber_vs_Police_Fire_Softball.mp4, -1, -1, 48.1081081081081
ia-batch14/Our_City_Colombian_Counsel.mp4, -1, -1, 56.810810810810786
ia-batch14/Blue_and_Gray_Days_Franklin_Insider.mp4, -1, -1, 75.7575757575758
ia-batch14/The_21st_Annual_City_of_Davis_Martin_Luther_King_Jr._Celebration.mp4, -1, -1, 52.3333333333333
ia-batch14/Every_Movie_Ever_-_David_Bowie_-_The_Last_Five_Years.mp4, -1, -1, 75.6176470588236
ia-batch14/Sports_with_Alex_Symonds_20100917.mp4, -1, -1, 47.5833333333333
ia-batch14/electricsheep-flock-244-12500-1.mp4, -1, -1, 68.1025641025641
ia-batch14/cogrmi-Noor-man_-_Not_every_hero_wears_a_cape.mp4, -1, -1, 74.73684210526321
ia-batch14/Riverfront_Park_and_Ascend_Amphitheater_Opening_July_30_2015.mp4, -1, -1, 52.71428571428571
ia-batch14/youtube-qgSEI2qJll8.mp4, -1, -1, 49.5294117647059
ia-batch14/youtube-b5Ian1xxcs8.mp4, -1, -1, 67.7222222222222
ia-batch14/cpaz-BCBS_OF_AZ_Invests_10_Million_in_the_fight_against_opioid_misuse.mp4, -1, -1, 80.8918918918919
ia-batch14/bctvpa-Flood_Damage_Assistance_from_SBA_7-29-19.mp4, -1, -1, 60.81578947368421
ia-batch14/tv4satx-San_Antonio_Celebrates_MLK_Double_Portion.mp4, -1, -1, 59.8684210526316
ia-batch14/youtube-Os-BgGdEzCQ.mp4, -1, -1, 32.9473684210526
ia-batch14/Dave_Wakeling_How_Can_You_Stand_There_Live_at_KDHX_7_6_14.mp4, -1, -1, 73.4848484848485
ia-batch14/The_Next_Level_with_swimmer_Mike_Lanz.mp4, -1, -1, 56.9
ia-batch14/nctv-Extravaganja_2018.mp4, -1, -1, 71.2432432432432
ia-batch14/Montgomery_Week_In_Review_Panel_Discusses_The_Origin_of_Declaration_Day.mp4, -1, -1, 65.6666666666667
ia-batch14/Square_Dance_Live_-_Episode_22.mp4, -1, -1, 40.945945945945894
ia-batch14/wbrtvmi-2014_Art_Orchard_Fun_Run_PSA.mp4, -1, -1, 57.15
ia-batch14/electricsheep-flock-244-52500-7.mp4, -1, -1, 64.81081081081078
ia-batch14/dmbb03618.mp4, -1, -1, 58.0285714285714
ia-batch14/youtube-6oo4lV0wT08.mp4, -1, -1, 58.0833333333333
ia-batch14/Art_Centre_of_Plano_has_moved_into_a_new_building.mp4, -1, -1, 56.6388888888889
ia-batch14/7-11-2011_Budget_and_Finance_Committee.mp4, -1, -1, 35.8333333333333
ia-batch14/wpmma-Rice_Burg.mp4, -1, -1, 80.02857142857141
ia-batch14/Aspen_Prize_for_Community_College_Excellence_Finalist_-_Southeast_Kentucky_Community_College.mp4, -1, -1, 76.5714285714286
ia-batch14/105918_missoula_city_band_08_16_2006_w_eden_atwood.mp4, -1, -1, 54.5526315789474
ia-batch14/100ThousandPoetsForChangeMumbaiJagrutiVerma2017PrateekSingh.mp4, -1, -1, 62.1081081081081
ia-batch14/Scvtv20-hdet021510strive650.mp4, -1, -1, 66.2941176470588
ia-batch14/coasc-Aiken_City_Council_Meeting_-_April_11_2016.mp4, -1, -1, 50.5365853658537
ia-batch14/youtube-Uj1aQCfQMGU.mp4, -1, -1, 49.2894736842105
ia-batch14/youtube-n6vVCBbovVM.mp4, -1, -1, 68.91891891891889
ia-batch14/youtube-YUYNl8fwxnY.mp4, -1, -1, 70.5588235294118
ia-batch14/youtube-gz9qrh-cvjs.mp4, -1, -1, 44.027027027026996
ia-batch14/archiveteam_videobot_twitter_com_911670604700508160.mp4, -1, -1, 52.8
ia-batch14/youtube-VCb01gTNZTY.mp4, -1, -1, 76.80555555555559
ia-batch14/silentinning3.mp4, -1, -1, 39.105263157894704
ia-batch14/Schlomo-TheSalmonDanceInCompressionHell188.mp4, -1, -1, 59.6944444444444
ia-batch14/youtube-MZj6XN1EsdU.mp4, -1, -1, 69.6
ia-batch14/NEWS_-_Girls_and_Boys_Playoff_Lacrosse_action_-_5.30.2017.mp4, -1, -1, 72.0
ia-batch14/dni.ncaa.CVI-SUR_R_319-UMHB.mp4, -1, -1, 47.342105263157904
ia-batch14/youtube-hy_XWLsDhIE.mp4, -1, -1, 48.5428571428571
ia-batch14/youtube-t0AVAzm7_-s.mp4, -1, -1, 47.235294117647115
ia-batch14/ccmcmd-CMSportsNet_-_Montgomery_Vs_Carroll_Mens_Soccer_09-26-2019.mp4, -1, -1, 67.81081081081078
ia-batch14/Fall_City_Wide_Clean_Up_2016.mp4, -1, -1, 44.0833333333333
ia-batch14/youtube-rKnVf4l-iBg.mp4, -1, -1, 57.9189189189189
ia-batch14/corvmi-Veteran_Ed_Rushlow.mp4, -1, -1, 62.4864864864865
ia-batch14/nasa.SCVTV.com_1_20_2012_This_Week_at_NASA.mp4, -1, -1, 60.0526315789474
ia-batch14/Bob_Wagner_-_Midnight_Mosaic_November_2017_-_The_Artful_Word_309.mp4, -1, -1, 66.2162162162162
ia-batch14/3027_876_InnerCityChurchofChrist_EP876.mp4, -1, -1, 44.0294117647059
ia-batch14/tndcco-Kids_Talk_-_Streams_Part_2.mp4, -1, -1, 54.777777777777786
ia-batch14/Wayne_Bank_2016_Holiday_Greeting.mp4, -1, -1, 77.4722222222222
ia-batch14/Will-o-way_4th_of_July_Bike_Parade.mp4, -1, -1, 51.7567567567568
ia-batch14/youtube-ipfsJR8pDmc.mp4, -1, -1, 60.43243243243239
ia-batch14/05-30-12_SF_News_pt2.mp4, -1, -1, 62.20512820512821
ia-batch14/Birds-Eye_View_of_Ste._Genevieve_2004.mp4, -1, -1, 39.2162162162162
ia-batch14/Beachwalks-BeachWalk502PeaceWithAloha431.mp4, -1, -1, 52.2105263157895
ia-batch14/Sports_Den_Highlight_-_Osseo_at_Blaine_Football_-_9_14_18.mp4, -1, -1, 66.0512820512821
ia-batch14/youtube-muA1o73KQcw.mp4, -1, -1, 68.02564102564101
ia-batch14/blmtwpmiv-Impact100_MDTV_Mercy_Education_Project.mp4, -1, -1, 67.3333333333333
ia-batch14/Fisherman_s_Tales_-_David_Black.mp4, -1, -1, 59.5789473684211
ia-batch14/Eco-Friendly_Home_Cleaning_Tips.mp4, -1, -1, 49.0571428571429
ia-batch14/Brooklyn_Park_Council_profiles_-_Chamblis_Jacobson.mp4, -1, -1, 75.23684210526321
ia-batch14/youtube_UCupvZG-5ko_eiXAupbDfxWw_part_0020.mp4, -1, -1, 58.0
ia-batch14/youtube-Bhf74CvpRno.mp4, -1, -1, 64.2222222222222
ia-batch14/youtube-cFxw9GLgOFM.mp4, -1, -1, 48.59375
ia-batch14/nwctc-Birchview_Elementary_Students_Create_Mural.mp4, -1, -1, 67.8611111111111
ia-batch14/Aging_LGBT_Aging_on_the_Suncoast.mp4, -1, -1, 57.2285714285714
ia-batch14/youtube-lYsh47XWrns.mp4, -1, -1, 46.8611111111111
ia-batch14/youtube-30JQbSfSIyk.mp4, -1, -1, 49.525
ia-batch14/youtube-YUExnjPJOcU.mp4, -1, -1, 42.7142857142857
ia-batch14/coffeehouse_136_Curtis_Blues.mp4, -1, -1, 57.236842105263214
ia-batch14/awctvaz-AWC_BASEBALL.mp4, -1, -1, 62.8823529411765
ia-batch14/Recycling_Drop-Offs_-_Going_Green_Monthly.mp4, -1, -1, 61.527777777777786
ia-batch14/Do_Go_for_the_Week_Beginning_January_17_2013.mp4, -1, -1, 64.9722222222222
ia-batch14/This_Week_in_Frederick_County_-_Jim_Gugel_-_Annual_Planning_Report.mp4, -1, -1, 61.3888888888889
ia-batch14/avbcmi-Full_Gospel_Deliverance_399.mp4, -1, -1, 66.6666666666667
ia-batch14/Newmarket_Fire_and_Rescue_Training_Burn_-_Carpenter_Property_09_27_2015.mp4, -1, -1, 71.6578947368421
ia-batch14/Santa_Cruz_Revival_-_Prayer_Works.mp4, -1, -1, 56.675675675675706
ia-batch14/youtube-FyHKS07kwGA.mp4, -1, -1, 54.3513513513514
ia-batch14/West_Suburban_Educational_Associates_of_Naperville.mp4, -1, -1, 60.6923076923077
ia-batch14/Abington_vs_East_Bridgewater_Varsity_Girls_Soccer_-_11_6_15.mp4, -1, -1, 49.969696969697
ia-batch14/80_Is_The_New_40_-_Mike_Wilsker_2_12.mp4, -1, -1, 53.325
ia-batch14/yt-thememorylanechannel.mp4, -1, -1, 55.764705882352885
ia-batch14/Brooklyn_Park_business_promotes_Craigslist_safety.mp4, -1, -1, 52.1290322580645
ia-batch14/Senior_Games_Promo.mp4, -1, -1, 62.2162162162162
ia-batch14/youtube-5g9SqogwlBM.mp4, -1, -1, 49.027777777777786
ia-batch14/youtube-6hyc2k2h-DU.mp4, -1, -1, 36.3333333333333
ia-batch14/youtube-gEwnSlofSU8.mp4, -1, -1, 52.9705882352941
ia-batch14/ytvideo-PeterOutFartingMichaelMoore.mp4, -1, -1, 54.4571428571429
ia-batch14/City_Focus_-_Sustainability_Summit.mp4, -1, -1, 66.3055555555556
ia-batch14/Employee_Spotlight_-_Darlene_Polk.mp4, -1, -1, 78.55555555555559
ia-batch14/BierTV-BierTV015Birraalgiroditalia2010mp4542.mp4, -1, -1, 66.5
ia-batch14/Economic_Development_Council_-_4_27_2010.mp4, -1, -1, 44.972222222222214
ia-batch14/Summer_Concert_Series_-_The_Gary_Greenfelder_Orchestra.mp4, -1, -1, 56.9166666666667
ia-batch14/AndysAnimalAlphabet.mp4, -1, -1, 40.729729729729705
ia-batch14/d8tvco-1-24th_Scale_Forced_Perspective_Photography.mp4, -1, -1, 76.4375
ia-batch14/Black_Expo_2016.mp4, -1, -1, 62.514285714285705
ia-batch14/youtube-AuCBO4eCwsc.mp4, -1, -1, 65.1351351351351
ia-batch14/Fishbone_shows_how_to_recycle.mp4, -1, -1, 60.3823529411765
ia-batch14/World_Beat_2011_-_Hafla_Dancer_with_Americanistan_2.mp4, -1, -1, 58.257142857142895
ia-batch14/Flickr-26370188882.mp4, -1, -1, 50.82352941176471
ia-batch14/Senior_Center_Irish_Step_2016.mp4, -1, -1, 54.540540540540505
ia-batch14/youtube-hSkFhJzdBDs.mp4, -1, -1, 51.027027027026996
ia-batch14/Odyssey_to_Iowa.mp4, -1, -1, 50.29411764705879
ia-batch14/Agenda_-_Edina_-_Early_April_2014_-_Full_Episode.mp4, -1, -1, 72.37837837837841
ia-batch14/youtube-9pq4WRrUeNc.mp4, -1, -1, 67.9166666666667
ia-batch14/youtube-bScVW3R29nk.mp4, -1, -1, 42.605263157894704
ia-batch14/archiveteam_videobot_twitter_com_911750671703199745.mp4, -1, -1, 51.6666666666667
ia-batch14/3018_101_The_Earl_Lett_Show_EP101.mp4, -1, -1, 38.25
ia-batch14/The_Lyle_Style_Show_with_guest_Ron_Solsrud.mp4, -1, -1, 53.81578947368421
ia-batch14/Behind_the_Show_-_E007_-_Larry_Mongillo.mp4, -1, -1, 83.1025641025641
ia-batch14/AustralianNavyPilotsWereHitWithLasersOnTheSouthChinaSeaTIME.mp4, -1, -1, 74.25
ia-batch14/youtube-_6yrdH2qZdE.mp4, -1, -1, 59.722222222222214
ia-batch14/youtube-dvRbVQfzGVk.mp4, -1, -1, 66.4444444444444
ia-batch14/Needham_vs_Dedham_Bay_State_Conference_Football_Week_1.mp4, -1, -1, 57.5833333333333
ia-batch14/Sing_Sing_Sing_by_the_Gary_Greenfelder_Orchestra.mp4, -1, -1, 56.70588235294121
ia-batch14/youtube-XkXZsDUmZLE.mp4, -1, -1, 57.0571428571429
ia-batch14/electricsheep-flock-244-0-4.mp4, -1, -1, 67.5
ia-batch14/Senior_Report_with_Reed_Powers_Week_of_September_19_2009_Part_7_7.mp4, -1, -1, 64.7837837837838
ia-batch14/youtube-KH2hqdZzhms.mp4, -1, -1, 55.9428571428571
ia-batch14/Oh_by_the_way_I_can_paint.mp4, -1, -1, 75.25
ia-batch14/avbcmi-Full_Gospel_Deliverance_412.mp4, -1, -1, 60.027027027026996
ia-batch14/SCP_Today_Promo_-_Recycling.mp4, -1, -1, 68.7058823529412
ia-batch14/Countdown_to_the_First_Day_of_School--Day_6_at_Hammond.mp4, -1, -1, 75.7179487179487
ia-batch14/CU_Sports_-_Episode_7.mp4, -1, -1, 45.810810810810786
ia-batch14/f20110601mad.mp4, -1, -1, 49.972972972973004
ia-batch14/4SmokeAtmosphereHdFreeStockFootageDigital.meals.mp4, -1, -1, 61.236842105263214
ia-batch14/codtx-Linda_McNatt_Animal_Care_and_Adoption_Center_-_Love_for_the_Animals.mp4, -1, -1, 77.1794871794872
ia-batch14/Board_of_Supervisor_s_Meeting_August_8_2017_Part_Two.mp4, -1, -1, 53.5135135135135
ia-batch14/cobcav-20061009.mp4, -1, -1, 51.25
ia-batch14/bliptv-20131014-184957-Black5video-DelayInBlockNorfolkSouthernsChicagoLineInElkhart129.mp4, -1, -1, 65.6944444444444
ia-batch14/electricsheep-flock-244-52500-6.mp4, -1, -1, 70.6
ia-batch14/coftn-Franklin_History_-_Growing_Pains.mp4, -1, -1, 81.4857142857143
ia-batch14/First_Church_of_the_Naz._3-27-16.mp4, -1, -1, 50.777777777777786
ia-batch14/youtube-x03ANa-kCwg.mp4, -1, -1, 56.47368421052629
ia-batch14/electricsheep-flock-244-12500-4.mp4, -1, -1, 69.05
ia-batch14/Statue_of_Liberty_Presentation.mp4, -1, -1, 63.184210526315795
ia-batch14/BOL_Chairman_Ken_Jenkins_Gives_Keynote_Address_at_WCA_Breakfast_Part_II.mp4, -1, -1, 52.263157894736786
ia-batch14/08.06.18AndrewCauthenAndDylanWalesSkatingBettysConcreteBank.mp4, -1, -1, 56.972222222222214
ia-batch14/2013_Plant-A-Tree_Month.mp4, -1, -1, 45.051282051281994
ia-batch14/Boston_Neighborhood_Sports_-_4_13_16.mp4, -1, -1, 53.68571428571429
ia-batch14/Team_Topeka_Takes_the_Polar_Plunge.mp4, -1, -1, 70.15
ia-batch14/The_Mouse_s_Tale_Christmas_Pageant_-_2005.mp4, -1, -1, 52.394736842105296
ia-batch14/DevelopingAndProducingTheB61.mp4, -1, -1, 38.23684210526321
ia-batch14/2019_Chautauqua_County_4th_of_July_Parade.mp4, -1, -1, 60.6666666666667
ia-batch14/vctv7bc-2016_Missoula_Childrens_Theatre_-_Aladdin_-_Valemount_BC.mp4, -1, -1, 54.82857142857139
ia-batch14/ucberkeley_webcast_lWAptmJwlxk.mp4, -1, -1, 50.6
ia-batch14/youtube-mgR9Eu62IwM.mp4, -1, -1, 78.7222222222222
ia-batch14/youtube-4qFTLb0Oi-Y.mp4, -1, -1, 60.7105263157895
ia-batch14/archiveteam_videobot_twitter_com_822901719889833984.mp4, -1, -1, 56.59459459459461
ia-batch14/youtube-9on-3wq0HFc.mp4, -1, -1, 74.05555555555559
ia-batch14/youtube-a-YnG3Mx-Tg.mp4, -1, -1, 67.7297297297297
ia-batch14/comaz-Covering_Mesa_-_Desert_Wave_Invitational.mp4, -1, -1, 73.1388888888889
ia-batch14/Camp_Silver_Pines_at_Mt._Charleston_s_Lee_Canyon.mp4, -1, -1, 66.8
ia-batch14/Police_-_Home_Protection.mp4, -1, -1, 60.5
ia-batch14/btvnj-MIF_711_Holiday_Fire_Safety.mp4, -1, -1, 64.6571428571429
ia-batch14/That_70_s_Band_-_Love_Lost_Medley.mp4, -1, -1, 55.2820512820513
ia-batch14/MinecraftIronGolemFirstPerson_201901.mp4, -1, -1, 60.514285714285705
ia-batch14/Tv5-TheNapierEarthquakeAMothersStory230.mp4, -1, -1, 41.5882352941176
ia-batch14/sunsetriders-tas-highness.avi.mp4, -1, -1, 58.6944444444444
ia-batch14/Easter_Egg_Hunt.mp4, -1, -1, 53.3333333333333
ia-batch14/Clelia_s_Cucina_Italiana_-_Tiramisu.mp4, -1, -1, 55.5
ia-batch14/Stone_Ridge_s_Katie_Ledecky_Sets_Metro_Record_for_200_Yard_Freestyle_February_8.mp4, -1, -1, 68.2352941176471
ia-batch14/Texas_Stadium_Implosion_Update.mp4, -1, -1, 55.1470588235294
ia-batch14/2017_Fiesta_Days_CryWolf_Part_6.mp4, -1, -1, 73.9428571428571
ia-batch14/avbcmi-In_The_Garden_77.mp4, -1, -1, 58.28571428571429
ia-batch14/Amy_Black_Nobody_Knows_You_Live_at_KDHX_7_24_14.mp4, -1, -1, 67.91176470588239
ia-batch14/youtube-hjm-p42BZ-g.mp4, -1, -1, 64.39473684210529
ia-batch14/wtvma-Wareham_Finance_Committee_Meeting_12-19-2018.mp4, -1, -1, 49.0
ia-batch14/Every_Movie_Ever_-_Annihilation.mp4, -1, -1, 76.7352941176471
ia-batch14/youtube-tNYBPXKVwPQ.mp4, -1, -1, 42.4571428571429
ia-batch14/youtube-xNcVcMA4Ei8.mp4, -1, -1, 63.5833333333333
ia-batch14/cobor-Jodie_Barram_Delivers_on_a_Promise.mp4, -1, -1, 53.212121212121204
ia-batch14/SCTV_Public_Theater_The_Appaloosa_Intro_5-4-17.mp4, -1, -1, 54.1388888888889
ia-batch14/youtube-CXNbKeD8Uio.mp4, -1, -1, 42.8611111111111
ia-batch14/TheCrystalQueenStarringLunaPetunia.mp4, -1, -1, 65.9166666666667
ia-batch14/Board_of_Supervisors_7_25_17.mp4, -1, -1, 69.28571428571429
ia-batch14/Cottrellville_Twp._Brd._Mgt._Aug._10_2016.mp4, -1, -1, 57.6111111111111
ia-batch14/youtube-CtnMVtzueKk.mp4, -1, -1, 63.3888888888889
ia-batch14/youtube-q7EyZ5zyABI.mp4, -1, -1, 51.8684210526316
ia-batch14/SYPP_2007_-_Waltz.mp4, -1, -1, 47.675675675675706
ia-batch14/Doll_Circus.mp4, -1, -1, 56.43243243243239
ia-batch14/Osseo_whips_Blaine_in_NWSC_volleyball.mp4, -1, -1, 59.8918918918919
ia-batch14/bptvpa-Lets_Talk_Tailwaggers_Paws_for_the_Cause.mp4, -1, -1, 66.1666666666667
ia-batch14/tr20110814mak.mp4, -1, -1, 48.5428571428571
ia-batch14/wrokmi-Holiday_Magic_Parade_featuring_Cass_Tech_Highschool_Marching_Band.mp4, -1, -1, 52.54838709677421
ia-batch15/youtube-r24MxlMBBDs.mp4, -1, -1, 56.085714285714296
ia-batch15/The_Dearborn_Observatory.mp4, -1, -1, 64.4166666666667
ia-batch15/2016_West_Precinct_Police_Station.mp4, -1, -1, 75.82352941176471
ia-batch15/Every_Movie_Ever_-_Under_the_Sea.mp4, -1, -1, 77.0277777777778
ia-batch15/At_Your_Library_1HRBFREbICo.mp4, -1, -1, 67.4864864864865
ia-batch15/youtube-WCyLWdFfCgM.mp4, -1, -1, 72.7297297297297
ia-batch15/Planning_Commission_-_9_8_14.mp4, -1, -1, 46.5757575757576
ia-batch15/youtube-iCbZgqvg8oM.mp4, -1, -1, 60.777777777777786
ia-batch15/cocnc-Severe_Weather.mp4, -1, -1, 62.97368421052629
ia-batch15/bratt2vt-Neighbor_to_Neighbor_-_Sportsmen_s_Inc..mp4, -1, -1, 46.11428571428571
ia-batch15/slctvma-Pawdoption_Dogs_-_October_30th_2018.mp4, -1, -1, 70.67647058823529
ia-batch15/youtube-nkHLw5EU0Hc.mp4, -1, -1, 58.1428571428571
ia-batch15/youtube-b7i5d-uwwyo.mp4, -1, -1, 68.7948717948718
ia-batch15/btvnj-Brookdale_Newsmakers_Songwriters_On_The_Beach_2013.mp4, -1, -1, 64.8974358974359
ia-batch15/Metro_Edition_-_Arabia_at_the_Science_Center.mp4, -1, -1, 52.78125
ia-batch15/Sherborn_Selectmen_s_meeting_Oct._29_2015.mp4, -1, -1, 49.0526315789474
ia-batch15/Pownal_Select_Board_-_3_21_13.mp4, -1, -1, 64.4285714285714
ia-batch15/4th_up_bluff_open_question_2.mov.mp4, -1, -1, 49.11428571428571
ia-batch15/cosbfl-10-25-16_Sustainability_Board.mp4, -1, -1, 56.026315789473706
ia-batch15/youtube-Hbgh5i_UYg.mp4, -1, -1, 49.0540540540541
ia-batch15/02-11-12_SF_News_pt3.mp4, -1, -1, 55.28571428571429
ia-batch15/bliptv-20131015-030822-BillCammack-GymDay01182.mp4, -1, -1, 62.97368421052629
ia-batch15/youtube-0jU057ZqlF4.mp4, -1, -1, 57.4117647058824
ia-batch15/youtube-8RdhjQB3_QM.mp4, -1, -1, 33.3947368421053
ia-batch15/bptvpa-Bethel_Park_Cheerleader_fashion_show_3_23_14.mp4, -1, -1, 63.31428571428571
ia-batch15/nwctc-Ginny_Klevorn-MN_US_House_District_44A_Election_Night_Interview.mp4, -1, -1, 72.37837837837841
ia-batch15/When_I_m_64_-_Archie_s_Prom_Date.mp4, -1, -1, 53.2162162162162
ia-batch15/youtube-stjjD0NBlY8.mp4, -1, -1, 46.0
ia-batch15/All_About_-_Water_Flushing.mp4, -1, -1, 56.3589743589744
ia-batch15/Cree_Rider_Family_Band_When_I_Get_There_Live_at_KDHX_8_26_13.mp4, -1, -1, 61.59459459459461
ia-batch15/youtube-w6Dxd3amiBc.mp4, -1, -1, 73.7428571428572
ia-batch15/A_Day_with_Mayor_Pradel.mp4, -1, -1, 78.3243243243243
ia-batch15/electricsheep-flock-245-2500-6.mp4, -1, -1, 66.972972972973
ia-batch15/youtube-_4C7UWRAgkQ.mp4, -1, -1, 54.264705882352885
ia-batch15/bratt2vt-BUHS-_TV_NEWS_2_13_15.mp4, -1, -1, 44.0
ia-batch15/youtube-0T-dgr5DCw8.mp4, -1, -1, 48.31578947368421
ia-batch15/Administration_Public_Works_Committee_Meeting_-_04_22_2013.mp4, -1, -1, 51.6285714285714
ia-batch15/Organ_Transplant_Debate_13_13-Intelligence_Squared_U.S..mp4, -1, -1, 53.9428571428571
ia-batch15/mctvmd-Sulphur_Springs_-_Slew_Foot.mp4, -1, -1, 59.1621621621622
ia-batch15/youtube-cXoLK4d1Kyg.mp4, -1, -1, 34.2222222222222
ia-batch15/PitkinCounty_11_4_15.mp4, -1, -1, 65.4722222222222
ia-batch15/TheFineBros-603_20130113.mp4, -1, -1, 77.5
ia-batch15/500000To1.mp4, -1, -1, 40.7105263157895
ia-batch15/MurderOfTheNonagonFuzz_20181220.mp4, -1, -1, 69.5555555555556
ia-batch15/youtube-5iLHNVysx7w.mp4, -1, -1, 62.5833333333333
ia-batch15/Old_Business_Part_03_061212.mp4, -1, -1, 57.88571428571429
ia-batch15/WHS_Boys_Varsity_Basketball_-_Vikings_vs_Raiders.mp4, -1, -1, 52.1111111111111
ia-batch15/Petaluma_Board_of_Education_-_1_28_14.mp4, -1, -1, 66.1666666666667
ia-batch15/Community_Calendar_4-5-14.mp4, -1, -1, 66.9090909090909
ia-batch15/SNES-Longplay-150-Ghost-Chaser-Densei.mp4, -1, -1, 56.657142857142894
ia-batch15/2014_Great_Greeley_Chalk-a-Lot.mp4, -1, -1, 69.6486486486487
ia-batch15/Norm_debra-BikeToAfrica818.mp4, -1, -1, 49.2
ia-batch15/Salt_Lake_City_History_Minute_-_Alta_Ski_Resort.mp4, -1, -1, 41.342857142857106
ia-batch15/Derry_POW_Missing_Man_Table_Dedication.mp4, -1, -1, 68.7179487179487
ia-batch15/Abington_vs._Calvery_Chapel_GirlsSoccer_-_10_7_16.mp4, -1, -1, 55.4444444444444
ia-batch15/youtube-62LwjgByok8.mp4, -1, -1, 60.4864864864865
ia-batch15/youtube-Yd09SKYVZ58.mp4, -1, -1, 57.6111111111111
ia-batch15/Missoula_City_Club_October_2012.mp4, -1, -1, 58.972222222222214
ia-batch15/tctvbc-fire_chief_for_a_day.mov.mp4, -1, -1, 68.75
ia-batch15/AFlycycleBuiltForTwo.mp4, -1, -1, 44.60526315789479
ia-batch15/Planning_Commission_Regular_Meeting_-_May_6_2015.mp4, -1, -1, 54.3030303030303
ia-batch15/Portage_County_Matters_-_Episode_36.mp4, -1, -1, 66.6363636363636
ia-batch15/CanadianSoldiersDeceiveTaliban.mp4, -1, -1, 54.9459459459459
ia-batch15/Bluff_Road_Question1_false.mp4, -1, -1, 55.03571428571429
ia-batch15/Organic_Farming.mp4, -1, -1, 53.97368421052629
ia-batch15/youtube-Gi31ZPQOik0.mp4, -1, -1, 57.222222222222214
ia-batch15/DrinkingWithBob-NobelPeacePrizeIsAJoke920-3.mp4, -1, -1, 49.5161290322581
ia-batch15/Woodbridge_Mayor_s_Trophy_Basketball_Tournament_-_Boys_11_and_Under.mp4, -1, -1, 52.11428571428571
ia-batch15/whatvme-2018_Telstar_science_fair.mp4, -1, -1, 64.6410256410256
ia-batch15/Clark_County_Museum_Displays_Machinery_Dating_to_1917.mp4, -1, -1, 76.2105263157895
ia-batch15/video_thing_082008_3500.mp4, -1, -1, 55.472222222222214
ia-batch15/Real_or_Rumor_-_Edition_15.mp4, -1, -1, 62.189189189189214
ia-batch15/electricsheep-flock-244-45000-3.mp4, -1, -1, 73.0
ia-batch15/Run_Wild_Missoula_Zombie_Run_2013_Full_Version.mp4, -1, -1, 66.08571428571429
ia-batch15/SCTV_Presents_-_South_Shore_Style_TV_Week_3.mp4, -1, -1, 55.675675675675706
ia-batch15/Sports_Den_Top_5_Plays_of_the_Fall.mp4, -1, -1, 45.405405405405396
ia-batch15/Access_Virginia_Beach_September_Highlights_Show.mp4, -1, -1, 67.2571428571429
ia-batch15/youtube-ct026IBzqc8.mp4, -1, -1, 61.94117647058821
ia-batch15/STL_TV_Live_-_Shadress_Denise_Johanna_B_1_of_2.mp4, -1, -1, 62.3684210526316
ia-batch15/FirstPregnancyScanVideo.mp4, -1, -1, 38.57894736842111
ia-batch15/SmartBall_Recap.mp4, -1, -1, 52.736842105263214
ia-batch15/Pioneer_Park_Ground_Breaking_1987.mp4, -1, -1, 50.74285714285711
ia-batch15/youtube-8lJUquoJDvQ.mp4, -1, -1, 54.7714285714286
ia-batch15/BTV_News_-_05_12_2014.mp4, -1, -1, 47.3684210526316
ia-batch15/youtube-wa49PZy3lIY.mp4, -1, -1, 44.0
ia-batch15/youtube-llLMdkiw4D4.mp4, -1, -1, 60.953488372093
ia-batch15/youtube-GFMcXXe89ak.mp4, -1, -1, 48.0294117647059
ia-batch15/STL_Live_Beauty_on_a_Budget_2_of_2.mp4, -1, -1, 56.8
ia-batch15/Access_Minneapolis_Hmong_Spring_2011.mp4, -1, -1, 41.2972972972973
ia-batch15/whctvct-Mr_Pop_s_Neighborhood_-_Three_Principles_of_Bullying_-_Part_Four_Episode_16.mp4, -1, -1, 54.43243243243239
ia-batch15/bratt2vt-Brattleboro_Planning_Commission_Mtg_2_11_13.mp4, -1, -1, 53.31428571428571
ia-batch15/North_Reading_Selectmen_Meeting_10_19_09_Part_2.mp4, -1, -1, 42.894736842105296
ia-batch15/nwctc-Wayzata_Eliminates_Armstrong_In_6AAAA_Softball.mp4, -1, -1, 68.0833333333333
ia-batch15/youtube-c8AfrCyh7ac.mp4, -1, -1, 82.82352941176471
ia-batch15/2013_Nonprofit_Holiday_Greeting_-_Walker_Lecture_Fund.mp4, -1, -1, 51.7567567567568
ia-batch15/ErnstZundelInterviewedByBlackStudent480p.mp4, -1, -1, 64.23684210526321
ia-batch15/youtube-_VsQ0OpYtAo.mp4, -1, -1, 59.459459459459495
ia-batch15/2019_Memorial_Day_Weekend_NEW.mp4, -1, -1, 75.4
ia-batch15/MyMCMedia_Extra_-_Debate_Moderator_Jim_Lehrer_On_The_Importance_of_Debates.mp4, -1, -1, 72.17142857142859
ia-batch15/WHATS_UP_in_ELPS_February_12_2016.mp4, -1, -1, 75.19444444444441
ia-batch15/Do_You_Know_-_January_2012.mp4, -1, -1, 57.6111111111111
ia-batch15/Covington_to_Paul_Brown_Stadium.mp4, -1, -1, 48.538461538461505
ia-batch15/ucberkeley_webcast_GRjYJkfxuIE.mp4, -1, -1, 49.9459459459459
ia-batch15/4x24_Art_Exhibition.mp4, -1, -1, 56.0
ia-batch15/On_The_Rock_-_Episode_157.mp4, -1, -1, 55.428571428571395
ia-batch15/osorv-Animation_Nation_Summer_Camp_Ages_8-11_-_2014.mp4, -1, -1, 62.5135135135135
ia-batch15/Needham_vs._Braintree_1-17-12.mp4, -1, -1, 47.2972972972973
ia-batch15/Mudcats_on_Deck_pEbzb31VMs8.mp4, -1, -1, 77.0882352941177
ia-batch15/archiveteam_videobot_twitter_com_798880132819800064.mp4, -1, -1, 44.10526315789479
ia-batch15/Sparky_wants_YOU_at_Sun_Devil_Basketball.mp4, -1, -1, 76.4594594594595
ia-batch15/BarrettProjectInteraction_27.mp4, -1, -1, 56.0571428571429
ia-batch15/150821Pp230.mp4, -1, -1, 52.0
ia-batch15/DrownThemWickedWithMilk.mp4, -1, -1, 58.3783783783784
ia-batch15/Trailer_SolusProject_Announce_20150615_WM_3200.mp4, -1, -1, 66.3
ia-batch15/Six_Gun_At_Long_Beach_Smithtown.mp4, -1, -1, 63.0
ia-batch15/ehmma-Southampton_Select_Board_Meeting_8-11-15_Part_1.mp4, -1, -1, 49.3714285714286
ia-batch15/fcoga-Connect_Feb_2019.mp4, -1, -1, 64.2702702702703
ia-batch15/Waterloo_City_Council_Meeting_-_Monday_July_7.mp4, -1, -1, 57.47368421052629
ia-batch15/sttvmi-NEWS_6.11.2018_Celebrate_the_Lake_Event.mp4, -1, -1, 75.945945945946
ia-batch15/wrokmi-2005_Memorial_Day_Parade_Royal_Oak_Michigan.mp4, -1, -1, 61.4
ia-batch15/Drone_Pleasant_Bay_and_Muddy_Creek_Tour_2016.mp4, -1, -1, 72.3333333333333
ia-batch15/youtube-IiVIwsTgolY.mp4, -1, -1, 53.5
ia-batch15/youtube-tSIv_iDl74U.mp4, -1, -1, 84.3125
ia-batch15/SoundieGingerHarmonTicaTiTicaTa.mp4, -1, -1, 42.0810810810811
ia-batch15/comimn-May_27_2016_Minneapolis_City_Council_part_1.mp4, -1, -1, 61.0555555555556
ia-batch15/Connies_Kitchen_Promo.mp4, -1, -1, 68.1714285714286
ia-batch15/APN_Snap_Shot_-_Special_Election_Endorsements_Cambridge_Property_Development.mp4, -1, -1, 75.0833333333333
ia-batch15/St._Patties_Day_Senior_Center_3_15_12_Part_1.mp4, -1, -1, 61.6176470588235
ia-batch15/Councilman_Daniel_Valenzuela_Olivia_Cannon_opens_the_show.mp4, -1, -1, 53.4571428571429
ia-batch15/coasc-Aiken_Planning_Commission_Meeting_-_July_14_2015.mp4, -1, -1, 52.787878787878796
ia-batch15/Therevuecreative-PositionYourselfForSuccess131-2.mp4, -1, -1, 44.0
ia-batch15/Danwinckler-Starscream1stSongBliptv169H264AAC48Khz798.mp4, -1, -1, 41.3513513513514
ia-batch15/AllThatJesusTaughtBibleStudy-47Of80-ZacPoonen.mp4, -1, -1, 75.10526315789471
ia-batch15/Shangao-BirthdayOfCatan151.mp4, -1, -1, 61.3714285714286
ia-batch15/ucberkeley_webcast_YN-9nloLv08.mp4, -1, -1, 58.8
ia-batch15/rbtvil-Rep._Professional_Development_Summary_01-22-19.mp4, -1, -1, 47.59459459459461
ia-batch15/20140606WUHSBLAXvsColechester.mp4, -1, -1, 55.657142857142894
ia-batch15/07_03_14_Board_of_Zoning_Appeals_Meeting.mp4, -1, -1, 61.9444444444444
ia-batch15/bliptv-20131013-090016-BigCatRescue-TeenWildernessVisitBigCatRescue458.mp4, -1, -1, 59.21875
ia-batch15/Dog_of_the_Week_-_Jelly_Bean_the_Miniature_Pinscher_Mix.mp4, -1, -1, 75.3333333333333
ia-batch15/2009-09-24-SDA_Speed_Runs.mp4, -1, -1, 55.32352941176471
ia-batch15/Ducks_in_a_Pond_in_Red_Wing_Minnesota.mp4, -1, -1, 56.82857142857139
ia-batch15/Rainbow_Bridge_covers_Working_for_A_Living_-_July_20_2013.mp4, -1, -1, 77.8
ia-batch15/f20110414mak.mp4, -1, -1, 55.0
ia-batch15/ncgvtvca-California_Life_-_Nevada_City_and_Grass_Valley.mp4, -1, -1, 72.6578947368421
ia-batch15/youtube-lbosgHcrQ4o.mp4, -1, -1, 62.2702702702703
ia-batch15/411Show-CarlosArredondoLostSonInIraqPart3494.mp4, -1, -1, 60.527777777777786
ia-batch15/tvce1qc-Conseil_municipal_de_la_ville_de_Plessisville_juin_2016.mp4, -1, -1, 70.7647058823529
ia-batch15/Tree_Commission_Lecture_Series_-_Chestnut_Blight_and_Species_Restoration.mp4, -1, -1, 45.085714285714296
ia-batch15/waya72913.mp4, -1, -1, 29.888888888888893
ia-batch15/nctv18ma-NCTV_Intermediate_Animation_Spring_2018.mp4, -1, -1, 60.34285714285711
ia-batch15/youtube-6hIUuzsMbC4.mp4, -1, -1, 52.527777777777786
ia-batch15/PeriferijnoeZrenie18.12.2016.mp4, -1, -1, 63.6176470588235
ia-batch15/Falls_Park_Wins_International_Award.mp4, -1, -1, 41.485714285714295
ia-batch15/youtube-zpFknFeRcFY.mp4, -1, -1, 46.05882352941179
ia-batch15/cotga-Henderson_Park_White_Trail_April_21_2018.mp4, -1, -1, 58.3823529411765
ia-batch15/At_Your_Library_-_Retro_Game_Night.mp4, -1, -1, 66.1714285714286
ia-batch15/Wrestling_-_Andover_vs_Centennial.mp4, -1, -1, 63.1388888888889
ia-batch15/Planning_Board_02_13_2007_Newmarket_New_Hampshire.mp4, -1, -1, 55.4571428571429
ia-batch15/Pirates_beat_Cooper_on_to_5AAAAA_final.mp4, -1, -1, 57.74285714285711
ia-batch15/Oshkosh_Today_December_4_2013.mp4, -1, -1, 59.3333333333333
ia-batch15/CMNtvNEWS_Heritage_Fest_2010.mp4, -1, -1, 51.7714285714286
ia-batch15/archiveteam_videobot_twitter_com_796898568036610048.mp4, -1, -1, 58.6470588235294
ia-batch15/archiveteam_videobot_twitter_com_800279100992749569.mp4, -1, -1, 58.8888888888889
ia-batch15/7.3EarthquakeAftermathImpactsTrinidadMatt.2468.mp4, -1, -1, 50.4571428571429
ia-batch15/City_Connection_-_Sanitary_Sewer.mp4, -1, -1, 52.1818181818182
ia-batch15/archiveteam_videobot_twitter_com_750553229159755776.mp4, -1, -1, 44.4444444444444
ia-batch15/12_News_July_12_2016.mp4, -1, -1, 62.4166666666667
ia-batch15/npmma-Green_Expo_2019_-_Betsy_Goodrich_-_Public_Transportation_Bike_Lanes_and_Sidewalks.mp4, -1, -1, 72.5142857142857
ia-batch15/Stimes-StreetTalkThanksgiving446.mp4, -1, -1, 62.17142857142861
ia-batch15/Silver_Connection_-_Show_Choir_Spaghetti_Dinner_2019.mp4, -1, -1, 56.735294117647115
ia-batch15/youtube-F6LGVD51dxk.mp4, -1, -1, 40.2941176470588
ia-batch15/apollo11forallmankindworkprint.mp4, -1, -1, 38.71875
ia-batch15/Celebrate_dad_while_you_can.mp4, -1, -1, 30.5277777777778
ia-batch15/pctvny-Back_to_Basics.mp4, -1, -1, 44.3529411764706
ia-batch15/Successful_Gardner_Trees_091311.mp4, -1, -1, 56.3939393939394
ia-batch15/btvnj-Monmouth_In_Focus_604_Monmouth_County_Workforce_Development_Part_1.mp4, -1, -1, 64.62857142857139
ia-batch15/Memorial_Day_Invitation_To_Veterans.mp4, -1, -1, 61.6388888888889
ia-batch15/PrimeProductions_FlyingPenguinJibFest_Snowboarding_2005.mp4, -1, -1, 54.085714285714296
ia-batch15/EinVolkInWaffen-DerSpanischeAnarchismus1936.mp4, -1, -1, 30.3125
ia-batch15/New_Hampshire_Governor_Hassan_Signs_Bill_Posthumously_Freeing_Enslaved_Portsmouth_Africans.mp4, -1, -1, 57.57142857142861
ia-batch15/Fair_Sponsorship_Promo_2014.mp4, -1, -1, 70.3939393939394
ia-batch15/Bob_on_Business_June_2010.mp4, -1, -1, 64.0789473684211
ia-batch15/America_Let_s_Exercise_Interview_OCA.mp4, -1, -1, 60.421052631579
ia-batch15/youtube-44ay6u_InO0.mp4, -1, -1, 45.9444444444444
ia-batch15/talleymulliganlekhostatizehighlow.mp4, -1, -1, 51.7837837837838
ia-batch15/NHS_Boys_Basketball_v_HamWen_02_10_15.mp4, -1, -1, 50.027027027026996
ia-batch15/Zoning_Hearing_Board_-_April_16_2015.mp4, -1, -1, 51.8918918918919
ia-batch15/City_Council_Meeting_11_16_2009.mp4, -1, -1, 48.0
ia-batch15/Amanda_Cupcake_Mt_Dew_Doritos_Cakepops.mp4, -1, -1, 63.2162162162162
ia-batch15/cogco-Real_or_Rumor_-_3D_Geophysical_Survey.mp4, -1, -1, 55.225
ia-batch15/State_of_the_City_-_2017.mp4, -1, -1, 53.0
ia-batch15/NesLongplay274SnakeRattlenRoll.mp4, -1, -1, 56.8333333333333
ia-batch15/Antonwithagen-DadsArmy582.mp4, -1, -1, 56.6285714285714
ia-batch15/E-Recycling_Promotional.mp4, -1, -1, 54.5757575757576
ia-batch15/coeor-City_Council_Public_Hearing_09-19-2011.mp4, -1, -1, 53.31428571428571
ia-batch15/Fincaproject-FairTradeDirectCoffeePart3TheRoaster501.mp4, -1, -1, 52.20512820512821
ia-batch15/youtube-R8cTQnkjboo.mp4, -1, -1, 51.9444444444444
ia-batch15/youtube-CKwHLIU-9f0.mp4, -1, -1, 41.2285714285714
ia-batch15/youtube-uTslr5mhabY.mp4, -1, -1, 43.2285714285714
ia-batch15/Pet_of_the_Week_-_September_2_2013.mp4, -1, -1, 64.4705882352941
ia-batch15/youtube-GAGh3USykUA.mp4, -1, -1, 30.361111111111107
ia-batch15/blmtwpmiv-Resumes_Transformed.mp4, -1, -1, 66.91428571428571
ia-batch15/comoh-Pro_Tips_-_Grip.mp4, -1, -1, 65.1714285714286
ia-batch15/youtube-MUWxCefFLqI.mp4, -1, -1, 42.742857142857105
ia-batch15/New_Playground_at_the_Henry_E_Warren_Elementary_School.mp4, -1, -1, 75.4285714285714
ia-batch15/Abington_Board_of_Selectmen_Meeting_4.28.14.mp4, -1, -1, 51.2285714285714
ia-batch15/wbctvwi-The_City_Park_Recreation_Department_Aug_2018.mp4, -1, -1, 76.1470588235294
ia-batch15/stltvmo-STL_LIVE_African_Chamber_of_Commerce_1_of_2.mp4, -1, -1, 65.3157894736842
ia-batch15/107164_elvis_parade_1_of_2_2008.mp4, -1, -1, 41.76315789473679
ia-batch15/Daveac-vblog069164-2.mp4, -1, -1, 44.842105263157904
ia-batch15/Cultural_Homestay_International_students_visit_CCTV_July_6_2012.mp4, -1, -1, 65.6944444444444
ia-batch15/Paradise_City_Press_-_Sojourner_Truth.mp4, -1, -1, 65.8333333333333
ia-batch15/ThisVideoIsMostlyLinusScreaming.mp4, -1, -1, 68.8
ia-batch15/bratt2vt-BUHS-TV_NEWS_10_15_14.mp4, -1, -1, 57.263157894736786
ia-batch15/dni.ncaa.CVI-SUR_R_893-UMHB.mp4, -1, -1, 47.0540540540541
ia-batch15/rchwi-2001_Pepper_Fest_Parade.mp4, -1, -1, 43.9090909090909
ia-batch16/2014_Minneapolis_Inauguration_Ceremony.mp4, -1, -1, 65.43243243243239
ia-batch16/Live_Mix_InAndOut_Niko_Refresh.mp4, -1, -1, 60.027777777777786
ia-batch16/csdmd-Girls_3A2A1A_North_Regional_Swim_Meet_2-16-13.mp4, -1, -1, 52.2
ia-batch16/Animal_Cruelty_Prevention_Poster_Contest.mp4, -1, -1, 57.29411764705879
ia-batch16/Get_Fit_Norfolk_pt._3_-_Warrior_Training.mp4, -1, -1, 57.0833333333333
ia-batch16/Lion_Around_CT_E281_Berlin_Fair_pt2.mp4, -1, -1, 54.1176470588235
ia-batch16/humanremainsmovieclip.mp4, -1, -1, 45.1818181818182
ia-batch16/blmtwpmiv-Cooking_Matters.mp4, -1, -1, 55.56756756756761
ia-batch16/hpact-City_of_Hartford_Council_Meeting_March_26_2018.mp4, -1, -1, 61.972222222222214
ia-batch16/City_of_Lathrop_City_Council_Meeting_-_February_27_2012.mp4, -1, -1, 44.675675675675706
ia-batch16/Home_energy_efficiency_project_financing_options_and_incentives_discussion.mp4, -1, -1, 62.1944444444444
ia-batch16/2018-06-05_Hingham_Board_Of_Selectmen.mp4, -1, -1, 47.43243243243239
ia-batch16/Golden_Valley_debuts_arts_and_music_festival.mp4, -1, -1, 64.0294117647059
ia-batch16/City_of_Reading_Zoning_Hearing_Board_Meeting_Part_2_of_2_7-11-18.mp4, -1, -1, 54.88571428571429
ia-batch16/Iowa_City_City_Council_Work_Session_of_August_15_2017.mp4, -1, -1, 59.4571428571429
ia-batch16/K9_Corner_09.14_-_with_Riannon_Trutanich_-_Torrance_CitiCABLE_-_November_2014.mp4, -1, -1, 55.11428571428571
ia-batch16/Festival_of_the_Book_2004_Gala_Reading.mp4, -1, -1, 53.09375
ia-batch16/January_7_2014.mp4, -1, -1, 47.7714285714286
ia-batch16/Flickr-8707178539.mp4, -1, -1, 72.7
ia-batch16/City_Council_6.29.15.mp4, -1, -1, 53.3333333333333
ia-batch16/Flickr-36560270030.mp4, -1, -1, 79.0909090909091
ia-batch16/Lions_Senior_Bowl_-_4th_Quarter_-_CTV_Sports_Presents.mp4, -1, -1, 56.71428571428571
ia-batch16/How_We_See_It_2011_Summer_Camp_promo.mp4, -1, -1, 68.64705882352939
ia-batch16/Around_the_Parish_-_Fourth_Annual_St._Charles_Parish_Easter_Egg_Hunt.mp4, -1, -1, 45.842105263157904
ia-batch16/12_News_August_21_2015.mp4, -1, -1, 64.91428571428571
ia-batch16/koct-Hopestart_International_-_Oceanside_Spectrum_April_2018_Edition.mp4, -1, -1, 75.921052631579
ia-batch16/DavidWilkerson1976.mp4, -1, -1, 47.4571428571429
ia-batch16/5th_Annual_Jack_Carlson_Lawn_Mower_Poker_Run_for_Hospice.mp4, -1, -1, 43.82857142857139
ia-batch16/LesAffichesEnGoguette.mp4, -1, -1, 49.846153846153896
ia-batch16/Heat_Good_For_Business_at_Centennial_Beach.mp4, -1, -1, 50.3783783783784
ia-batch16/csdmd-Patterson_Mill_vs_Oakdale_Boys_Basketball_2A_State_Semifinal_3-14-14.mp4, -1, -1, 48.20588235294121
ia-batch16/bptvpa-Mitt_Romney_Bethel_Park_Community_Center_Entrance.mp4, -1, -1, 58.7714285714286
ia-batch16/ISD283_g678_Orchestras_12-15-2016_--_ParkTV15.mp4, -1, -1, 57.914285714285704
ia-batch16/andrew_moltz.mp4, -1, -1, 52.28571428571429
ia-batch16/khilafa04.mp4, -1, -1, 63.3888888888889
ia-batch16/InsainmentMix.mp4, -1, -1, 47.4166666666667
ia-batch16/Assessing_the_Global_Rise_of_Breast_Cancer.mp4, -1, -1, 52.31428571428571
ia-batch16/frcmma-The_40_Newport_7-31-2019.mp4, -1, -1, 55.914285714285704
ia-batch16/Council_Meeting_12_17_13_pt_1.mp4, -1, -1, 47.3529411764706
ia-batch16/Focus_on_Lakeville_06-10-2016.mp4, -1, -1, 63.63636363636361
ia-batch16/bptvpa-XPOGO_World_Championship_2016_7_9_16_Carrie_Furnace.mp4, -1, -1, 53.3030303030303
ia-batch16/Girl_Scout_Troop_30510_Cookie_Sale_PSA.mp4, -1, -1, 52.777777777777786
ia-batch16/hcamma-HCAM_News_3-9-2018.mp4, -1, -1, 54.6176470588235
ia-batch16/EEVblog-858_20100525.mp4, -1, -1, 57.9444444444444
ia-batch16/GulfDiving.mp4, -1, -1, 50.0
ia-batch16/Free_Summer_Concerts_PSA_SPANISH.mp4, -1, -1, 61.0833333333333
ia-batch16/Advanced_Care_Planning_Clinic_May26.mp4, -1, -1, 53.5625
ia-batch16/CMNtv_Live_Stream.mp4, -1, -1, 48.777777777777786
ia-batch16/Legislator_Bernice_Spreckman_on_scams_related_to_the_2010_U.S._Census.mp4, -1, -1, 61.8
ia-batch16/Golf_Tips_-_Chipping._Richard_Brown_PGA_Professional._Quail_Valley_Golf_Course..mp4, -1, -1, 56.846153846153896
ia-batch16/Law_Offices_of_Edward_P._Graham_Ltd..mp4, -1, -1, 54.864864864864906
ia-batch16/How_to_Haze_a_Coyote.mp4, -1, -1, 62.9428571428571
ia-batch16/GTV_On_Demand.mp4, -1, -1, 65.125
ia-batch16/12.03.2018_Marshall_Public_Schools_Facility_Planning_Session.mp4, -1, -1, 62.0
ia-batch16/Library_Break-3D_Printers_at_the_TEC.mp4, -1, -1, 78.91428571428571
ia-batch16/gigaomshow.mp4, -1, -1, 70.47058823529409
ia-batch16/FloydPattersonVsWillieTroy.mp4, -1, -1, 42.8857142857143
ia-batch16/grtvmiv-Root_Doctor_-_Set_Me_Free.mp4, -1, -1, 60.6060606060606
ia-batch16/blmtwpmiv-Record_Retention_-_For_How_Long.mp4, -1, -1, 59.735294117647115
ia-batch16/kenyanbeansandricelifehealth.mp4, -1, -1, 58.7674418604651
ia-batch16/Board_of_Works_Meeting_10-12-2010.mp4, -1, -1, 45.4146341463415
ia-batch16/Development_Review_Board_Meeting_10_24_16.mp4, -1, -1, 52.63636363636361
ia-batch16/2014_Beaverton_Ten_Tiny_Dances_POV_Dance.mp4, -1, -1, 72.57575757575759
ia-batch16/LFD_On_Call_-_July_2013.mp4, -1, -1, 61.9459459459459
ia-batch16/homtv-Inside_look_at_Soldan_s_Pet_Supply_New_Location.mp4, -1, -1, 75.1351351351351
ia-batch16/Bloomington_Jefferson_Kennedy_vs_BSM_Girls_Hockey_1_6_15.mp4, -1, -1, 54.5882352941177
ia-batch16/2014_Saint_Paul_Winder_Carnival_Grande_Day_Parade.mp4, -1, -1, 51.871794871794904
ia-batch16/Living_With_Coal_2008_Clip_2.mp4, -1, -1, 49.9
ia-batch16/Garvin_Gallery_Five_artists_of_the_month.mp4, -1, -1, 67.0294117647059
ia-batch16/07_30_2014_Lentz_Public_Health_Center_Grand_Opening.mp4, -1, -1, 65.10526315789471
ia-batch16/csdmd-2012_Iron_Horse_Duals_Part_2.mp4, -1, -1, 63.8529411764706
ia-batch16/Flickr-4739228310.mp4, -1, -1, 60.4864864864865
ia-batch16/Inside_Boulder_News_-_CU_South.mp4, -1, -1, 77.37837837837841
ia-batch16/Interacting_With_Law_Enforcement_Forum.mp4, -1, -1, 61.71428571428571
ia-batch16/For_the_Love_of_Weedon_-_Part_2_of_2.mp4, -1, -1, 56.6969696969697
ia-batch16/12th_Annual_Shoreline_Jewish_Festival_2017.mp4, -1, -1, 46.5428571428572
ia-batch16/bliptv-20131014-125001-Armchairdirectors-CowboysAliensReview325.mp4, -1, -1, 73.6285714285714
ia-batch16/accsac-Big_Little_Rowland_on_Sacramento_Has_Talent_2013.mp4, -1, -1, 64.2571428571429
ia-batch16/hctvfl-Surveillance_Video_-_Suspect_Denied_Alcohol_Destroys_Convenience_Store.mp4, -1, -1, 50.3939393939394
ia-batch16/Liberty_Hospital_Medical_Careers_Night_by_Emma_Jones_and_Kadie_Prendergast.mp4, -1, -1, 47.6388888888889
ia-batch16/Help_Yourself_Herb_Spirals_at_Florence_Organic_Community_Garden.mp4, -1, -1, 70.3142857142857
ia-batch16/gnatvt-The_News_Project_-_Weston_Gets_a_New_Water_on_Wheels.mp4, -1, -1, 70.4117647058823
ia-batch16/Girls_D1_50_Free_Heat_1.mp4, -1, -1, 43.95
ia-batch16/CageRadio-UpAndComersAvilaVSSanchez259-3.mp4, -1, -1, 60.258064516129
ia-batch16/JimmyCraicHead-DoverEnglandOstendBelgiumFerry1986328.mp4, -1, -1, 51.6111111111111
ia-batch16/lexgtv3ky-1_30_09_Board_of_Adjustment_Meeting.mp4, -1, -1, 56.3714285714286
ia-batch16/KalplerinKefi56.blm-KibrinKtl.mp4, -1, -1, 36.1388888888889
ia-batch16/archiveteam_videobot_twitter_com_743058805466923008.mp4, -1, -1, 65.10526315789471
ia-batch16/It_Doesn_t_Get_Any_Older_Than_This.mp4, -1, -1, 37.060606060606105
ia-batch16/2016_Basketball_-_Fort_Worth_Paschal_Lady_Panthers_at_Arlington_Lady_Colts.mp4, -1, -1, 46.5526315789474
ia-batch16/blmtwpmiv-Soup_and_Chicken_Enchiladas.mp4, -1, -1, 63.20588235294121
ia-batch16/corrtx-Late_August_2007_City_Focus.mp4, -1, -1, 62.8571428571429
ia-batch16/Blessing_of_the_Bees_-_10-12-14.mp4, -1, -1, 53.027777777777786
ia-batch16/7_St._Louis_Park_vs_2_Blake_Section_5_Boys_Lacrosse_1_4_Final_6_2_16.mp4, -1, -1, 49.3589743589744
ia-batch16/bigclivedotcom-213_20150620.mp4, -1, -1, 76.5151515151515
ia-batch16/fctvma-Conservation_Commission_June_6_2018.mp4, -1, -1, 49.675675675675706
ia-batch16/Job_Hunting_101_-_Successfully_Answering_Common_Interview_Questions.mp4, -1, -1, 60.1944444444444
ia-batch16/Girls_Hockey_Highlights_-_7_SLP_vs_2_Centennial_2.9.19.mp4, -1, -1, 76.0
ia-batch16/JESUS_CAC_011814_H_264_800Kbps.mp4, -1, -1, 49.263157894736786
ia-batch16/corrtx-Cool_Drum_Solo_in_Main_Street_Plaza.mp4, -1, -1, 61.0882352941177
ia-batch16/Goffstown_hockey_vs._Oyster_River_January_29th_2014.mp4, -1, -1, 44.17142857142861
ia-batch16/AHS_Show_Choir_Winter_Warm_Up_2017.mp4, -1, -1, 54.4571428571429
ia-batch16/Flickr-8151108856.mp4, -1, -1, 58.25
ia-batch16/Films_From_the_Archives_-_House_fire.mp4, -1, -1, 46.263157894736786
ia-batch16/Kids_Camp_Presents_-_June_15_2012.mp4, -1, -1, 62.410256410256395
ia-batch16/1990_Windsor_Shad_Derby_Day.mp4, -1, -1, 46.125
ia-batch16/archiveteam_videobot_twitter_com_801021868266360832.mp4, -1, -1, 52.89743589743589
ia-batch16/Goffstown_Board_of_Selectmen_-_6_1_2010.mp4, -1, -1, 50.030303030303
ia-batch16/2012_International_Festival_Burnsville_-_School_of_India.mp4, -1, -1, 56.1666666666667
ia-batch16/Durham_Stormwater_-_Nutrients.mp4, -1, -1, 55.34285714285711
ia-batch16/2017_Fiesta_Days_Hauns_Mill_Concert_Part_1.mp4, -1, -1, 63.8787878787879
ia-batch16/2014_Simply_Chef_Renee_-_Korean_Rice.mp4, -1, -1, 65.1714285714286
ia-batch16/June_2013_council_connection.mp4, -1, -1, 48.7714285714286
ia-batch16/Local_Players_Participating_in_NCCA_Tourney.mp4, -1, -1, 41.971428571428596
ia-batch16/chtvma-Polygons_Are_Awesome_Everything_is_Awesome.mp4, -1, -1, 58.55882352941179
ia-batch16/gametrailers-3458_20120424.mp4, -1, -1, 47.34285714285711
ia-batch16/Capital_Improvement_Projects_Committee_-_9_6_2012.mp4, -1, -1, 49.3823529411765
ia-batch16/1435-----thajjod---video------full---quran---mushaf---tahajod-----makah----alh_337.mp4, -1, -1, 45.1666666666667
ia-batch16/Healthy_Kids_Healthy_Start_Announcement.mp4, -1, -1, 53.972972972973004
ia-batch16/Going_Like_60_with_Ollie_Stewart_at_the_Southside_Wellness_Center.mp4, -1, -1, 49.1212121212121
ia-batch16/EEVblog-849_20100623.mp4, -1, -1, 71.5675675675676
ia-batch16/Discussion_041012_Part_01.mp4, -1, -1, 54.25
ia-batch16/01_18_16_MLK_Convocation.mp4, -1, -1, 58.5428571428571
ia-batch16/ctvmi-PAC_-Gearing_Elementary_Fri._Dec._13_2019.mp4, -1, -1, 51.6
ia-batch16/2010_Tastin_the_Blues_Promo.mp4, -1, -1, 48.257142857142895
ia-batch16/Golden_Valley_church_displays_holy_work_of_art.mp4, -1, -1, 60.6285714285714
ia-batch16/AHS_GB_vs._Goodman-Pembine_3-15-14.mp4, -1, -1, 45.8529411764706
ia-batch16/City_Council_9_21_15.mp4, -1, -1, 49.421052631579
ia-batch16/coelptx-Winter_Safety.mp4, -1, -1, 63.735294117647115
ia-batch16/Finneytown_vs_Wyoming_Men_s_Varsity_Soccer_Game_of_September_23_1993.mp4, -1, -1, 43.485714285714295
ia-batch16/hctmt-Out_of_the_Darkness_Campus_Walk_-_East_Helena.mp4, -1, -1, 49.4166666666667
ia-batch16/Issaquah_Oral_History_-_True_Crime_in_a_Small_Town.mp4, -1, -1, 55.9375
ia-batch16/Gold_medalist_Anna_Tunnicliffe_is_ready_for_the_olympics..mp4, -1, -1, 52.81578947368421
ia-batch16/Lights_Camera_MO_CAP.mp4, -1, -1, 66.4736842105263
ia-batch16/271476091mp4h264aachq1.mp4, -1, -1, 47.75
ia-batch16/Conversations_208.mp4, -1, -1, 65.84848484848479
ia-batch16/lftvfl-Al_Marah_Christmas_Open_House_2015.mp4, -1, -1, 61.722222222222214
ia-batch16/Exploring_Port_St._Lucie_with_Councilman_Ron_Bowen_-_Ravenswood_Pool_Part_3.mp4, -1, -1, 62.0
ia-batch16/grtvmiv-Early_Learning_Neighborhood_Collaborative.mp4, -1, -1, 58.4117647058824
ia-batch16/At_The_Market_with_Bryan_Neiman_-_Chef_Grant_Achatz.mp4, -1, -1, 52.1944444444444
ia-batch16/FOTA9517ManOnTheStreet01.mp4, -1, -1, 50.8787878787879
ia-batch16/Flickr-6247339134.mp4, -1, -1, 42.3333333333333
ia-batch16/Financing_Your_Future_Session_15_-_Avoid_Being_in_Debt_Forever.mp4, -1, -1, 60.5454545454546
ia-batch16/FOTA1995ManOnTheStreet04.mp4, -1, -1, 49.8571428571429
ia-batch16/grtvmiv-Mandolin_Orange_-_House_of_Stone.mp4, -1, -1, 70.6756756756757
ia-batch16/Highlight_Girls_Basketball_St._Louis_Park_vs_Spring_Lake_Park.mp4, -1, -1, 50.1470588235294
ia-batch16/bmn-2017_International_Festival_of_Burnsville_-_Kalpulli_Yaocenoxtli.mp4, -1, -1, 57.435897435897395
ia-batch16/jazz_guy_adji.mp4, -1, -1, 51.428571428571395
ia-batch16/bliptv-20131031-051056-BillWest-SwiftSalesAndGarthReturns551.mp4, -1, -1, 69.4166666666667
ia-batch16/JonHaynesDemoReelmyDemoReelmov_0.mp4, -1, -1, 49.5625
ia-batch16/Honoring_Debbie_Montgomery.mp4, -1, -1, 80.875
ia-batch16/Flickr-3632431975.mp4, -1, -1, 47.5294117647059
ia-batch16/Candace_Curran_March_2012.mp4, -1, -1, 56.2972972972973
ia-batch16/Legislation_Committee_March_26_2019.mp4, -1, -1, 52.70588235294121
ia-batch16/Flickr-5203556526.mp4, -1, -1, 52.764705882352885
ia-batch16/07-21-12_SF_News_pt1.mp4, -1, -1, 48.6388888888889
ia-batch16/cobne-Missouri_River_Flood_Green_Acres_Neighborhood_3_-_26-2019.mp4, -1, -1, 73.972972972973
ia-batch16/Honoring_the_Queen_Bee.mp4, -1, -1, 54.82352941176471
ia-batch16/coeor-City_Council_Work_Session_01-30-2013.mp4, -1, -1, 41.8285714285714
ia-batch16/Harwich_Recreation_Update_October_2017.mp4, -1, -1, 68.0606060606061
ia-batch16/kdhxmo-Parker_Gispert_Too_Dumb_to_Love_Anyone_Live_at_KDHX_4_27_19.mp4, -1, -1, 74.2571428571428
ia-batch16/Local_Students_Attend_Annual_Children_s_Water_Festival_Video.mp4, -1, -1, 62.24324324324329
ia-batch16/hctvfl-In_Person_Rewards_with_Bill_Dempsey.mp4, -1, -1, 56.4444444444444
ia-batch16/Kingsbury_Pond_Grist_Mill_-_Draft_Horses_Pulling_the_Turbine_10-25-2014.mp4, -1, -1, 62.5
ia-batch16/bratt2vt-Brattleboro_Housing_Authority_Board_Mtg_3_26_12.mp4, -1, -1, 50.324324324324294
ia-batch16/July_4th_Press_Conference_2014.mp4, -1, -1, 57.1935483870968
ia-batch16/Dispose_of_your_yard_waste_with_the_City_of_Stillwater.mp4, -1, -1, 67.0294117647059
ia-batch16/High_School_Boys_Basketball_Yorkville_IL_vs_Oswego_IL_2016.mp4, -1, -1, 54.5
ia-batch16/kfontvca-CPRS.mp4, -1, -1, 70.972972972973
ia-batch16/ccmky-Muscle_Pump_-_Awesome_Abs.mp4, -1, -1, 65.2352941176471
ia-batch16/Council_In_Brief_December_3_2013.mp4, -1, -1, 75.2702702702703
ia-batch16/06-25-13_Community_Meeting_-_Tulalip_Tribal_Court.mp4, -1, -1, 71.81081081081079
ia-batch16/cofrmd-Bike_to_Work_Day_-_2016_Recap.mp4, -1, -1, 72.82857142857141
ia-batch16/I_ride_my_bike.mp4, -1, -1, 43.6666666666667
ia-batch16/Angelnaphtalie-FeelTheFireOfHotLikeFireWithKellyBDionKnibs771-3.mp4, -1, -1, 41.729729729729705
ia-batch16/Fradiani_Friday_The_Movie_Trailer.mp4, -1, -1, 40.3055555555556
ia-batch16/Golf_Blue_Heron_TODAY_Interview_with_the_Golf_Pro.mp4, -1, -1, 59.1388888888889
ia-batch16/Hiaw-20070303DasDorf734.mp4, -1, -1, 52.9714285714286
ia-batch16/DAIRYFEST_PARADE_2016.mp4, -1, -1, 49.085714285714296
ia-batch16/Flickr-8703032374.mp4, -1, -1, 61.584905660377395
ia-batch16/411Show-FiestaFlambeauParade2008Act3767.mp4, -1, -1, 57.2972972972973
ia-batch16/In_the_Garden_with_Laura_-_Episode_6_-_All_About_Azaleas.mp4, -1, -1, 67.7222222222222
ia-batch16/fcatma-Aiden_Gray_-_Cliffs_of_Moher_-_Frontier_Regional_School_Coffee_House.mp4, -1, -1, 55.5294117647059
ia-batch16/2015-10-26_Hingham_School_Committee.mp4, -1, -1, 51.7027027027027
ia-batch16/Lincoln_University_Homecoming_Parade_2018.mp4, -1, -1, 52.89743589743589
ia-batch16/Booth_Tarkington_Civic_Theater_97th_Season_Inaugural_Opening.mp4, -1, -1, 59.8055555555556
ia-batch16/Atlascaproni-TeenWIldernessEpisodeFive835.mp4, -1, -1, 49.4
ia-batch16/Happenings_Around_Woburn_-_April_28_2014.mp4, -1, -1, 58.6285714285714
ia-batch16/costjmn-July_3_2018_City_Council.mp4, -1, -1, 45.777777777777786
ia-batch16/A_Look_at_America_and_the_Global_Economy_3_of_4_2008.mp4, -1, -1, 54.1176470588235
ia-batch16/GaryJohnsonAndJillSteinDebate.mp4, -1, -1, 54.085714285714296
ia-batch16/Environment_MA_Press_Conference.mp4, -1, -1, 57.027777777777786
ia-batch16/cnbma-Monte_Playground_Tree_Lighting.mp4, -1, -1, 63.4444444444444
ia-batch16/Jackson_Square_Ribbon_Cutting.mp4, -1, -1, 58.10526315789479
ia-batch16/ehmma-Southampton_1_7_14.mp4, -1, -1, 54.0285714285714
ia-batch16/An_Osseo_High_School_student_nears_important_goal.mp4, -1, -1, 60.9705882352941
ia-batch16/Harwich_RBLBB_Burt_Bacharach_Medley.mp4, -1, -1, 57.4571428571429
ia-batch16/kpaone-DCHD_Accreditation_Progress_Update.mp4, -1, -1, 64.14285714285711
ia-batch16/knsonic3_tas_100p_knuckles_upthorn.mp4, -1, -1, 56.846153846153896
ia-batch16/Ice_Fishing_Seminar.mp4, -1, -1, 44.3939393939394
ia-batch16/Joliet_Salute_to_the_Blue_Parade_2017.mp4, -1, -1, 50.7567567567568
ia-batch16/Driving_around_Missoula_post-blizzard.mp4, -1, -1, 56.32352941176471
ia-batch16/bratt2vt-Hemp_Is_Fully_Green.mp4, -1, -1, 52.526315789473706
ia-batch16/Globalcast-451VishalMangalwatiTheBiblicalBasisOfHope658.mp4, -1, -1, 58.128205128205096
ia-batch16/2013_Martin_Luther_King_Day_parade_in_Houston_Texas.mp4, -1, -1, 64.7352941176471
ia-batch16/History_of_Monona.mp4, -1, -1, 36.342857142857106
ia-batch16/2017_OCTV_Christmas_Promo.mp4, -1, -1, 70.4857142857143
ia-batch16/CarSetOnFireAtMayDayRallyInParis.mp4, -1, -1, 56.0
ia-batch16/Inside_the_Mind_of_Nazeer_Horner-_Young_Gifted_Brave_Series.mp4, -1, -1, 67.8918918918919
ia-batch16/Around_The_County_June_2010.mp4, -1, -1, 53.9428571428571
ia-batch16/ac12ia-Electric_Vehicle_Charging_Stations_FHlBfo1sd44.mp4, -1, -1, 64.3939393939394
ia-batch16/Edmond_Motorcycle_Survival_School_02_-_Eye_Placement.mp4, -1, -1, 69.37142857142861
ia-batch16/Bloomington_HRA_-_Exterior_House_Painting.mp4, -1, -1, 55.9428571428571
ia-batch16/archiveteam_videobot_twitter_com_954443622484791301.mp4, -1, -1, 38.3513513513514
ia-batch16/Flickr-5702310132.mp4, -1, -1, 68.6857142857143
ia-batch16/BMI_015_David_Hammond.mp4, -1, -1, 51.777777777777786
ia-batch16/gotvny-Ossining_Polar_Plunge_2019.mp4, -1, -1, 53.4166666666667
ia-batch16/KPD_POST_13_Graduation.mp4, -1, -1, 68.1621621621622
ia-batch16/Agenda_-_Edina_-_Early_September_2012_-_Fall_into_the_Arts_Festival.mp4, -1, -1, 64.8
ia-batch16/How_Old_-_Celebrity_Edition_-_Season_1_Episode_1.mp4, -1, -1, 53.32352941176471
ia-batch16/from_the_vault_-_alfredo_cipolato.mp4, -1, -1, 51.68571428571429
ia-batch16/In_the_City_-_July_23_2012.mp4, -1, -1, 57.5428571428571
ia-batch16/archiveteam_videobot_twitter_com_910229138786672641.mp4, -1, -1, 53.5428571428571
ia-batch16/CTN_Testimonial_-_Pat_McLaughlin.mp4, -1, -1, 59.5625
ia-batch17/Badal_Mongar_Green_Card_Voices.mp4, -1, -1, 79.0789473684211
ia-batch17/Gavin_drawing.mp4, -1, -1, 26.441176470588196
ia-batch17/Frog_Watch_USA_-_March_13th_14th.mp4, -1, -1, 70.4285714285714
ia-batch17/HCAM_News_7-15-2016.mp4, -1, -1, 56.3055555555556
ia-batch17/12_News_September_2_2016.mp4, -1, -1, 54.5833333333333
ia-batch17/coeor-Planning_Commission_07-28-2014.mp4, -1, -1, 47.5
ia-batch17/bratt2vt-Brattleboro_Union_High_School_Bd._Mtg._5_20_13.mp4, -1, -1, 45.5333333333333
ia-batch17/DGPMR_Annual_Yearly_Progress_Data_100813.mp4, -1, -1, 25.9736842105263
ia-batch17/Finance_Committee_meeting_from_April_15_2015.mp4, -1, -1, 52.1176470588235
ia-batch17/Libraries_as_sacred_spaces_in_a_technological_world.mp4, -1, -1, 68.75
ia-batch17/ataqueterroristaennigeriadeja65muertos.mp4, -1, -1, 70.5263157894737
ia-batch17/am-Voices_from_Our_Schools_-_School_Safety_Special.mp4, -1, -1, 62.5
ia-batch17/bliptv-20131013-233846-BigCatRescue-500lbTIGERGETSNEUTEREDBigCatTV601.mp4, -1, -1, 59.405405405405396
ia-batch17/12_News_January_30_2014.mp4, -1, -1, 54.4444444444444
ia-batch17/lawin-A_Lawrence_Christmas.mp4, -1, -1, 58.8333333333333
ia-batch17/lmtvtn-Access_Louisville_Jack_O_Lantern_Spectacular_loukyparks_louisvillemayor_DemLMC.mp4, -1, -1, 67.5428571428571
ia-batch17/Farmer_s_Market_Opening_Day.mp4, -1, -1, 43.2
ia-batch17/Government_For_The_People_Howard_Zinn.mp4, -1, -1, 64.1935483870968
ia-batch17/gametrailers-2749_20120723.mp4, -1, -1, 68.6666666666667
ia-batch17/bliptv-20131031-043036-Avorah-Top4SmartphonesOf2011613.mp4, -1, -1, 67.3823529411765
ia-batch17/hctmt-1p1e1_Gallery_-_Forest_Stream_Prairie_Exhibit.mp4, -1, -1, 62.189189189189214
ia-batch17/Lakeville_Kids_Government_October_2013.mp4, -1, -1, 55.485714285714295
ia-batch17/AC_Wings_hockey_skating_for_West_Division_title.mp4, -1, -1, 79.4054054054054
ia-batch17/bptvpa-Tower_Holiday_Concert_12_13_15.mp4, -1, -1, 62.7575757575758
ia-batch17/Boston_Neighborhood_Sports_-_8_13_12.mp4, -1, -1, 53.0285714285714
ia-batch17/Historic_District_Commission_Profile.mp4, -1, -1, 79.47058823529409
ia-batch17/Hot_Jobs_week_of_Jan_9_2017.mp4, -1, -1, 53.6111111111111
ia-batch17/Game_Highlights_-_Football_Lakeville_South_vs._Burnsville_9-27-13.mp4, -1, -1, 59.0
ia-batch17/Heritage_vs._Benilde-St._Margaret_s_Girls_High_School_Volleyball.mp4, -1, -1, 51.027027027026996
ia-batch17/f20110824mad.mp4, -1, -1, 54.972972972973004
ia-batch17/CUFFS_Promo_with_guest_Chad_Bolser.mp4, -1, -1, 47.5882352941177
ia-batch17/Hits_for_Hope_Tennis_Tournament_Draw_6-15-17.mp4, -1, -1, 39.3888888888889
ia-batch17/Gravity_and_Grace_at_Central_Place_Plaza.mp4, -1, -1, 54.9714285714286
ia-batch17/kohh-biz-art.mp4, -1, -1, 41.47222222222221
ia-batch17/House_Talk_-_The_Paint_Show.mp4, -1, -1, 45.7297297297297
ia-batch17/Home_Videos_-_The_3_Little_Kittens_Pigs.mp4, -1, -1, 53.3333333333333
ia-batch17/Goffstown_Budget_Committee_-_12_15_2010.mp4, -1, -1, 52.8918918918919
ia-batch17/County_Commission_Districts_Redrawn.mp4, -1, -1, 57.56756756756761
ia-batch17/Girls_D1_100_Breast_Heat_4.mp4, -1, -1, 50.05882352941179
ia-batch17/It_s_About_You_-_Summer_Athletics.mp4, -1, -1, 64.1666666666667
ia-batch17/Chautauqua_Books_Show_19.mp4, -1, -1, 42.8
ia-batch17/Diversity_Day_2013_part_3.mp4, -1, -1, 46.05882352941179
ia-batch17/Hedberg_Public_Library_Tulips_5-2-13.mp4, -1, -1, 58.428571428571395
ia-batch17/Izzy_Doveburd_October_2012.mp4, -1, -1, 57.527777777777786
ia-batch17/LINCOLN_ARENA_PROPOSAL.mp4, -1, -1, 62.3611111111111
ia-batch17/Crossing_the_River.mp4, -1, -1, 60.3513513513514
ia-batch17/Lakeville_Kids_Government_March_2010.mp4, -1, -1, 60.184210526315795
ia-batch17/Community_Center_August_2016_Update.mp4, -1, -1, 57.5
ia-batch17/DiyToolsAndPlatforms-D.mov.mp4, -1, -1, 67.8888888888889
ia-batch17/Anderson_Township_Trustees_Meeting_8_16_18.mp4, -1, -1, 56.0789473684211
ia-batch17/Al_Cook_on_the_Common_-_2009..mp4, -1, -1, 52.8787878787879
ia-batch17/County_Executive_Ike_Leggett_Sets_70pct_Recycling_Goal.mp4, -1, -1, 59.9473684210526
ia-batch17/A_Visual_Tour_of_the_Elm_Bank_Mansion_-_7_08_2016.mp4, -1, -1, 69.6388888888889
ia-batch17/Founders_Day_Festival_Highlights_2013.mp4, -1, -1, 71.7894736842105
ia-batch17/ART_FOR_ALL_AT_CITY_HALL_-_04_24_2018_-_Geneva_IL.mp4, -1, -1, 45.405405405405396
ia-batch17/Girls_Hockey_Centennial_vs_Maple_Grove.mp4, -1, -1, 57.8529411764706
ia-batch17/bliptv-20131015-021352-Cbr-CBRTVDougMahnkeReflectsOnGreenLanternTheMaskAndMore315.mp4, -1, -1, 68.14705882352939
ia-batch17/Every_Movie_Ever_-_The_Dog_Who_Saved_Halloween.mp4, -1, -1, 77.97142857142859
ia-batch17/Impact_of_Budget_Stalemate_on_Colleges_Students.mp4, -1, -1, 59.189189189189214
ia-batch17/Cooking_with_Nick_Soup_Sandwich_Dinner.mp4, -1, -1, 64.9714285714286
ia-batch17/f20110914mad.mp4, -1, -1, 51.3055555555556
ia-batch17/Flickr-5017427949.mp4, -1, -1, 29.8
ia-batch17/afwin-Thunderbird.mp4, -1, -1, 75.2
ia-batch17/coktx-Be_Sewer_Savvy_Part_I.mp4, -1, -1, 71.9166666666667
ia-batch17/frcmma-Hot_Jobs_--_Week_of_November_12_2018.mp4, -1, -1, 58.1388888888889
ia-batch17/Legal_Ease_-_154_Topics_from_Ayer_District_Court.mp4, -1, -1, 73.60526315789471
ia-batch17/ec16mn-Beyond_The_Badge_-_June_2018_-_MN_Task_Force_1.mp4, -1, -1, 65.14285714285711
ia-batch17/hcamma-Grade_6_Spring_Concert.mp4, -1, -1, 63.0
ia-batch17/Flickr-6487805935.mp4, -1, -1, 62.974358974359
ia-batch17/Fracking_in_Marcellus_Shale_4-Part_Series.mp4, -1, -1, 69.1842105263158
ia-batch17/Loaves_Fishes_Wraps_Up_School_Supply_Drive.mp4, -1, -1, 59.84375
ia-batch17/2010_Nebraska_Special_Olympics.mp4, -1, -1, 48.21875
ia-batch17/Council_of_the_Arts_Village_of_Mamaroneck_August_Dance_2015.mp4, -1, -1, 59.085714285714296
ia-batch17/2012_Gaithersburg_Book_Festival_-_Madeline_Miller.mp4, -1, -1, 54.25
ia-batch17/JonHammond-RIPCornellDupreeGuitarHereWithJonHammondAtB3OrganBern821.mp4, -1, -1, 45.0789473684211
ia-batch17/Bennington_School_District_-_Budget_Results_-_6_11_13.mp4, -1, -1, 60.0833333333333
ia-batch17/Just_Dessert_Bakeoff.mp4, -1, -1, 54.94117647058821
ia-batch17/Flickr-5170996291.mp4, -1, -1, 58.82352941176471
ia-batch17/hctvfl-Cardboard_Boat_Race_2014.mp4, -1, -1, 61.47368421052629
ia-batch17/gemliuchanightmarket_1.mp4, -1, -1, 39.5
ia-batch17/Board_of_Selectmen_Meeting_7_28_09_Part_10.mp4, -1, -1, 41.8285714285714
ia-batch17/ahca-Eureka_High_School_Media_Production_-_Popcorn.mp4, -1, -1, 71.5277777777778
ia-batch17/2015-03-25_Mass_Memories_PSA_Alec_Macmillan.mp4, -1, -1, 67.7575757575758
ia-batch17/laco.SCVTV.com_6_20_2011_Los_Angeles_County_-_LA_NOW_58.mp4, -1, -1, 49.2972972972973
ia-batch17/Legislative_Joint_Resolution_Honoring_Janice_Keck.mov.mp4, -1, -1, 56.810810810810786
ia-batch17/bmn-2017_International_Festival_of_Burnsville_-_Bollywood_Dance_Scene.mp4, -1, -1, 47.0540540540541
ia-batch17/History_and_Beauty_of_Nature_at_the_Norfolk_Botanical_Garden.mp4, -1, -1, 57.914285714285704
ia-batch17/lictvma-SCHCMTE_05-24-2018.mp4, -1, -1, 55.3333333333333
ia-batch17/Homeless_and_Youth.mp4, -1, -1, 47.921052631579
ia-batch17/AArteDoDemnio.mp4, -1, -1, 55.0
ia-batch17/BYFS_Parenting_Lecture_Series_-_Bullying.mp4, -1, -1, 63.82857142857139
ia-batch17/Joliet_Light_Up_The_Holidays_2014.mp4, -1, -1, 52.1081081081081
ia-batch17/4-19-2011_part_2_of_2_Budget_and_Finance_Committee.mp4, -1, -1, 39.1666666666667
ia-batch17/APN_Debt_Exclusion_Ballot_Results.mp4, -1, -1, 70.0833333333333
ia-batch17/Flickr-5459788095.mp4, -1, -1, 71.1666666666667
ia-batch17/Grassroots_-_APJN_30th_Anniversary.mp4, -1, -1, 41.3055555555556
ia-batch17/20140623_LGBTQ.mp4, -1, -1, 50.257142857142895
ia-batch17/ctv3in-2015_Fayette_County_Free_Fair_Parade.mp4, -1, -1, 57.05882352941179
ia-batch17/CTV_News_4-5-2012.mp4, -1, -1, 66.027027027027
ia-batch17/Il_Corso_Trattoria_Debut.mp4, -1, -1, 54.135135135135094
ia-batch17/Armstrong_Downs_Osseo_in_Girls_Tennis.mp4, -1, -1, 72.9189189189189
ia-batch17/License_And_Health_Committee_Special_Meeting_6-20-17.mp4, -1, -1, 55.1621621621622
ia-batch17/Grouchobeer-TheDickWhoCameToDinner753.mp4, -1, -1, 46.540540540540505
ia-batch17/lexgtv3ky-Talk_of_the_Tenth_-_Retrofitting_the_Retro.mp4, -1, -1, 81.5135135135135
ia-batch17/Kill_Devil_Hills_Citizen_Input.mp4, -1, -1, 79.2285714285714
ia-batch17/75492PanamaHomeMoviesMos.mp4, -1, -1, 52.5135135135135
ia-batch17/bliptv-20131031-142823-BaronVonStrange-GSUvBC871.mp4, -1, -1, 60.2285714285714
ia-batch17/Artist_Betty_Beaumont_11-5-14.mp4, -1, -1, 59.74285714285711
ia-batch17/Dr._K_s_Motown_Revue_-_Just_My_Imagination_Running_Away_With_Me_.mov.mp4, -1, -1, 56.82857142857139
ia-batch17/BJV_VIKINGS_VS_CARDINALS_85_32.mp4, -1, -1, 47.4117647058824
ia-batch17/Flickr-5697156532.mp4, -1, -1, 64.7428571428572
ia-batch17/coatx-Austin_Lounge_Lizards_in_Concert.mp4, -1, -1, 72.7575757575758
ia-batch17/Cranberry_Parade_Part_2.mp4, -1, -1, 51.75
ia-batch17/Aging_on_the_Suncoast_Grandparents_Relatives_Raising_Children.mp4, -1, -1, 62.4571428571429
ia-batch17/banzai25-5-11.mp4, -1, -1, 41.23684210526321
ia-batch17/LeDirigeableFantastiqueOuLeCauchemarDunInventeur.mp4, -1, -1, 40.9444444444444
ia-batch17/Kids_Go_Green_at_Innovative_Learning_Centers.mp4, -1, -1, 55.71428571428571
ia-batch17/2012_Twinbrook_Day_in_the_Park.mp4, -1, -1, 66.14285714285711
ia-batch17/Inside_Boulder-_April_15_2016.mp4, -1, -1, 72.9736842105263
ia-batch17/Coffeehouse_tch_130_holyBass.mp4, -1, -1, 58.5
ia-batch17/Budget_Committee_06_09_2008_Newmarket_New_Hampshire.mp4, -1, -1, 40.8
ia-batch17/Abington_Girls_JV_Basketball_vs_Pembroke_-_12_30_15.mp4, -1, -1, 49.7714285714286
ia-batch17/Festival_of_Nations_2016.mp4, -1, -1, 76.29729729729729
ia-batch17/archiveteam_videobot_twitter_com_636908697529135106.mp4, -1, -1, 77.9117647058823
ia-batch17/2017_Sports_Jam_Football_Offense_Team.mp4, -1, -1, 58.6388888888889
ia-batch17/04.30.2016_Marshall_High_School_Prom_Grand_March.mp4, -1, -1, 46.0555555555556
ia-batch17/comcktx-McKinney_is_Money_Magazine_s_5_Best_Place_to_Live.mp4, -1, -1, 49.44117647058821
ia-batch17/Fire_Station_Lights.mp4, -1, -1, 54.9714285714286
ia-batch17/Board_of_Selectmen_s_meeting_from_April_22_2013.mp4, -1, -1, 46.675675675675706
ia-batch17/High_Drive_time_lapse_32nd_Avenue.mp4, -1, -1, 34.8823529411765
ia-batch17/Around_Athens_-_Electric_Vehicles_Home_Made.mp4, -1, -1, 38.921052631579
ia-batch17/Flickr-9282498577.mp4, -1, -1, 64.1111111111111
ia-batch17/alheweny.org104.mp4, -1, -1, 52.3333333333333
ia-batch17/Flickr-5416034328.mp4, -1, -1, 54.55882352941179
ia-batch17/Dover_Selectmen_meeting_Sept._22_2016.mp4, -1, -1, 50.5526315789474
ia-batch17/Grand_Center_Arts_Academy.mp4, -1, -1, 61.2727272727273
ia-batch17/Discuss_Nanotechnology_4-9-12.mp4, -1, -1, 32.4857142857143
ia-batch17/2018_Saint_James_Saint_Patricks_Day_Parade_Commercial.mp4, -1, -1, 55.764705882352885
ia-batch17/cofrmd-Snow_Tips_and_Reminders_for_City_Residents.mp4, -1, -1, 59.55882352941179
ia-batch17/archiveteam_videobot_twitter_com_797945463722778624.mp4, -1, -1, 41.657142857142894
ia-batch17/laco.SCVTV.com_5_18_2012_Los_Angeles_County_Programming_-_Eat-Live-Play_LA_3.mp4, -1, -1, 49.3611111111111
ia-batch17/City_Council_7_28_2017_Part_One.mp4, -1, -1, 61.9166666666667
ia-batch17/Graham_Middle_School_vs._Egan_-_-Boys_8th_grade_Basketball_2.28.13.mp4, -1, -1, 55.3529411764706
ia-batch17/lawin-Groomsville_Popcorn_at_the_Fort_Ben_Farmers_Market.mp4, -1, -1, 81.71875
ia-batch17/At_the_Library_June_2013.mp4, -1, -1, 56.428571428571395
ia-batch17/Home_Videos_-_Indian_Pow_Wow.mp4, -1, -1, 35.0857142857143
ia-batch17/gametrailers-519_20140612.mp4, -1, -1, 70.24528301886791
ia-batch17/City_of_Topeka_5_13_2014_Part_4.mp4, -1, -1, 45.027777777777786
ia-batch17/Adoptable_Pet_of_the_Week_-_Bella.mp4, -1, -1, 71.80555555555559
ia-batch17/cotga-Tucker_Football_Pep_Rally_December_1_2017.mp4, -1, -1, 49.3333333333333
ia-batch17/Beekeeping_Part_1-_Successful_Gardener_-_Cabarrus_CountyNC.mp4, -1, -1, 41.8421052631579
ia-batch17/Land_Fill_Question_2_True.mp4, -1, -1, 51.027027027026996
ia-batch17/BHS_Boys_Varsity_Basketball_vs_Weston_01_07_2014.mp4, -1, -1, 38.054054054054106
ia-batch17/archiveteam_videobot_twitter_com_819276870180999168.mp4, -1, -1, 41.6285714285714
ia-batch17/Homecoming_2014-_SCHS.mp4, -1, -1, 50.1944444444444
ia-batch17/Inside_the_Movies_-_The_Oath_with_Ike_Barenholtz.mp4, -1, -1, 69.0
ia-batch17/Access_Framingham_s_2014_Volunteer_of_the_Year.mp4, -1, -1, 59.0833333333333
ia-batch17/coeor-City_Council_Public_Hearing_06-15-2015.mp4, -1, -1, 38.342857142857106
ia-batch17/Drew_Gardens_Task_Force_Meeting_-_07_14_2016.mp4, -1, -1, 45.5789473684211
ia-batch17/Football_Play_of_the_Week_-_Oct._17th_2014.mp4, -1, -1, 45.0540540540541
ia-batch17/Common_Council_5_2_2017.mp4, -1, -1, 55.9705882352941
ia-batch17/Guitar_Lessons_with_Tony_Valley_Lesson_24_-_Wagon_Wheel.mp4, -1, -1, 73.4857142857143
ia-batch17/150608_Planning.mp4, -1, -1, 47.3529411764706
ia-batch17/Brooklyn_Park_volunteer_helps_others_beat_stress.mp4, -1, -1, 64.14705882352939
ia-batch17/coeor-Planning_Commission_01-14-2013.mp4, -1, -1, 42.8157894736842
ia-batch17/HeartOfAntwerp.mp4, -1, -1, 49.67647058823529
ia-batch17/01-18-09sing.mp4, -1, -1, 48.5
ia-batch17/Flickr-5619125415.mp4, -1, -1, 76.5483870967742
ia-batch17/csdmd-Anne_Arundel_CC_vs_Harford_CC_Soccer.mp4, -1, -1, 37.0
ia-batch17/lctvca-Basketball_Game_Of_The_Week_-_West_Torrance_vs_Hawthorne_-_January_21_2000.mp4, -1, -1, 50.6486486486487
ia-batch17/Let_s_Watch_with_the_Ann_Arbor_Film_Festival_-_Chris_Reilly.mp4, -1, -1, 69.9166666666667
ia-batch17/Donya_Paula_Catherine_Russo_producer.mp4, -1, -1, 64.0263157894737
ia-batch17/archiveteam_videobot_twitter_com_726016418622246914.mp4, -1, -1, 70.2162162162162
ia-batch17/Khalid_Smith_Occupy_EdTech_-_A_Design_Challenge.mp4, -1, -1, 73.0
ia-batch17/Athens_City_Council_Meeting_03-12-07.mp4, -1, -1, 56.55882352941179
ia-batch17/Gary_Redbird_louforward_LouPubWorks_louisvillemayor.mp4, -1, -1, 59.405405405405396
ia-batch17/Cuentos_y_mas_Farmers_Flea_Market.mp4, -1, -1, 58.921052631579
ia-batch17/Goffstown_Zoning_Board_-_6_4_2013.mp4, -1, -1, 30.588235294117602
ia-batch17/Chai_With_Manjula_-_Desh_Deshpande.mp4, -1, -1, 39.4
ia-batch17/Flickr-5155135823.mp4, -1, -1, 56.7714285714286
ia-batch17/Ko_Molokai_Keiki_o_ke_kai_-_Waialua_Molokai_-_2017.mp4, -1, -1, 59.212121212121204
ia-batch17/lawin-Low_Angle_Rescue_Training.mp4, -1, -1, 81.91428571428571
ia-batch17/LionKing_difficult_1653.mp4, -1, -1, 58.5294117647059
ia-batch17/FluffeTalks-fishMurderFluffeeTalks290.mp4, -1, -1, 62.0555555555556
ia-batch17/lexgtv3ky-Lexington_Now_-_July_9_2018.mp4, -1, -1, 73.2285714285714
ia-batch17/FYI_Quincy_Health_Department_-_Seasonal_Flu.mp4, -1, -1, 68.6944444444444
ia-batch17/2012-10-30-SDA_Speed_Runs.mp4, -1, -1, 50.74285714285711
ia-batch17/Baseballtown_Dream_League_Field_2016_season_recap_11-7-16.mp4, -1, -1, 40.6
ia-batch17/IlBodyItaliotaLive.mp4, -1, -1, 54.7714285714286
ia-batch17/Berkley_City_Council_Meeting_-_October_1_2012.mp4, -1, -1, 48.74285714285711
ia-batch17/ectpa-ECTV_LIVE_December_3_2018_Quigley_s_Shelter_Pets.mp4, -1, -1, 61.135135135135094
ia-batch17/12_hours_in_a_minute.mp4, -1, -1, 39.4102564102564
ia-batch17/KJLU_Holiday_Greeting_Card_2.mp4, -1, -1, 61.6216216216216
ia-batch17/gctvct-How_Plastics_Are_Affecting_Long_Island_Sound.mp4, -1, -1, 60.972222222222214
ia-batch17/ArtPrize_2014_Downtown_Grand_Rapids_4.mp4, -1, -1, 67.28571428571429
ia-batch17/Demolition_of_Pierce_Beach_Playground.mp4, -1, -1, 68.972972972973
ia-batch17/GM_Report_-_Week_of_6-25-07.mp4, -1, -1, 47.0
ia-batch17/Keep_Port_St._Lucie_Beautiful.mp4, -1, -1, 63.027777777777786
ia-batch17/corrtx-2006_-_2007_Proposed_Operating_Budget.mp4, -1, -1, 41.4285714285714
ia-batch17/Flickr-36508402892.mp4, -1, -1, 64.2222222222222
ia-batch17/GPAT_Neighborhood_with_Wayne_Hardee.mp4, -1, -1, 65.05714285714289
ia-batch17/gctvct-A_Mythic_Sisterhood_-_Aphrodite.mp4, -1, -1, 58.4571428571429
ia-batch17/4-H_Open_Exhibit_August_19_2017.mp4, -1, -1, 72.7714285714286
ia-batch17/Flickr-30412778658.mp4, -1, -1, 63.75
ia-batch17/GANDHI_MEMORIAL_GROUNDBREAKING.mp4, -1, -1, 59.43243243243239
ia-batch17/140407_Council.mp4, -1, -1, 47.972222222222214
ia-batch17/JDLasicaLeahCulveronPownce.mp4, -1, -1, 73.5945945945946
ia-batch17/Epiphany_Students_Remember_Honor_Assistant_Principal.mp4, -1, -1, 55.2162162162162
ia-batch17/County_of_Marin_-_Living_Within_Our_Means_part_3_of_6.mp4, -1, -1, 62.6285714285714
ia-batch17/In_Town_News_Ep_58.mp4, -1, -1, 84.15625
ia-batch17/Hablando_La_verdad_5_21_13.mp4, -1, -1, 43.7837837837838
ia-batch17/Harold_Hattie_Bell_on_The_Roundball_Report_731.mp4, -1, -1, 58.0833333333333
ia-batch17/Lights_in_Northampton.mp4, -1, -1, 57.3055555555556
ia-batch17/Flickr-4549864208.mp4, -1, -1, 51.428571428571395
ia-batch17/Bennington_School_District_Board_-_3_7_12.mp4, -1, -1, 66.6388888888889
ia-batch17/Football_Play_of_the_Week_-_Ravenwood_vs_Franklin.mp4, -1, -1, 45.5
ia-batch17/Community_Corner_8-27-15.mp4, -1, -1, 63.9459459459459
ia-batch17/Avidcruiser-StockholmOffersEasyAccess344.mp4, -1, -1, 66.8333333333333
ia-batch17/ChhotaBheemCharactersInRealLifeYouTube.mp4, -1, -1, 47.3125
ia-batch17/2014_Rocky_Mountain_Senior_Games.mp4, -1, -1, 50.263157894736786
ia-batch17/2010_Census_A_New_Portrait_of_America_English.mp4, -1, -1, 44.4166666666667
ia-batch17/Fort_Kent_Historical_Fort_Kent_Paintings_44m_49s.mp4, -1, -1, 49.9166666666667
ia-batch18/Goffstown_Board_of_Selectmen_-_12_03_2012.mp4, -1, -1, 47.82352941176471
ia-batch18/JDLasicaAboutGalacticast.mp4, -1, -1, 65.2777777777778
ia-batch18/bptvpa-SWPA_GOLDEN_GLOVES_CHAMPIONSHIPS_3_31_18_AT_ROYAL_PLACE.mp4, -1, -1, 56.0512820512821
ia-batch18/Live_at_I.C._-_Twin_Cats.mp4, -1, -1, 49.5294117647059
ia-batch18/Hometown_Heroes_Dillards_Deck_Building.mp4, -1, -1, 64.08108108108111
ia-batch18/Frame_Episode_Two_Fiber_Arts.mp4, -1, -1, 68.8285714285714
ia-batch18/Girls_D2_200_Medley_Relay_Heat_1.mp4, -1, -1, 47.8571428571429
ia-batch18/Fatherhood_Conference_2010_-_Fathers_Count_Fathers_Care.mp4, -1, -1, 57.787878787878796
ia-batch18/cobtx-Holiday_Magic_2009.mp4, -1, -1, 62.0882352941177
ia-batch18/Loggerhead-WorkingOnTheDingy948.mp4, -1, -1, 70.4722222222222
ia-batch18/Great_Gardens_-_Holiday_Decoration.mp4, -1, -1, 54.3823529411765
ia-batch18/Cupp_House_Project.mp4, -1, -1, 58.6111111111111
ia-batch18/Hometown_Holidays_2010_Preview.mp4, -1, -1, 46.764705882352885
ia-batch18/Inner_City_All-Star_Classic_Basketball_2012-_Girls_game.mp4, -1, -1, 51.222222222222214
ia-batch18/Flickr-36583349631.mp4, -1, -1, 75.421052631579
ia-batch18/Local_Vote_2015_-_Hopkins_School_Board_Candidates.mp4, -1, -1, 71.30555555555559
ia-batch18/3009_138_CashvilleLiveTV_EP138_Show11Season6.mp4, -1, -1, 55.1470588235294
ia-batch18/Flickr-41467897745.mp4, -1, -1, 68.85714285714289
ia-batch18/Hope_Alive_Freedom_Church_16A029.mp4, -1, -1, 51.3611111111111
ia-batch18/kgemca-Monrovia_Summer_Concert_7_23_17_Stone_Soul.mp4, -1, -1, 57.82857142857139
ia-batch18/Film_Production_in_Chicago.mp4, -1, -1, 60.1666666666667
ia-batch18/blmtwpmiv-LMD_Photography.mp4, -1, -1, 62.527777777777786
ia-batch18/lexgtv3ky-Five_Technology_Companies_Relocate_to_Lexington_Press_Conference.mp4, -1, -1, 54.4
ia-batch18/csvazv-Sierra_Vista_Council_Special_Meeting_08_12_14.mp4, -1, -1, 51.68571428571429
ia-batch18/Common_Council_9-12-16.mp4, -1, -1, 54.1428571428571
ia-batch18/Focus_on_Health_-_Farmers_Markets.mp4, -1, -1, 51.735294117647115
ia-batch18/Ilsley_Workshop_-_Stolen_Lego_Car.mp4, -1, -1, 50.57142857142861
ia-batch18/coffeehouse_137_020909.mp4, -1, -1, 63.7105263157895
ia-batch18/Inside_Moore_June_2011.mp4, -1, -1, 59.969696969697
ia-batch18/Inside_Wellesley_-_10_000_Marathon_Daffodils_Come_to_Wellesley.mp4, -1, -1, 57.6176470588235
ia-batch18/ectvil-Bloopers.mp4, -1, -1, 50.7027027027027
ia-batch18/gnatvt-First_Baptist_Church_08.12.18.mp4, -1, -1, 61.82352941176471
ia-batch18/KMVT_Studio_Production_camp_-_June_21_2013.mp4, -1, -1, 57.4242424242424
ia-batch18/GRITtv_-_Shayana_Kadidal_-_Criminalizing_Humanitarian_Aid.mp4, -1, -1, 65.3888888888889
ia-batch18/henders007-502_20120312.mp4, -1, -1, 66.030303030303
ia-batch18/Greater_Berks_Food_Bank_8-2-18.mp4, -1, -1, 58.82857142857139
ia-batch18/KUMoonGravitySimulation1960s.mp4, -1, -1, 39.575757575757606
ia-batch18/Colerain_vs_Lakota_East_Men_s_Reserve_Basketball.mp4, -1, -1, 50.75
ia-batch18/30_Minutes_with_Rick_Anthony_and_Guest_Robert_Madonna.mp4, -1, -1, 56.32352941176471
ia-batch18/bratt2vt-BUHS-TV_1_6_12.mp4, -1, -1, 52.0555555555556
ia-batch18/150anniv1789.mp4, -1, -1, 37.6216216216216
ia-batch18/Community_Journal_April_14.mp4, -1, -1, 63.6216216216216
ia-batch18/blmtwpmiv-Living_Life_the_Spiritually_Sensitive_Way_Part_13.mp4, -1, -1, 57.1111111111111
ia-batch18/JDLasicaTheStarIslanders.mp4, -1, -1, 60.657142857142894
ia-batch18/cobma-Game_of_the_Week_Play_of_the_Game_-_Alan_Nunez_touch_pass_to_Edwin_Ezedonmwen.mp4, -1, -1, 71.4736842105263
ia-batch18/LhommeMouche.mp4, -1, -1, 22.6341463414634
ia-batch18/gctvct-Mj_Petretto_Foundation_Annual_Golf_Classic.mp4, -1, -1, 57.264705882352885
ia-batch18/Flickr-5936309950.mp4, -1, -1, 63.113636363636395
ia-batch18/Father_Son_Horses_and_Games.mp4, -1, -1, 50.8378378378378
ia-batch18/Crimson_boys_set_to_tip_off_new_season.mp4, -1, -1, 62.2105263157895
ia-batch18/9_11_Community_Remembrance.mp4, -1, -1, 63.1666666666667
ia-batch18/Flickr-42737094101.mp4, -1, -1, 70.4857142857143
ia-batch18/LITERARY_SPEAK_-_Tribute_to_Haiti.mp4, -1, -1, 58.764705882352885
ia-batch18/Healthy_Strides_Inaugural_Community_10K_5K_Fun_Run.mp4, -1, -1, 59.9428571428571
ia-batch18/Flickr-43142490174.mp4, -1, -1, 69.4411764705882
ia-batch18/Guilford_s_375th_Generation_Jubilee.mp4, -1, -1, 55.612903225806505
ia-batch18/electricsheep-flock-244-55000-3.mp4, -1, -1, 55.57142857142861
ia-batch18/Adoption_12-12-17.mp4, -1, -1, 53.6
ia-batch18/Game_of_the_Week_Play_of_the_Game_-_Titans_Rakim_Butler_Basket_and_1.mp4, -1, -1, 56.17142857142861
ia-batch18/hctvnh-ACT_Racing_-Oxford_Plains_150_8_25_18.mp4, -1, -1, 54.085714285714296
ia-batch18/FYI_-_Lilydale_Bluff.mp4, -1, -1, 78.3611111111111
ia-batch18/Community_Connections_June_2015_Fridley_MN.mp4, -1, -1, 62.5428571428571
ia-batch18/Crime_Solvers.mp4, -1, -1, 58.3823529411765
ia-batch18/gotvny-Make_Music_Day_2018_-_Part_1.mp4, -1, -1, 55.235294117647115
ia-batch18/laco.SCVTV.com_12_12_2011_Los_Angeles_County_News_-_LA_NOW_82.mp4, -1, -1, 50.794871794871796
ia-batch18/GRITtv_-_The_F_Word_-_Minority_Opinions_on_the_iPad.mp4, -1, -1, 64.29729729729729
ia-batch18/Barefoot_Training_-_5_Rites.mp4, -1, -1, 59.777777777777786
ia-batch18/blmtwpmiv-Alternate_Energies.mp4, -1, -1, 57.324324324324294
ia-batch18/Goffstown_Board_of_Selectmen_-_8_16_2010.mp4, -1, -1, 51.59459459459461
ia-batch18/csdmd-Wicomico_vs_Joppatowne_Boys_Basketball_2A_East_Regional_Final_3-8-13.mp4, -1, -1, 51.189189189189214
ia-batch18/ehmma-Southampton_Select_Board_4_12_2011.mp4, -1, -1, 58.972222222222214
ia-batch18/City_Council_Meeting_-_2_28_2011.mp4, -1, -1, 52.235294117647115
ia-batch18/Behind_the_Bridge_-_Waterworks_Chloramination_Training.mp4, -1, -1, 69.37142857142861
ia-batch18/Kitchen_Dining_room_area.mp4, -1, -1, 68.2222222222222
ia-batch18/bliptv-20131013-200342-AppJudgment-DatabaseSolutionsOnYourIPhoneOrIPodTouchWithBentoAppJ296.mp4, -1, -1, 71.4166666666667
ia-batch18/City_of_Lathrop_City_Council_Meeting_-_August_6_2012.mp4, -1, -1, 54.6666666666667
ia-batch18/cogal-Gadsden_City_Council_Meeting_2014-09-09.mp4, -1, -1, 44.9714285714286
ia-batch18/07_17_2012_Council_Announcements.mp4, -1, -1, 60.2
ia-batch18/Catholic_Mass_from_the_Church_of_Ste._Genevieve_Mo_3_5_17.mp4, -1, -1, 55.4
ia-batch18/5-17-2011_Budget_and_Finance_Committee.mp4, -1, -1, 40.8857142857143
ia-batch18/Archangel_Gabriel_Orthodox_Church_16B009.mp4, -1, -1, 62.71428571428571
ia-batch18/City_of_Reading_Zoning_Hearing_Board_Meeting_January_13th_2016.mp4, -1, -1, 47.9444444444444
ia-batch18/acmima-School_Committee_Meeting_-_October_10_2013.mp4, -1, -1, 43.972972972973004
ia-batch18/CTV_Sports_-_Athlete_of_the_Week_Kaitlyn_Young_Jailyn_Ivey.mp4, -1, -1, 59.4444444444444
ia-batch18/hctmt-1p1e1_Gallery_-_B_W_-_Maureen_Cole.mp4, -1, -1, 55.5428571428571
ia-batch18/GOIG47_Creative_Living_Center_fundraiser.mp4, -1, -1, 58.527777777777786
ia-batch18/Healthy_Fontana_Air_Walk.mp4, -1, -1, 56.8484848484849
ia-batch18/Lake_Murray_Country_Commercial_30_Seconds.mp4, -1, -1, 81.3888888888889
ia-batch18/Goffstown_Budget_Committee_-_3_15_2011.mp4, -1, -1, 49.28571428571429
ia-batch18/Forest_Park_Business_Journal_-_November.mp4, -1, -1, 41.257142857142895
ia-batch18/12-21-11_SF_News_pt1.mp4, -1, -1, 58.5135135135135
ia-batch18/3027_854_InnerCityChurchofChrist_EP854.mp4, -1, -1, 56.1388888888889
ia-batch18/Board_of_Selectmen_-_09-18-2014.mp4, -1, -1, 54.8888888888889
ia-batch18/Hello_It_s_Us_-_NAMI_Johnson_County.mp4, -1, -1, 48.94117647058821
ia-batch18/Dog_of_the_Week_-_Bronco_the_Rottweiler_Mix.mp4, -1, -1, 74.44444444444441
ia-batch18/Flickr-4906934281.mp4, -1, -1, 69.8611111111111
ia-batch18/facebook-384704155677449.mp4, -1, -1, 64.5277777777778
ia-batch18/gpatoh-First_Presbyterian_Church_Service_12_10_2017.mp4, -1, -1, 44.32352941176471
ia-batch18/japanpoliceusedthismiitocatchacriminal.mp4, -1, -1, 46.4
ia-batch18/i20100928mad.mp4, -1, -1, 55.63636363636361
ia-batch18/lctvca-LAWNDALE_QUICK_MINUTE_-_Community_Center_Parking_Expansion_Project.mp4, -1, -1, 72.2222222222222
ia-batch18/Deck_the_Walls_TEAM_First_Friday.mp4, -1, -1, 73.89473684210529
ia-batch18/cornv-City_of_Reno_NV_Reno_Youth_Jazz_Orchestra.mp4, -1, -1, 49.84375
ia-batch18/Larry_and_the_Librarian.mp4, -1, -1, 43.5526315789474
ia-batch18/Local_Business_Features_Handmade_Apparel_from_Africa.mp4, -1, -1, 68.56756756756761
ia-batch18/Hello_It_s_Us_with_Guest_Janelle_Rettig.mp4, -1, -1, 79.8461538461538
ia-batch18/blmtwpmiv-18th_Annual_Cultural_Arts_Award.mp4, -1, -1, 60.514285714285705
ia-batch18/laco.SCVTV.com_Summer_2012_Metro_Motion_36_Los_Angeles_County_Metropolittan_Transportation_Authori.mp4, -1, -1, 59.1428571428571
ia-batch18/Little_Mekong_Plaza_Grand_Opening_-_Sept._28_2016.mp4, -1, -1, 67.9411764705882
ia-batch18/Free_Family_Movie_Nights_in_QAC.mp4, -1, -1, 71.5789473684211
ia-batch18/Fort_Wayne_s_new_Deputy_Mayor_speaks.mp4, -1, -1, 64.9117647058823
ia-batch18/Kuran-AllahovGovor.mp4, -1, -1, 57.405405405405396
ia-batch18/brattvvt-Brattleboro_Housing_Partnership_Meeting_3_19_18.mp4, -1, -1, 49.0882352941177
ia-batch18/Fulton_Today_-_February_9th_2015.mp4, -1, -1, 60.5135135135135
ia-batch18/Film-P4.mp4, -1, -1, 65.85
ia-batch18/Hillsborough_helps_former_Bucs_Player_find_a_new_friend_-_Freedom_on_the_open_road.mp4, -1, -1, 76.6388888888889
ia-batch18/kodakSalesTrainingConference.mp4, -1, -1, 43.428571428571395
ia-batch18/2YouTube_201801.mp4, -1, -1, 51.88571428571429
ia-batch18/Brexit_-_The_Cultural_Response_BBC_R4_Front_Row_John_Wilson.mp4, -1, -1, 63.3611111111111
ia-batch18/coelptx-ESD_Earth_Day_Celebration.mp4, -1, -1, 61.89473684210521
ia-batch18/Another_signal_quality_example.mp4, -1, -1, 55.82857142857139
ia-batch18/Liam_Story_of_Self_Final.mp4, -1, -1, 71.1621621621622
ia-batch18/Happenings_Around_Woburn_-_March_31_2014.mp4, -1, -1, 59.675675675675706
ia-batch18/bratt2vt-World_Learning_80th_Anniversary_Symposium_10_4_12.mp4, -1, -1, 51.94117647058821
ia-batch18/gpatoh-First_Presbyterian_Church_Service_10_2_16.mp4, -1, -1, 58.5
ia-batch18/KhazarJewsGoPsychoAIPAC2019_201903.mp4, -1, -1, 67.57575757575759
ia-batch18/Dialogue_with_Litton_Franklin_D_Roosevelt_Jr_PART_TWO.mp4, -1, -1, 57.5294117647059
ia-batch18/3rd_Annual_Shirley_Ave_Festival.mp4, -1, -1, 78.71428571428571
ia-batch18/20130509NewWorldNextWeek152.mp4, -1, -1, 64.18918918918922
ia-batch18/FluffeTalks-freeWeedFluffeeTalks508.mp4, -1, -1, 36.8055555555556
ia-batch18/Do_You_Know_Show_August.mp4, -1, -1, 58.363636363636395
ia-batch18/fcoga-Fulton_Today_7-29-2019.mp4, -1, -1, 62.3055555555556
ia-batch18/KikoTheKangarooDangerOnIceakaTheHayRide8mm_20180826.mp4, -1, -1, 47.2
ia-batch18/ictvil-Gery_Chico_D_Candidate_for_Mayor_of_Chicago.mp4, -1, -1, 66.42424242424241
ia-batch18/99riverstreet1953usajohnpayneevelynkeyesbraddexterfilmnoirfullmovie.mp4, -1, -1, 53.7714285714286
ia-batch18/A_New_Vaudeville_Review_-_1-30-16a.mp4, -1, -1, 62.3513513513514
ia-batch18/Fairfax_County_Executive_Answers_Questions_About_Proposed_FY_2011_Budget.mp4, -1, -1, 63.264705882352885
ia-batch18/08.18.2015_Marshall_News_and_Views.mp4, -1, -1, 52.05882352941179
ia-batch18/cocoh-Global_Columbus_October_2014_-_International_Panel_on_Cultural_Tolerance.mp4, -1, -1, 62.7837837837838
ia-batch18/archiveteam_videobot_twitter_com_742885618406068224.mp4, -1, -1, 65.7272727272727
ia-batch18/coeor-City_Council_Work_Session_04-16-2014.mp4, -1, -1, 47.8333333333333
ia-batch18/Hope072912.mp4, -1, -1, 57.027777777777786
ia-batch18/Joliet_Police_Awards.mp4, -1, -1, 57.3513513513514
ia-batch18/Library_Update_with_Cyd_Mark_and_Megan_Seeland_June_6_2016.mp4, -1, -1, 58.5135135135135
ia-batch18/Alive_Buzz_List_2011.mp4, -1, -1, 64.25
ia-batch18/Fossil_Free_by_33.mp4, -1, -1, 60.25
ia-batch18/Boys_Basketball_Coon_Rapids_vs_Blaine.mp4, -1, -1, 54.74285714285711
ia-batch18/IUOMA-OranjeFansWaitingForTrainToAmsterdam508.mp4, -1, -1, 51.57142857142861
ia-batch18/gctvct-The_Traveling_Epicurean_-_October_2019.mp4, -1, -1, 62.8571428571429
ia-batch18/Home_Videos_-_Final_Friday_May_2014.mp4, -1, -1, 56.44117647058821
ia-batch18/A_Comedy_Sketch_-_More_Cowbell.mp4, -1, -1, 51.9705882352941
ia-batch18/bliptv-20131011-204919-918thefan-PressReleaseCodeOfPrincessCoOpTrailer911.mp4, -1, -1, 60.2105263157895
ia-batch18/Archangel16A004_repaired.mp4, -1, -1, 57.55882352941179
ia-batch18/Flickr-44350672531.mp4, -1, -1, 68.8775510204082
ia-batch18/Lifestreams_-_Episode_55.mp4, -1, -1, 57.4571428571429
ia-batch18/GRITtv_-_Richard_Wolff_-_Europe_s_Progressive_Labor_Base.mp4, -1, -1, 56.7714285714286
ia-batch18/Leveling_the_Playing_Field_Field_Day_at_Bullis_HS_07_12_14.mp4, -1, -1, 75.2941176470588
ia-batch18/Common_Council_7-24-17_Live_Stream.mp4, -1, -1, 56.4166666666667
ia-batch18/gnatvt-Shift_Your_Mind_-_A_Bump_in_the_Road.mp4, -1, -1, 70.8684210526316
ia-batch18/FuckTheNWords.mp4, -1, -1, 46.9428571428571
ia-batch18/Board_of_Commissioners_Work_Session_-_05_26_15.mp4, -1, -1, 48.405405405405396
ia-batch18/ctnaa-Ann_Arbor_Shield_6.mp4, -1, -1, 61.28571428571429
ia-batch18/Flickr-4159815324.mp4, -1, -1, 66.6041666666667
ia-batch18/FoxOnAHillearthworkMusicAtWealthyTheatre5.mp4, -1, -1, 58.0285714285714
ia-batch18/Cheerleaders_at_Douglas_Octoberfest_2013.mp4, -1, -1, 47.97368421052629
ia-batch18/Ivy_Tech_Community_College_Richmond_2019_Commencement.mp4, -1, -1, 56.735294117647115
ia-batch18/Hudson_City_Council_February_4_2010.mp4, -1, -1, 45.9117647058824
ia-batch18/Goffstown_Planning_Board_-_4_11_2013.mp4, -1, -1, 47.9705882352941
ia-batch18/Cape_Light_Compact_Small_Business_Part_2.mp4, -1, -1, 55.3611111111111
ia-batch18/Every_Movie_Ever_-_The_Child_in_Time.mp4, -1, -1, 75.2121212121212
ia-batch18/bliptv-20131013-082031-Apex81-TetheringInAperture31PasswordAppleCare405.mp4, -1, -1, 71.0
ia-batch18/Listening_Post_10-06-16_with_special_guests_Deacon_Black_and_Leslie_Nigles.mp4, -1, -1, 66.55
ia-batch18/gctvct-Expedition_Earth_128_Unthinkable_Creature.mp4, -1, -1, 48.5833333333333
ia-batch18/LegoHalfLifeEpisode11.mp4, -1, -1, 55.6285714285714
ia-batch18/bliptv-20131031-093711-Bradfordmediagroup-WeddingStyle931.mp4, -1, -1, 78.9310344827586
ia-batch18/GRITtv_-_The_F_Word_-_Time_Magazine_s_Convenient_Omission_-_The_Silencing_of_Single-Payer_Continues.mp4, -1, -1, 59.527777777777786
ia-batch18/bliptv-20131013-033057-AccursedFarms-FreemansMindEpisode36241.mp4, -1, -1, 62.0625
ia-batch18/2012_Wellesley_High_School_Football_Season_Preview.mp4, -1, -1, 58.657142857142894
ia-batch18/archiveteam_videobot_twitter_com_619304284103032832.mp4, -1, -1, 50.675675675675706
ia-batch18/F-Word_-_America_s_New_Fossil_Fuel_Moment.mp4, -1, -1, 71.3888888888889
ia-batch18/gcamma-Granby_MA_Selectboard_Meeting_01-20-15.mp4, -1, -1, 52.4
ia-batch18/electricsheep-flock-244-80000-4.mp4, -1, -1, 67.8055555555556
ia-batch18/htm1950654.mp4, -1, -1, 64.75
ia-batch18/kdhxmo-Sam_Morrow_Paid_by_the_Mile_Live_at_KDHX_9_21_2018.mp4, -1, -1, 58.28571428571429
ia-batch18/Local_Living_Mothers_Day_Recipe.mp4, -1, -1, 58.6944444444444
ia-batch18/Condoleezza_Rice_Was_Almost_Linebacker.mp4, -1, -1, 58.4571428571429
ia-batch18/April_5th_2016_Council_Meeting.mp4, -1, -1, 43.0526315789474
ia-batch18/Harbor_Community_Health_Center.mp4, -1, -1, 57.684210526315795
ia-batch18/i20110612mad.mp4, -1, -1, 53.5
ia-batch18/AlicePogo.mp4, -1, -1, 68.0606060606061
ia-batch18/2015_Seguin_High_School_Graduation.mp4, -1, -1, 50.857142857142804
ia-batch18/Fredbird_comes_to_Ste._Genevieve_Mo_2_18_17.mp4, -1, -1, 60.9444444444444
ia-batch18/Albert_Buddy_Mangini_Square_Dedication.mp4, -1, -1, 74.3714285714286
ia-batch18/cogco-Real_or_Rumor_-_Greeley_is_Headed_to_Outer_Space_115.mp4, -1, -1, 54.3783783783784
ia-batch18/bliptv-20131013-001220-Aetutsplus-EchoMotionTrailTutorial440.mp4, -1, -1, 71.88571428571429
ia-batch18/Berks_Bards_Bard_Fest_2016_with_poet_Rodney_Strauss.mp4, -1, -1, 63.59459459459461
ia-batch18/Be_Green_20_-_Santa_Monica_CityTV.mp4, -1, -1, 50.3333333333333
ia-batch19/IranianStateRunPressCheersAntifaViolence.mp4, -1, -1, 67.7647058823529
ia-batch19/06-09-2015_City_of_Franklin_TN_Board_Of_Mayor_and_Aldermen_Work_Session_pt._2.mp4, -1, -1, 51.514285714285705
ia-batch19/archiveteam_videobot_twitter_com_794223759699877888.mp4, -1, -1, 40.054054054054106
ia-batch19/D26_House_Refurbishment_Project.mp4, -1, -1, 77.4117647058823
ia-batch19/Angels_Camp_AC_City_Council_meeting_1_2_2018.mp4, -1, -1, 43.5789473684211
ia-batch19/Action_Collab_Showcase_-_iLEAP_BIF_2011.mp4, -1, -1, 59.8055555555556
ia-batch19/Field_of_Hope_2019.mp4, -1, -1, 67.43243243243239
ia-batch19/Flickr-5047841240.mp4, -1, -1, 78.02941176470591
ia-batch19/LatestHipHopMusicNews.mp4, -1, -1, 47.56410256410261
ia-batch19/Legislator_Catherine_Borgia_-_On_TV_-_August_2012.mp4, -1, -1, 57.7575757575758
ia-batch19/GHS_Basketball_vs_Hill_House_2016.mp4, -1, -1, 52.82857142857139
ia-batch19/Henry_Winkler_-_Channel_12_Extended_Interview_-_September_12_2012.mp4, -1, -1, 68.027027027027
ia-batch19/I_am_Richland_Ft._Jason_Janosky..mp4, -1, -1, 66.91428571428571
ia-batch19/05-19-15_Sister_Bay.mp4, -1, -1, 57.9393939393939
ia-batch19/BIG_Stays_Cool_as_Ice_Arena_Regulations_Change.mp4, -1, -1, 68.4285714285714
ia-batch19/Codes_-_Who_We_Are_What_We_Do.mp4, -1, -1, 63.1428571428571
ia-batch19/ctv3in-Library_Storytime_-_December_2016.mp4, -1, -1, 65.2285714285714
ia-batch19/hctmt-Art_Exhibits_at_the_Holter_-_Summer_2017.mp4, -1, -1, 64.14705882352939
ia-batch19/Butter_and_Eggs_Day_Parade_2017.mp4, -1, -1, 54.3333333333333
ia-batch19/Beautiful_New_Park_in_Maple_Grove.mp4, -1, -1, 73.62162162162159
ia-batch19/archiveteam_videobot_twitter_com_766784466840805376.mp4, -1, -1, 51.0
ia-batch19/Basketball_Totino-Grace_vs_Spring_Lake_Park.mp4, -1, -1, 58.545454545454504
ia-batch19/Fire_Training_for_Missouri_City_Texas.mp4, -1, -1, 65.7567567567568
ia-batch19/Girls_200_Medlay_Relay_GVC_Swimming_Districts_2016.mp4, -1, -1, 61.79411764705879
ia-batch19/Abington_vs._Middleboro_Ultimate_Frisbee_Game_3_Semi-Finals_-_6_11_16.mp4, -1, -1, 44.6176470588235
ia-batch19/bctvpa-New_Berks_County_Voting_System_2-25-19.mp4, -1, -1, 68.6666666666667
ia-batch19/Ben_Bugsy_Siegel_s_Daughter_Speaks.mp4, -1, -1, 43.3714285714286
ia-batch19/3027_853_InnerCityChurchofChrist_EP853.mp4, -1, -1, 48.0571428571429
ia-batch19/FirstNightPromo03.mp4, -1, -1, 56.44117647058821
ia-batch19/Amazing_Art_Show_96_-_Youth_Art_Encounters_2015.mp4, -1, -1, 62.914285714285704
ia-batch19/Board_of_Supervisors_8_6_2012.mp4, -1, -1, 42.2903225806452
ia-batch19/hcamma-Ashland_Legion_Baseball_State_Finals_Wrap_8-1-2019.mp4, -1, -1, 64.9677419354839
ia-batch19/20060608pc.mp4, -1, -1, 40.5
ia-batch19/Habitat_for_Humanity_Groundbreaking_Ceremonies_7-16-11_Part_2_2.mp4, -1, -1, 49.6060606060606
ia-batch19/bctvme-BPL_FINDING_YOUR_INNER_MOOSE.mp4, -1, -1, 59.8484848484849
ia-batch19/Flickr-44089332814.mp4, -1, -1, 63.027027027026996
ia-batch19/Flickr-9030939522.mp4, -1, -1, 47.0285714285714
ia-batch19/Golfing_at_the_National_Sports_Center_s_Victory_Links.mp4, -1, -1, 79.71428571428571
ia-batch19/JewTubeAlgorithmExposedJewsDid911UndeniableProof.mp4, -1, -1, 43.5428571428571
ia-batch19/2011Gilroy_Garlic_Festival_-_Rotary.mp4, -1, -1, 59.5454545454546
ia-batch19/Job_Opportunities_2017_ALT.mp4, -1, -1, 74.69444444444441
ia-batch19/i20101011mad.mp4, -1, -1, 47.2285714285714
ia-batch19/gctvct-Guilford_Citizens_Day_Parade_2016.mp4, -1, -1, 51.0
ia-batch19/Community_Journal_April_20_2017.mp4, -1, -1, 66.2222222222222
ia-batch19/Get_Out_140_-_MindfulNest.mp4, -1, -1, 62.0810810810811
ia-batch19/bliptv-20131013-003819-1687inc-THEFACTSVincenzoPart1Rehearsal120.mp4, -1, -1, 63.8
ia-batch19/gametrailers-1525_20130610.mp4, -1, -1, 63.9393939393939
ia-batch19/Be_You_Say_Bye_-_Episode_121.mp4, -1, -1, 48.6285714285714
ia-batch19/ajdcjddl2875_gmail_Nn.mp4, -1, -1, 48.5625
ia-batch19/Do_Go_for_the_Week_Beginning_August_15_2013..mp4, -1, -1, 53.9714285714286
ia-batch19/Hometown_Radio_Show_--_June_21_2013.mp4, -1, -1, 59.9428571428571
ia-batch19/Culture_Vultures_-_Author_Doris_Weatherford.mp4, -1, -1, 61.74285714285711
ia-batch19/lexgtv3ky-Setting_Out_The_Carts.mp4, -1, -1, 57.4117647058824
ia-batch19/DiscoveryIslandAvianWay.mp4, -1, -1, 51.31428571428571
ia-batch19/bptvpa-In_The_Crease_7_30_13.mp4, -1, -1, 70.9428571428571
ia-batch19/cobor-Vactor_Truck_Stormwater_Operations.mp4, -1, -1, 52.1388888888889
ia-batch19/Baseball_Field_Dedication_for_Ralph_Shipani_Jr..mp4, -1, -1, 67.5588235294118
ia-batch19/Last_year_for_Surly_Fest_in_Brooklyn_Center_Stay_Tuned.mp4, -1, -1, 58.8529411764706
ia-batch19/Local_Flavor_-_Episode_20.mp4, -1, -1, 64.0285714285714
ia-batch19/i20110827mak.mp4, -1, -1, 45.71428571428571
ia-batch19/comfl-World_Autism_Awareness_Day_2019.mp4, -1, -1, 68.1538461538462
ia-batch19/Enter_the_lizard_zone.mp4, -1, -1, 54.60526315789479
ia-batch19/gnatvt-The_News_Project_-_Londonderry_To_Explore_Water_Needs.mp4, -1, -1, 75.88571428571429
ia-batch19/Bloomington_HRA_-_How_to_Install_a_Replacement_Window.mp4, -1, -1, 61.74285714285711
ia-batch19/GirlInTheGoldBoots.mp4, -1, -1, 47.027777777777786
ia-batch19/bptvpa-Bethel_Park_School_Board_Town_Hall_7_19_18_Part1.mp4, -1, -1, 56.43243243243239
ia-batch19/bliptv-20131014-092440-Bigredshoes-10_boob_king_kong264.mp4, -1, -1, 58.20588235294121
ia-batch19/12_News_Weekends_April_18_2015.mp4, -1, -1, 56.4705882352941
ia-batch19/Lewis_University_s_History_Center_and_the_Heritage_Corridor_CVB_Ribbon_Cutting_2011.mp4, -1, -1, 55.1428571428571
ia-batch19/Cooking_with_Nick_Greek_Island_Favorites.mp4, -1, -1, 62.2727272727273
ia-batch19/bliptv-20131013-193802-BigCatRescue-LynxLove569.mp4, -1, -1, 75.88571428571429
ia-batch19/Joint_meeting_Planning_Board_and_Conservation_Commission_from_July_23_2013.mp4, -1, -1, 47.914285714285704
ia-batch19/High_School_Basketball_1-29-13.mp4, -1, -1, 65.8787878787879
ia-batch19/Highlight_Boys_Basketball_Cooper_vs_Spring_Lake_Park.mp4, -1, -1, 55.9459459459459
ia-batch19/Legislator_Shimsky_-_Protect_Citizens_Now.mp4, -1, -1, 76.8529411764706
ia-batch19/itemdupe-youtube-8ktxuLgjjPw.mp4, -1, -1, 54.485714285714295
ia-batch19/Franklin_Township_NJ_Somerset_County_February_16_2017_Planning_Board_Meeting.mp4, -1, -1, 46.9705882352941
ia-batch19/AUSD_Board_of_Education_-_Feb_10_2015.mp4, -1, -1, 57.3823529411765
ia-batch19/Flickr-7832515336.mp4, -1, -1, 56.7954545454546
ia-batch19/2187_1_New_Trash_Collection_System.mp4, -1, -1, 60.135135135135094
ia-batch19/bratt2vt-BUHS-TV_3_20_2013.mp4, -1, -1, 41.6470588235294
ia-batch19/j20110624mad.mp4, -1, -1, 50.212121212121204
ia-batch19/gpatnc-Mary_Perkins_Williams.mp4, -1, -1, 58.5757575757576
ia-batch19/cogco-Real_or_Rumor_-_Edition_16.mp4, -1, -1, 50.81578947368421
ia-batch19/Library_Larry_-_Denton_Municipal_Electric_Tour.mp4, -1, -1, 69.3888888888889
ia-batch19/John_Specker-_The_Lilting_Banshee.mp4, -1, -1, 79.48387096774191
ia-batch19/hc18ma-Finance_Committee_Meeting_February_11_2019.mp4, -1, -1, 57.027777777777786
ia-batch19/February_16_2017_Strategic_Directions_Committee_Meeting.mp4, -1, -1, 51.0625
ia-batch19/Discussion_on_Blade_Runner.mp4, -1, -1, 51.128205128205096
ia-batch19/Historical_Moments_-_Textiles_Part_3.mp4, -1, -1, 57.70588235294121
ia-batch19/csdmd-Harford_County_Girls_Swimming_Championships_2-2-16.mp4, -1, -1, 53.4444444444444
ia-batch19/Lexington_Mayor_s_Minutes_Winter_2017.mp4, -1, -1, 77.78125
ia-batch19/cig_0646-ON_PATROL_-_DWI_Task_Force.mp4, -1, -1, 54.1621621621622
ia-batch19/Jonathan_Association_Annual_Meeting_02-20-18.mp4, -1, -1, 52.40625
ia-batch19/Legislative_Reaction_to_Passage_of_SB-1_Pension_Reform.mp4, -1, -1, 59.1081081081081
ia-batch19/Balloon_Fest_2013_Man_on_the_Street.mp4, -1, -1, 70.5675675675676
ia-batch19/Gregorylaird-HomesandHandsiPhone344-2.mp4, -1, -1, 71.52941176470591
ia-batch19/A_Walk_In_The_Park_Show_6.mp4, -1, -1, 52.9189189189189
ia-batch19/H2_FLOW-_Water_is_a_Human_Right.mp4, -1, -1, 63.236842105263214
ia-batch19/Flickr-5821073047.mp4, -1, -1, 72.5277777777778
ia-batch19/cig_0342-Stillwater_Planning_Commission_2020-01-21.mp4, -1, -1, 76.6571428571429
ia-batch19/Andre_le_Chef_4-30-12.mp4, -1, -1, 51.5428571428572
ia-batch19/grtvmiv-Operation_Warm_-_Harvest_Walk.mp4, -1, -1, 69.1944444444444
ia-batch19/3163_003_StLukeTV_EP003.mp4, -1, -1, 48.1351351351352
ia-batch19/Arlington_VA_s_Courthouse_Square_-_72_Hours_in_7.2_Minutes.mp4, -1, -1, 66.6
ia-batch19/Active_By_Nature_-_October_November_2017_-_St._Charles_County_Government_MO.mp4, -1, -1, 66.90625
ia-batch19/Flickr-4335304419.mp4, -1, -1, 65.46875
ia-batch19/ec16mn-Agenda_-_Edina_-_Late_February_2019_-_Full_Episode.mp4, -1, -1, 78.25
ia-batch19/cosefl-October_21_2015_-_Disabilities_Advisory_Committee.mp4, -1, -1, 55.8888888888889
ia-batch19/Kenner_Proclamation_for_7_yr_old_hero_DeShawn_J._Labarriere.mp4, -1, -1, 59.2972972972973
ia-batch19/02CheatonMe.mp4, -1, -1, 44.6285714285714
ia-batch19/January1986RobertPalmerMTVGuestVJHour0BXc9knROEQnclNuZ3daSXBDWTA.mp4, -1, -1, 54.133333333333304
ia-batch19/LeighBlackall-NoelBlencoweTalkingAboutCERES389.mp4, -1, -1, 45.0606060606061
ia-batch19/At_the_Library_-_The_Great_Pumpkin_Character_Contest.mp4, -1, -1, 56.974358974359
ia-batch19/Ariana_Ava_Gabby_Gabby_Claymation_final.mp4, -1, -1, 50.6
ia-batch19/Councilwoman_Blondell_Reynolds_Brown_Honors_Iyanla_Vanzant_4-12-2018.mp4, -1, -1, 65.5135135135135
ia-batch19/gnatvt-Mono_-_Dog_Vertigo.mp4, -1, -1, 35.90625
ia-batch19/bptvpa-Tasting_with_Taty_at_The_Residence_at_Logan_episode1.mp4, -1, -1, 61.9189189189189
ia-batch19/Destination_Frederick_County_-_Monocacy_National_Battlefield.mp4, -1, -1, 52.972222222222214
ia-batch19/acamma-Abington_Finance_Committee_Meeting_-_8_29_18.mp4, -1, -1, 52.59459459459461
ia-batch19/bliptv-20131012-142033-AndreJaxon-RapCriticAsherRoth949.mp4, -1, -1, 62.5294117647059
ia-batch19/kpaone-Day_Camp_jobs.mp4, -1, -1, 69.2285714285714
ia-batch19/ectpa-ECTV_LIVE_January_29_2018_Dunmore_Neighborhood_Watch.mp4, -1, -1, 68.5
ia-batch19/bctvpa-Lewis_Fains_and_the_We_Three_Band_play_music_12-21-15.mp4, -1, -1, 59.3888888888889
ia-batch19/Ashland_Selectboard_5_2_16.mp4, -1, -1, 57.9714285714286
ia-batch19/2015_Holiday_Tubas_Longer_Version.mp4, -1, -1, 55.9459459459459
ia-batch19/Flickr-26411342391.mp4, -1, -1, 74.8181818181818
ia-batch19/gpatnc-Parents_for_Public_Schools_of_Pitt_County.mp4, -1, -1, 62.82857142857139
ia-batch19/bratt2vt-The_Desha_Show_-_Nantucket_Episode_7.mp4, -1, -1, 50.71428571428571
ia-batch19/Girls_D1_100_Back_Heat_1.mp4, -1, -1, 60.0555555555556
ia-batch19/Holiday_IDs_from_Missouri_City_Texas.mp4, -1, -1, 61.0285714285714
ia-batch19/Jonathan_Powell_-_Great_Hatred_Little_Room_-_making_peace_in_Northern_Ireland.mp4, -1, -1, 61.3888888888889
ia-batch19/holcamma-2018_Holbrook_Middle-High_School_Girls_Varsity_SoftBall_Highlights.mp4, -1, -1, 66.7428571428571
ia-batch19/Community_Hotline_7_13_11_East_County_Wind_Walkers.mp4, -1, -1, 48.7272727272727
ia-batch19/Athens_Showcase_-_Parade_of_the_Hills_2016_Fiddling_Contest_King_Midget_cars..mp4, -1, -1, 46.29411764705879
ia-batch19/K9_Corner_04.14_-_Part_1_-_with_Meagan_Medick_-_Torrance_CitiCABLE_-_March_2014.mp4, -1, -1, 54.4864864864865
ia-batch19/Game_Summary_-_Boys_Lacrosse_SLP_at_Centennial_-_5_24_17.mp4, -1, -1, 64.9705882352941
ia-batch19/j20100917mak.mp4, -1, -1, 51.5428571428572
ia-batch19/Home_School_Fair.mp4, -1, -1, 52.6
ia-batch19/Historic_Smithtown_-_Caleb_Smith_House.mp4, -1, -1, 58.7575757575758
ia-batch19/Board_of_Education_Work_Session_-_July_19_2011.mp4, -1, -1, 55.9444444444444
ia-batch19/Lakeville_Kids_Government_April_2014.mp4, -1, -1, 60.375
ia-batch19/Basic_Baking_-_Cheesecake_1988.mp4, -1, -1, 47.4864864864865
ia-batch19/J.H._Rose_High_School_2013_Graduation_Ceremony.mp4, -1, -1, 55.4
ia-batch19/EITC_Program_Participant_Testimonial.mp4, -1, -1, 60.40625
ia-batch19/Letlivemedia-KimMcCoyOpensThe2009LetLiveConference166.mp4, -1, -1, 70.0
ia-batch19/Focus_on_Fiber_Log_Cabin_Blanket.mp4, -1, -1, 61.540540540540505
ia-batch19/Board_of_Adjustment_07.21.15.mp4, -1, -1, 55.972972972973004
ia-batch19/Flickr-6855479096.mp4, -1, -1, 59.469387755102
ia-batch19/laundry_day.mp4, -1, -1, 57.8709677419355
ia-batch19/cig_0736-Prolifics_Motown_medley.mp4, -1, -1, 59.28571428571429
ia-batch19/ICA_PAL_Boxing_Part_2.mp4, -1, -1, 46.0
ia-batch19/Heaven_s_Delight_Ribbon_Cutting.mp4, -1, -1, 65.5277777777778
ia-batch19/hcmedia-FORESTRY.mp4, -1, -1, 69.3333333333333
ia-batch19/GRITtv_Daily_Newsmakers_-_10_06_08_Part_2.mp4, -1, -1, 58.3684210526316
ia-batch19/LaRoux-BulletproofAcousticCoverTellYoFrens-DonnieSands.mp4, -1, -1, 66.25
ia-batch19/archiveteam_videobot_twitter_com_979752738354548737.mp4, -1, -1, 48.0555555555556
ia-batch19/GopherCG-LaplacianBlendIError678.mp4, -1, -1, 25.675
ia-batch19/2015_Polar_Bear_Plunge.mp4, -1, -1, 65.0882352941177
ia-batch19/Flickr-5056005331.mp4, -1, -1, 61.864864864864906
ia-batch19/4144_1_FLHS_Boys_Hockey_vs_St_Francis_1_10_17.mp4, -1, -1, 51.8571428571429
ia-batch19/Library_News_-_March_23_2015.mp4, -1, -1, 71.0
ia-batch19/JAC_Questions_and_Answers_2.mp4, -1, -1, 59.4166666666667
ia-batch19/Ecovillages_A_Leading_Edge_for_Sustainability.mp4, -1, -1, 73.1666666666667
ia-batch19/archiveteam_videobot_twitter_com_727622515556638720.mp4, -1, -1, 58.15625
ia-batch19/2010-12-19-SDA_Speed_Runs.mp4, -1, -1, 55.82857142857139
ia-batch19/avbcmi-Full_Gospel_Battle_Creek_MI_Episode_317.mp4, -1, -1, 60.921052631579
ia-batch19/Local_Sports_09-01-17.mp4, -1, -1, 72.9090909090909
ia-batch19/LeeGarrison-Painter.mp4, -1, -1, 68.0555555555556
ia-batch19/Cranberry_Festival_Craft_Fair_Brooks_Park_July_5.mp4, -1, -1, 71.8571428571429
ia-batch19/Anya_Kopischke_Triumphant.mp4, -1, -1, 58.777777777777786
ia-batch19/LightningBolt_201509.mp4, -1, -1, 41.131578947368396
ia-batch19/hcamma-Senior_View_-_History_of_Woodville.mp4, -1, -1, 64.6571428571429
ia-batch19/archiveteam_videobot_twitter_com_914537112858501120.mp4, -1, -1, 56.8529411764706
ia-batch19/Flickr-5648149416.mp4, -1, -1, 64.6842105263158
ia-batch19/20334USFranklinRooseveltVisitsBritain.mp4, -1, -1, 43.2972972972973
ia-batch19/Kokomo_Common_Council_Meeting_10-29-2012.mp4, -1, -1, 54.28571428571429
ia-batch19/Flickr-5113447875.mp4, -1, -1, 67.5428571428571
ia-batch19/Goffstown_This_Week_-_June_2nd_2017.mp4, -1, -1, 77.9666666666667
ia-batch19/kgemca-Monrovia_4th_of_July_Full_Concert_Fireworks.mp4, -1, -1, 61.7272727272727
ia-batch19/A_Conversation_with_Pres._William_J._Clinton_5_of_6_2008.mp4, -1, -1, 58.59459459459461
ia-batch19/CHL_7_25_12_East_County_Garden_Tour.mp4, -1, -1, 66.8157894736842
ia-batch19/gopherbash.mp4, -1, -1, 55.63636363636361
ia-batch19/Game_of_the_Week_MVP_Kevin_Peete_and_HC_Roland_Mirabel.mp4, -1, -1, 65.9722222222222
ia-batch19/Girls_High_School_Basketball_-_JFK_vs_CHS_1_26_13.mp4, -1, -1, 61.55882352941179
ia-batch19/8_Minutes_in_Middletown_-_The_Performing_Arts_Academy_The_Wizard_of_Oz.mp4, -1, -1, 64.7631578947369
ia-batch19/City_of_Waukesha_Fire_Station_2_100th_Anniversary.mp4, -1, -1, 42.948717948718
ia-batch19/Beyond_the_Badge_October_2015.mp4, -1, -1, 67.62857142857139
ia-batch19/Board_of_Carroll_County_Commissioners_Open_Session_September_15_2016.mp4, -1, -1, 58.3333333333333
ia-batch19/12_News_Weekend_September_20_2014.mp4, -1, -1, 57.764705882352885
ia-batch19/Abington_Lady_Wave_vs._Hull_-_9_22_14.mp4, -1, -1, 56.0
ia-batch19/hctvnh-HUDSON_NH_-_Rodgers_Memorial_Library_May_2019_monthly_events_update.mp4, -1, -1, 66.4722222222222
ia-batch19/Franklin_Township_NJ_Somerset_County_February_7_2017_Special_Township_Council_Meeting.mp4, -1, -1, 47.743589743589794
ia-batch19/Along_for_the_Ride_--_July_August_2013.mp4, -1, -1, 64.3428571428571
ia-batch19/Flickr-6808054662.mp4, -1, -1, 67.8611111111111
ia-batch19/apatvme-School_Board_-_04-09-2019.mp4, -1, -1, 65.6176470588235
ia-batch19/coeor-Planning_Commission_02-08-2016.mp4, -1, -1, 45.6944444444444
ia-batch19/Learn_From_the_Experts_-_Learning_Things_at_Any_Age.mp4, -1, -1, 78.05555555555559
ia-batch19/Interview_with_Susan_Reneau.mp4, -1, -1, 54.2820512820513
ia-batch19/GRITtv_-_Zaire_Baptiste_-_Realities_of_Racial_Profiling.mp4, -1, -1, 58.540540540540505
ia-batch19/Foiled_Terrorist_Plot.mp4, -1, -1, 52.44117647058821
ia-batch19/bratt2vt-BUHS-TV_9_25_12.mp4, -1, -1, 53.1794871794872
ia-batch19/Albright_College_student_awards_and_honors_5-13-16.mp4, -1, -1, 60.7714285714286
ia-batch19/Abington_Board_of_Selectmen_Meeting_6.2.14.mp4, -1, -1, 44.2727272727273
ia-batch19/Budget_Committee_01_30_2008_Newmarket_New_Hampshire.mp4, -1, -1, 45.625
ia-batch19/In_Our_Community_-_Darren_Wallace_Bruce_Cotter.mp4, -1, -1, 67.6944444444444
ia-batch19/coasc-Aiken_City_Council_Special_Meeting_-_June_20_2016.mp4, -1, -1, 47.969696969697
ia-batch19/Juvenile_Reentry_Program_Announcement.mp4, -1, -1, 64.1
ia-batch19/cig_0356-Verdae-to-Woodruff_Connector_Project_full.mp4, -1, -1, 70.4848484848485
ia-batch19/KMVT_Claymation_camp_-_June_22_2012.mp4, -1, -1, 49.363636363636395
ia-batch19/Flickr-4929015251.mp4, -1, -1, 59.324324324324294
ia-batch19/Flickr-5071296207.mp4, -1, -1, 72.0588235294118
ia-batch19/hcamma-HCAM_News_4-26-2019.mp4, -1, -1, 73.4166666666667
ia-batch19/Brooklyn_Park_celebrates_its_potato_farming_past.mp4, -1, -1, 51.0
ia-batch19/archiveteam_videobot_twitter_com_724692835816103936.mp4, -1, -1, 74.2285714285714
ia-batch19/Highlights_CTV_Sports_-_Watsonville_vs._San_Lorenzo_Valley_Football.mp4, -1, -1, 53.9714285714286
ia-batch19/Lifeguard_Training.mp4, -1, -1, 69.64705882352939
ia-batch19/821_Salute_2011_01_25_DeBoer_28_30.mp4, -1, -1, 61.225806451612904
ia-batch19/Do_Go_for_the_Week_Beginning_July_25_2013.mp4, -1, -1, 60.57142857142861
ia-batch19/HotKitchen.mp4, -1, -1, 50.866666666666696
ia-batch19/Consent_Agenda_091013.mp4, -1, -1, 54.0526315789474
ia-batch19/Charter_Review_2014.mp4, -1, -1, 63.363636363636395
ia-batch19/hptvca-Hoover_III_Electric_Eyes_b_w_New_Shoe_Jam.mp4, -1, -1, 38.7837837837838
ia-batch19/archiveteam_videobot_twitter_com_734368241426931714.mp4, -1, -1, 68.2571428571429
ia-batch19/Flickr-4284037823.mp4, -1, -1, 28.2702702702703
ia-batch20/Wild_Walk_Parade_1990_s_Missoula.mp4, -1, -1, 44.0
ia-batch20/PA6436824.mp4, -1, -1, 41.5384615384615
ia-batch20/Nicole_Simonson_PSA.mp4, -1, -1, 63.5789473684211
ia-batch20/October_25_2016_Community_Development_Regulatory_Services_part_1.mp4, -1, -1, 55.2702702702703
ia-batch20/Park_and_Recreation_6_1_15.mp4, -1, -1, 48.3888888888889
ia-batch20/ZHB_4-21-11.mp4, -1, -1, 45.9459459459459
ia-batch20/M-PACT_Minute_-_Tennis_Anyone_Tennis_Everyone.mp4, -1, -1, 71.02564102564101
ia-batch20/youtube-orqTB743C9A.mp4, -1, -1, 54.0810810810811
ia-batch20/TBCN_s_BHN_Location_-_Bonjour.mp4, -1, -1, 51.97368421052629
ia-batch20/Mavis_Staples_-_For_what_it_s_Worth.mp4, -1, -1, 63.8918918918919
ia-batch20/youtube-nGEcBCMDDIU.mp4, -1, -1, 62.31428571428571
ia-batch20/Marion_County_Fair_-_-_Randy_Nicholson_Band_Song_5.mp4, -1, -1, 59.763157894736786
ia-batch20/Start_Smart_Program_-_Teen_Drinking_and_Driving.mp4, -1, -1, 77.8823529411765
ia-batch20/m20100819mad.mp4, -1, -1, 58.9189189189189
ia-batch20/youtube-vifMbtkbn_I.mp4, -1, -1, 72.6578947368421
ia-batch20/youtube-QZrQhe1SHLk.mp4, -1, -1, 51.3414634146342
ia-batch20/lpama-LHS_Boys_Varsity_Basketball_vs._Clinton_01.03.19.mp4, -1, -1, 53.3783783783784
ia-batch20/noticiasdeelsalvador31deoctubredel2019.mp4, -1, -1, 45.8611111111111
ia-batch20/The_Dream_Becomes_Real_2001.mp4, -1, -1, 43.257142857142895
ia-batch20/Pet_Pals_-_September_2_2013.mp4, -1, -1, 57.5
ia-batch20/sf17ut-Matilda_Highlights_Spanish_Fork_Drama_Dons.mp4, -1, -1, 60.0789473684211
ia-batch20/Pilgrimage_to_Beethoven.mp4, -1, -1, 59.512820512820504
ia-batch20/youtube-fET-wqpxkKg.mp4, -1, -1, 76.0
ia-batch20/The_Age_Sage_by_Kathy_Lucas.mp4, -1, -1, 54.1081081081081
ia-batch20/Support_St._Louis_Park_Athletics.mp4, -1, -1, 62.9459459459459
ia-batch20/whctvct-Alumni_Division_Champ_April_2018.mp4, -1, -1, 51.10526315789479
ia-batch20/Somerset_K-8_School_Committee_-_November_17_2016.mp4, -1, -1, 66.6486486486487
ia-batch20/youtube-Lw_mj3_FvjE.mp4, -1, -1, 53.864864864864906
ia-batch20/lwvtca-Chicago_Club_January_2019.mp4, -1, -1, 62.6944444444444
ia-batch20/Moore_City_Council_-_August_6_2018.mp4, -1, -1, 52.8888888888889
ia-batch20/SCVTV.com_6_22_2010_USL_Soccer_Women_s_League_Championship_Coming_to_SCV.mp4, -1, -1, 54.89743589743589
ia-batch20/youtube-icBgOQpVktQ.mp4, -1, -1, 61.6944444444444
ia-batch20/MCC_ART.mp4, -1, -1, 64.84375
ia-batch20/youtube-53c8kVyl9lU.mp4, -1, -1, 68.3243243243243
ia-batch20/NashvilleBilliardsBarNashvilleSportsBarTntsBilliardsBarAndGrill.mp4, -1, -1, 54.9714285714286
ia-batch20/MassageASMR-547_20130107.mp4, -1, -1, 74.8333333333333
ia-batch20/Somerset_K-8_School_Committee_-_July_24_2017.mp4, -1, -1, 63.81578947368421
ia-batch20/youtube-FhLb2v-x_Lo.mp4, -1, -1, 42.1081081081081
ia-batch20/Oshkosh_Today_July_30_2014.mp4, -1, -1, 61.6666666666667
ia-batch20/Planning_Board_Meeting_3_12_15.mp4, -1, -1, 47.57142857142861
ia-batch20/youtube-jKaUilh9x6A.mp4, -1, -1, 72.7631578947369
ia-batch20/mcama-FINCOM_Public_Hearing_-_November_12_2014.mp4, -1, -1, 49.94117647058821
ia-batch20/youtube-8J83XYFLejY.mp4, -1, -1, 32.4864864864865
ia-batch20/nactv1mb-Read_the_Neepawa_Press_-_May_3_2017.mp4, -1, -1, 58.0
ia-batch20/North_Reading_Selectmen_1_7_02_Part_3.mp4, -1, -1, 56.736842105263214
ia-batch20/McLean_Holiday_Crafts_Show_2016.mp4, -1, -1, 79.7948717948718
ia-batch20/Spotlight_12_12_12_-_Shawnee_Marie_interview.mp4, -1, -1, 57.027777777777786
ia-batch20/Roller_Derby_holds_tryouts.mp4, -1, -1, 57.3589743589744
ia-batch20/tbcama-Shoe_City_Scoop_-_151.mp4, -1, -1, 62.10526315789479
ia-batch20/nbpacma-North_Brookfield_Board_of_Selectmen_Meeting_September_3rd_2019.mp4, -1, -1, 66.6111111111111
ia-batch20/Special_Town_Meeting_1-14-12.mp4, -1, -1, 47.421052631579
ia-batch20/School_Committee_-_January_14th_2016.mp4, -1, -1, 61.3783783783784
ia-batch20/youtube-KcYS6rWFiIw.mp4, -1, -1, 55.410256410256395
ia-batch20/youtube-caXWFHEd7-Q.mp4, -1, -1, 47.736842105263214
ia-batch20/MasterYiVsTeemoLeagueOfLegendsFightAnimation.mp4, -1, -1, 62.189189189189214
ia-batch20/May_Day_March_Rally_for_Immigrants_All_Workers_-_May_1_2013.mp4, -1, -1, 52.0555555555556
ia-batch20/The_Psychotic_Comedian_Show_-_Episode_9.mp4, -1, -1, 55.777777777777786
ia-batch20/Sycamore_HS_Marching_Band_at_CHS_Invitational.mp4, -1, -1, 64.9032258064516
ia-batch20/St._Louis_Presents_-_Episode_7.mp4, -1, -1, 61.9166666666667
ia-batch20/Trailer_NeedforSpeed_Gameplay_20170610_1800.mp4, -1, -1, 71.1388888888889
ia-batch20/youtube-kb6uaklxYUI.mp4, -1, -1, 44.7105263157895
ia-batch20/Public_Safety_Officers_Distribute_Backpacks_to_School_Kids.mp4, -1, -1, 63.9166666666667
ia-batch20/Protest_FERC_Protest_in_DC_part_1.mp4, -1, -1, 63.6
ia-batch20/youtube-tyOLs6OY_zs.mp4, -1, -1, 66.11428571428571
ia-batch20/youtube-p6ctJoxMFaw.mp4, -1, -1, 41.3055555555556
ia-batch20/lpama-LHS_Girls_Basketball_vs_Oakmont_-_01.17.14.mp4, -1, -1, 56.972972972973004
ia-batch20/m20110628mad.mp4, -1, -1, 53.0810810810811
ia-batch20/youtube-ZAu0IEQsufY.mp4, -1, -1, 48.0769230769231
ia-batch20/Route_364_Page_Phase_3_-_Interstate_64_to_Route_K_-_October_4_2014.mp4, -1, -1, 72.11428571428571
ia-batch20/Planning_Board_-_May_1_2017.mp4, -1, -1, 61.743589743589794
ia-batch20/ucberkeley_webcast__vEx_PKa_LI.mp4, -1, -1, 60.31578947368421
ia-batch20/youtube-FowmyXFfW1A.mp4, -1, -1, 59.6216216216216
ia-batch20/Main_Street_Minute_-_episode_23.mp4, -1, -1, 68.2432432432432
ia-batch20/meme2.mp4, -1, -1, 65.0
ia-batch20/Sherborn_Board_Of_Health_Meeting_of_September_17_2014.mp4, -1, -1, 48.4473684210526
ia-batch20/Ste._Genevieve_Mo._Flood_Meeting_1_2_16.mp4, -1, -1, 43.972222222222214
ia-batch20/MOV_3114_MOV.mp4, -1, -1, 38.6666666666667
ia-batch20/Visit_to_Sydni_Pecevich_s_Renovated_Home.mp4, -1, -1, 54.5428571428571
ia-batch20/youtube-Q1XxFqqGRg4.mp4, -1, -1, 39.6969696969697
ia-batch20/youtube-ou5t3wa3eB0.mp4, -1, -1, 47.24324324324329
ia-batch20/youtube-0fokjtv2OKo.mp4, -1, -1, 29.054054054054
ia-batch20/Puyallup_gives_flag_to_Stryker_2-2.mp4, -1, -1, 60.34285714285711
ia-batch20/Strokes_8-8-18.mp4, -1, -1, 62.2105263157895
ia-batch20/youtube-v99GPIEYCTY.mp4, -1, -1, 73.05405405405409
ia-batch20/LouisvilleKy.gov_Tutorial_Part_3_-_Metro_Call.mp4, -1, -1, 47.8918918918919
ia-batch20/Prime_Time_with_Susan_Hoskins_Show_10.09.mp4, -1, -1, 69.4571428571429
ia-batch20/NORCAM_Come_See_For_Yourself.mp4, -1, -1, 68.8
ia-batch20/Manchester_vs_HK_Boys_Basketball_-_January_10_2018.mp4, -1, -1, 55.459459459459495
ia-batch20/ltvma-Spoken_Memorials_12_7_18.mp4, -1, -1, 56.5135135135135
ia-batch20/NELSON_ZIDE_HOLIDAY_GREETING.mp4, -1, -1, 62.0285714285714
ia-batch20/Wareham_Selectmen_Meeting_6-26-2012.mp4, -1, -1, 43.1351351351352
ia-batch20/pcmid-Calling_City_Hall_-_02_01_17.mp4, -1, -1, 63.514285714285705
ia-batch20/vf_destiny_darkbelow_ql_12102014_800.mp4, -1, -1, 62.8611111111111
ia-batch20/Talking_Art_-_001_-_Martha_Brouwer.mp4, -1, -1, 82.6315789473684
ia-batch20/WCS_Sports_Connection_214_-_Guest_-_Jared_Grindstaff.mp4, -1, -1, 62.051282051281994
ia-batch20/pcmid-2019_Pocatello_City_Council_Candidates_Seat_1.mp4, -1, -1, 75.921052631579
ia-batch20/Wareham_Zoning_Board_of_Appeals_Meeting_12-15-2017.mp4, -1, -1, 49.9189189189189
ia-batch20/youtube-lp6vM2slZzg.mp4, -1, -1, 45.485714285714295
ia-batch20/macsdca-Tu_Voz_-_Rolling_Thunder.mp4, -1, -1, 50.56756756756761
ia-batch20/Osceola_County_Pets_of_the_Week_-_Aug.13-26_2014_-_Biscuit_and_Sophie_and_the_Shelter_is_FULL_AGAIN.mp4, -1, -1, 65.2352941176471
ia-batch20/ltvnh-Litchfield_Budget_Committee_Meeting_-_Jan_7_2016.mp4, -1, -1, 50.74285714285711
ia-batch20/Rolesville_Flea_Market.mp4, -1, -1, 37.375
ia-batch20/youtube-gnJHVAavDfM.mp4, -1, -1, 64.4054054054054
ia-batch20/Men_In_Suits_-_SVC_2010.mp4, -1, -1, 61.405405405405396
ia-batch20/Nick_Denny_at_the_Church.mp4, -1, -1, 79.3421052631579
ia-batch20/Wareham_School_Committee_Meeting_1-13-2016.mp4, -1, -1, 50.3823529411765
ia-batch20/Needham_Girls_Soccer_vs_Braintree_10_24_13.mp4, -1, -1, 48.2424242424242
ia-batch20/mcama-Board_of_Selectmen_-_September_8_2015.mp4, -1, -1, 57.435897435897395
ia-batch20/ltcma-LTC_News_Short_-_The_International_Institute_of_New_England_at_100.mp4, -1, -1, 79.925
ia-batch20/Plymouth_Mayor_s_Minutes_1-7-13.mp4, -1, -1, 52.775
ia-batch20/youtube-eeRg1-TbZ48.mp4, -1, -1, 45.63636363636361
ia-batch20/Madison_Whiteboard_3.mp4, -1, -1, 52.8333333333333
ia-batch20/New_Lenox_Village_Board_Meeting_-_5_13.mp4, -1, -1, 59.0810810810811
ia-batch20/LWVOA_PSA_Contest_-_TV_2nd_Place.mp4, -1, -1, 54.9714285714286
ia-batch20/Sports_Round_Up_-_The_Pilot.mp4, -1, -1, 42.921052631579
ia-batch20/m20110522mak.mp4, -1, -1, 57.1388888888889
ia-batch20/youtube-lCFuND1cSZw.mp4, -1, -1, 62.68571428571429
ia-batch20/VetsDayParade2017.mp4, -1, -1, 55.459459459459495
ia-batch20/Pownal_Select_Board_-_7_10_14.mp4, -1, -1, 68.2222222222222
ia-batch20/rcvwa-Rental_inspection_program.mp4, -1, -1, 74.1621621621622
ia-batch20/ScreenersarchivosMayo-PlaneTakeOffFromSanAndrsIslandsInColombia.mp4, -1, -1, 38.2647058823529
ia-batch20/PRO_CUFFS_1709_BOYSGIRLS.mp4, -1, -1, 51.28571428571429
ia-batch20/Millbrae_Mayor_Interview.mp4, -1, -1, 52.56756756756761
ia-batch20/TheBandPerry-IfIDieYoungAcousticCoverLive-DonnieSands.mp4, -1, -1, 66.6176470588235
ia-batch20/youtube-utTN4LWYfYg.mp4, -1, -1, 65.7105263157895
ia-batch20/youtube-zK2C0oMweY4.mp4, -1, -1, 64.5277777777778
ia-batch20/youtube-UJy2sl-Vl1c.mp4, -1, -1, 54.461538461538495
ia-batch20/Suzanne_s_Studio_-_Vilma_Garnider.mp4, -1, -1, 55.6
ia-batch20/Martin_Health_System_Bonfire_and_Hayride.mp4, -1, -1, 40.47222222222221
ia-batch20/Maryland_Senate_Candidate_Addie_Eckardt_37.mp4, -1, -1, 68.1666666666667
ia-batch20/youtube-6pBirjclgAw.mp4, -1, -1, 66.7567567567568
ia-batch20/nwctc-Breck_Boys_Soccer_Overwhelms_Providence.mp4, -1, -1, 68.972972972973
ia-batch20/PHTV4_Eileen_Wills_Trusts_More_6_20_13.mp4, -1, -1, 63.2162162162162
ia-batch20/School_Committee_Update_11-16-10.mp4, -1, -1, 48.763157894736786
ia-batch20/Music_In_the_Park_11_-_Jackson_Rohm_Part_1.mp4, -1, -1, 61.8205128205128
ia-batch20/lpama-HickoryHills2012.mp4, -1, -1, 51.085714285714296
ia-batch20/Montgomery_County_Travilah_Fire_Station_Groundbreaking_Ceremony_August_10.mp4, -1, -1, 56.7105263157895
ia-batch20/Manchester_Town_Council_Meeting_5-14-13.mp4, -1, -1, 57.6285714285714
ia-batch20/Pet_of_the_Week_-_September_8_2014.mp4, -1, -1, 62.3684210526316
ia-batch20/youtube-S6WgZkecqME.mp4, -1, -1, 51.6944444444444
ia-batch20/Tri-District_vs_Neah_Bay_2-12-10.mp4, -1, -1, 42.81081081081079
ia-batch20/Planning_Commission_Meeting_December_13_2011.mp4, -1, -1, 52.9459459459459
ia-batch20/Poets_Corner_-_1-26-16.mp4, -1, -1, 47.6216216216216
ia-batch20/lpama-ZBA06102015.mp4, -1, -1, 56.1388888888889
ia-batch20/youtube-Cf5WoYBHq5I.mp4, -1, -1, 44.3888888888889
ia-batch20/wtvma-Wareham_Zoning_Board_of_Appeals_Meeting_5-22-19.mp4, -1, -1, 52.972222222222214
ia-batch20/tctvbc-Peyvand_Music_Group_at_Canada_Day.mp4, -1, -1, 51.722222222222214
ia-batch20/Sports_Jam_-_January_30_2017.mp4, -1, -1, 54.4117647058824
ia-batch20/Middlebury_Selectboard_Meeting_-_2_9_16.mp4, -1, -1, 53.3823529411765
ia-batch20/School_Budget_Meeting_3-10-2015.mp4, -1, -1, 53.2702702702703
ia-batch20/NASA_Science_Earth_Clip1_HD.mp4, -1, -1, 54.75
ia-batch20/United_Airlines.mp4, -1, -1, 53.5555555555556
ia-batch20/WHS_1st_Annual_Christmas_Tournament_-_Consolation_Bracket_12-20-13.mp4, -1, -1, 45.921052631579
ia-batch20/youtube-9prZvpCRyW0.mp4, -1, -1, 61.263157894736786
ia-batch20/mactvmiv-Stay_Away.mp4, -1, -1, 69.6756756756757
ia-batch20/youtube-Rq3lLUxEY3E.mp4, -1, -1, 63.8378378378378
ia-batch20/youtube-fzOjRJpyvSM.mp4, -1, -1, 72.0
ia-batch20/youtube-gbJYK7q5ejY.mp4, -1, -1, 72.8684210526316
ia-batch20/United_for_Children_with_the_United_Way_in_Norfolk_VA.mp4, -1, -1, 56.0769230769231
ia-batch20/youtube-nyiSjkXopKM.mp4, -1, -1, 49.74285714285711
ia-batch20/The_Buzz_Episode_1.mp4, -1, -1, 69.5
ia-batch20/youtube-W9BKy_nR1Gc.mp4, -1, -1, 59.157894736842096
ia-batch20/youtube-XRRP06vdN8A.mp4, -1, -1, 71.3428571428571
ia-batch20/PSA_-_2016_Sea_Grass_Survey.mp4, -1, -1, 71.3142857142857
ia-batch20/MarioAjeroPresidentialMessage.mp4, -1, -1, 58.7714285714286
ia-batch20/youtube-CLUyUFM9HHI.mp4, -1, -1, 56.3513513513514
ia-batch20/mecm-Straight_from_the_Horst_s_Mouth.mp4, -1, -1, 71.7297297297297
ia-batch20/twitter-1191611925156642819.mp4, -1, -1, 73.4594594594595
ia-batch20/The_George_Washington_Comedy_Hour.mp4, -1, -1, 30.657142857142897
ia-batch20/Willmar_City_Council_Meeting_-_July_2_2012.mp4, -1, -1, 52.6153846153846
ia-batch20/youtube-qFO2T0kDrLo.mp4, -1, -1, 70.41025641025641
ia-batch20/SVSU_Board_-_9_25_13.mp4, -1, -1, 61.459459459459495
ia-batch20/New_Mural_at_the_University_of_Miami.mp4, -1, -1, 64.1944444444444
ia-batch20/Mecklink_Voices.mp4, -1, -1, 76.9736842105263
ia-batch20/PaloMayombe2013.TheNewBeginning1.mp4, -1, -1, 40.972972972973
ia-batch20/Wareham_Finance_Committee_Budget_Hearing_Part_2_2-11-2016.mp4, -1, -1, 54.7105263157895
ia-batch20/youtube-zyiRg5kGw-A.mp4, -1, -1, 82.5
ia-batch20/lwcatma-Veteran_s_Corner_1_1-9-17.mp4, -1, -1, 60.28571428571429
ia-batch20/Twitter_s_Dick_Costolo_on_Revenue.mp4, -1, -1, 64.7352941176471
ia-batch20/spnn-disc_5_mpeg.mp4, -1, -1, 67.5882352941177
ia-batch20/youtube-sSRVgI5RSsw.mp4, -1, -1, 60.7714285714286
ia-batch20/m20101201mak.mp4, -1, -1, 54.25
ia-batch20/orcavt-Orca_Studio_Sessions_with_Chad_Hollister_Merry_Christmas_Baby.mp4, -1, -1, 69.94285714285711
ia-batch20/Mcoulspub-TheGoodfellasSingleShotSceneAtMCoulsPub522.mp4, -1, -1, 40.1388888888889
ia-batch20/Santa_Monica_City_Council_Candidates_Forum_-_October_17_2012.mp4, -1, -1, 70.23684210526321
ia-batch20/Our_City_Peruvians_For_Progress.mp4, -1, -1, 54.810810810810786
ia-batch20/What_s_New_8_13_14.mp4, -1, -1, 45.972222222222214
ia-batch20/Mariano_s_Oak_Lawn_9_11_14.mp4, -1, -1, 59.7894736842105
ia-batch20/New_Bedford_Fireworks_PC.mp4, -1, -1, 56.184210526315795
ia-batch20/Willmar_City_Council_Meeting_-_December_5_2011.mp4, -1, -1, 49.4166666666667
ia-batch20/youtube-GUEJo0hiCUo.mp4, -1, -1, 58.8
ia-batch20/wrokmi-2012_Holiday_Magic_Parade_in_Royal_Oak_Part_2.mp4, -1, -1, 47.10526315789479
ia-batch20/youtube-7SIUpsBugkE.mp4, -1, -1, 43.864864864864906
ia-batch20/tvc22on-A_la_Table_Ronde_S1_E6.mp4, -1, -1, 66.08108108108111
ia-batch20/youtube--BF0efdlv9s.mp4, -1, -1, 67.921052631579
ia-batch20/MarkLeaEllyTrimberger.mp4, -1, -1, 39.27777777777779
ia-batch20/School_Family_Community_Partnership.mp4, -1, -1, 57.277777777777786
ia-batch20/youtube-0b0y2_pklxg.mp4, -1, -1, 48.45
ia-batch20/Snow_Plow_Ballet.mp4, -1, -1, 46.3055555555556
ia-batch20/teli1ns-Bluegrass_2016.mp4, -1, -1, 60.5833333333333
ia-batch20/Wareham_Selectmen_Meeting_2-12-2013.mp4, -1, -1, 44.8333333333333
ia-batch20/Voices_In_The_Village_Episode_4_Brett_Halsey.mp4, -1, -1, 56.914285714285704
ia-batch20/uptv6il-Champaign_County_Agriculture_Today_-_Season_1_Episode_5.mp4, -1, -1, 57.11428571428571
ia-batch20/youtube-tT9eF2jNJhA.mp4, -1, -1, 69.78125
ia-batch20/youtube-68lfZYJr2g0.mp4, -1, -1, 81.97142857142859
ia-batch20/What_do_we_mean_by_treating_the_streets.mp4, -1, -1, 74.11428571428571
ia-batch20/Twomenwithforeskin-PodmoviePemby08969.mp4, -1, -1, 58.027777777777786
ia-batch20/Pierce_County_News_10_3_13.mp4, -1, -1, 68.6829268292683
ia-batch20/Square_Dance_Live_-_Episode_45.mp4, -1, -1, 52.8333333333333
ia-batch20/Oregon_Village_Board_Meeting_-_July_10_2017.mp4, -1, -1, 50.4571428571429
ia-batch20/On_the_Rock_-_Episode_78.mp4, -1, -1, 52.4
ia-batch20/youtube-z6T5lfpFT2g.mp4, -1, -1, 53.5789473684211
ia-batch20/lmtvtn-UofL_Today_with_Mark_Hebert_9-24-18_uofl.mp4, -1, -1, 79.6857142857143
ia-batch20/U.S._Border_Patrol_Operation_Detour.mp4, -1, -1, 77.4358974358974
ia-batch20/Mayor_s_Scholars_Academy_Promo_Video.mp4, -1, -1, 52.0
ia-batch20/youtube-6qrYRtjK9Fw.mp4, -1, -1, 57.6
ia-batch20/Notice_New_Lenox_-_Moody_Blues.mp4, -1, -1, 65.8918918918919
ia-batch20/Time_Lapse_-_AWC_Matador_Men_s_Basketball_vs_Yavapai_1_5_10.mp4, -1, -1, 68.7948717948718
ia-batch20/Topeka_JEDO_Meeting_-_February_12th_2014_Part_1.mp4, -1, -1, 50.1951219512195
ia-batch20/Old_Business_052212.mp4, -1, -1, 58.0789473684211
ia-batch20/Make_A_Difference_349_December_2019.mp4, -1, -1, 74.69444444444441
ia-batch20/lpama-St._Boniface_Mass_11.24.19.mp4, -1, -1, 61.0
ia-batch20/youtube-v442-5KlYWQ.mp4, -1, -1, 43.0526315789474
ia-batch20/Los_Altos_Eagles_vs_Mountain_View_Spartans_-Basketball_Decmeber_7th_2013.mp4, -1, -1, 60.736842105263214
ia-batch20/School_Board_-_02-02-2016.mp4, -1, -1, 65.8055555555556
ia-batch20/m20110705mad.mp4, -1, -1, 56.0526315789474
ia-batch20/MD_Sailabration.mp4, -1, -1, 61.472222222222214
ia-batch20/youtube-r1cNGMLfyj0.mp4, -1, -1, 55.60526315789479
ia-batch20/Riverside_Church_-_Genesis_Day_1.mp4, -1, -1, 57.0810810810811
ia-batch20/youtube-YUJsP1pg9JA.mp4, -1, -1, 49.1388888888889
ia-batch21/Wellesley_High_School_Sports_Report_-_10_31_14.mp4, -1, -1, 68.41176470588239
ia-batch21/m20111008mad.mp4, -1, -1, 48.11428571428571
ia-batch21/St._Louis_Board_of_Aldermen_Meeting_-_12_12_14.mp4, -1, -1, 64.5555555555556
ia-batch21/May_6_2010_Edina_Rotary_Club_Meeting.mp4, -1, -1, 54.485714285714295
ia-batch21/Wedding_Planner.mp4, -1, -1, 49.9473684210526
ia-batch21/Sherborn_Selectmen_s_meeting_October_1_2015.mp4, -1, -1, 44.0810810810811
ia-batch21/Watsonville_City_Council_Meeting_-_October_27_2015.mp4, -1, -1, 46.6285714285714
ia-batch21/Racing_Action_Today_-_E416_-_Vintage_Racing_with_Joe_R_pt._1.mp4, -1, -1, 68.4358974358974
ia-batch21/Wellesley_Business_Spotlight_-_Kidville_Wellesley.mp4, -1, -1, 59.0
ia-batch21/youtube-TA5dxrbBy4A.mp4, -1, -1, 48.0
ia-batch21/Taste_of_the_Orient.mp4, -1, -1, 53.027027027026996
ia-batch21/Wareham_Sewer_Commissioners_Meeting_12-17-2015.mp4, -1, -1, 51.1794871794872
ia-batch21/youtube-JDaaMpzWj9w.mp4, -1, -1, 57.5
ia-batch21/youtube-JIpOOvR2GG0.mp4, -1, -1, 47.7714285714286
ia-batch21/youtube-AUZAxZ5AmBc.mp4, -1, -1, 52.4848484848485
ia-batch21/srctvmev-Standish_Town_Council_Meeting_8-9-11.mp4, -1, -1, 50.24324324324329
ia-batch21/Planning_Commission_April_1_2019.mp4, -1, -1, 54.2702702702703
ia-batch21/youtube-8wXMyGEb_1U.mp4, -1, -1, 59.9230769230769
ia-batch21/Needham_Channel_News_Sports_Update_5-9-13.mp4, -1, -1, 43.657142857142894
ia-batch21/Meet_the_Sculptors_-_Pavel_Mylnikov.mp4, -1, -1, 70.7777777777778
ia-batch21/ncgvtvca-Good_News_Club_13.mp4, -1, -1, 58.29411764705879
ia-batch21/youtube-9FCTgjaD22w.mp4, -1, -1, 33.058823529411804
ia-batch21/youtube-zBcAjFoEYaw.mp4, -1, -1, 30.351351351351294
ia-batch21/macsdca-Nuke.mp4, -1, -1, 56.70588235294121
ia-batch21/Where_Do_Good_Ideas_Come_From.mp4, -1, -1, 69.1315789473684
ia-batch21/The_truth_about_New_York_State_pensions.mp4, -1, -1, 54.5789473684211
ia-batch21/youtube-zgxUEf4NB4o.mp4, -1, -1, 52.1428571428571
ia-batch21/Men_and_Women_in_Ministry_-_Episode_15.mp4, -1, -1, 56.7567567567568
ia-batch21/Pitt_County_Board_of_Commissioners_meeting_for_1_09_2012.mp4, -1, -1, 67.6
ia-batch21/wrokmi-Royal_Oak_s_Holiday_Magic_Parade_2008.mp4, -1, -1, 48.780487804878
ia-batch21/On_The_Rock_-_Episode_167.mp4, -1, -1, 53.8888888888889
ia-batch21/youtube-YMLu2I7KUFM.mp4, -1, -1, 76.1025641025641
ia-batch21/nppany-2016_12_28_New_Paltz_Village_Board.mp4, -1, -1, 47.487179487179496
ia-batch21/lpama-TCP_Lip_Sync_Sneak_Peek.mp4, -1, -1, 52.20512820512821
ia-batch21/youtube-quXzoQOMCN8.mp4, -1, -1, 40.0555555555556
ia-batch21/youtube-c5qH-LW3tq8.mp4, -1, -1, 75.8378378378378
ia-batch21/youtube--PoanhrH05A.mp4, -1, -1, 65.70270270270271
ia-batch21/youtube-Ep-xGNv9B1A.mp4, -1, -1, 70.39473684210529
ia-batch21/Planning_Commissionl_Meeting_October_4_2017.mp4, -1, -1, 71.5277777777778
ia-batch21/The_SportsDesk_19.15_-_Torrance_CitiCABLE_-May_12-19_2015.mp4, -1, -1, 47.3333333333333
ia-batch21/patvny-Young_Filmmakers_Episode_9_Part_I.mp4, -1, -1, 52.89743589743589
ia-batch21/School_Board_10_21_2010_Newmarket_New_Hampshire.mp4, -1, -1, 41.487179487179496
ia-batch21/Mayor_s_Press_Conference_November_9th_2016.mp4, -1, -1, 61.0571428571429
ia-batch21/UC2B_Expansion_Press_Conference_-_David_Hohman.mp4, -1, -1, 54.9473684210526
ia-batch21/youtube-hYeI08p2AMw.mp4, -1, -1, 82.5142857142857
ia-batch21/QACTV_Sports_-_Run_Across_Maryland.mp4, -1, -1, 77.17142857142859
ia-batch21/whctvct-2018_Memorial_Day_Parade_May_28_2018.mp4, -1, -1, 57.1176470588235
ia-batch21/youtube-Ks_vmipVDrE.mp4, -1, -1, 67.2894736842105
ia-batch21/Medfield_Selectmen_11-26-2013.mp4, -1, -1, 40.3783783783784
ia-batch21/Men_and_Women_in_Ministry_-_Episode_125.mp4, -1, -1, 60.6111111111111
ia-batch21/youtube-DGuyD4Jd_WA.mp4, -1, -1, 41.47222222222221
ia-batch21/Reading_Community_Singers_-_Bright_Side_of_Life.mp4, -1, -1, 43.3333333333333
ia-batch21/Pets_Personalities_on_Parade_November_10_2016.mp4, -1, -1, 62.7714285714286
ia-batch21/NewWorldNextWeek20110217.mp4, -1, -1, 62.59459459459461
ia-batch21/What_s_Up_Pasadena_Indigo_Alliance.mp4, -1, -1, 63.8
ia-batch21/School_Board_-_01-12-2016.mp4, -1, -1, 61.97368421052629
ia-batch21/youtube-DdB0K7kqAJY.mp4, -1, -1, 53.5789473684211
ia-batch21/Red_Hot_Riot_part_2.mp4, -1, -1, 44.4571428571429
ia-batch21/Sykesville_Harvest_Fest_Promo_2017.mp4, -1, -1, 72.3030303030303
ia-batch21/Poulson_Art_Gallery_Arnold_California.mp4, -1, -1, 61.3055555555556
ia-batch21/Wellfest_2014.mp4, -1, -1, 59.0833333333333
ia-batch21/mhatca-Morgan_Hill_State_of_the_City_2007.mp4, -1, -1, 58.4864864864865
ia-batch21/Recycle_1st_question_true.mp4, -1, -1, 54.6176470588235
ia-batch21/Newsline_-_Cultural_Diversity.mp4, -1, -1, 58.6111111111111
ia-batch21/youtube-WNnC6rlFgk0.mp4, -1, -1, 49.8888888888889
ia-batch21/wtvnj-The_Best_Talks_Around_-_Green_Transportation_by_Jeff_Mayorwitz.mp4, -1, -1, 74.1578947368421
ia-batch21/orcavt-Peace_Meditation_Protest_-_May_8_2019.mp4, -1, -1, 71.6842105263158
ia-batch21/tvc22on-Kat_s_About_Town_-_Episode_4.mp4, -1, -1, 50.1388888888889
ia-batch21/Transfer_Station_Committee_11-5-15.mp4, -1, -1, 57.31578947368421
ia-batch21/youtube-5_XJs3x3SRQ.mp4, -1, -1, 65.4571428571429
ia-batch21/Richmond_Slave_Trail_Medallion_Unveiling_and_Richmond_Liberty_Train_Inaugural_Marking.mp4, -1, -1, 50.794871794871796
ia-batch21/youtube-YZWmBxoSrHM.mp4, -1, -1, 52.4571428571429
ia-batch21/SCVNews.com_6_26_12_18-Vehicle_Pileup_Shuts_Down_14_Freeway.mp4, -1, -1, 60.88571428571429
ia-batch21/VJ_Kung_Fu_Archives.mp4, -1, -1, 59.4705882352941
ia-batch21/wrctvpa-Culture_and_Main_EP_151.mp4, -1, -1, 59.9117647058824
ia-batch21/lwcatma-Author_on_the_Road-Matterhorn-Karl_Marlantes.mp4, -1, -1, 62.9444444444444
ia-batch21/STL_TV_LIVE_-_Made_to_Be_More_Benefit_2_of_2.mp4, -1, -1, 51.864864864864906
ia-batch21/TheFinalSolutionToAdolfHitlerJimConditLecture.mp4, -1, -1, 59.3513513513514
ia-batch21/whpama-Hubbardston_Halloween_Hoedown_2018.mp4, -1, -1, 51.972972972973004
ia-batch21/youtube-GTP1veFqENk.mp4, -1, -1, 86.30769230769229
ia-batch21/lpama-Finance_Committee_-_10.10.13.mp4, -1, -1, 53.0769230769231
ia-batch21/YourSCV.com_-_Talkin_With_Felicia_Guest_-_Rev._Julius_Harper.mp4, -1, -1, 62.10526315789479
ia-batch21/Pushover98CrowdTimeLapes.mp4, -1, -1, 35.9473684210526
ia-batch21/Story_Time_with_Santa.mp4, -1, -1, 61.527777777777786
ia-batch21/youtube-ymBU6huZZsw.mp4, -1, -1, 75.0833333333333
ia-batch21/The_Hortman_-_Season_2_Episode_3_-_Problems_in_the_Landscape.mp4, -1, -1, 77.7647058823529
ia-batch21/NMTV_HIGHLIGHTS_-_SLP_vs_Andover_Boys_LAX_04-15-2016.mp4, -1, -1, 53.6410256410256
ia-batch21/Planning_Commission_Meeting_1_14_2016_2_of_2.mp4, -1, -1, 43.657142857142894
ia-batch21/youtube-nGlemmV4Vxg.mp4, -1, -1, 55.342105263157904
ia-batch21/tvce1qc-spectacle_ou_est_ce_qu_elle_est_ma_gang_2.mp4, -1, -1, 72.18918918918921
ia-batch21/Parks_and_Recreation_Center_Offerings.mp4, -1, -1, 49.1111111111111
ia-batch21/tbcama-1_North_Main_-_226.mp4, -1, -1, 65.4285714285714
ia-batch21/Resurfacing_of_Skyline_Drive_and_the_William_Penn_Memorial_Fire_Tower._9-19-17.mp4, -1, -1, 52.3888888888889
ia-batch21/Sports_Jam_Spotlight_-_Greg_Arnold.mp4, -1, -1, 63.1111111111111
ia-batch21/Post-Primary_Election_Analysis_Pt._7_of_7.mp4, -1, -1, 56.527777777777786
ia-batch21/youtube-ORVoo61bQEQ.mp4, -1, -1, 52.2702702702703
ia-batch21/Westphal_American_Legion_Events.mp4, -1, -1, 54.9459459459459
ia-batch21/Tips_to_avoid_vehicle_theft_in_Indianapolis.mp4, -1, -1, 65.1315789473684
ia-batch21/marshtvmav-Recreation_Trail_Committee_-_Rail_Trail_Presentation.mp4, -1, -1, 76.82857142857141
ia-batch21/our_city_financial_planning_day_pt_2_9-30-11.mp4, -1, -1, 53.8918918918919
ia-batch21/Marjorie_Kelly_on_how_inclusive_economic_development_can_reduce_inequality.mp4, -1, -1, 80.2647058823529
ia-batch21/mcama-Board_of_Selectmen_-_April_2_2018.mp4, -1, -1, 55.864864864864906
ia-batch21/Planning_Commission_August_2_2017.mp4, -1, -1, 66.4
ia-batch21/youtube-GmU90Y7yckY.mp4, -1, -1, 51.81578947368421
ia-batch21/youtube-KNR0r47FwfY.mp4, -1, -1, 58.2285714285714
ia-batch21/Ste._Genevieve_Mo_R-II_Board_of_Education_10_17_17.mp4, -1, -1, 67.609756097561
ia-batch21/Ways_Means_Committee_May_10_2017.mp4, -1, -1, 49.5294117647059
ia-batch21/New_and_Upcoming_Exhibits_6-15-18.mp4, -1, -1, 57.189189189189214
ia-batch21/WCTV_Great_Smith_River_Canoe_Race_Highlights_2015.mp4, -1, -1, 54.0555555555556
ia-batch21/VM79_Eagle_Lake_Beach_Winter.mp4, -1, -1, 73.42424242424241
ia-batch21/Sherwood_City_Council_-_March_12_2012.mp4, -1, -1, 46.9189189189189
ia-batch21/youtube-iCxf38Anqig.mp4, -1, -1, 57.257142857142895
ia-batch21/Techbytes_2.0_-_Solid_State_Drives.mp4, -1, -1, 79.1842105263158
ia-batch21/youtube-Rf6kf6Ticdg.mp4, -1, -1, 70.8529411764706
ia-batch21/m20101215mak.mp4, -1, -1, 55.3611111111111
ia-batch21/The_City_Show_-_March_2013.mp4, -1, -1, 47.540540540540505
ia-batch21/Second_Visitors_Comments_032415.mp4, -1, -1, 62.5
ia-batch21/srctvmev-Standish_Town_Council_Meeting_9-27-11.mp4, -1, -1, 44.32352941176471
ia-batch21/youtube-zf60wDuT2VQ.mp4, -1, -1, 47.65
ia-batch21/mcmmd-Jill_Ortman-Fouse_to_Students_-_Remember_to_balance.mp4, -1, -1, 81.74358974358971
ia-batch21/youtube-3n6ZDpWDZ4U.mp4, -1, -1, 45.4571428571429
ia-batch21/vimeo-31173808.mp4, -1, -1, 54.94117647058821
ia-batch21/youtube-_L4QtkHFBLU.mp4, -1, -1, 66.8333333333333
ia-batch21/ThroughTheBible-English-131KingsByZacPoonen.mp4, -1, -1, 53.027027027026996
ia-batch21/ncgvtvca-Nevada_County_BOS_June_19_2018.mp4, -1, -1, 57.026315789473706
ia-batch21/Sprint_s_1_Million_Project.mp4, -1, -1, 78.4285714285714
ia-batch21/youtube-7AJyXQYGC38.mp4, -1, -1, 43.8918918918919
ia-batch21/mccmd-Vienna_Housing.mp4, -1, -1, 72.75
ia-batch21/The_Scituate_Garden_Club_s_2019_Plant_Sale.mp4, -1, -1, 61.6216216216216
ia-batch21/Osceola_County_Pets_of_the_Week_-_Oct._2-7_2014_-_Big_Boy_and_Delilah.mp4, -1, -1, 59.9444444444444
ia-batch21/Maple_Grove_girls_hoopsters_keep_shooting.mp4, -1, -1, 60.8378378378378
ia-batch21/youtube-LJQTpTljLz8.mp4, -1, -1, 51.5526315789474
ia-batch21/Nutmeg_TV_Fresh_Fruit_Fundraiser_-_The_Cake_Lady.mp4, -1, -1, 53.17142857142861
ia-batch21/youtube-XnL-CdmdzrU.mp4, -1, -1, 73.8787878787879
ia-batch21/ltvnh-Litchfield_School_Board_Meeting_-_Dec_10_2014.mp4, -1, -1, 50.235294117647115
ia-batch21/Mayor_Bob_Buckhorn_Recognizes_Asia_Fest_2011.mp4, -1, -1, 49.4473684210526
ia-batch21/Winter_Tree_Wrapping.mp4, -1, -1, 49.9714285714286
ia-batch21/Watsonville_City_Council_Meeting_January_14_2014_Part_2.mp4, -1, -1, 55.5
ia-batch21/Moore_City_Council_Oct._17_2016.mp4, -1, -1, 47.459459459459495
ia-batch21/Riverside_Church_-_Moses_-_Ability_to_Availability.mp4, -1, -1, 61.514285714285705
ia-batch21/Reinventing_Harmony_Place_-_Unveiling_the_Vision_5_31_16.mp4, -1, -1, 68.11428571428571
ia-batch21/youtube-xmZpv77pk8k.mp4, -1, -1, 46.342105263157904
ia-batch21/mv76gt3.mp4, -1, -1, 59.10526315789479
ia-batch21/Westin_Hotel_Tempe_Animation.mp4, -1, -1, 75.4857142857143
ia-batch21/SCTV_Presents_Gina_s_Scituate_360_Promo_4-4-14.mp4, -1, -1, 61.71428571428571
ia-batch21/Sh0w_Zer0_Pil0t_-_Let_s_Talk_Music.mp4, -1, -1, 50.472222222222214
ia-batch21/Mat_Time_With_Mark_2014-2015_Practice.mp4, -1, -1, 51.6470588235294
ia-batch21/lpama-St._Boniface_Mass_07.07.19.mp4, -1, -1, 61.8684210526316
ia-batch21/youtube-yP51RMCXII0.mp4, -1, -1, 58.1351351351352
ia-batch21/Paws_4_A_Cause.mp4, -1, -1, 68.8888888888889
ia-batch21/wtvma-Wareham_School_Committee_Meeting_2-28-2018_Part_1.mp4, -1, -1, 61.10256410256411
ia-batch21/Resolve_To_Be_Ready.mp4, -1, -1, 67.2571428571429
ia-batch21/Live_After_Five_Switchback.mp4, -1, -1, 53.0
ia-batch21/macsdca-Fallbrook_High_School.mp4, -1, -1, 42.6410256410256
ia-batch21/mctpa-Salvation_Army_-_Winter_2012.mp4, -1, -1, 50.027777777777786
ia-batch21/wbwma-2019-04-02_WB_Conservation_Commission.mp4, -1, -1, 45.8611111111111
ia-batch21/youtube-5u7HmVlkhEU.mp4, -1, -1, 48.4444444444444
ia-batch21/Meet_Your_New_London_Chamber_Member_Cap_Services.mp4, -1, -1, 59.921052631579
ia-batch21/youtube-hrLuOPj52hY.mp4, -1, -1, 52.1111111111111
ia-batch21/mctpa-Multiple_Sclerosis_Part_1.mp4, -1, -1, 44.24324324324329
ia-batch21/youtube-0_byIBiGWeg.mp4, -1, -1, 58.0294117647059
ia-batch21/Somerset_Berkley_vs_Bishop_Stang_Boys_Basketball_-_February_8_2016.mp4, -1, -1, 55.1666666666667
ia-batch21/The_Richmond_Senior_Center_-_Public_Service_Announcement.mp4, -1, -1, 70.1714285714286
ia-batch21/talkaoke-2008-07-01-make_your_mark-durham.mp4, -1, -1, 54.2162162162162
ia-batch21/youtube-5ldLzWLWwlo.mp4, -1, -1, 55.4
ia-batch21/Mo_omomi_Community_Beach_Cleanup_sponsored_by_Sustainable_Coastlines_Hawaii_-_August_1st_2015.mp4, -1, -1, 63.5
ia-batch21/NC_Works_Career_Center.mp4, -1, -1, 57.3714285714286
ia-batch21/Sugar_Rush_-_12SAQUAH_Students_Go_Beast_Mode_for_Skittles.mp4, -1, -1, 49.8611111111111
ia-batch21/The_A-List_-_Roz_Varon.mp4, -1, -1, 65.9444444444444
ia-batch21/pmpnc-Kidz_Newz_cg0afsgHp30.mp4, -1, -1, 78.7222222222222
ia-batch21/lpama-St._Boniface_Mass_10.28.18.mp4, -1, -1, 54.8181818181818
ia-batch21/lpama-Stations_of_the_Cross_04.19.19.mp4, -1, -1, 55.0571428571429
ia-batch21/youtube-UL5FA6PB7qA.mp4, -1, -1, 48.1351351351352
ia-batch21/Northwest_Board_of_Education_Meeting_of_December_10_2018.mp4, -1, -1, 55.459459459459495
ia-batch21/Wind_Turbine_and_Alternate_Energy_Committee_meeting_from_December_1_2014.mp4, -1, -1, 45.6388888888889
ia-batch21/Nekoosa_Football_vs_Columbus_9-12-14.mp4, -1, -1, 47.5833333333333
ia-batch21/Westborough_and_Whatnot_Blog.mp4, -1, -1, 56.0810810810811
ia-batch21/Pokey_LaFarge_Barcelona_Live_at_KDHX_08_04_16.mp4, -1, -1, 76.8157894736842
ia-batch21/Ste._Genevieve_Board_of_Aldermen_4_10_14.mp4, -1, -1, 49.3513513513514
ia-batch21/Spartans_Varsity_Field_Hockey_vs._Holyoke.mp4, -1, -1, 46.7575757575758
ia-batch21/PBC_TV_Presents_-_Neighborhood_Renaissance_Westgate_Replacement_Homes.mp4, -1, -1, 56.277777777777786
ia-batch21/STL_LIVE_Marygrove_10th_Annual_BLOOM_1_of_2.mp4, -1, -1, 53.9166666666667
ia-batch21/Media-Smart_Youth_Spring_2009_-_Survivor.mp4, -1, -1, 41.1142857142857
ia-batch21/MCC_10_28_15_-_Midcoast_Community_Council_Meeting_-_October_28_2015.mp4, -1, -1, 63.263157894736786
ia-batch21/youtube-uAVmm1UtsOY.mp4, -1, -1, 38.8571428571429
ia-batch21/North_Reading_Selectmen_Meeting_2_4_02_Part_2.mp4, -1, -1, 40.9473684210526
ia-batch21/Lincoln_Lancaster_County_Planning_Commission_August_19_2015_pt_1.mp4, -1, -1, 58.8378378378378
ia-batch21/youtube-xwjQRj8C7o0.mp4, -1, -1, 49.527777777777786
ia-batch21/mbtvmev-Robin_s_Flower_Pot_Family_Fun_Fall_Festival_PSA.mp4, -1, -1, 56.81578947368421
ia-batch21/The_Local_Music_Scene_14_-_Central_Ave_Drifter.mp4, -1, -1, 48.657894736842096
ia-batch21/Men_and_Women_in_Ministry_-_Episode_21.mp4, -1, -1, 57.3888888888889
ia-batch21/The_Sparta_Philharmonic.mp4, -1, -1, 49.63636363636361
ia-batch21/Rec_Room_-_October_6th_2014.mp4, -1, -1, 61.7027027027027
ia-batch21/Nora_Hussey_Retires.mp4, -1, -1, 68.82352941176471
ia-batch21/youtube-vsaCnGZ6qYo.mp4, -1, -1, 2.44827586206897
ia-batch21/News_Conference_-_State_Basketball.mp4, -1, -1, 64.7435897435898
ia-batch21/punkcast1081.mp4, -1, -1, 45.71428571428571
ia-batch21/nwctc-Brooklyn_Center_Mayor_s_Minutes_8-5-19.mp4, -1, -1, 79.5641025641026
ia-batch21/MD_Electoral_College.mp4, -1, -1, 54.0810810810811
ia-batch21/NHS_Football_vs_Triton_October_11_2013.mp4, -1, -1, 48.736842105263214
ia-batch21/yt-DarKFoXSL.mp4, -1, -1, 43.43243243243239
ia-batch21/youtube-_XCu_ubt2b0.mp4, -1, -1, 54.3055555555556
ia-batch21/youtube-Nh3ryih4rgU.mp4, -1, -1, 45.864864864864906
ia-batch21/youtube-UC5TfiLZJ2g.mp4, -1, -1, 44.684210526315795
ia-batch21/youtube-7fy0vGB5kdM.mp4, -1, -1, 58.6315789473684
ia-batch21/rtvma-Revere_Senior_News_46_June_2019.mp4, -1, -1, 75.41025641025641
ia-batch21/mctpa-Jefferson_Society_-_Perry_2000.mp4, -1, -1, 49.2
ia-batch21/Valley_Health_Alliance_Launch.mp4, -1, -1, 65.1025641025641
ia-batch21/Russel_Terriers_1-7-14.mp4, -1, -1, 58.277777777777786
ia-batch21/Pets_Personalities_on_Parade_October_4_2017.mp4, -1, -1, 52.972222222222214
ia-batch21/Northampton_School_Committee_7_13_16.mp4, -1, -1, 58.1111111111111
ia-batch21/youtube-OOetep7fGFE.mp4, -1, -1, 61.9714285714286
ia-batch21/Wrestling_201901.mp4, -1, -1, 51.17142857142861
ia-batch21/Longmont_City_Council_Regular_Session_for_021616.mp4, -1, -1, 47.8888888888889
ia-batch21/MeetCleaverTheatreIronmaster.mp4, -1, -1, 52.8888888888889
ia-batch21/rptv1on-GIRL_TALK_-_RESILIENCE.mp4, -1, -1, 71.3684210526316
ia-batch21/Movies_That_Time_Forgot_-_Public_Domain_Classics_--_COMING_SOON.mp4, -1, -1, 56.0
ia-batch21/PT3AmericaIsNotOurRest.mp4, -1, -1, 57.7837837837838
ia-batch21/wcatwma-Italian_Festival_2012.mp4, -1, -1, 48.31428571428571
ia-batch21/youtube-U_tyq-6D9-s.mp4, -1, -1, 57.1111111111111
ia-batch21/SCVTV.com_11_15_2010_Supv._Mike_Antonovich_-_Dedication_of_Fa.mp4, -1, -1, 54.1944444444444
ia-batch21/youtube-lWvP7GDO_f8.mp4, -1, -1, 62.4444444444444
ia-batch21/Planning_Zoning_Commission_March_21st_2018.mp4, -1, -1, 57.235294117647115
ia-batch21/Lydia_Sylvia.mp4, -1, -1, 77.8333333333333
ia-batch21/youtube-hmxUNrgbk7M.mp4, -1, -1, 57.264705882352885
ia-batch21/Patrick_Stump_Performs_at_Foodstock_2009.mp4, -1, -1, 54.972972972973004
ia-batch21/youtube-Qm2ZKUoJ34U.mp4, -1, -1, 70.8181818181818
ia-batch21/Moore_Business_Spotlight_March_2011.mp4, -1, -1, 47.512820512820504
ia-batch21/youtube-2fjyFYth58.mp4, -1, -1, 63.972222222222214
ia-batch22/ZHB_2-18-10.mp4, -1, -1, 52.1470588235294
ia-batch22/Recognition_of_Aviation_Employees.mp4, -1, -1, 49.514285714285705
ia-batch22/Memorial_Day_Celebration_2016.mp4, -1, -1, 59.70588235294121
ia-batch22/Westford_Board_of_Selectmen_Meeting_-_07_12_2016.mp4, -1, -1, 49.9375
ia-batch22/March_19_2015_-_ZBA.mp4, -1, -1, 46.026315789473706
ia-batch22/youtube-9rdR_XBj030.mp4, -1, -1, 46.514285714285705
ia-batch22/youtube-rJzKDbnXyH0.mp4, -1, -1, 66.3333333333333
ia-batch22/youtube-dBrDNbTDfXI.mp4, -1, -1, 46.5833333333333
ia-batch22/mccmd-Salute_to_County_Executive_Ike_Leggett.mp4, -1, -1, 78.5714285714286
ia-batch22/youtube-CyPozP2-2kc.mp4, -1, -1, 57.4
ia-batch22/TGC_Weather_Update_Jan._18th-_24th.mp4, -1, -1, 69.2285714285714
ia-batch22/Sherborn_Board_of_Health_Meeting_Aug_15_2018.mp4, -1, -1, 58.5428571428571
ia-batch22/PSA_Restore_Make_A_Volunteer_Out_Of_You.mp4, -1, -1, 52.29411764705879
ia-batch22/TotalHalibut-1718_20111130.mp4, -1, -1, 66.3030303030303
ia-batch22/youtube-y78zS9SXR0M.mp4, -1, -1, 73.5142857142857
ia-batch22/m20111019mak.mp4, -1, -1, 53.222222222222214
ia-batch22/youtube-6glEElrVAtk.mp4, -1, -1, 57.71428571428571
ia-batch22/youtube-caCnKIEhj1s.mp4, -1, -1, 65.7222222222222
ia-batch22/WillAntifaTryToStopAnnCoulterSomeAnarchistsHaveColdFeet.mp4, -1, -1, 63.2162162162162
ia-batch22/SCTV_Visits_Scituate_s_historic_Bates_House.mp4, -1, -1, 55.03125
ia-batch22/Our_Missoula_Update_09-28-2015.mp4, -1, -1, 68.2894736842105
ia-batch22/youtube-pAm94dvnyEQ.mp4, -1, -1, 68.9090909090909
ia-batch22/News_Conference_-_Residents_with_New_Roofs_Urged_to_Check_Venting.mp4, -1, -1, 74.9722222222222
ia-batch22/wrokmi-Dave_Hamilton_Band_Free_Will_Live_in_Royal_Oak.mp4, -1, -1, 51.9117647058824
ia-batch22/lwcatma-Authors_on_the_Road-The_Map_of_True_Places-Brunonia_Barry.mp4, -1, -1, 63.4864864864865
ia-batch22/lpama-St.Boniface_Mass_03.04.18.mp4, -1, -1, 57.9393939393939
ia-batch22/youtube-1sLQzDMwihM.mp4, -1, -1, 77.5588235294118
ia-batch22/mbtvmev-Summerfest.mp4, -1, -1, 57.2727272727273
ia-batch22/sh_reda_almorsi_somaal.mp4, -1, -1, 48.1388888888889
ia-batch22/youtube-7pdMQj_w-Rc.mp4, -1, -1, 64.8684210526316
ia-batch22/youtube-kNgmNgqN1ys.mp4, -1, -1, 53.3714285714286
ia-batch22/youtube-3tj-Pu6sBUo.mp4, -1, -1, 54.972222222222214
ia-batch22/Ste._Genevieve_Mo_Board_of_Aldermen_7_14_16.mp4, -1, -1, 54.5555555555556
ia-batch22/lwcatma-Books_Authors_310_Ursula_Furi-Perry_1-26-17.mp4, -1, -1, 63.085714285714296
ia-batch22/What_s_Up_Boulder_2018.mp4, -1, -1, 69.6571428571429
ia-batch22/OSWALDTHELUCKYRABBITSeriesCollectionBeachCombers1936.mp4, -1, -1, 52.3714285714286
ia-batch22/Summit_County_Animal_Shelter_Pets_of_the_Week_December_30_3016.mp4, -1, -1, 69.0588235294118
ia-batch22/Nature_Notes_-_Cottonwood_Trees.mp4, -1, -1, 50.428571428571395
ia-batch22/youtube-WppPBlZ05Lo.mp4, -1, -1, 58.6486486486487
ia-batch22/MCC_3_8_16_-_Midcoast_Community_Council_Meeting_-_March_8_2016.mp4, -1, -1, 67.0
ia-batch22/Open_Culture_-_The_Many_Sides_of_John_Doe.mp4, -1, -1, 47.842105263157904
ia-batch22/New_Food_at_the_MN_State_Fair.mp4, -1, -1, 78.0
ia-batch22/youtube-bQ0d8PsKGhs.mp4, -1, -1, 80.9189189189189
ia-batch22/Wareham_Conservation_Commission_Meeting_10-18-2017.mp4, -1, -1, 54.263157894736786
ia-batch22/youtube-U7CNU6OknBU.mp4, -1, -1, 53.31428571428571
ia-batch22/tctvoh-Patspraze_Gospel_Music_03_06_16.mp4, -1, -1, 45.0294117647059
ia-batch22/youtube-nV_s2pxPC-4.mp4, -1, -1, 66.3888888888889
ia-batch22/uptv6il-Urbana_School_District_116_Board_of_Education_8-6-19.mp4, -1, -1, 50.43243243243239
ia-batch22/stgenmo-PLC_Consultants_replace_power_pole_in_Ste._Genevieve_Mo_11_08_18.mp4, -1, -1, 53.0
ia-batch22/npctv-Hub88_Hosts_5G_Networks_Workshop.mp4, -1, -1, 74.62162162162159
ia-batch22/Planning_Board_-_January_17_2017.mp4, -1, -1, 62.7714285714286
ia-batch22/youtube-S_yXC3q1Ln0.mp4, -1, -1, 61.5151515151515
ia-batch22/Video_as_a_Weapon_II.mp4, -1, -1, 44.6315789473684
ia-batch22/Maintenance_Moment_Leaf_Pickup_0txvsv9fT0E.mp4, -1, -1, 71.4848484848485
ia-batch22/Spartans_Boys_Varsity_Soccer_vs._Commerce-_Western_Mass_Playoffs.mp4, -1, -1, 55.7297297297297
ia-batch22/ucberkeley_webcast_M3Q5B2a9h5A.mp4, -1, -1, 46.8484848484849
ia-batch22/NPS_-_Santa_Barbara_Channelkeepers_-_Vintage_TVSB.mp4, -1, -1, 51.5
ia-batch22/Pitt_County_Municipal_Minute_-_Farmville.mp4, -1, -1, 53.9459459459459
ia-batch22/youtube-ItCYzwPkiDY.mp4, -1, -1, 48.3529411764706
ia-batch22/pacmd-University_of_Maryland_Extension_Financial_Education.mp4, -1, -1, 78.0571428571429
ia-batch22/youtube-LacHVggZXv8.mp4, -1, -1, 45.74285714285711
ia-batch22/youtube-Gdv4Lw59x_8.mp4, -1, -1, 53.59459459459461
ia-batch22/Welcome_Home_DeKalb_Debut.mp4, -1, -1, 63.0285714285714
ia-batch22/youtube-KDv3kBa2X2Q.mp4, -1, -1, 49.8055555555556
ia-batch22/Trojans_take_overtime_match.mp4, -1, -1, 65.0
ia-batch22/youtube-FiEAG7LtdF0.mp4, -1, -1, 48.8
ia-batch22/mctvca-The_Kids_Zone_-_2018_Millbrae_Art_Wine_Festival.mp4, -1, -1, 72.7647058823529
ia-batch22/reign_343.mp4, -1, -1, 57.428571428571395
ia-batch22/Medfield_Warrior_Boys_Volleyball_vs_Wachusett_-_MIAA_6_13.mp4, -1, -1, 39.4117647058824
ia-batch22/youtube-60lmDCGgW9k.mp4, -1, -1, 60.5135135135135
ia-batch22/Pitt_County_Hurricane_Irene_FEMA_assistance_deadline_extension.mp4, -1, -1, 51.71875
ia-batch22/youtube-3Q6Ve6KVrJk.mp4, -1, -1, 52.8571428571429
ia-batch22/TheSpongeBobSquarepantsThemeSong.mp4, -1, -1, 62.44117647058821
ia-batch22/youtube-Rg_Sk69m8Jk.mp4, -1, -1, 72.42424242424241
ia-batch22/Missoula_City_Band_2013_4.mp4, -1, -1, 56.277777777777786
ia-batch22/Los_Altos_vs_Mountain_View_Junior_Varsity_Basketball.mp4, -1, -1, 42.8571428571429
ia-batch22/ucberkeley_webcast_MlXNgqNLM14.mp4, -1, -1, 46.4473684210526
ia-batch22/youtube-38UyvQV7fSY.mp4, -1, -1, 45.236842105263214
ia-batch22/uptv6il-Restoration_Urban_Ministries_-_Episode_173.mp4, -1, -1, 59.9166666666667
ia-batch22/McFarland_Firecracker_Fun_Run.mp4, -1, -1, 66.8333333333333
ia-batch22/Plugging_the_Digital_Divide.mp4, -1, -1, 58.0294117647059
ia-batch22/Your_Turn_-_Survival_of_Seniors_-_Spirituality.mp4, -1, -1, 39.085714285714296
ia-batch22/THESELATINTRIBES.mp4, -1, -1, 76.4864864864865
ia-batch22/youtube-GWhQhViPTu0.mp4, -1, -1, 56.5428571428572
ia-batch22/NazisCrushPoland.mp4, -1, -1, 36.6388888888889
ia-batch22/Shelby_This_Week_6.13.2014.mp4, -1, -1, 63.3823529411765
ia-batch22/youtube-zFoevGmvYqw.mp4, -1, -1, 38.027027027027
ia-batch22/Maple_Grove_topples_Osseo_in_boys_basketball.mp4, -1, -1, 48.8823529411765
ia-batch22/youtube-siM8tk9FnpE.mp4, -1, -1, 42.3823529411765
ia-batch22/macsdca-The_Texan_Connection_of_Chula_Vista.mp4, -1, -1, 54.05882352941179
ia-batch22/Tea_Party_9.11.17.mp4, -1, -1, 74.69444444444441
ia-batch22/zsombormegmagyarazzaamegmagyarazhatatlant20191217.mp4, -1, -1, 54.027027027026996
ia-batch22/Monthly_Meeting_09-22-14.mp4, -1, -1, 60.125
ia-batch22/Medfield_Selectmen_11-17-2015.mp4, -1, -1, 54.0571428571429
ia-batch22/wtvma-Wareham_Housing_Authority_Meeting_8-29-2018.mp4, -1, -1, 59.1666666666667
ia-batch22/youtube-w_Cex8lZ2FQ.mp4, -1, -1, 53.538461538461505
ia-batch22/Maple_Mountain_vs_Corner_Canyon_Boys_Basketball_3.mp4, -1, -1, 71.8888888888889
ia-batch22/youtube-3pT3k5Nk6ls.mp4, -1, -1, 52.55882352941179
ia-batch22/youtube-EZOebiHNApY.mp4, -1, -1, 66.81081081081078
ia-batch22/pctca-CCWD_5_14_19_-_Coastside_County_Water_District_Meeting_-_May_14_2019.mp4, -1, -1, 50.512820512820504
ia-batch22/Service_Awards_Ceremony_-_July_21_2014.mp4, -1, -1, 51.75
ia-batch22/Your_Friends_and_Neighbors_206-Flyin_Ryan_Scutt.mp4, -1, -1, 64.24242424242429
ia-batch22/lpama-PlanningBoardMeeting070215.mp4, -1, -1, 51.68571428571429
ia-batch22/Maria_Velasquez_-_Conquistadora_-_1528.mp4, -1, -1, 69.4848484848485
ia-batch22/Soldier_Homecoming_-_Andrew_and_Ryan_Griffin.mp4, -1, -1, 55.0
ia-batch22/Present_-_Aztec_Dancers_at_Indian_Canyon.mp4, -1, -1, 49.74285714285711
ia-batch22/youtube-0XE4CYlQ_es.mp4, -1, -1, 52.0
ia-batch22/Whitman_Selectmen_August_6_2019.mp4, -1, -1, 56.235294117647115
ia-batch22/youtube-qjGSGhDnw1E.mp4, -1, -1, 71.08571428571429
ia-batch22/wtvnj-The_Best_Talks_Around_-_Recycling_by_Dennis_Henry.mp4, -1, -1, 73.97142857142859
ia-batch22/youtube-fycA8TENTjc.mp4, -1, -1, 43.8787878787879
ia-batch22/youtube-REas1F_gR9Y.mp4, -1, -1, 66.0588235294118
ia-batch22/Sevastopol_Turkey_Trot_2011.mp4, -1, -1, 57.56410256410261
ia-batch22/SportsDesk_18.10_PART_4.mp4, -1, -1, 52.94117647058821
ia-batch22/Your_Courthouse_at_Work_-_Veterans_Court.mp4, -1, -1, 57.31578947368421
ia-batch22/Winchester_-_Bats_Under_Attack_-_Threats_to_the_Wisconsin_Bat_Population.mp4, -1, -1, 61.6111111111111
ia-batch22/youtube-RnrS7JWqUY0.mp4, -1, -1, 72.5588235294118
ia-batch22/Medfield_Warrior_Girls_Volleyball_vs_Medway_9_13.mp4, -1, -1, 46.2285714285714
ia-batch22/youtube-go3fszOfbvQ.mp4, -1, -1, 52.88571428571429
ia-batch22/pmpc-Zebulon_Board_Meeting_qKCpdJ61UYc.mp4, -1, -1, 47.32352941176471
ia-batch22/Scituate_Zoning_Board_Meeting_8-15-13.mp4, -1, -1, 49.63636363636361
ia-batch22/wrokmi-Royal_Oak_Memorial_Day_Parade_2000.mp4, -1, -1, 46.9714285714286
ia-batch22/youtube-iCbLD3LkKQ8.mp4, -1, -1, 57.1428571428571
ia-batch22/Timelapse_TRSD_7th_Annual_Health_Fair.mp4, -1, -1, 55.82352941176471
ia-batch22/wtvma-Good_Morning_Wareham_53.mp4, -1, -1, 62.9714285714286
ia-batch22/youtube-FK1ulHB-AFk.mp4, -1, -1, 56.5882352941177
ia-batch22/What_s_Happening_Waupaca_9_20_-_Recovery_Coaching.mp4, -1, -1, 56.257142857142895
ia-batch22/spanishrevolution-Visita_a_los_bancos_acampadavigo_www_keepvid_com_mp4-xS1uNBDDl1A.mp4, -1, -1, 54.842105263157904
ia-batch22/Sunderland_Selectboard_-_February_29_2016.mp4, -1, -1, 49.405405405405396
ia-batch22/Ste._Genevieve_Board_of_Aldermen_4_25_13.mp4, -1, -1, 53.0285714285714
ia-batch22/wbwma-War_Memorial_Park_Chirstmas_Lights.mp4, -1, -1, 51.1111111111111
ia-batch22/vf_gdc09_onlive_3500.mp4, -1, -1, 69.0
ia-batch22/The_Better_Part_-_The_Final_Harvest.mp4, -1, -1, 49.3684210526316
ia-batch22/Whitman_Hanson_School_Committee_Meeting._September_18_2019.mp4, -1, -1, 49.1621621621622
ia-batch22/Paksy_Plackis-Cheng_on_GCTV_with_Bill_Miller.mp4, -1, -1, 78.8157894736842
ia-batch22/youtube-5DWGg0QJXBU.mp4, -1, -1, 65.0285714285714
ia-batch22/North_Reading_Town_Meeting_10_5_09_Part_5.mp4, -1, -1, 42.8648648648649
ia-batch22/Monona_City_Council_6_20_16.mp4, -1, -1, 44.6470588235294
ia-batch22/youtube-zHeqnCV3AWs.mp4, -1, -1, 43.82857142857139
ia-batch22/STL_TV_LIVE_-_JPEK_Creative_Works.mp4, -1, -1, 59.1944444444444
ia-batch22/STL_LIVE_Downtown_St._Louis_Neighborhood_1_of_2.mp4, -1, -1, 59.969696969697
ia-batch22/Scituate_Planning_Board_Meeting_2-22-18.mp4, -1, -1, 53.7714285714286
ia-batch22/youtube-f0d9YxsLupE.mp4, -1, -1, 61.4242424242424
ia-batch22/mactvmiv-Farmers_Market.mp4, -1, -1, 69.5405405405406
ia-batch22/Massive_Resistance_in_Norfolk_-_Civil_Rights_Norfolk_17.mp4, -1, -1, 45.846153846153896
ia-batch22/That_Aint_Right_-_Hijacked_Hum.mp4, -1, -1, 53.71428571428571
ia-batch22/youtube-Ko4k-OuAxLc.mp4, -1, -1, 42.6216216216216
ia-batch22/pmpc-East_Wake_News_bH61rAv1dRs.mp4, -1, -1, 49.1081081081081
ia-batch22/natma-Becca_Rausch.mp4, -1, -1, 56.9473684210526
ia-batch22/MCC_10_1_13_Part_1_-_Midcoast_Community_Council_Meeting_-_October_1_2013.mp4, -1, -1, 55.43243243243239
ia-batch22/vimeo-45417144.mp4, -1, -1, 59.9655172413793
ia-batch22/Middlebury_Five-O_-_Matt_Ready.mp4, -1, -1, 59.8
ia-batch22/LPSB_Regular_06_17_2015.mp4, -1, -1, 52.67647058823529
ia-batch22/May_28_2015_-_Committee_of_the_Whole.mp4, -1, -1, 60.17142857142861
ia-batch22/Project_Place_Lunch.mp4, -1, -1, 60.914285714285704
ia-batch22/wtvma-Good_Morning_Wareham_Episode_20.mp4, -1, -1, 61.7567567567568
ia-batch22/youtube--otfv2B9owg.mp4, -1, -1, 45.1944444444444
ia-batch22/Pupia-TlcTg26Aprile2011820.mp4, -1, -1, 41.3888888888889
ia-batch22/Spotlight_on_the_Arts_-_Ep.11_-_Don_Gorvett.mp4, -1, -1, 42.52777777777779
ia-batch22/youtube-QBIfjDSdm0I.mp4, -1, -1, 57.972222222222214
ia-batch22/Lynne_Damianos_-_Damianos_Photography.mp4, -1, -1, 72.75
ia-batch22/Pedestrian_Safety_2006.mp4, -1, -1, 50.0833333333333
ia-batch22/YourSCV.com_2010_Santa_Clarita_Festival_of_the_Arts_by_Lel.mp4, -1, -1, 49.5833333333333
ia-batch22/mmnma-Why_buy_an_Electric_Vehicle.mp4, -1, -1, 81.6176470588236
ia-batch22/paintinblack_201912.mp4, -1, -1, 59.32352941176471
ia-batch22/North_Reading_School_Committee_Meeting_11_13_07_Part_9.mp4, -1, -1, 52.31428571428571
ia-batch22/youtube-6tcJJC0q8TM.mp4, -1, -1, 52.972972972973004
ia-batch22/Nov._6_Bond_Question_to_Protect_Huntington_from_Flooding.mp4, -1, -1, 59.9166666666667
ia-batch22/Motorcycle_Theft_Prevention.mp4, -1, -1, 55.28571428571429
ia-batch22/youtube-yzFE3Ls5tAs.mp4, -1, -1, 66.5588235294118
ia-batch22/Plan_Commission_9_14_15.mp4, -1, -1, 46.1111111111111
ia-batch22/WhereAreTheJoneses_793.mp4, -1, -1, 57.9230769230769
ia-batch22/TwoWhiteAustraliansRaciallyAttackedA77YrsOldAboriginalElderTheyYelledAtHimOhBroWereInAboLand.HoldOn.mp4, -1, -1, 64.0
ia-batch22/youtube-Y__LuZEPkbk.mp4, -1, -1, 42.4324324324324
ia-batch22/Taste_of_the_Gables_-_Kick-off_Event_for_Coral_Gables_Restaurant_Week_2014.mp4, -1, -1, 61.57142857142861
ia-batch22/North_Reading_MA_Select_Board_Meeting_07_23_18.mp4, -1, -1, 51.6944444444444
ia-batch22/The_2006_College_Fair_-_Williamson_County_-_Good_News_Break_WC-TV_Archives.mp4, -1, -1, 54.1944444444444
ia-batch22/VjSteveg-Halloween3.mp4, -1, -1, 36.0882352941176
ia-batch22/rangolikarnatakalinetypesteps28.mp4, -1, -1, 61.6111111111111
ia-batch22/untvmi-The_Briefing_Room_7_18_13.mp4, -1, -1, 60.810810810810786
ia-batch22/Santa_Cruz_Reads_-_Depression_Era_Composers.mp4, -1, -1, 68.4594594594595
ia-batch22/SportsDesk_26.10_PART_1.mp4, -1, -1, 48.363636363636395
ia-batch22/NAR_Nuts_About_Reading_Fundraiser_8-18-16.mp4, -1, -1, 57.34285714285711
ia-batch22/uptv6il-Mark_in_the_Park_-_Urbana_Indoor_Aquatic_Center.mp4, -1, -1, 72.8709677419355
ia-batch22/Mt._Airy_Chili_Cook-Off_2015.mp4, -1, -1, 56.17647058823529
ia-batch22/Spotlight_3_21_12_-_Interview_with_director_and_cast_of_The_Vagina_Monologues.mp4, -1, -1, 51.472222222222214
ia-batch22/MACO_Conference.mp4, -1, -1, 75.0909090909091
ia-batch22/youtube-LX63GeCnfrM.mp4, -1, -1, 73.4871794871795
ia-batch22/Lucky_Dan_and_Naked_Mike_Cora_Lee_Live_at_KDHX_2_20_10_HD.mp4, -1, -1, 64.0588235294118
ia-batch22/SwamiSatyanandaSaraswatiPresentspronunciationAndChandiSamputs2.mp4, -1, -1, 66.2432432432432
ia-batch22/With_Jeff_Episode_7.mp4, -1, -1, 62.3823529411765
ia-batch22/TyphoonMariaMakesLandfallInSEChina.mp4, -1, -1, 58.189189189189214
ia-batch22/youtube-o2LD0hZRTCk.mp4, -1, -1, 58.88571428571429
ia-batch22/youtube-vPqKkhP1Fo4.mp4, -1, -1, 43.75
ia-batch22/youtube-asEgQZhShLk.mp4, -1, -1, 48.0
ia-batch22/lpama-Nahum_Gardner_Hazard_Presentation_-_Lunenburg_Library.mp4, -1, -1, 51.0789473684211
ia-batch22/On_the_Rise_with_Nahjee_Grant_and_Guest_Heather_Turner.mp4, -1, -1, 65.6857142857143
ia-batch22/The_Video_Sports_Page_1147.mp4, -1, -1, 52.74285714285711
ia-batch22/Police_Investigate_Double_Homicide_in_Montgomery_Village.mp4, -1, -1, 67.2162162162162
ia-batch22/youtube-fVBo4wbOkd0.mp4, -1, -1, 62.74285714285711
ia-batch22/Selectmen_Meeting_-_July_26_2018.mp4, -1, -1, 65.4722222222222
ia-batch22/youtube-PqPbJ9rCNZQ.mp4, -1, -1, 56.17142857142861
ia-batch22/Torrance_Veterans_Memorial_-_Memorial_Day_2012_Remembrance_-_Centennial_Event_30.12.mp4, -1, -1, 51.769230769230795
ia-batch22/SU_on_Air_with_the_Center_for_Extended_and_Lifelong_Learning.mp4, -1, -1, 64.6756756756757
ia-batch22/National_Overdose_Awareness_Day.mp4, -1, -1, 58.55882352941179
ia-batch22/youtube-Aht1DA_Q-zk.mp4, -1, -1, 43.2432432432432
ia-batch22/tctvbc-May_Day_Opening_pt_2.mp4, -1, -1, 52.394736842105296
ia-batch22/teli1ns-Arichat_auto_parts.mp4, -1, -1, 58.60526315789479
ia-batch22/National_Preparedness_PSA.mp4, -1, -1, 56.31578947368421
ia-batch22/youtube-aeeqEiz3vfE.mp4, -1, -1, 63.7575757575758
ia-batch22/Manufacturing_Day_2014.mp4, -1, -1, 45.459459459459495
ia-batch22/Today_s_Veteran_-_Polk_Works.mp4, -1, -1, 58.5833333333333
ia-batch22/Mayor_Furey_-_City_of_Torrance.mp4, -1, -1, 60.777777777777786
ia-batch22/Madison_City_Council_10-3-17.mp4, -1, -1, 49.0
ia-batch22/youtube-CbbJM0bCfHU.mp4, -1, -1, 67.4857142857143
ia-batch22/Ribbon_Cutting_at_Galaxy_Apartments_Enhances_A_Revitalized_Silver_Spring.mp4, -1, -1, 67.3030303030303
ia-batch22/patvny-PATV_LIE_-_Episode_1_Full_Episode.mp4, -1, -1, 70.969696969697
ia-batch22/Mahalovideogames-Fear2WalkthroughClimaxPartTwo575.mp4, -1, -1, 48.0
ia-batch22/YouTubeVideos4.mp4, -1, -1, 67.3513513513513
ia-batch22/This_Week_in_Ames_n2pumpKlIjk.mp4, -1, -1, 77.45714285714291
ia-batch22/Pets_of_the_Week_-_May_21st_2015.mp4, -1, -1, 68.0277777777778
ia-batch22/rectvma-Get_Down_Music_Video.mp4, -1, -1, 47.3055555555556
ia-batch22/PSA_for_National_Night_Out.mp4, -1, -1, 53.722222222222214
ia-batch22/Meet_the_Sculptors_-_Leonardo_Ugolini.mp4, -1, -1, 73.8611111111111
ia-batch22/NwrtEpisode5TheLostEpisode.mp4, -1, -1, 46.5833333333333
ia-batch22/youtube-OrXwqtuAFi8.mp4, -1, -1, 42.1428571428571
ia-batch22/Manchester_Spring_Fest_2013.mp4, -1, -1, 48.3783783783784
ia-batch22/Wildcat_Creek_-_October_2016.mp4, -1, -1, 71.6486486486487
ia-batch22/PCN_Run_for_1_Results.mp4, -1, -1, 40.3888888888889
ia-batch22/Meet_the_Merchant_-_Plush_Horse.mp4, -1, -1, 57.20588235294121
ia-batch22/Mayor_s_Press_Conference_1_10_2018.mp4, -1, -1, 65.7272727272727
ia-batch22/Mayor_s_Arts_Awards_2017_-_Hildegard_Center_for_the_Arts.mp4, -1, -1, 72.15625
ia-batch23/Oshkosh_Common_Council_February_24_2015.mp4, -1, -1, 60.235294117647115
ia-batch23/youtube-JHL2os8NsLI.mp4, -1, -1, 45.1176470588235
ia-batch23/vimeo-27590838.mp4, -1, -1, 64.8333333333333
ia-batch23/McAllen_News_Update_3.mp4, -1, -1, 60.857142857142804
ia-batch23/youtube-64BL_-3q_yo.mp4, -1, -1, 33.4857142857143
ia-batch23/youtube-VqNsl3FpISM.mp4, -1, -1, 46.79411764705879
ia-batch23/PBS_Bulldog_Pride_2014.mp4, -1, -1, 63.15625
ia-batch23/youtube-IT-4-9oIz9c.mp4, -1, -1, 47.2285714285714
ia-batch23/youtube-C7kFoivWV1w.mp4, -1, -1, 62.1388888888889
ia-batch23/Middlebury_Selectboard_Meeting_7_11_17.mp4, -1, -1, 53.1212121212121
ia-batch23/vctv7bc-Valemount_Live_Ep_15-6_Girls_Basketball.mp4, -1, -1, 48.8823529411765
ia-batch23/youtube-HPlMUnwTWnw.mp4, -1, -1, 25.388888888888893
ia-batch23/stvma-A_Snow_Storm_in_Stow_-_January_2011.mp4, -1, -1, 63.1111111111111
ia-batch23/Portage_County_Matters_-_Episode_4.mp4, -1, -1, 62.5
ia-batch23/youtube-Z6Dr1dThVb4.mp4, -1, -1, 60.9444444444444
ia-batch23/Salt_Wife.mp4, -1, -1, 58.3783783783784
ia-batch23/Update_on_Swine_Flu_Prep_for_Boston.mp4, -1, -1, 63.787878787878796
ia-batch23/New_Traffic_Signal_at_Flat_Shoals_Pkwy..mp4, -1, -1, 50.085714285714296
ia-batch23/mnnnyv-NBLCA_s_Health_Action_TV_-_Women_s_Heart_Health.mp4, -1, -1, 77.7567567567568
ia-batch23/Waterloo_City_Council_Meeting_-_Monday_April_6.mp4, -1, -1, 47.81578947368421
ia-batch23/tctvma-Phillipston_Town_Meeting_of_May_8_2019.mp4, -1, -1, 60.1666666666667
ia-batch23/Men_and_Women_in_Ministry_-_Episode_14.mp4, -1, -1, 53.0
ia-batch23/youtube-mY7dvznRK6w.mp4, -1, -1, 62.0833333333333
ia-batch23/Showing_and_breeding_golden_retrievers_fun_exercises_and_training_for_your_dog._10-27-17.mp4, -1, -1, 64.0555555555556
ia-batch23/Planning_Board_05_16_13.mp4, -1, -1, 49.17142857142861
ia-batch23/North_Reading_MA_School_Committee_Meeting_4_29_13.mp4, -1, -1, 53.9117647058824
ia-batch23/Magical_Pony_Show.mp4, -1, -1, 59.1470588235294
ia-batch23/mactvmiv-Easter_Events_Promo.mp4, -1, -1, 69.1714285714286
ia-batch23/Made_in_Montgomery_11.mp4, -1, -1, 68.67647058823529
ia-batch23/Sean_West_at_Rosemont_College_MFA_Reading_with_Carla_Spataro.mp4, -1, -1, 59.8055555555556
ia-batch23/Mandi_Brooks.mp4, -1, -1, 61.84375
ia-batch23/Our_City_-_Neptune_Ambrose_11-31-11.mp4, -1, -1, 56.75
ia-batch23/Marching_Band_Prep.mp4, -1, -1, 50.53125
ia-batch23/Live_Love_Give_Charity_Dance_2019.mp4, -1, -1, 54.43243243243239
ia-batch23/youtube-ZQB79wRI_aE.mp4, -1, -1, 39.8648648648648
ia-batch23/S1E3_-_RAHD_and_Welsh_U.mp4, -1, -1, 53.722222222222214
ia-batch23/Marc_Chasse_Gary_Dumond_1h_51m_11s.mp4, -1, -1, 54.0555555555556
ia-batch23/Sherborn_Board_of_Health_Meeting_Sept_19_2018.mp4, -1, -1, 62.9444444444444
ia-batch23/SOMAtv_-_Simon_Says_-_On_The_Mark_-_December_13th_2011.mp4, -1, -1, 47.657142857142894
ia-batch23/slpmn-Country_Music_Jam_at_LenoxCC_5-1-2019_pt2_--_ParkTV15.mp4, -1, -1, 68.6857142857143
ia-batch23/Taste_of_Mercy_-_Fresh_Vegetables.mp4, -1, -1, 62.5
ia-batch23/The_Traveling_Epicurean_-_Lobster_Mac_and_Cheese_Crepes_101.mp4, -1, -1, 58.8333333333333
ia-batch23/Portage_County_Matters_-_Episode_21.mp4, -1, -1, 58.8918918918919
ia-batch23/North_Reading_School_Committee_Meeting_4_14_08_Part_8.mp4, -1, -1, 55.47368421052629
ia-batch23/youtube-Rudypwm_1lM.mp4, -1, -1, 69.8333333333333
ia-batch23/Weekend_Showcase_-_Shrek_the_Musical.mp4, -1, -1, 63.9117647058824
ia-batch23/youtube-wGXyNOcv3Xk.mp4, -1, -1, 47.8571428571429
ia-batch23/youtube-evHMEhOtkUo.mp4, -1, -1, 68.7575757575758
ia-batch23/Norfolk_Santa_Parade_December_12_1989.mp4, -1, -1, 39.742857142857105
ia-batch23/youtube-bsK2S8x-sOE.mp4, -1, -1, 36.270270270270295
ia-batch23/youtube-kUPvqeYBKrI.mp4, -1, -1, 57.24324324324329
ia-batch23/Shaftsbury_Select_Board_-_11_3_14.mp4, -1, -1, 61.3529411764706
ia-batch23/youtube-wzUG9dl-bIc.mp4, -1, -1, 36.363636363636395
ia-batch23/Senior_Center_Playground.mp4, -1, -1, 47.68571428571429
ia-batch23/ncgvtvca-One_Source.mp4, -1, -1, 77.1111111111111
ia-batch23/The_Power_of_One_-_Season_1_-_Ep._12.mp4, -1, -1, 50.1944444444444
ia-batch23/stgenmo-Ste._Genevieve_Mo_Board_of_Aldermen_4_12_18.mp4, -1, -1, 46.9444444444444
ia-batch23/youtube-g5aSHw6T07k.mp4, -1, -1, 43.277777777777786
ia-batch23/Sports_Den_S12_Episode_5.mp4, -1, -1, 52.3333333333333
ia-batch23/Winchester_Academy_-_Nothing_Like_It_In_the_World_-_The_Epic_Saga_of_the_Transcontinental_Railroad.mp4, -1, -1, 52.11428571428571
ia-batch23/MV_Youth_Voice_Production_-_Girls_7th_Grade_Basketball._Game_of_January_29_2015.mp4, -1, -1, 50.6176470588235
ia-batch23/Pownal_Select_Board_-_8_15_13.mp4, -1, -1, 60.24324324324329
ia-batch23/Planning_and_Zoning_04_10_2013.mp4, -1, -1, 34.4594594594595
ia-batch23/youtube-tOydAjqU-UI.mp4, -1, -1, 52.212121212121204
ia-batch23/Miss_Petaluma_Ambassador_May_14_1994.mp4, -1, -1, 57.6944444444444
ia-batch23/Metro_Digest_-_Worldfest_Favorites.mp4, -1, -1, 55.5
ia-batch23/Magic_Necklace.mp4, -1, -1, 52.212121212121204
ia-batch23/ytchannellink123456.mp4, -1, -1, 61.657142857142894
ia-batch23/youtube-Tv8Yqhj8-rE.mp4, -1, -1, 69.4857142857143
ia-batch23/mhatca-Mitey_Mites_MH_Raiders_Pop_Warner_Football_9-4-2011.mp4, -1, -1, 57.222222222222214
ia-batch23/Williamson_County_School_Board_Meeting_-_April_2014.mp4, -1, -1, 51.5882352941177
ia-batch23/youtube-djp1indS0-s.mp4, -1, -1, 65.5588235294118
ia-batch23/What_s_New_SCATV_eps._7.mp4, -1, -1, 72.2777777777778
ia-batch23/Lumiere_Place_Grand_Opening.mp4, -1, -1, 55.657142857142894
ia-batch23/PIP_Panel_Review_-_Nashville_Speaks_03_29_16.mp4, -1, -1, 57.7575757575758
ia-batch23/rccamwi-Let_s_Learn_Together_2-7-18.mp4, -1, -1, 63.9428571428571
ia-batch23/Veterans_Day_-_11-11-2016.mp4, -1, -1, 57.6470588235294
ia-batch23/tbcama-Brockton_Holiday_Parade_11-28-15.mp4, -1, -1, 62.3714285714286
ia-batch23/Ottauquechee_Health_Foundation_-2013_Annual_Meeting-_March_12_2013.mp4, -1, -1, 58.6388888888889
ia-batch23/McAllen_VAMOS_Golf_Tournament.mp4, -1, -1, 61.1470588235294
ia-batch23/Marshall_Works_Episode_1_-_Waste_Water_Treatment_Facility.mp4, -1, -1, 72.0571428571429
ia-batch23/youtube-HYQL4nKN5Fw.mp4, -1, -1, 66.6363636363636
ia-batch23/The_Psychotic_Comedian_Episode_-_88.mp4, -1, -1, 49.2424242424242
ia-batch23/Pet_Care_-_Pet_Allergies_Expert_s_Panel.mp4, -1, -1, 64.2285714285714
ia-batch23/mctvmd-The_Avalon_Theatre_Presents_-_MuleTrain_-_2_Wharf_Rat_Big_River.mp4, -1, -1, 57.657142857142894
ia-batch23/stgenmo-2018_VHS_Homecoming_Parade_10_5_18.mp4, -1, -1, 55.34285714285711
ia-batch23/ucberkeley_webcast_b8VQa-jH_nw.mp4, -1, -1, 62.5428571428571
ia-batch23/Sideline_Report_-_Ryan_Kerrigan_and_Darrel_Young_talk_with_high_school_athletes.mp4, -1, -1, 56.20588235294121
ia-batch23/Wichita_Public_Golf_Course_Family_Tee_PSA.mp4, -1, -1, 47.5555555555556
ia-batch23/Planning_Commission_Meeting_January_22_2013_Special.mp4, -1, -1, 55.75
ia-batch23/youtube-aPL9Nb_rmac.mp4, -1, -1, 61.4117647058824
ia-batch23/MegaDriveLongplay151Outrun.mp4, -1, -1, 58.0
ia-batch23/Tons_of_Park_Improvements_Coming_to_Greeley.mp4, -1, -1, 55.89473684210521
ia-batch23/youtube-bQeZW9TY9lk.mp4, -1, -1, 55.5
ia-batch23/youtube-IYyWfxUH9_Y.mp4, -1, -1, 62.7575757575758
ia-batch23/Whatswrongfrance-Roam774.mp4, -1, -1, 43.1515151515151
ia-batch23/mccmd-Made_in_Montgomery_19.mp4, -1, -1, 74.7058823529412
ia-batch23/youtube-_4NXFa8AFuU.mp4, -1, -1, 54.8529411764706
ia-batch23/Wareham_Finance_Committee_Meeting_6-18-2014.mp4, -1, -1, 53.5
ia-batch23/untvmi-Envision_Ecorse.mp4, -1, -1, 52.8611111111111
ia-batch23/Norfolk_Riverfest_2013_-_Norfolk_Perspectives.mp4, -1, -1, 54.8787878787879
ia-batch23/youtube-9DdjQzn9B6U.mp4, -1, -1, 58.0833333333333
ia-batch23/youtube-uRBSbKCYkzg.mp4, -1, -1, 64.5405405405406
ia-batch23/youtube-65N_1TYcwMY.mp4, -1, -1, 68.8918918918919
ia-batch23/Out_and_About_-_Westover_Airshow_2018_-_WW2_Planes.mp4, -1, -1, 60.6315789473684
ia-batch23/wctvtn-Williamson_County_Board_of_Education_Meeting_-_June_17_2019.mp4, -1, -1, 69.9705882352941
ia-batch23/Phoenix_City_Council_Transportation_and_Infrastructure_Subcommittee_Meeting_-_January_12_2016.mp4, -1, -1, 59.0
ia-batch23/youtube-VSaq1cJCsqM.mp4, -1, -1, 48.1388888888889
ia-batch23/youtube-QENs6Vr6p7c.mp4, -1, -1, 62.8918918918919
ia-batch23/youtube-OgqVM9o1U7A.mp4, -1, -1, 80.30555555555559
ia-batch23/South_Valley_Symphony_Tales_of_Adventure_Part_1.mp4, -1, -1, 58.7567567567568
ia-batch23/youtube-hp91aupRW50.mp4, -1, -1, 60.79411764705879
ia-batch23/Wildland_Fire_Training.mp4, -1, -1, 73.75
ia-batch23/tctvbc-Pecha_Kucha_presentation_by_Geoff_Scott.mp4, -1, -1, 45.7105263157895
ia-batch23/youtube-g29Q745hcXc.mp4, -1, -1, 47.8529411764706
ia-batch23/Wayzata_s_swimming_and_diving_team_wins_Sections.mp4, -1, -1, 42.6111111111111
ia-batch23/Stillwater_Regional_Airport_-_Game_Changer.mp4, -1, -1, 78.6486486486487
ia-batch23/Merrimack_Exchange_Club_Presents_-_Candidates_Night_2012.mp4, -1, -1, 53.0
ia-batch23/m20101011mak.mp4, -1, -1, 58.222222222222214
ia-batch23/stltvmo-STL_LIVE_St_Louis_Fire_Department_1_of_2.mp4, -1, -1, 63.1944444444444
ia-batch23/youtube-6Jx5YoHjYXM.mp4, -1, -1, 59.1944444444444
ia-batch23/North_Reading_FUMP_5_23_2000_Part_7.mp4, -1, -1, 48.7837837837838
ia-batch23/Mayor_Walsh_Rings_the_Bell_for_the_Salvation_Army.mp4, -1, -1, 55.810810810810786
ia-batch23/My_Fair_Lady_promo.mp4, -1, -1, 63.1666666666667
ia-batch23/Safe_Food_FAQs_--_What_Should_I_Do_After_The_Power_s_Been_Off.mp4, -1, -1, 63.3823529411765
ia-batch23/nwctc-Champlin_Park_Boys_Swimmers_Edge_Park_Center.mp4, -1, -1, 47.589743589743605
ia-batch23/wrokmi-Hockey_Night_in_Royal_Oak_1_4_12_6pm.mp4, -1, -1, 53.31428571428571
ia-batch23/lpama-THMS_Podcast_02.09.15.mp4, -1, -1, 62.7894736842105
ia-batch23/The_Next_Level_-_Sam_Windle.mp4, -1, -1, 52.0555555555556
ia-batch23/youtube-DxNHMqDJl3U.mp4, -1, -1, 62.0
ia-batch23/youtube-Kh36u_ac1xg.mp4, -1, -1, 29.2058823529412
ia-batch23/youtube-_Rl42vJyMgs.mp4, -1, -1, 55.4571428571429
ia-batch23/youtube-JTpq9kPHCfg.mp4, -1, -1, 61.3684210526316
ia-batch23/youtube-B4TZW1uVNQQ.mp4, -1, -1, 67.9705882352941
ia-batch23/Maple_Grove_kids_get_behind_the_scenes_at_3M_Championship.mp4, -1, -1, 51.1379310344828
ia-batch23/Our_City_5-10-10.mp4, -1, -1, 53.722222222222214
ia-batch23/Mark_Gates.mp4, -1, -1, 50.1470588235294
ia-batch23/Moore_City_Council_Meeting_July_6_2015.mp4, -1, -1, 52.75
ia-batch23/Rep_Mike_Fortner_R_on_Why_He_Voted_Against_SB-1_the_Pension_Reform_Bill.mp4, -1, -1, 49.085714285714296
ia-batch23/WUHS_JV_Boy_s_Basketball_vs._Windsor_-_Febuary_24_2012.mp4, -1, -1, 57.5
ia-batch23/Top_5_Sizzlin_Summer_Reads.mp4, -1, -1, 58.74285714285711
ia-batch23/Present_-_Bruce_Beasley_at_the_Palo_Alto_Art_Center.mp4, -1, -1, 44.342105263157904
ia-batch23/youtube-vNUyjnvGDOU.mp4, -1, -1, 64.4210526315789
ia-batch23/Lt._Gov._Anthony_Brown_on_Engaging_the_African_Immigrant_Community.mp4, -1, -1, 78.95
ia-batch23/youtube-OasOjhCX58k.mp4, -1, -1, 51.75
ia-batch23/youtube-i87C7G34vhg.mp4, -1, -1, 62.9459459459459
ia-batch23/pandatv23ny-Town_of_Rhinebeck_Board_of_Trustees_Meeting_3_11_13.mp4, -1, -1, 61.8378378378378
ia-batch23/March_21st_2017_City_Council.mp4, -1, -1, 42.0
ia-batch23/youtube-OCl4qQAMFCM.mp4, -1, -1, 55.44117647058821
ia-batch23/Mayda3000-WestbamsSetAtStrassenfestBerlin2007644.mp4, -1, -1, 49.4117647058824
ia-batch23/Year_in_Review_-_Inventions_in_the_NW_suburbs.mp4, -1, -1, 60.5294117647059
ia-batch23/Neighbor_to_Neighbor_-_Finneytown_Education_Fair.mp4, -1, -1, 43.5
ia-batch23/MATV_Gallery_Spotlight_-_American_Landscapes.mp4, -1, -1, 48.972972972973004
ia-batch23/The_Upside_Ep72612.mp4, -1, -1, 55.6410256410256
ia-batch23/SPCA_Pet_Talk_-_e68.mp4, -1, -1, 58.5555555555556
ia-batch23/youtube-qcOHKS1iqO8.mp4, -1, -1, 45.153846153846104
ia-batch23/punkcast1133.mp4, -1, -1, 52.8205128205128
ia-batch23/Ste._Genevieve_Mo_Board_of_Aldermen_8_14_14.mp4, -1, -1, 51.263157894736786
ia-batch23/youtube-uGYszEDhqK8.mp4, -1, -1, 32.7714285714286
ia-batch23/mcama-Board_of_Selectmen_-_October_20_2014.mp4, -1, -1, 57.6285714285714
ia-batch23/Ohio_HS_State_Championship_Wrestling_113_lbs_Seipel_v_Kelly.mp4, -1, -1, 53.454545454545496
ia-batch23/wtvma-Wareham_Board_of_Selectmen_Meeting_5-21-2019.mp4, -1, -1, 51.9444444444444
ia-batch23/L_Acadamie_Cadiene_Episode_17B002.mp4, -1, -1, 57.34285714285711
ia-batch23/SCTV_Presents_Briana_s_Every_Bloomin_Thing_Landscape_6-10-16.mp4, -1, -1, 63.6944444444444
ia-batch23/ltvma-Leominster_-_Vietnam_Wall_Day_1_11-2-16.mp4, -1, -1, 62.7714285714286
ia-batch23/Wayzata_swimmers_divers_take_MN_state_title.mp4, -1, -1, 51.212121212121204
ia-batch23/Local_Loop_2013_Kansas_Procurement_Conference.mp4, -1, -1, 59.9714285714286
ia-batch23/youtube-CYUKvzDJTJw.mp4, -1, -1, 47.277777777777786
ia-batch23/MahastiVideos.mp4, -1, -1, 44.8611111111111
ia-batch23/Music_in_Mason_2019_-_Heather_Roush_Band.mp4, -1, -1, 66.7428571428571
ia-batch23/UbIwerksComiColorMarysLittleLamb1935.mp4, -1, -1, 51.5
ia-batch23/Santa_Monica_Update_387_-_Santa_Monica_CityTV.mp4, -1, -1, 58.1111111111111
ia-batch23/Scituate_Board_of_Selectmen_Meeting_June_19_2012.mp4, -1, -1, 54.459459459459495
ia-batch23/youtube-eafbvv1AJxA.mp4, -1, -1, 36.6
ia-batch23/youtube-uxi9K5-5eY8.mp4, -1, -1, 63.3714285714286
ia-batch23/pcampa-A_Tour_of_Our_Neighborhood.mp4, -1, -1, 62.55882352941179
ia-batch23/St._Louis_Metropolitan_Police_Department_Dedication_Ceremony.mp4, -1, -1, 58.9428571428571
ia-batch23/youtube-zgc9mc7JQww.mp4, -1, -1, 60.3714285714286
ia-batch23/Wolfeboro_Water_Treatment_Facility.mp4, -1, -1, 52.55882352941179
ia-batch23/uptv6il-News_View_-_Episode_95.mp4, -1, -1, 56.485714285714295
ia-batch23/SCVTV.com_8_14_2010_President_Barack_Obama_s_Weekly_Address.mp4, -1, -1, 65.1666666666667
ia-batch23/On_the_Rock_-_Episode_112.mp4, -1, -1, 54.9117647058824
ia-batch23/ltvnh-Litchfield_Recreation_Commission_Meeting_-_May_27_2014.mp4, -1, -1, 47.485714285714295
ia-batch23/NPS_-_Welcome_Every_Baby_-_Vintage_TVSB.mp4, -1, -1, 63.4
ia-batch23/the_way_video.mp4, -1, -1, 58.1111111111111
ia-batch23/youtube-P-7LR7WM8q4.mp4, -1, -1, 57.9375
ia-batch23/mcama-Board_of_Selectmen_-_December_17_2018.mp4, -1, -1, 52.6
ia-batch23/ltvehny-Witchcraft_in_the_Founding_Days_of_East_Hampton.mp4, -1, -1, 56.7272727272727
ia-batch23/nwctc-Plans_for_Vacant_Four_Seasons_Mall_Revamped.mp4, -1, -1, 72.921052631579
ia-batch23/youtube-1K53M-NCE4E.mp4, -1, -1, 54.4571428571429
ia-batch23/youtube-uB-ll_bDiH4.mp4, -1, -1, 57.20588235294121
ia-batch23/youtube-n0gyLq5Bpc0.mp4, -1, -1, 57.6388888888889
ia-batch23/MCMX_05_Silver_Spring_Transit_Center_update_may_8_2014.mp4, -1, -1, 74.4285714285714
ia-batch23/youtube-Tw0PlGpaqy4.mp4, -1, -1, 66.0277777777778
ia-batch23/youtube-Ke8vsgPfFGo.mp4, -1, -1, 79.1176470588236
ia-batch23/Medfield_Warrior_Boys_Volleyball_vs_Xaverian_5_13.mp4, -1, -1, 44.7567567567568
ia-batch23/youtube-YI0_KP_eAN0.mp4, -1, -1, 63.514285714285705
ia-batch23/youtube-I2SK9s97KpQ.mp4, -1, -1, 80.1666666666667
ia-batch23/Topeka_City_Council_Meeting_March_4th_2014_Part_1.mp4, -1, -1, 44.43243243243239
ia-batch24/youtube-uBuoauSJ60I.mp4, -1, -1, 51.1707317073171
ia-batch24/youtube-8RdhjQB3_QM.mp4, -1, -1, 36.6111111111111
ia-batch24/youtube-ebkzoeujRzM.mp4, -1, -1, 37.9189189189189
ia-batch24/youtube-OhWlvRlKd98.mp4, -1, -1, 50.4166666666667
ia-batch24/yt-SonichuCWC.mp4, -1, -1, 39.6829268292683
ia-batch24/youtube-sdzxySLsj78.mp4, -1, -1, 50.74285714285711
ia-batch24/youtube-9jPE0Vwy5ts.mp4, -1, -1, 40.868421052631604
ia-batch24/youtube-ga2HQYf8J1g.mp4, -1, -1, 41.05
ia-batch24/fredagsfilm5.mp4, -1, -1, 60.697674418604706
ia-batch24/youtube-7eJjQ9LUE-w.mp4, -1, -1, 35.0952380952381
ia-batch24/youtube-fj70tzRjKeA.mp4, -1, -1, 33.0
ia-batch24/youtube-bjkZ8yYmnXA.mp4, -1, -1, 36.6590909090909
ia-batch24/Movie_13_Title_8.mp4, -1, -1, 45.157894736842096
ia-batch24/FragmentenExperimentalVideo.mp4, -1, -1, 36.0526315789474
ia-batch24/Teen_Vid_News_1997_3.mp4, -1, -1, 45.13636363636361
ia-batch24/hptvca-Hoover_III_Destroya.mp4, -1, -1, 42.3658536585366
ia-batch24/youtube-N1hSkPlkMkg.mp4, -1, -1, 46.36585365853661
ia-batch24/youtube-VzGR9hsOd2U.mp4, -1, -1, 48.05
ia-batch24/Planning_and_Zoning_04_10_2013.mp4, -1, -1, 44.7105263157895
ia-batch24/R.f.d.100009Bc.mp4, -1, -1, 35.8157894736842
ia-batch24/youtube-oquxRAUHdYk.mp4, -1, -1, 41.073170731707286
ia-batch24/PittsburghFlood1936.mp4, -1, -1, 39.0
ia-batch24/Finneytown_Middle_Schoo_Wyoming_Middle_School_Orchestra_Festival_-_March_9_1995.mp4, -1, -1, 46.47368421052629
ia-batch24/Alfred_Hitchcock_-_The_British_Years.mp4, -1, -1, 66.23076923076921
ia-batch24/youtube-stTlDOjMebg.mp4, -1, -1, 43.9473684210526
ia-batch24/youtube-zBcAjFoEYaw.mp4, -1, -1, 40.5384615384615
ia-batch24/SuperEspana.mp4, -1, -1, 43.25
ia-batch24/Woburn_Street_School_News_-_May_15th_1996.mp4, -1, -1, 45.390243902439
ia-batch24/nppany-2019_1_23_New_Paltz_Village_Board.mp4, -1, -1, 33.783783783783804
ia-batch24/youtube-6tZnhkwgJuc.mp4, -1, -1, 45.7560975609756
ia-batch24/youtube-4EYy8niTzHM.mp4, -1, -1, 32.054054054054106
ia-batch24/PreviewTheGirlsAndDaddy.mp4, -1, -1, 48.5952380952381
ia-batch24/Town_Talk_135.mp4, -1, -1, 62.2727272727273
ia-batch24/youtube-5ZlHbyHGMZ4.mp4, -1, -1, 40.0
ia-batch24/BANNEDVIMTOADVERT2016NOTALLOWEDONUKTV.mp4, -1, -1, 36.57894736842111
ia-batch24/waya12613.mp4, -1, -1, 35.2439024390244
ia-batch24/1929WisDellsWeeks.mp4, -1, -1, 39.65
ia-batch24/youtube-3DY9NZAUgHY.mp4, -1, -1, 36.3333333333333
ia-batch24/youtube-gM_FAZYiAr8.mp4, -1, -1, 41.4047619047619
ia-batch24/Just_Me_with_a_Beard_tv_commercial_Bunnyman_Matts_Tap.mp4, -1, -1, 44.7560975609756
ia-batch24/youtube-8JZTgbfbvoc.mp4, -1, -1, 60.6666666666667
ia-batch24/youtube-ZywWXs33c0I.mp4, -1, -1, 34.8157894736842
ia-batch24/Busting_Surgical_Pain_Without_Narcotics_9-24-09.mp4, -1, -1, 48.10526315789479
ia-batch24/youtube-tFuuGeOOVB8.mp4, -1, -1, 33.75
ia-batch24/MobilierFidle-TheAutomaticMovingCompany.mp4, -1, -1, 45.31578947368421
ia-batch24/youtube-eltZt8hs6Lc.mp4, -1, -1, 38.6923076923077
ia-batch24/youtube-6VETebyr7O4.mp4, -1, -1, 50.184210526315795
ia-batch24/youtube-5u_aufvTuyU.mp4, -1, -1, 51.948717948718006
ia-batch24/Mono_-_Rubbing_a_poem_by_Stephen_Dunn_read_by_Steve_Dunning.mp4, -1, -1, 37.275
ia-batch24/North_Reading_Town_Meeting_4_3_00_Part_9.mp4, -1, -1, 23.952380952381002
ia-batch24/f20110530mak.mp4, -1, -1, 61.6388888888889
ia-batch24/youtube-Phn0KSuT_Lk.mp4, -1, -1, 48.10526315789479
ia-batch24/archiveteam_videobot_twitter_com_788473283612028929.mp4, -1, -1, 48.097560975609795
ia-batch24/AmericaMarchesOnPsa.mp4, -1, -1, 35.25641025641021
ia-batch24/youtube-mCRAy6ZZEo0.mp4, -1, -1, 46.047619047619
ia-batch24/this_is_not_a_film_festivalSantaFeAntioquia2008.mp4, -1, -1, 41.8974358974359
ia-batch24/EinVolkInWaffen-DerSpanischeAnarchismus1936.mp4, -1, -1, 41.25
ia-batch24/youtube-RW4X9szZU6E.mp4, -1, -1, 37.4878048780488
ia-batch24/youtube-7CKBxVMu79g.mp4, -1, -1, 38.2857142857143
ia-batch24/V016_ExamplesFromAnimationLab.mp4, -1, -1, 48.380952380952394
ia-batch24/archiveteam_videobot_twitter_com_804807729395204096.mp4, -1, -1, 49.461538461538495
ia-batch24/youtube-Mj298o3kiWE.mp4, -1, -1, 38.35
ia-batch24/Valle_Catholic_High_School_Homecoming_Parade_9_19_14.mp4, -1, -1, 51.125
ia-batch24/SandersonFamilyHomeMoviesVol03.mp4, -1, -1, 45.2105263157895
ia-batch24/youtube-LbY4j4-P_us.mp4, -1, -1, 35.775
ia-batch24/cogco-Poudre_River_Flooding_-_71st._Ave._in_Greeley_-_June_2_2014.mp4, -1, -1, 38.775
ia-batch24/youtube-5tnrI4D6_mc.mp4, -1, -1, 41.3658536585366
ia-batch24/youtube-P-TyQtfk7cg.mp4, -1, -1, 47.795454545454504
ia-batch24/MichaelWyszomierskiAnotherLook.mp4, -1, -1, 35.8292682926829
ia-batch24/B92-PartizanOsvojio16Titulu490.mp4, -1, -1, 53.4
ia-batch24/AliJaberPureSoundFromMakkah1406.mp4, -1, -1, 45.9473684210526
ia-batch24/youtube-V7x8qxjZvd0.mp4, -1, -1, 39.8717948717949
ia-batch24/youtube-xX1XswVdjHA.mp4, -1, -1, 38.47222222222221
ia-batch24/youtube-8BbGY2v_w5s.mp4, -1, -1, 44.7179487179487
ia-batch24/ytchannelmetzgorrre.mp4, -1, -1, 47.6315789473684
ia-batch24/youtube-GAGh3USykUA.mp4, -1, -1, 41.894736842105296
ia-batch24/youtube-_bCOmEhXxCE.mp4, -1, -1, 40.125
ia-batch24/youtube-t62fSUWS3Go.mp4, -1, -1, 41.6666666666667
ia-batch24/Hammond_Indiana_1930s_Boardwalk_Park_Amusement_Parks_of_N.W.Ind.mp4, -1, -1, 44.2558139534884
ia-batch24/youtube-9-T-xpX-Izk.mp4, -1, -1, 46.948717948718006
ia-batch24/Your_Town_May_31_2013.mp4, -1, -1, 66.5263157894737
ia-batch24/Gavin_drawing.mp4, -1, -1, 35.9705882352941
ia-batch24/SamRenseiw-patafilm562pachidermDream368.mp4, -1, -1, 61.3333333333333
ia-batch24/youtube-lRseYo4IjdM.mp4, -1, -1, 33.3513513513514
ia-batch24/GopherCG-LaplacianBlendIError678.mp4, -1, -1, 57.85
ia-batch24/youtube-zgqJZTJBu2s.mp4, -1, -1, 45.026315789473706
ia-batch24/ytchannel-valkiriforce.mp4, -1, -1, 49.3953488372093
ia-batch24/Alonzo_Interview_with_Black_Milk.mp4, -1, -1, 39.9230769230769
ia-batch24/archiveteam_videobot_twitter_com_911408646327869440.mp4, -1, -1, 46.184210526315795
ia-batch24/ANATURALBORNGAMBLER1916BertWilliams.mp4, -1, -1, 44.894736842105296
ia-batch24/youtube-L-zKduvtjA.mp4, -1, -1, 45.89743589743589
ia-batch24/High_Drive_time_lapse_32nd_Avenue.mp4, -1, -1, 46.56410256410261
ia-batch24/youtube-vIZ7OSAAo_w.mp4, -1, -1, 29.2307692307692
ia-batch24/DGPMR_Annual_Yearly_Progress_Data_100813.mp4, -1, -1, 42.025641025641
ia-batch24/youtube-AUZLo5HjxHo.mp4, -1, -1, 45.78571428571429
ia-batch24/saint.mp4, -1, -1, 37.627906976744214
ia-batch24/youtube-e1M2oMlXUqA.mp4, -1, -1, 48.128205128205096
ia-batch24/youtube-SHu6DyFcrnI.mp4, -1, -1, 37.8717948717949
ia-batch24/AquaFrolics.mp4, -1, -1, 45.15
ia-batch24/youtube-drWZE8F81RI.mp4, -1, -1, 57.8
ia-batch24/Rep._Fall_Athletic_Summary_120914.mp4, -1, -1, 57.7560975609756
ia-batch24/youtube-X4iI_JuMCCo.mp4, -1, -1, 36.820512820512796
ia-batch24/The_1993_Cheerleading_Competition_from_Cape_Ann.mp4, -1, -1, 52.1951219512195
ia-batch24/archive_Arabic.mp4, -1, -1, 47.8409090909091
