Crafter_1.mp4,99.727219, 8.402311,69.868591
Crafter_1003.mp4,97.456116, 6.023037,43.617992
Crafter_1019.mp4,97.780739, 10.098790,53.502708
Crafter_1024.mp4,99.629005, 7.734252,66.057472
Crafter_1058.mp4,98.492035, 5.531303,47.402370
Crafter_106.mp4,99.303940, 11.186658,66.104988
Crafter_1086.mp4,99.286613, 9.400740,63.181389
Crafter_1092.mp4,99.370979, 9.395408,64.313400
Crafter_110.mp4,98.835495, 11.353258,61.675770
Crafter_1117.mp4,99.600067, 9.231985,68.016411
Crafter_1121.mp4,99.795654, 15.065236,79.516563
Crafter_1165.mp4,99.851158, 6.732575,71.733643
Crafter_1187.mp4,99.743393, 14.221345,77.315544
Crafter_1190.mp4,98.851738, 8.247435,56.592472
Crafter_1201.mp4,90.722878, 3.227193,23.371862
Crafter_1203.mp4,99.770134, 8.273474,71.046043
Crafter_1249.mp4,87.750916, 5.895523,28.418520
Crafter_1256.mp4,98.372414, 6.136592,48.328091
Crafter_1263.mp4,96.152451, 4.091558,33.814758
Crafter_1278.mp4,98.930092, 11.973742,63.319717
Crafter_1281.mp4,99.203728, 6.356799,55.918606
Crafter_1291.mp4,99.407722, 4.159427,52.021736
Crafter_1311.mp4,99.735741, 10.289221,72.905136
Crafter_1317.mp4,95.750847, 8.231202,43.578987
Crafter_1318.mp4,91.656265, 9.265605,38.721935
Crafter_1324.mp4,97.293976, 10.872151,52.783287
Crafter_134.mp4,97.158234, 8.458713,48.058739
Crafter_1354.mp4,98.273621, 9.762402,55.408413
Crafter_1357.mp4,99.129547, 10.849297,63.626289
Crafter_1364.mp4,97.538292, 8.329420,49.237614
Crafter_1369.mp4,99.342476, 11.886780,67.528793
Crafter_1379.mp4,99.733040, 12.654151,75.555077
Crafter_1385.mp4,99.872169, 9.407907,77.076752
Crafter_1396.mp4,99.227531, 12.639123,67.077141
Crafter_141.mp4,98.437538, 9.268574,55.519527
Crafter_181.mp4,98.365059, 8.358658,53.359116
Crafter_188.mp4,96.855797, 7.805518,45.717953
Crafter_196.mp4,97.579033, 6.718790,45.868679
Crafter_218.mp4,92.970436, 5.549459,32.649193
Crafter_23.mp4,99.309906, 11.850556,67.064880
Crafter_239.mp4,99.725586, 11.784904,74.425140
Crafter_279.mp4,98.716911, 6.543233,51.722683
Crafter_287.mp4,89.007278, 2.886238,20.894762
Crafter_289.mp4,95.030342, 5.278951,35.144283
Crafter_29.mp4,99.472527, 12.602865,70.250710
Crafter_293.mp4,96.028381, 4.629697,35.307064
Crafter_296.mp4,99.324890, 12.613313,68.203003
Crafter_307.mp4,98.082550, 7.157373,49.217381
Crafter_312.mp4,95.564728, 9.420833,45.379158
Crafter_313.mp4,98.243195, 6.387116,48.222630
Crafter_334.mp4,98.521255, 8.681602,54.973499
Crafter_341.mp4,90.919960, 5.731114,30.753529
Crafter_386.mp4,98.387505, 7.425910,51.540405
Crafter_39.mp4,99.621223, 8.094769,66.550758
Crafter_41.mp4,97.816193, 7.191597,48.003380
Crafter_410.mp4,99.211617, 10.505075,64.015808
Crafter_411.mp4,99.503258, 8.692379,65.233055
Crafter_415.mp4,99.213142, 9.043906,61.668724
Crafter_417.mp4,99.586845, 9.291415,67.832840
Crafter_418.mp4,99.751434, 14.281468,77.584938
Crafter_426.mp4,98.539772, 10.097519,57.599216
Crafter_46.mp4,99.870857, 11.174813,79.013847
Crafter_472.mp4,97.615540, 3.289385,35.033745
Crafter_484.mp4,95.289749, 9.656601,45.183914
Crafter_506.mp4,99.481911, 9.273240,65.840683
Crafter_541.mp4,98.725677, 5.505944,48.988678
Crafter_550.mp4,99.409065, 7.417043,61.205631
Crafter_553.mp4,89.477631, 7.846155,33.855324
Crafter_555.mp4,94.957916, 7.457294,40.285973
Crafter_56.mp4,68.463058, 3.234704,14.524892
Crafter_58.mp4,99.207359, 12.904723,67.174927
Crafter_591.mp4,98.179909, 8.315642,52.213573
Crafter_619.mp4,99.180496, 3.392678,45.617958
Crafter_664.mp4,98.942436, 12.834421,64.540359
Crafter_677.mp4,97.852249, 10.009553,53.677334
Crafter_688.mp4,98.651085, 6.628965,51.441700
Crafter_708.mp4,98.916161, 8.736346,58.088432
Crafter_711.mp4,98.980476, 8.495880,58.220856
Crafter_716.mp4,99.353455, 7.826971,61.212498
Crafter_717.mp4,99.799927, 6.764450,69.400970
Crafter_746.mp4,99.884186, 10.307085,78.800507
Crafter_785.mp4,99.502602, 12.016025,70.037117
Crafter_792.mp4,99.310562, 10.320516,64.944695
Crafter_807.mp4,99.858681, 15.123075,81.802353
Crafter_823.mp4,98.800751, 8.956316,57.521992
Crafter_833.mp4,99.851639, 13.970703,80.650177
Crafter_840.mp4,98.422501, 6.424574,49.383614
Crafter_841.mp4,98.622147, 7.435812,53.113674
Crafter_850.mp4,91.068527, 9.234256,37.981785
Crafter_853.mp4,99.609406, 4.161012,56.073135
Crafter_868.mp4,94.694206, 8.591892,42.054653
Crafter_882.mp4,98.162376, 6.295448,47.542252
Crafter_887.mp4,97.539726, 10.079647,52.446045
Crafter_898.mp4,90.695885, 4.302130,26.769045
Crafter_934.mp4,99.623665, 8.249819,66.886841
Crafter_95.mp4,97.790993, 11.601837,55.901493
Crafter_979.mp4,98.164337, 6.981816,49.242294
Crafter_98.mp4,96.461258, 1.512179,22.071747
Crafter_99.mp4,99.002007, 6.514805,54.118412
Crafter_993.mp4,99.874580, 11.758841,79.774857
SEINE_10335.mp4,99.843140, 11.447918,78.014503
SEINE_10657.mp4,98.015778, 5.232796,43.816593
SEINE_10696.mp4,99.493149, 3.719042,51.769798
SEINE_1071.mp4,99.481110, 6.238296,59.713394
SEINE_10758.mp4,99.966309, 13.990538,88.147888
SEINE_10928.mp4,99.826729, 13.286029,79.106750
SEINE_11131.mp4,99.977806, 15.671974,90.469368
SEINE_11339.mp4,99.169525, 5.868401,54.224022
SEINE_11472.mp4,99.516403, 6.004222,59.778721
SEINE_11655.mp4,99.897530, 15.057729,83.552612
SEINE_11665.mp4,99.821449, 13.451213,79.056831
SEINE_11927.mp4,99.689819, 11.766497,73.482498
SEINE_12173.mp4,99.825386, 13.942276,79.615654
SEINE_12783.mp4,99.841347, 8.666148,74.521698
SEINE_12926.mp4,99.935493, 16.565414,86.702370
SEINE_13078.mp4,96.498947, 7.202680,43.338211
SEINE_13125.mp4,99.810959, 11.882565,77.196571
SEINE_13518.mp4,98.613075, 7.552007,53.303940
SEINE_13833.mp4,99.857819, 14.148561,81.046707
SEINE_14016.mp4,99.379929, 11.544127,67.589531
SEINE_14500.mp4,99.579704, 11.426481,70.686333
SEINE_14512.mp4,99.533722, 13.763942,72.502205
SEINE_14726.mp4,99.893456, 11.008430,80.066917
SEINE_15048.mp4,97.516609, 8.672755,49.823627
SEINE_15293.mp4,99.886299, 11.126110,79.777077
SEINE_15321.mp4,98.833046, 12.771866,63.568790
SEINE_15448.mp4,99.938545, 16.808104,87.040535
SEINE_15539.mp4,99.018364, 8.191365,57.991989
SEINE_15815.mp4,97.120361, 8.300179,47.611698
SEINE_16093.mp4,99.725731, 12.274536,74.963089
SEINE_16162.mp4,99.585930, 4.670618,57.323921
SEINE_16579.mp4,99.982277, 15.279658,91.050568
SEINE_17413.mp4,97.780197, 5.722966,44.141190
SEINE_17465.mp4,99.388351, 6.517832,58.847725
SEINE_17612.mp4,90.054535, 6.046989,30.659962
SEINE_1793.mp4,91.796722, 4.794637,29.249365
SEINE_18109.mp4,99.810699, 13.818815,78.994797
SEINE_18330.mp4,98.605911, 9.112606,56.349693
SEINE_18700.mp4,99.581955, 7.358254,64.250336
SEINE_18732.mp4,95.715851, 7.465853,41.915466
SEINE_18778.mp4,99.979263, 17.318813,91.292702
SEINE_19006.mp4,98.588387, 7.938114,53.950958
SEINE_19094.mp4,98.007637, 10.880466,55.825851
SEINE_19187.mp4,94.743965, 3.864653,30.256578
SEINE_1936.mp4,99.868660, 7.450710,74.013824
SEINE_19614.mp4,99.584755, 13.579586,73.210609
SEINE_19996.mp4,98.376472, 9.868464,56.188988
SEINE_20110.mp4,87.191826, 2.937975,19.977678
SEINE_2072.mp4,98.608673, 8.814060,55.818855
SEINE_20766.mp4,97.945412, 10.524891,54.962479
SEINE_21396.mp4,98.506615, 7.836739,53.185390
SEINE_21663.mp4,98.206787, 7.426974,50.490730
SEINE_21696.mp4,92.392525, 6.101131,33.272655
Crafter_1.mp4,99.727219, 8.381578,69.833923
Crafter_1003.mp4,97.456116, 5.598300,42.456268
Crafter_1019.mp4,97.780739, 9.082500,51.717670
Crafter_1024.mp4,99.629005, 6.720962,63.956406
Crafter_1058.mp4,98.492035, 6.106928,49.004181
Crafter_106.mp4,99.303940, 12.878166,68.258247
Crafter_1086.mp4,99.286613, 10.058607,64.238770
Crafter_1092.mp4,99.370979, 9.703943,64.812279
Crafter_110.mp4,98.835495, 11.455022,61.820992
Crafter_1117.mp4,99.600067, 9.156537,67.896286
Crafter_1121.mp4,99.795654, 13.101323,77.853271
Crafter_1165.mp4,99.851158, 7.603201,73.326347
Crafter_1187.mp4,99.743393, 13.402144,76.570190
Crafter_1190.mp4,98.851738, 8.356706,56.807579
Crafter_1201.mp4,90.722878, 3.485588,24.254368
Crafter_1203.mp4,99.770134, 8.370592,71.205612
Crafter_1249.mp4,87.750916, 6.350856,29.412710
Crafter_1256.mp4,98.372414, 6.435410,49.101765
Crafter_1263.mp4,96.152451, 4.781720,36.077412
Crafter_1278.mp4,98.930092, 12.588082,64.124535
Crafter_1281.mp4,99.203728, 6.243505,55.629635
Crafter_1291.mp4,99.407722, 4.818306,54.360916
Crafter_1311.mp4,99.735741, 10.375085,73.016731
Crafter_1317.mp4,95.750847, 8.170848,43.458698
Crafter_1318.mp4,91.656265, 8.166144,36.738110
Crafter_1324.mp4,97.293976, 10.992003,52.970505
Crafter_134.mp4,97.158234, 10.828506,52.225536
Crafter_1354.mp4,98.273621, 9.856308,55.568439
Crafter_1357.mp4,99.129547, 11.651956,64.754547
Crafter_1364.mp4,97.538292, 7.217901,46.872036
Crafter_1369.mp4,99.342476, 12.317709,68.068680
Crafter_1379.mp4,99.733040, 11.627460,74.453171
Crafter_1385.mp4,99.872169, 9.782887,77.539673
Crafter_1396.mp4,99.227531, 12.596333,67.024803
Crafter_141.mp4,98.437538, 10.179079,57.078106
Crafter_181.mp4,98.365059, 8.391131,53.423397
Crafter_188.mp4,96.855797, 8.335479,46.802208
Crafter_196.mp4,97.579033, 6.589431,45.553204
Crafter_218.mp4,92.970436, 5.863222,33.436859
Crafter_23.mp4,99.309906, 12.666302,68.079559
Crafter_239.mp4,99.725586, 12.155957,74.832138
Crafter_279.mp4,98.716911, 7.985378,54.983574
Crafter_287.mp4,89.007278, 2.415191,19.108236
Crafter_289.mp4,95.030342, 5.589226,35.989075
Crafter_29.mp4,99.472527, 10.291927,67.253860
Crafter_293.mp4,96.028381, 4.312343,34.277740
Crafter_296.mp4,99.324890, 13.188259,68.876549
Crafter_307.mp4,98.082550, 7.450811,49.878761
Crafter_312.mp4,95.564728, 9.542953,45.594521
Crafter_313.mp4,98.243195, 5.214146,44.952732
Crafter_334.mp4,98.521255, 9.525046,56.509338
Crafter_341.mp4,90.919960, 4.784666,28.334311
Crafter_386.mp4,98.387505, 7.758452,52.262760
Crafter_39.mp4,99.621223, 7.158216,64.718636
Crafter_41.mp4,97.816193, 6.080125,45.272839
Crafter_410.mp4,99.211617, 11.897933,65.962502
Crafter_411.mp4,99.503258, 9.336140,66.311996
Crafter_415.mp4,99.213142, 10.116506,63.440556
Crafter_417.mp4,99.586845, 9.083973,67.500801
Crafter_418.mp4,99.751434, 14.523395,77.792564
Crafter_426.mp4,98.539772, 10.011770,57.457809
Crafter_46.mp4,99.870857, 9.622335,77.274628
Crafter_472.mp4,97.615540, 3.206794,34.669487
Crafter_484.mp4,95.289749, 9.238958,44.446873
Crafter_506.mp4,99.481911, 7.865113,63.326996
Crafter_541.mp4,98.725677, 4.972909,47.351372
Crafter_550.mp4,99.409065, 8.040771,62.466038
Crafter_553.mp4,89.477631, 6.972548,32.135303
Crafter_555.mp4,94.957916, 8.144913,41.698238
Crafter_56.mp4,68.463058, 3.229678,14.512722
Crafter_58.mp4,99.207359, 12.532909,66.722527
Crafter_591.mp4,98.179909, 8.467164,52.513702
Crafter_619.mp4,99.180496, 3.365238,45.490715
Crafter_664.mp4,98.942436, 13.872462,65.783966
Crafter_677.mp4,97.852249, 10.915218,55.141891
Crafter_688.mp4,98.651085, 7.872540,54.260033
Crafter_708.mp4,98.916161, 8.781364,58.172123
Crafter_711.mp4,98.980476, 10.918093,62.277298
Crafter_716.mp4,99.353455, 8.271937,62.080307
Crafter_717.mp4,99.799927, 7.801808,71.358315
Crafter_746.mp4,99.884186, 11.461533,79.989731
Crafter_785.mp4,99.502602, 12.407032,70.502266
Crafter_792.mp4,99.310562, 8.758872,62.385075
Crafter_807.mp4,99.858681, 13.136411,80.264778
Crafter_823.mp4,98.800751, 8.564886,56.789909
Crafter_833.mp4,99.851639, 13.923790,80.612923
Crafter_840.mp4,98.422501, 7.160569,51.158958
Crafter_841.mp4,98.622147, 7.126554,52.416676
Crafter_850.mp4,91.068527, 8.766875,37.164635
Crafter_853.mp4,99.609406, 4.796074,58.294857
Crafter_868.mp4,94.694206, 9.385702,43.505253
Crafter_882.mp4,98.162376, 5.799924,46.215992
Crafter_887.mp4,97.539726, 8.965902,50.473351
Crafter_898.mp4,90.695885, 4.806180,28.180599
Crafter_934.mp4,99.623665, 8.075729,66.572121
Crafter_95.mp4,97.790993, 12.293062,56.887966
Crafter_979.mp4,98.164337, 5.840166,46.337978
Crafter_98.mp4,96.461258, 1.460694,21.704790
Crafter_99.mp4,99.002007, 6.743463,54.677818
Crafter_993.mp4,99.874580, 11.153624,79.180763
SEINE_10335.mp4,99.843140, 11.455351,78.022179
SEINE_10657.mp4,98.015778, 4.874223,42.696533
SEINE_10696.mp4,99.493149, 4.502744,54.798473
SEINE_1071.mp4,99.481110, 6.084595,59.322411
SEINE_10758.mp4,99.966309, 14.592819,88.457909
SEINE_10928.mp4,99.826729, 13.138127,78.976318
SEINE_11131.mp4,99.977806, 15.312724,90.323952
SEINE_11339.mp4,99.169525, 5.724385,53.824139
SEINE_11472.mp4,99.516403, 7.307524,62.824242
SEINE_11655.mp4,99.897530, 15.195894,83.642685
SEINE_11665.mp4,99.821449, 14.163497,79.655411
SEINE_11927.mp4,99.689819, 11.199074,72.813103
SEINE_12173.mp4,99.825386, 13.697054,79.410919
SEINE_12783.mp4,99.841347, 8.227324,73.858345
SEINE_12926.mp4,99.935493, 16.743826,86.792572
SEINE_13078.mp4,96.498947, 7.278658,43.507854
SEINE_13125.mp4,99.810959, 11.165759,76.432129
SEINE_13518.mp4,98.613075, 7.576945,53.358120
SEINE_13833.mp4,99.857819, 12.899934,80.024696
SEINE_14016.mp4,99.379929, 11.340935,67.320816
SEINE_14500.mp4,99.579704, 12.028335,71.416367
SEINE_14512.mp4,99.533722, 15.891618,74.507187
SEINE_14726.mp4,99.893456, 10.138191,79.154678
SEINE_15048.mp4,97.516609, 8.601006,49.684879
SEINE_15293.mp4,99.886299, 11.258503,79.907928
SEINE_15321.mp4,98.833046, 13.940724,64.985100
SEINE_15448.mp4,99.938545, 16.852512,87.062363
SEINE_15539.mp4,99.018364, 7.934332,57.475471
SEINE_15815.mp4,97.120361, 8.507181,48.021309
SEINE_16093.mp4,99.725731, 12.769431,75.477173
SEINE_16162.mp4,99.585930, 5.153701,58.861877
SEINE_16579.mp4,99.982277, 15.678684,91.201118
SEINE_17413.mp4,97.780197, 7.102899,47.637333
SEINE_17465.mp4,99.388351, 6.175206,57.992847
SEINE_17612.mp4,90.054535, 6.008398,30.571619
SEINE_1793.mp4,91.796722, 5.212038,30.371490
SEINE_18109.mp4,99.810699, 13.180752,78.435928
SEINE_18330.mp4,98.605911, 9.569875,57.158749
SEINE_18700.mp4,99.581955, 6.986832,63.464302
SEINE_18732.mp4,95.715851, 7.494718,41.977467
SEINE_18778.mp4,99.979263, 16.967772,91.172028
SEINE_19006.mp4,98.588387, 8.002334,54.083698
SEINE_19094.mp4,98.007637, 12.809868,58.591492
SEINE_19187.mp4,94.743965, 3.796265,30.017979
SEINE_1936.mp4,99.868660, 7.612107,74.284981
SEINE_19614.mp4,99.584755, 12.930499,72.529289
SEINE_19996.mp4,98.376472, 9.333421,55.260403
SEINE_20110.mp4,87.191826, 3.015590,20.241224
SEINE_2072.mp4,98.608673, 5.161776,47.084232
SEINE_20766.mp4,97.945412, 9.929028,53.979790
SEINE_21396.mp4,98.506615, 8.011800,53.549873
SEINE_21663.mp4,98.206787, 7.815928,51.333630
SEINE_21696.mp4,92.392525, 6.282290,33.696705
SEINE_21892.mp4,99.513924, 4.412963,54.885738
SEINE_22015.mp4,99.621735, 11.344424,71.431755
SEINE_2222.mp4,92.275688, 7.986045,37.154377
SEINE_22516.mp4,98.775345, 10.080430,59.258686
SEINE_22851.mp4,95.496040, 8.853325,44.192150
SEINE_22912.mp4,89.051262, 8.635870,34.903286
SEINE_23115.mp4,83.591721, 2.587059,17.072926
SEINE_23252.mp4,83.232864, 5.137538,23.946556
SEINE_23303.mp4,99.180763, 11.879794,65.599350
SEINE_235.mp4,99.647614, 10.688868,71.163162
SEINE_23545.mp4,74.600143, 3.121210,15.747778
SEINE_23830.mp4,99.523613, 8.420583,65.123520
SEINE_23871.mp4,99.493645, 8.959932,65.522644
SEINE_23967.mp4,94.969635, 4.417163,32.475548
SEINE_2531.mp4,99.457657, 10.222696,66.911987
SEINE_2717.mp4,98.829300, 14.557105,65.654053
SEINE_2963.mp4,98.984818, 8.140631,57.568695
SEINE_3206.mp4,99.174248, 11.103969,64.469597
SEINE_332.mp4,99.883202, 14.656131,82.562218
SEINE_3486.mp4,99.537743, 8.322677,65.214279
SEINE_3620.mp4,98.879684, 5.399942,49.944557
SEINE_3715.mp4,99.192192, 6.951924,57.217415
SEINE_3840.mp4,99.866608, 12.286067,79.877563
SEINE_4104.mp4,98.664932, 10.452377,59.030987
SEINE_4385.mp4,98.024818, 3.442545,37.430008
SEINE_4446.mp4,99.222717, 10.141734,63.591064
SEINE_4467.mp4,99.292953, 12.257398,67.371353
SEINE_4867.mp4,97.897469, 8.541753,51.228748
SEINE_4902.mp4,99.158897, 7.891922,58.867119
SEINE_5061.mp4,97.768112, 5.343995,42.999630
SEINE_5062.mp4,99.699341, 8.873128,69.835236
SEINE_5539.mp4,99.865318, 13.877771,81.160423
SEINE_5598.mp4,99.577423, 10.371623,69.247734
SEINE_5730.mp4,99.039673, 7.875262,57.565403
SEINE_6421.mp4,99.834595, 3.839848,62.918507
SEINE_7594.mp4,97.190216, 6.491485,43.838768
SEINE_7623.mp4,99.932503, 10.202587,82.003349
SEINE_7825.mp4,99.697449, 10.899787,72.637230
SEINE_7885.mp4,99.933014, 14.810458,85.559883
SEINE_8658.mp4,99.639496, 13.860726,74.556717
SEINE_8731.mp4,97.912834, 9.861402,53.709251
SEINE_8837.mp4,99.963234, 16.642563,89.066757
SEINE_9191.mp4,94.730225, 5.149806,34.237450
SEINE_935.mp4,99.961082, 9.432686,84.264709
SEINE_9451.mp4,99.919357, 11.386416,82.088112
SEINE_9589.mp4,99.838318, 13.773592,79.960510
SEINE_9971.mp4,99.526382, 12.484525,70.988899
modelscope_119.mp4,86.506554, 9.267500,33.879143
modelscope_120.mp4,89.100494, 5.140654,27.670219
modelscope_131.mp4,92.461098, 4.036092,27.736759
modelscope_146.mp4,78.459129, 3.065873,16.734926
modelscope_148.mp4,69.462868, 2.200846,11.965402
modelscope_149.mp4,83.083191, 1.966317,14.603016
modelscope_156.mp4,91.460434, 8.044174,36.277576
modelscope_165.mp4,92.612709, 2.058340,20.221857
modelscope_167.mp4,66.320946, 2.534210,12.306464
modelscope_17.mp4,99.296486, 5.870616,55.841965
modelscope_170.mp4,81.224075, 1.672245,12.828229
modelscope_173.mp4,89.234352, 3.192424,22.120049
modelscope_175.mp4,94.899925, 4.176821,31.575855
modelscope_186.mp4,98.631165, 11.868892,60.890007
modelscope_187.mp4,98.954147, 8.405161,57.802017
modelscope_188.mp4,95.469376, 7.219748,40.826950
modelscope_200.mp4,97.794273, 2.905213,33.968102
modelscope_206.mp4,97.453476, 4.548716,39.222614
modelscope_217.mp4,96.901962, 2.479481,28.904406
modelscope_227.mp4,98.897385, 6.049761,51.939636
modelscope_231.mp4,95.808235, 7.762416,42.760273
modelscope_252.mp4,99.725189, 6.709409,66.588638
modelscope_256.mp4,91.478073, 8.264138,36.713516
modelscope_274.mp4,97.353134, 8.079473,48.007278
modelscope_279.mp4,97.889267, 4.709463,41.559746
modelscope_280.mp4,94.537254, 5.973020,36.084530
modelscope_285.mp4,95.980850, 8.097930,43.868492
modelscope_286.mp4,96.089378, 8.419518,44.781940
modelscope_289.mp4,90.602478, 5.799117,30.602291
modelscope_290.mp4,80.213486, 4.557360,21.225534
modelscope_292.mp4,91.906342, 3.620552,25.797466
modelscope_294.mp4,97.368965, 6.764376,45.153683
modelscope_296.mp4,99.049042, 3.662156,45.367104
modelscope_298.mp4,51.187794, 2.713809,10.281851
modelscope_308.mp4,75.876595, 4.560295,19.625938
modelscope_313.mp4,91.037247, 4.067619,26.384977
modelscope_319.mp4,92.958717, 2.797745,23.859882
modelscope_322.mp4,98.338150, 7.504148,51.414806
modelscope_324.mp4,95.861488, 6.109249,39.091488
modelscope_355.mp4,90.408890, 3.467495,23.932327
modelscope_357.mp4,89.180702, 5.785007,29.288589
modelscope_360.mp4,95.191452, 3.340203,29.091427
modelscope_368.mp4,99.262413, 10.298303,64.305672
modelscope_380.mp4,97.995293, 8.490938,51.602745
modelscope_389.mp4,99.431541, 7.889866,62.527760
modelscope_395.mp4,68.927193, 3.346660,14.899866
modelscope_418.mp4,98.716827, 8.200310,55.419178
modelscope_425.mp4,98.381523, 5.027401,45.176464
modelscope_429.mp4,98.897408, 7.205309,54.782486
modelscope_43.mp4,97.552750, 7.652534,47.891979
modelscope_431.mp4,97.840622, 10.281054,54.075676
modelscope_434.mp4,98.825661, 3.945331,44.480812
modelscope_440.mp4,99.702797, 8.047630,68.543388
modelscope_446.mp4,96.736465, 5.983488,41.074112
modelscope_459.mp4,53.404736, 3.058251,11.339083
modelscope_470.mp4,92.228058, 5.724188,32.163258
modelscope_476.mp4,90.337303, 3.401497,23.653940
modelscope_481.mp4,86.471901, 7.110364,30.029074
modelscope_504.mp4,87.766411, 2.074721,17.008730
modelscope_507.mp4,96.672668, 7.200696,43.838516
modelscope_508.mp4,91.131371, 5.406006,30.167532
modelscope_511.mp4,97.049507, 5.642802,41.135960
modelscope_522.mp4,96.209091, 6.142122,40.025814
modelscope_525.mp4,99.633202, 8.540884,67.616737
modelscope_535.mp4,97.829300, 7.765278,49.328110
modelscope_540.mp4,99.471786, 4.056643,52.743126
modelscope_543.mp4,81.790375, 3.623191,19.506838
modelscope_544.mp4,97.761978, 3.873373,38.016953
modelscope_558.mp4,98.856941, 6.949256,53.840302
modelscope_562.mp4,97.364578, 5.738819,42.502792
modelscope_567.mp4,97.826317, 6.560672,46.549561
modelscope_568.mp4,98.866020, 7.553091,55.277489
modelscope_588.mp4,93.832489, 8.619368,40.598412
modelscope_590.mp4,96.635422, 9.031463,47.458103
modelscope_595.mp4,99.128670, 7.421142,57.540627
modelscope_6.mp4,93.670479, 7.191725,37.487423
modelscope_608.mp4,94.350044, 8.265389,40.799534
modelscope_609.mp4,99.787163, 6.002980,67.193283
modelscope_610.mp4,93.822639, 5.073322,32.563034
modelscope_613.mp4,97.226753, 6.881602,44.910530
modelscope_627.mp4,96.422279, 5.791677,39.672924
modelscope_628.mp4,99.330261, 5.722836,55.910511
modelscope_63.mp4,99.474609, 9.818067,66.579880
modelscope_632.mp4,89.578621, 5.256623,28.354317
modelscope_633.mp4,99.624374, 8.276784,66.951096
modelscope_636.mp4,94.620628, 5.616480,35.314560
modelscope_64.mp4,98.106468, 2.919336,35.412266
modelscope_641.mp4,99.762901, 5.706358,65.518433
modelscope_645.mp4,95.757164, 8.762768,44.622959
modelscope_664.mp4,99.672607, 8.827238,69.054863
modelscope_672.mp4,92.819939, 5.546970,32.447781
modelscope_679.mp4,98.721809, 7.324048,53.603100
modelscope_680.mp4,99.936600, 12.370973,84.204193
modelscope_690.mp4,99.815208, 4.310100,63.621582
modelscope_695.mp4,99.748543, 8.370269,70.480682
modelscope_77.mp4,94.452927, 3.106714,26.985609
modelscope_78.mp4,92.817932, 5.819612,33.129498
modelscope_86.mp4,95.051773, 7.088109,39.668880
modelscope_91.mp4,81.113678, 2.146555,14.633010
modelscope_94.mp4,97.983505, 6.582391,47.347244
sora_1.mp4,99.184097, 15.074306,69.317352
sora_10.mp4,98.799507, 13.715792,64.466980
sora_11.mp4,99.886452, 15.267661,83.134995
sora_12.mp4,97.439613, 11.492063,54.281773
sora_13.mp4,99.660782, 17.989462,78.381439
sora_14.mp4,97.089912, 8.640874,48.175827
sora_15.mp4,95.658699, 13.108438,51.258957
sora_16.mp4,99.918739, 14.747651,84.564331
sora_17.mp4,99.791618, 16.925913,80.742020
sora_18.mp4,99.396774, 13.340420,69.984810
sora_19.mp4,99.436531, 12.293722,69.340424
sora_2.mp4,98.496849, 12.391045,60.721004
sora_20.mp4,99.082085, 13.612188,66.730133
sora_21.mp4,98.671074, 10.795640,59.607483
sora_22.mp4,95.058594, 10.460191,46.043102
sora_23.mp4,96.670303, 8.936295,47.385700
sora_24.mp4,99.783463, 17.730976,81.040367
sora_25.mp4,99.587860, 15.286146,74.888947
sora_26.mp4,84.512726, 6.049150,26.636732
sora_27.mp4,99.431381, 17.407312,74.297501
sora_28.mp4,99.595871, 9.495980,68.339661
sora_29.mp4,99.029762, 11.299996,63.284546
sora_3.mp4,98.399284, 11.136861,58.343719
sora_30.mp4,92.803535, 10.090472,41.607475
sora_31.mp4,99.588654, 14.102580,73.803535
sora_32.mp4,98.642525, 7.154851,52.628483
sora_33.mp4,99.918541, 17.672276,86.195221
sora_34.mp4,99.255753, 9.863747,63.549446
sora_35.mp4,99.515533, 10.442930,68.198517
sora_36.mp4,99.778381, 17.650089,80.848572
sora_37.mp4,76.662239, 6.445686,23.693913
sora_38.mp4,98.477074, 12.716773,61.029263
sora_39.mp4,99.917076, 16.582609,85.542099
sora_4.mp4,98.993179, 13.903809,66.254128
sora_40.mp4,96.158119, 11.052890,49.540665
sora_41.mp4,97.324577, 10.552113,52.387573
sora_42.mp4,95.944229, 13.645570,52.655815
sora_43.mp4,99.744820, 10.437773,73.365105
sora_44.mp4,99.762978, 13.097111,76.834526
sora_45.mp4,97.281181, 12.577428,55.237823
sora_46.mp4,95.557938, 10.937222,47.886742
sora_47.mp4,98.679268, 9.932284,58.293159
sora_48.mp4,96.927681, 13.688620,55.495911
sora_49.mp4,96.062614, 12.744427,51.757153
sora_5.mp4,70.340523, 6.050711,20.790085
sora_50.mp4,94.097595, 7.931717,39.706684
sora_51.mp4,99.887032, 13.417208,81.834641
sora_52.mp4,99.294380, 12.672591,67.897270
sora_53.mp4,98.325058, 9.688255,55.577129
sora_54.mp4,99.149010, 9.170517,61.160534
sora_55.mp4,99.120720, 16.628761,70.198853
sora_56.mp4,98.257118, 8.433623,52.876312
sora_6.mp4,99.113098, 12.138286,65.231575
sora_7.mp4,99.758743, 16.506655,79.539200
sora_8.mp4,99.797432, 17.325809,81.177277
sora_9.mp4,98.604568, 14.462092,63.967175
hotshot_101.mp4,96.073540, 6.300344,40.081470
hotshot_105.mp4,99.176414, 7.298558,57.813229
hotshot_107.mp4,98.458374, 12.140717,60.142403
hotshot_116.mp4,97.849068, 8.128040,50.176029
hotshot_13.mp4,99.945526, 12.430626,85.018593
hotshot_133.mp4,99.372200, 8.201984,62.218796
hotshot_136.mp4,69.660454, 1.825853,10.828013
hotshot_139.mp4,99.664200, 7.892664,67.221970
hotshot_149.mp4,95.120590, 7.073349,39.773502
hotshot_161.mp4,99.257103, 4.809917,52.121090
hotshot_162.mp4,99.455910, 7.796273,62.744450
hotshot_163.mp4,99.183754, 4.123821,48.740257
hotshot_166.mp4,98.591019, 9.179859,56.367939
hotshot_168.mp4,89.711937, 5.694595,29.532082
hotshot_173.mp4,90.453651, 2.832096,21.722063
hotshot_176.mp4,96.275551, 6.736501,41.654606
hotshot_181.mp4,99.368248, 9.349198,64.198120
hotshot_186.mp4,97.525444, 9.661425,51.672089
hotshot_188.mp4,97.762627, 5.628278,43.797798
hotshot_197.mp4,94.167389, 6.042984,35.636284
hotshot_200.mp4,96.824333, 8.352656,46.736607
hotshot_202.mp4,99.578697, 6.518577,62.333767
hotshot_216.mp4,99.566200, 9.278777,67.395325
hotshot_217.mp4,99.928246, 13.494131,84.371635
hotshot_22.mp4,91.776459, 7.746106,36.070091
hotshot_232.mp4,98.696152, 4.934347,47.001511
hotshot_250.mp4,98.948647, 5.307661,50.292229
hotshot_254.mp4,99.733391, 8.140284,69.612366
hotshot_260.mp4,98.929810, 10.862666,61.745365
hotshot_262.mp4,99.874207, 7.925820,75.107933
hotshot_264.mp4,99.123306, 3.996112,47.539764
hotshot_271.mp4,98.490349, 4.771247,45.027523
hotshot_274.mp4,97.452705, 8.433500,49.103050
hotshot_278.mp4,87.646858, 4.501343,24.951012
hotshot_284.mp4,98.397949, 6.031676,48.204552
hotshot_291.mp4,97.051941, 6.829738,44.182434
hotshot_292.mp4,96.683350, 6.657376,42.607769
hotshot_298.mp4,97.697395, 3.838105,37.613728
hotshot_301.mp4,98.517159, 7.713191,52.993263
hotshot_305.mp4,98.317787, 4.519435,43.116020
hotshot_307.mp4,99.096367, 10.332370,62.507637
hotshot_33.mp4,99.903549, 7.309783,76.033554
hotshot_331.mp4,92.829117, 3.895708,27.707600
hotshot_332.mp4,90.693848, 6.150902,31.510757
hotshot_334.mp4,97.344368, 6.427405,44.236217
hotshot_337.mp4,96.274902, 9.278720,46.885784
hotshot_345.mp4,98.883530, 11.054293,61.634605
hotshot_352.mp4,98.062439, 7.397172,49.656055
hotshot_358.mp4,97.912498, 6.081515,45.721729
hotshot_365.mp4,97.763443, 4.212932,39.290646
hotshot_37.mp4,99.940109, 12.945634,84.908844
hotshot_370.mp4,99.370583, 9.258394,64.080414
hotshot_373.mp4,99.403244, 8.303990,62.877129
hotshot_374.mp4,90.950851, 8.776858,37.051632
hotshot_377.mp4,98.194794, 9.514873,54.540665
hotshot_382.mp4,96.012253, 5.273546,37.201145
hotshot_388.mp4,97.142914, 8.166776,47.421547
hotshot_391.mp4,92.322105, 6.571385,34.267879
hotshot_392.mp4,98.668671, 3.735475,42.412350
hotshot_399.mp4,93.725182, 4.961199,32.106514
hotshot_439.mp4,98.991867, 6.324566,53.539158
hotshot_447.mp4,95.707298, 6.387803,39.428932
hotshot_451.mp4,91.189178, 5.843587,31.298563
hotshot_458.mp4,97.264740, 6.411460,43.904709
hotshot_46.mp4,99.311272, 7.845683,60.660126
hotshot_465.mp4,99.586075, 12.728429,72.333855
hotshot_466.mp4,97.906479, 4.950042,42.417496
hotshot_467.mp4,99.454521, 7.168355,61.417091
hotshot_473.mp4,95.603157, 3.472702,30.368483
hotshot_477.mp4,98.780441, 10.234560,59.546917
hotshot_485.mp4,96.531860, 5.005851,37.739372
hotshot_486.mp4,93.110840, 4.754582,30.679947
hotshot_489.mp4,98.835876, 8.054321,56.072128
hotshot_495.mp4,98.957840, 3.745365,44.827450
hotshot_501.mp4,85.008179, 5.453172,25.628679
hotshot_508.mp4,94.058441, 3.476169,27.831612
hotshot_516.mp4,99.096100, 7.276959,56.871067
hotshot_518.mp4,99.392090, 2.333459,42.711132
hotshot_526.mp4,95.150909, 9.299663,44.262280
hotshot_59.mp4,92.757797, 6.784990,35.300385
hotshot_591.mp4,99.221657, 10.673128,64.380562
hotshot_594.mp4,67.528572, 3.942725,15.925385
hotshot_60.mp4,93.286102, 4.024703,28.684851
hotshot_607.mp4,98.792892, 9.269634,58.022507
hotshot_613.mp4,99.768295, 7.438407,69.508957
hotshot_618.mp4,98.875832, 10.250654,60.343464
hotshot_638.mp4,99.239197, 9.200465,62.251942
hotshot_64.mp4,94.302422, 10.583835,44.789524
hotshot_643.mp4,98.468590, 6.104176,48.844345
hotshot_650.mp4,97.234222, 5.664581,41.825817
hotshot_653.mp4,99.805428, 11.050465,76.099129
hotshot_675.mp4,99.588676, 5.673414,60.416645
hotshot_684.mp4,99.890945, 9.943393,78.785751
hotshot_687.mp4,99.813751, 12.222367,77.639793
hotshot_697.mp4,99.704704, 7.905090,68.341621
hotshot_74.mp4,99.547546, 7.489338,63.805527
hotshot_80.mp4,99.920410, 10.959759,81.775352
hotshot_84.mp4,98.376022, 4.835156,44.524048
hotshot_87.mp4,97.407059, 9.933857,51.675491
hotshot_92.mp4,99.064598, 8.814040,59.635414
MoonValley_10.mp4,97.511452, 14.281304,58.303600
MoonValley_101.mp4,99.249802, 8.103642,60.371124
MoonValley_114.mp4,96.475365, 7.898645,44.772224
MoonValley_125.mp4,97.751129, 9.548951,52.427082
MoonValley_143.mp4,99.351891, 10.256013,65.398315
MoonValley_144.mp4,99.380783, 10.815583,66.612625
MoonValley_146.mp4,99.144005, 11.317482,64.445831
MoonValley_161.mp4,99.659233, 8.426456,68.048676
MoonValley_165.mp4,99.007713, 10.493733,61.890350
MoonValley_17.mp4,99.422958, 12.807939,69.748703
MoonValley_170.mp4,98.595436, 12.644953,61.693771
MoonValley_175.mp4,99.659660, 12.755975,73.868568
MoonValley_186.mp4,99.290726, 9.619676,63.594566
MoonValley_187.mp4,99.604675, 14.428093,74.413589
MoonValley_205.mp4,99.917175, 14.051085,84.008888
MoonValley_212.mp4,99.642914, 15.076478,75.746460
MoonValley_214.mp4,99.057442, 10.883925,62.950039
MoonValley_216.mp4,99.946075, 9.535937,82.611031
MoonValley_218.mp4,99.289703, 11.123025,65.838776
MoonValley_222.mp4,99.945190, 14.593267,86.375168
MoonValley_228.mp4,99.748764, 14.637730,77.817383
MoonValley_232.mp4,99.594070, 13.960695,73.764938
MoonValley_233.mp4,99.862633, 15.682143,82.350677
MoonValley_235.mp4,99.755653, 13.209184,76.729568
MoonValley_236.mp4,99.362114, 13.577024,69.784805
MoonValley_238.mp4,99.848549, 17.963465,83.227852
MoonValley_239.mp4,99.759583, 14.720363,78.181633
MoonValley_26.mp4,99.977943, 14.691858,90.082092
MoonValley_267.mp4,98.358765, 13.431321,61.237663
MoonValley_269.mp4,99.513283, 16.812567,74.966080
MoonValley_270.mp4,99.906631, 12.622767,82.298035
MoonValley_273.mp4,99.440964, 15.420379,72.704002
MoonValley_278.mp4,99.980064, 13.214974,89.757111
MoonValley_280.mp4,98.670753, 10.437952,59.049988
MoonValley_283.mp4,98.214088, 15.284191,62.619202
MoonValley_284.mp4,99.385284, 15.320255,71.864494
MoonValley_286.mp4,99.476173, 14.128097,71.959618
MoonValley_288.mp4,99.074921, 11.272588,63.680344
MoonValley_297.mp4,99.385307, 14.448304,71.007385
MoonValley_306.mp4,99.447098, 13.625216,71.004608
MoonValley_323.mp4,99.824249, 12.927638,78.694763
MoonValley_342.mp4,99.687897, 9.485131,70.467834
MoonValley_346.mp4,98.527458, 11.490714,59.663181
MoonValley_353.mp4,98.839149, 11.673504,62.157486
MoonValley_355.mp4,99.305870, 7.373130,59.602779
MoonValley_359.mp4,99.874756, 11.253805,79.291084
MoonValley_366.mp4,99.942551, 15.204541,86.505005
MoonValley_389.mp4,99.746689, 10.035932,72.897240
MoonValley_39.mp4,99.476952, 15.017644,72.842941
MoonValley_399.mp4,90.989075, 8.325478,36.275406
MoonValley_40.mp4,99.814186, 16.720396,81.292175
MoonValley_402.mp4,99.756882, 16.285206,79.329079
MoonValley_41.mp4,99.665878, 13.452551,74.719429
MoonValley_421.mp4,99.846703, 9.489078,75.906601
MoonValley_424.mp4,94.077888, 4.575341,31.501562
MoonValley_435.mp4,99.818710, 15.227644,80.389267
MoonValley_436.mp4,99.733978, 10.498556,73.124313
MoonValley_437.mp4,99.648521, 11.596470,72.318619
MoonValley_438.mp4,99.611252, 15.514307,75.514343
MoonValley_441.mp4,99.816833, 15.157500,80.273369
MoonValley_45.mp4,97.838959, 12.198327,56.970425
MoonValley_450.mp4,98.031837, 16.352055,62.861961
MoonValley_467.mp4,99.614838, 17.061216,76.837395
MoonValley_468.mp4,98.876892, 12.639898,63.749958
MoonValley_472.mp4,98.478188, 8.930121,55.159973
MoonValley_478.mp4,99.779427, 11.753810,75.981552
MoonValley_48.mp4,99.886925, 17.650436,84.589912
MoonValley_480.mp4,99.774231, 4.967701,63.914597
MoonValley_51.mp4,98.881371, 11.593495,62.388832
MoonValley_514.mp4,99.498947, 12.973815,71.088531
MoonValley_515.mp4,98.752594, 14.927019,65.494667
MoonValley_52.mp4,99.693802, 12.804421,74.708122
MoonValley_530.mp4,99.713806, 15.430895,77.592232
MoonValley_535.mp4,97.581856, 8.689265,50.121277
MoonValley_547.mp4,99.735512, 12.172967,75.120560
MoonValley_549.mp4,99.952782, 14.603272,87.050331
MoonValley_550.mp4,99.830048, 14.548555,80.270401
MoonValley_558.mp4,99.917824, 16.297949,85.429581
MoonValley_559.mp4,98.890579, 7.628692,55.653088
MoonValley_568.mp4,99.473129, 12.739764,70.417595
MoonValley_57.mp4,99.505325, 14.075253,72.356506
MoonValley_570.mp4,99.715675, 16.462614,78.442192
MoonValley_576.mp4,99.817993, 15.071125,80.247345
MoonValley_581.mp4,99.816856, 17.243681,81.719093
MoonValley_583.mp4,99.922798, 17.475201,86.345184
MoonValley_598.mp4,99.753502, 16.855156,79.651535
MoonValley_601.mp4,99.874817, 14.915781,82.353035
MoonValley_606.mp4,99.706802, 17.318218,78.865395
MoonValley_612.mp4,99.768379, 14.613364,78.340134
MoonValley_62.mp4,99.606285, 15.937975,75.782486
MoonValley_620.mp4,99.913124, 17.549198,85.830788
MoonValley_622.mp4,99.458366, 12.610754,70.042442
MoonValley_623.mp4,99.644310, 15.543193,76.175758
MoonValley_68.mp4,99.714775, 13.004271,75.430283
MoonValley_74.mp4,99.948296, 13.074203,85.713974
MoonValley_75.mp4,95.254066, 5.466234,36.092487
MoonValley_77.mp4,98.848557, 13.070236,64.064362
MoonValley_80.mp4,99.692802, 13.640484,75.516037
MoonValley_88.mp4,99.522331, 16.207005,74.598839
MoonValley_9.mp4,99.929916, 17.933722,87.002708
gen2_1020.mp4,99.201675, 15.685493,70.103378
gen2_1027.mp4,98.894775, 11.892947,62.912750
gen2_1033.mp4,94.112122, 11.142218,45.324726
gen2_1045.mp4,95.038216, 6.132287,37.400669
gen2_107.mp4,99.845840, 12.790008,79.417511
gen2_1088.mp4,79.526642, 4.221501,20.150713
gen2_109.mp4,99.431709, 13.227448,70.348839
gen2_1095.mp4,99.848549, 13.382324,80.042900
gen2_1100.mp4,98.727051, 11.129223,60.515320
gen2_1113.mp4,98.097641, 10.455711,55.607723
gen2_1118.mp4,99.209663, 15.988067,70.475220
gen2_1157.mp4,88.467812, 4.457124,25.405317
gen2_1174.mp4,96.596474, 5.457304,39.235512
gen2_1188.mp4,98.079529, 5.663126,45.397755
gen2_1191.mp4,98.441040, 10.021948,56.840927
gen2_1207.mp4,99.396667, 10.023310,65.680138
gen2_1246.mp4,89.248161, 3.022686,21.542290
gen2_1268.mp4,99.745338, 9.599504,72.256813
gen2_1270.mp4,99.013771, 10.230645,61.538677
gen2_128.mp4,99.906845, 15.523849,84.349228
gen2_1283.mp4,99.606857, 12.127064,72.061249
gen2_1288.mp4,98.218025, 8.947790,53.642117
gen2_1290.mp4,99.921272, 15.233766,85.023788
gen2_130.mp4,99.779472, 16.920261,80.391663
gen2_1302.mp4,99.820183, 12.346249,77.998260
gen2_1311.mp4,98.760239, 8.845844,56.997768
gen2_1354.mp4,99.393044, 11.868718,68.190208
gen2_1370.mp4,99.423531, 10.677557,67.039505
gen2_1373.mp4,99.597588, 10.729257,70.140411
gen2_1379.mp4,99.241844, 9.142959,62.185108
gen2_1380.mp4,99.879227, 12.312418,80.517532
gen2_151.mp4,99.140381, 11.266707,64.336845
gen2_156.mp4,97.959702, 8.074498,50.591599
gen2_167.mp4,97.284988, 7.805067,47.182018
gen2_168.mp4,97.703079, 14.231091,59.018360
gen2_190.mp4,99.662415, 11.072861,71.996201
gen2_210.mp4,99.570625, 13.513151,72.884598
gen2_230.mp4,99.499763, 11.957051,69.918533
gen2_232.mp4,99.698761, 13.674438,75.689812
gen2_248.mp4,98.860260, 11.735733,62.413639
gen2_270.mp4,99.890984, 14.845588,83.075317
gen2_278.mp4,99.382919, 12.577486,68.919800
gen2_29.mp4,99.751915, 13.640876,77.026909
gen2_3.mp4,99.935074, 15.280403,85.981789
gen2_301.mp4,99.651245, 17.259943,77.669701
gen2_305.mp4,98.951599, 14.363638,66.414917
gen2_310.mp4,99.275436, 12.015043,66.853340
gen2_347.mp4,99.527130, 16.752851,75.128777
gen2_358.mp4,99.431351, 7.805193,62.356907
gen2_359.mp4,99.921349, 15.141018,84.972588
gen2_364.mp4,98.230347, 14.033854,61.265881
gen2_399.mp4,97.498543, 6.373457,44.691132
gen2_413.mp4,99.945740, 17.118431,87.723534
gen2_419.mp4,98.999886, 14.426969,66.897125
gen2_420.mp4,99.836548, 13.508460,79.670715
gen2_424.mp4,98.751740, 12.347888,62.400185
gen2_425.mp4,99.759201, 13.808814,77.384010
gen2_426.mp4,99.854088, 15.283092,81.729462
gen2_440.mp4,99.397812, 13.691841,70.382866
gen2_466.mp4,99.841354, 13.536598,79.882385
gen2_481.mp4,99.944084, 12.881440,85.204819
gen2_484.mp4,99.463806, 14.648372,72.294128
gen2_498.mp4,99.783546, 15.137710,79.205002
gen2_500.mp4,99.340752, 11.862157,67.474754
gen2_522.mp4,98.404922, 10.433824,57.289719
gen2_587.mp4,99.585274, 14.139663,73.777847
gen2_6.mp4,99.607231, 13.835740,73.891090
gen2_60.mp4,99.957878, 15.249666,87.878593
gen2_625.mp4,99.781944, 12.686011,77.016121
gen2_635.mp4,99.323372, 14.083426,69.844162
gen2_655.mp4,99.726067, 14.828112,77.391014
gen2_660.mp4,99.878136, 16.192459,83.344971
gen2_672.mp4,99.939438, 15.187973,86.254555
gen2_676.mp4,99.805710, 15.150495,79.900894
gen2_709.mp4,99.441368, 9.655771,65.789772
gen2_729.mp4,99.327858, 10.621925,65.615379
gen2_738.mp4,99.154915, 14.578971,68.508728
gen2_743.mp4,99.197617, 9.308791,61.945576
gen2_752.mp4,98.111053, 12.666660,58.914139
gen2_753.mp4,97.753029, 10.305652,53.722485
gen2_760.mp4,97.344070, 12.790686,55.759525
gen2_769.mp4,99.086693, 12.801954,65.809669
gen2_789.mp4,98.428902, 10.851266,58.090179
gen2_825.mp4,97.363068, 7.547432,46.920143
gen2_827.mp4,98.486382, 8.767362,54.908035
gen2_841.mp4,91.318474, 9.450979,38.637493
gen2_859.mp4,38.548874, 3.776781,10.358333
gen2_864.mp4,96.989326, 9.438222,49.314678
gen2_868.mp4,97.560135, 9.705926,51.890446
gen2_870.mp4,98.466080, 11.089953,58.682884
gen2_872.mp4,99.485626, 10.207544,67.347374
gen2_876.mp4,97.445900, 6.858277,45.671795
gen2_903.mp4,99.323166, 8.201588,61.522228
gen2_909.mp4,99.741119, 12.061709,75.157646
gen2_915.mp4,99.860535, 11.228531,78.567078
gen2_919.mp4,87.024612, 4.118005,23.506584
gen2_934.mp4,99.471260, 9.212808,65.561852
gen2_936.mp4,99.190323, 9.907420,62.849594
gen2_945.mp4,90.221710, 6.981761,32.851810
gen2_953.mp4,98.755524, 10.705619,60.092545
lavie_1000.mp4,99.932732, 11.438048,83.146996
lavie_1059.mp4,81.282722, 5.704947,24.230061
lavie_1065.mp4,96.912842, 6.511349,42.959465
lavie_1074.mp4,99.067322, 4.890022,50.152779
lavie_1075.mp4,91.662483, 5.764940,31.616571
lavie_1076.mp4,99.378891, 8.027636,61.981667
lavie_1079.mp4,96.886124, 7.330913,44.788277
lavie_1089.mp4,99.255814, 3.003418,44.652576
lavie_1126.mp4,99.876320, 5.776233,71.172348
lavie_1150.mp4,98.688148, 9.652488,57.887333
lavie_1164.mp4,90.641632, 4.310062,26.743095
lavie_1168.mp4,99.267670, 5.154786,53.369946
lavie_1172.mp4,98.925690, 4.310608,46.749218
lavie_1186.mp4,99.913979, 6.304987,75.068810
lavie_1203.mp4,99.730324, 7.358938,68.084915
lavie_1213.mp4,99.509476, 11.647112,69.697189
lavie_1218.mp4,98.956177, 7.168799,55.233646
lavie_1224.mp4,98.373726, 4.682572,44.003231
lavie_126.mp4,93.708870, 7.759017,38.728348
lavie_1310.mp4,99.753609, 8.907680,71.500374
lavie_1321.mp4,99.919579, 9.576002,80.302193
lavie_1332.mp4,99.653435, 5.344864,61.095398
lavie_1334.mp4,94.505539, 6.960248,38.360550
lavie_1340.mp4,99.301620, 5.780496,55.665512
lavie_1357.mp4,99.436447, 12.380455,69.443237
lavie_1369.mp4,99.890816, 11.317691,80.217857
lavie_1376.mp4,99.032913, 8.045568,57.844460
lavie_1382.mp4,99.947136, 10.465001,83.604744
lavie_1384.mp4,97.632217, 4.299325,39.057213
lavie_175.mp4,97.678658, 7.066303,47.108173
lavie_18.mp4,99.631676, 9.547985,69.198143
lavie_186.mp4,99.610046, 5.285468,59.820538
lavie_189.mp4,98.206329, 7.459182,50.559502
lavie_191.mp4,71.141205, 3.572902,15.976192
lavie_210.mp4,97.944412, 4.521079,41.181587
lavie_216.mp4,99.281342, 7.503353,59.552681
lavie_218.mp4,98.198540, 5.838681,46.519463
lavie_225.mp4,98.689117, 4.455213,45.323151
lavie_231.mp4,98.494141, 4.589342,44.436714
lavie_272.mp4,98.761841, 7.686196,54.705536
lavie_277.mp4,97.732613, 4.644420,40.653843
lavie_28.mp4,98.046860, 6.009275,46.186001
lavie_280.mp4,97.402634, 6.624388,44.942570
lavie_282.mp4,99.643433, 7.781156,66.493492
lavie_298.mp4,78.105362, 5.158915,21.726686
lavie_305.mp4,89.571175, 5.884329,29.852087
lavie_327.mp4,86.736534, 4.991599,25.602150
lavie_332.mp4,84.309914, 8.625727,31.311977
lavie_338.mp4,98.488609, 3.349586,39.532089
lavie_344.mp4,98.365036, 5.613560,46.842663
lavie_372.mp4,94.111801, 6.709271,37.123455
lavie_375.mp4,93.974182, 6.360572,36.092522
lavie_384.mp4,99.451584, 7.499048,62.069065
lavie_398.mp4,98.895226, 7.250746,54.865490
lavie_407.mp4,93.849991, 2.792838,24.879786
lavie_416.mp4,97.719421, 5.608902,43.555435
lavie_418.mp4,99.921738, 9.086073,79.908714
lavie_419.mp4,99.936142, 9.892076,82.013206
lavie_441.mp4,98.346024, 8.303128,53.134476
lavie_468.mp4,97.951736, 7.096304,48.421234
lavie_469.mp4,99.375488, 5.832767,56.887882
lavie_48.mp4,98.995987, 7.729846,56.834782
lavie_498.mp4,97.698212, 4.882662,41.284004
lavie_513.mp4,99.289696, 11.843901,66.805756
lavie_535.mp4,99.455322, 13.090680,70.542839
lavie_537.mp4,99.425354, 6.447744,59.268654
lavie_547.mp4,99.763420, 7.953726,70.270172
lavie_552.mp4,99.703644, 6.337117,65.087013
lavie_555.mp4,98.735550, 8.034528,55.227135
lavie_562.mp4,99.152992, 8.403099,59.807079
lavie_572.mp4,98.729622, 8.747293,56.577564
lavie_578.mp4,94.353226, 4.573365,31.921894
lavie_588.mp4,96.399239, 7.023043,42.653442
lavie_614.mp4,97.583786, 8.377722,49.520111
lavie_633.mp4,99.517883, 12.147248,70.449951
lavie_666.mp4,96.038750, 4.775565,35.786575
lavie_706.mp4,98.646355, 7.087571,52.501465
lavie_71.mp4,98.322365, 10.721859,57.255547
lavie_717.mp4,98.098976, 10.528803,55.731781
lavie_721.mp4,98.739273, 6.859577,52.666431
lavie_757.mp4,99.365143, 8.806529,63.225548
lavie_759.mp4,99.268349, 9.548778,63.195686
lavie_789.mp4,96.193214, 1.999773,24.649467
lavie_792.mp4,96.167442, 4.382653,34.837925
lavie_797.mp4,93.471565, 7.058288,36.898956
lavie_806.mp4,99.879608, 10.265493,78.501350
lavie_822.mp4,97.210915, 6.411451,43.712505
lavie_83.mp4,99.780396, 11.271305,75.481903
lavie_834.mp4,98.548813, 5.521469,47.752216
lavie_845.mp4,96.816643, 8.095143,46.194302
lavie_858.mp4,79.516281, 2.771152,16.202236
lavie_86.mp4,87.817177, 9.848473,35.847645
lavie_87.mp4,95.928413, 6.531888,40.293278
lavie_900.mp4,98.312798, 8.641005,53.600330
lavie_901.mp4,87.831650, 3.334432,21.668125
lavie_920.mp4,97.866150, 6.676579,47.017906
lavie_935.mp4,98.798943, 5.965909,50.871223
lavie_969.mp4,94.863426, 3.017569,27.248680
lavie_985.mp4,96.821701, 5.052104,38.709381
lavie_987.mp4,97.925797, 7.696985,49.634502
show1_107.mp4,98.588867, 10.491178,58.561932
show1_11.mp4,96.756104, 8.920421,47.618229
show1_113.mp4,62.481075, 6.060102,18.628086
show1_125.mp4,91.279350, 4.910194,29.027378
show1_136.mp4,20.857285, 2.476272,5.942598
show1_138.mp4,83.134438, 6.133699,26.043056
show1_149.mp4,86.323502, 5.768888,27.146456
show1_150.mp4,70.670258, 4.277697,17.443405
show1_151.mp4,79.535957, 5.756861,23.550793
show1_157.mp4,94.915588, 4.108414,31.376282
show1_177.mp4,97.882416, 7.930949,49.924252
show1_178.mp4,91.480865, 4.522106,28.154097
show1_18.mp4,98.763260, 9.537804,58.257397
show1_187.mp4,95.517746, 3.979023,32.052326
show1_196.mp4,82.572815, 4.703007,22.609594
show1_200.mp4,68.594635, 2.696536,13.187931
show1_204.mp4,94.495491, 7.405887,39.312084
show1_21.mp4,87.898056, 3.958512,23.613119
show1_210.mp4,98.344666, 5.460889,46.277245
show1_215.mp4,98.124084, 7.160976,49.443016
show1_216.mp4,98.518661, 4.665038,44.855968
show1_22.mp4,96.176270, 10.155163,48.143585
show1_228.mp4,99.345879, 6.370702,57.846050
show1_23.mp4,98.197838, 8.768492,53.193600
show1_233.mp4,93.143997, 8.038076,38.433640
show1_247.mp4,98.302048, 8.860410,53.954716
show1_256.mp4,90.460434, 5.756239,30.363598
show1_264.mp4,92.529907, 9.216545,39.752254
show1_272.mp4,90.962509, 9.672514,38.600998
show1_273.mp4,92.155922, 6.291780,33.430264
show1_275.mp4,97.787369, 8.561726,50.759815
show1_285.mp4,97.566071, 8.033476,48.749901
show1_292.mp4,84.782295, 6.292378,27.300974
show1_294.mp4,96.535774, 7.554852,44.217548
show1_295.mp4,95.977707, 8.655847,44.956406
show1_302.mp4,99.693275, 9.346520,70.402916
show1_305.mp4,93.637497, 8.986938,40.960979
show1_33.mp4,99.789902, 12.488007,77.078629
show1_34.mp4,99.650017, 10.708536,71.243965
show1_349.mp4,44.225788, 3.457082,10.690486
show1_355.mp4,91.205391, 3.519879,24.792402
show1_359.mp4,84.799423, 4.870499,24.150791
show1_36.mp4,99.296570, 10.748447,65.395081
show1_374.mp4,92.377594, 5.762564,32.437187
show1_385.mp4,96.095306, 4.681945,35.629250
show1_398.mp4,82.766815, 2.999789,18.086493
show1_4.mp4,98.894676, 12.723541,64.001434
show1_403.mp4,50.648148, 4.198346,13.022402
show1_431.mp4,86.549553, 7.427420,30.690992
show1_442.mp4,98.350357, 11.070416,57.953548
show1_447.mp4,97.027023, 6.334175,42.889572
show1_450.mp4,93.019089, 5.182805,31.750246
show1_456.mp4,97.116638, 9.493246,49.846241
show1_457.mp4,75.770203, 4.453733,19.353310
show1_458.mp4,88.856064, 7.717521,33.053513
show1_48.mp4,97.957321, 5.564977,44.511204
show1_49.mp4,99.785233, 10.860325,75.169357
show1_493.mp4,64.676949, 5.486907,18.216175
show1_502.mp4,79.461334, 5.015950,21.957840
show1_507.mp4,96.608780, 6.891787,42.942986
show1_509.mp4,96.066559, 9.426147,46.601223
show1_523.mp4,87.719994, 7.105772,30.937481
show1_528.mp4,95.139297, 10.900969,46.912552
show1_536.mp4,91.959923, 2.938858,23.409294
show1_544.mp4,93.518089, 4.668153,30.971836
show1_559.mp4,95.179054, 5.903785,37.099873
show1_561.mp4,96.369995, 6.742829,41.922272
show1_567.mp4,97.808029, 8.771852,51.258160
show1_580.mp4,98.283073, 7.392772,50.845570
show1_583.mp4,95.676399, 5.560791,37.232887
show1_585.mp4,95.774872, 7.494741,42.115063
show1_586.mp4,98.688957, 7.157113,52.976109
show1_594.mp4,51.069469, 3.171939,11.204302
show1_599.mp4,63.696068, 6.273297,19.285898
show1_610.mp4,81.044167, 4.502337,21.442989
show1_621.mp4,99.684708, 11.625872,73.194977
show1_627.mp4,94.512161, 4.676804,32.491592
show1_628.mp4,97.512993, 7.533642,47.473385
show1_630.mp4,82.288490, 8.164172,29.340849
show1_636.mp4,96.874435, 7.676171,45.503014
show1_646.mp4,97.421608, 6.494817,44.695957
show1_651.mp4,98.198395, 8.317513,52.318371
show1_654.mp4,98.433502, 8.336614,53.736485
show1_662.mp4,97.150505, 5.836653,42.006672
show1_664.mp4,92.885223, 9.444334,40.639633
show1_670.mp4,98.642426, 7.774406,53.991116
show1_676.mp4,88.886894, 5.421170,28.188377
show1_677.mp4,72.262016, 3.352461,15.726190
show1_679.mp4,96.311089, 6.261255,40.592213
show1_680.mp4,98.944649, 10.325249,61.054779
show1_685.mp4,98.478043, 8.415833,54.176636
show1_686.mp4,87.471481, 8.660554,33.606693
show1_690.mp4,96.781357, 7.725548,45.315422
show1_692.mp4,97.144852, 8.431442,47.957924
show1_694.mp4,98.464706, 10.032449,57.006775
show1_699.mp4,96.807899, 8.129778,46.237373
show1_74.mp4,94.198532, 7.048807,38.026474
show1_76.mp4,96.404495, 8.511136,45.803364
show1_89.mp4,85.950470, 7.348964,30.126350
show1_95.mp4,98.450729, 8.716063,54.582607
D110.mp4,93.645592, 6.684926,36.333359
D113.mp4,99.641006, 10.438063,70.679489
D119.mp4,99.873558, 9.018876,76.647560
D129.mp4,88.370903, 2.020570,17.092695
D137.mp4,43.731495, 2.091022,7.972871
D141.mp4,95.246307, 5.794962,36.952679
D150.mp4,98.980194, 8.471509,58.171661
D151.mp4,99.472389, 11.542942,68.958435
D163.mp4,92.150703, 10.576976,41.497536
D180.mp4,99.212601, 16.656649,71.123207
D195.mp4,99.437187, 16.268782,73.416718
D196.mp4,99.825043, 17.296890,82.017799
D201.mp4,99.926430, 19.081600,87.310684
D203.mp4,99.865051, 17.679287,83.685326
D210.mp4,57.492107, 1.912482,9.230736
D215.mp4,98.180748, 8.027906,51.633827
D219.mp4,93.676918, 4.950942,32.008175
D228.mp4,73.643906, 1.689191,11.102983
D236.mp4,67.166962, 1.769446,10.220979
D241.mp4,63.083630, 2.221311,10.896319
D247.mp4,79.756165, 8.491487,28.557861
D252.mp4,91.124153, 8.559021,36.853096
D253.mp4,84.307755, 4.764618,23.627836
D272.mp4,74.002228, 8.403672,25.912497
D3.mp4,94.278511, 3.911853,29.684288
D300.mp4,73.678604, 8.056890,25.254610
D329.mp4,88.328873, 3.273707,21.784637
D334.mp4,91.579491, 6.999023,34.316711
D335.mp4,56.855446, 4.584049,14.862120
D37.mp4,94.104080, 3.095593,26.447927
D375.mp4,91.879257, 5.325801,30.757805
D39.mp4,99.943611, 17.346132,87.666946
D397.mp4,99.898155, 12.738727,81.894066
D421.mp4,92.150040, 2.350582,21.161125
D43.mp4,99.651215, 12.651740,73.571541
D431.mp4,99.888985, 12.352615,81.062363
D432.mp4,99.888985, 12.599752,81.273529
D435.mp4,97.766518, 8.277841,50.104588
D449.mp4,99.421951, 17.186987,73.993713
D458.mp4,87.935127, 6.104364,29.018820
D469.mp4,51.619381, 7.957622,18.708151
D472.mp4,95.489540, 9.914115,46.064808
D475.mp4,99.049019, 13.477209,66.263290
D476.mp4,99.808098, 13.483196,78.615501
D477.mp4,81.700249, 3.279452,18.500828
D502.mp4,99.656013, 7.415359,66.096649
D506.mp4,91.105232, 11.616972,41.770378
D513.mp4,99.237556, 9.199834,62.231022
D517.mp4,61.515762, 4.824738,16.281221
D519.mp4,99.128685, 7.941137,58.630867
D520.mp4,83.222488, 2.396999,16.265179
D524.mp4,96.908737, 5.687217,40.805824
D529.mp4,75.938812, 1.925371,12.439356
D55.mp4,99.902496, 15.105414,83.848228
D569.mp4,97.906181, 7.357053,48.795692
D574.mp4,96.589752, 8.692826,46.684982
D583.mp4,98.692963, 9.048227,56.858284
D589.mp4,90.661835, 4.759391,28.022167
D597.mp4,92.335892, 6.981680,35.183907
D60.mp4,94.019882, 2.382282,23.271538
D612.mp4,99.757309, 12.138366,75.706795
D616.mp4,99.547455, 13.376425,72.332893
D636.mp4,98.994865, 9.504339,60.172920
D649.mp4,87.516190, 8.288982,32.992504
D652.mp4,86.182404, 9.624735,34.211098
D681.mp4,99.699440, 5.627439,63.187099
D69.mp4,99.156273, 7.932750,58.920212
D693.mp4,66.917313, 7.850827,22.638554
D696.mp4,88.099960, 7.413833,31.838984
D698.mp4,99.443146, 4.070293,52.280514
D7.mp4,99.792465, 13.746037,78.329636
D711.mp4,99.744102, 6.706609,67.199684
D725.mp4,91.942352, 7.692859,36.164238
D73.mp4,99.846931, 8.738164,74.890503
D740.mp4,94.367157, 8.061715,40.429764
D88.mp4,90.764732, 9.472212,38.047737
D91.mp4,98.824234, 7.400084,54.590160
D97.mp4,99.920135, 7.497013,77.639603
O1.mp4,95.569839, 11.283753,48.448811
T2.mp4,97.485977, 8.751429,49.852142
T23.mp4,98.751823, 6.450994,51.763023
T25.mp4,99.682823, 11.758821,73.303619
T26.mp4,92.566933, 6.185624,33.689453
T28.mp4,98.089424, 7.359330,49.710869
T36.mp4,97.556282, 6.965523,46.363022
T39.mp4,99.133331, 10.862943,63.685863
T40.mp4,98.966667, 12.771523,64.670479
T46.mp4,94.306732, 7.001238,38.105141
T49.mp4,98.503426, 4.371347,43.730480
T62.mp4,92.655006, 4.909746,30.546627
T7.mp4,98.764297, 7.183701,53.618145
T85.mp4,99.556259, 11.278096,70.055801
T88.mp4,97.912003, 10.476169,54.725220
T9.mp4,98.348595, 7.632183,51.756268
T91.mp4,91.096893, 7.701909,35.207325
T93.mp4,96.873581, 7.312648,44.707653
msrvtt_1041.mp4,96.397713, 5.223845,38.023952
msrvtt_1162.mp4,97.193932, 6.547459,43.989937
msrvtt_1200.mp4,89.594452, 3.375572,22.993942
msrvtt_141.mp4,89.491234, 5.622913,29.170746
msrvtt_1457.mp4,96.777214, 3.980433,35.034622
msrvtt_1534.mp4,92.468475, 4.020291,27.695045
msrvtt_17.mp4,67.072906, 3.316888,14.413950
msrvtt_1812.mp4,55.380024, 2.036137,9.277248
msrvtt_2003.mp4,97.059074, 3.776481,35.111801
msrvtt_2021.mp4,95.755882, 5.130208,36.200821
msrvtt_2068.mp4,98.720505, 5.854305,49.941120
msrvtt_2174.mp4,97.530571, 7.382561,47.210888
msrvtt_2234.mp4,93.198051, 4.814509,30.964766
msrvtt_2360.mp4,41.619236, 3.485215,10.348485
msrvtt_2424.mp4,91.036728, 6.127412,31.805170
msrvtt_2430.mp4,93.266472, 2.909058,24.653791
msrvtt_2494.mp4,67.215416, 1.960330,10.828959
msrvtt_2515.mp4,93.168472, 3.493872,26.743019
msrvtt_2660.mp4,87.907524, 4.385741,24.817299
msrvtt_2711.mp4,96.676460, 4.765221,37.400707
msrvtt_278.mp4,95.634132, 4.717515,34.705418
msrvtt_283.mp4,58.380474, 2.836413,11.658027
msrvtt_3004.mp4,97.719231, 5.337097,42.767712
msrvtt_3047.mp4,74.273933, 2.884845,15.015946
msrvtt_3278.mp4,78.893333, 1.920740,13.158086
msrvtt_3441.mp4,56.789444, 3.378760,12.560569
msrvtt_3455.mp4,96.805923, 4.434381,36.700172
msrvtt_3498.mp4,79.422745, 3.053811,17.016941
msrvtt_3610.mp4,96.466774, 5.283995,38.382729
msrvtt_3623.mp4,88.095184, 3.459305,22.232227
msrvtt_377.mp4,89.722672, 2.982063,21.731112
msrvtt_3948.mp4,76.075676, 3.576202,17.361345
msrvtt_4022.mp4,57.345104, 2.201894,9.972308
msrvtt_4033.mp4,95.501251, 3.159291,28.928318
msrvtt_4326.mp4,94.663414, 2.827750,26.142052
msrvtt_4395.mp4,83.706818, 3.784049,20.791763
msrvtt_4434.mp4,85.209747, 2.575311,17.720455
msrvtt_4570.mp4,77.842339, 3.116421,16.682411
msrvtt_4685.mp4,80.501923, 3.174346,17.743952
msrvtt_479.mp4,93.111023, 4.144269,28.846090
msrvtt_4807.mp4,94.768616, 2.852337,26.406055
msrvtt_4869.mp4,61.841869, 4.936396,16.556463
msrvtt_4908.mp4,96.428238, 5.248285,38.175983
msrvtt_4960.mp4,87.417725, 3.608549,22.269531
msrvtt_5014.mp4,93.857727, 3.253133,26.727507
msrvtt_5020.mp4,64.753929, 2.295271,11.377980
msrvtt_5102.mp4,58.582191, 2.624971,11.198750
msrvtt_5191.mp4,93.433800, 3.805303,28.149323
msrvtt_5192.mp4,97.703300, 4.859106,41.230194
msrvtt_5401.mp4,86.879517, 3.542824,21.748396
msrvtt_5438.mp4,59.776314, 2.878869,11.989884
msrvtt_5450.mp4,90.460793, 3.202160,23.070705
msrvtt_5451.mp4,62.150986, 2.531179,11.555121
msrvtt_5475.mp4,97.857124, 5.530895,43.943195
msrvtt_5789.mp4,93.168709, 4.095794,28.764620
msrvtt_5795.mp4,80.894028, 3.683057,19.309271
msrvtt_5858.mp4,96.407227, 4.329972,35.257313
msrvtt_5887.mp4,84.434021, 4.352264,22.664499
msrvtt_5959.mp4,98.719284, 6.433510,51.465202
msrvtt_5965.mp4,94.614822, 5.874510,35.971634
msrvtt_6050.mp4,80.293114, 2.495199,15.575422
msrvtt_6272.mp4,90.581963, 3.365842,23.733280
msrvtt_6392.mp4,98.685081, 5.267182,47.965260
msrvtt_6409.mp4,97.629776, 4.108018,38.359352
msrvtt_6426.mp4,93.518654, 3.314491,26.521364
msrvtt_6456.mp4,96.701744, 4.635798,37.060444
msrvtt_6462.mp4,87.725189, 2.720551,19.512613
msrvtt_6551.mp4,96.290901, 5.978632,39.817177
msrvtt_6580.mp4,99.117867, 7.282482,57.118160
msrvtt_6688.mp4,96.196190, 4.046378,33.760326
msrvtt_6979.mp4,96.119049, 3.553288,31.765301
msrvtt_7094.mp4,86.226913, 2.455404,17.757355
msrvtt_7229.mp4,69.239029, 2.998733,14.112383
msrvtt_7258.mp4,65.859261, 3.543895,14.670284
msrvtt_7419.mp4,91.014572, 2.889328,22.385080
msrvtt_7587.mp4,97.899628, 4.133641,39.599125
msrvtt_7616.mp4,75.804558, 3.426689,16.895853
msrvtt_7724.mp4,39.330334, 1.504454,6.172763
msrvtt_7753.mp4,94.492546, 4.207859,30.997578
msrvtt_7980.mp4,44.306835, 4.111278,11.799705
msrvtt_8003.mp4,71.242706, 2.593160,13.471745
msrvtt_812.mp4,85.601021, 5.155927,25.292727
msrvtt_8160.mp4,88.988823, 3.951041,24.349659
msrvtt_8331.mp4,67.418419, 2.627611,12.766714
msrvtt_835.mp4,96.644562, 5.070138,38.246540
msrvtt_8377.mp4,95.286156, 4.950845,34.697868
msrvtt_8424.mp4,99.211906, 6.728650,56.931274
msrvtt_8455.mp4,96.077553, 3.586531,31.799639
msrvtt_8489.mp4,99.405563, 8.144650,62.611561
msrvtt_856.mp4,66.385178, 3.029429,13.580935
msrvtt_8863.mp4,84.635284, 3.871264,21.485510
msrvtt_8898.mp4,91.355728, 5.090816,29.586008
msrvtt_9258.mp4,98.573250, 5.237706,47.071014
msrvtt_9354.mp4,99.188820, 5.623881,53.768879
msrvtt_9437.mp4,81.798630, 3.718050,19.768684
msrvtt_9657.mp4,78.923187, 4.884650,21.452137
msrvtt_9780.mp4,95.551369, 5.895936,37.849003
msrvtt_9784.mp4,93.218201, 3.419212,26.535812
msrvtt_9873.mp4,98.789337, 5.332063,48.976391
msrvtt_9916.mp4,77.776314, 2.828459,15.831939
-KE9zHM2PPE_000191_000201.mp4,98.973305, 7.104670,55.248596
-TJHwkpAlls_000006_000016.mp4,99.269882, 10.288756,64.382881
-cJr27dbEZo_000028_000038.mp4,98.395630, 6.019753,48.158203
10HaDs92NdE_000077_000087.mp4,84.822235, 2.951002,18.819578
14MZcvxmQ1k_000121_000131.mp4,53.902699, 2.756827,10.774414
2-DxJ7Vtte0_000083_000093.mp4,89.756683, 4.159929,25.553278
3mEUohgCrf4_000042_000052.mp4,44.544514, 2.409056,8.748124
3mdDqxRnG3E_000088_000098.mp4,98.416557, 9.338697,55.514397
44by626mLr8_000000_000010.mp4,67.684868, 2.619906,12.798995
47H9cL2CYWc_000032_000042.mp4,93.967346, 6.822280,37.144341
58sbv8bG1PY_000001_000011.mp4,79.531540, 3.912079,19.384495
5FHCVcNAAL4_000013_000023.mp4,75.361824, 2.061799,12.774648
5rEVlp0ADFs_000022_000032.mp4,99.028000, 4.703829,49.124413
6boZdDfa1CQ_000038_000048.mp4,98.555794, 9.145759,56.066151
7A2LiXFnGQw_000025_000035.mp4,24.140757, 2.047937,5.695277
A9lRkfvOGH4_000095_000105.mp4,99.217537, 6.350949,56.073212
A_V9gpuuzaA_000023_000033.mp4,92.502045, 6.656127,34.682926
AelLoY8rCt4_000002_000012.mp4,94.220772, 4.766057,32.289078
BMnJmOkEEhk_000002_000012.mp4,95.230194, 6.027343,37.516418
BO1XuuL1ZpA_000000_000010.mp4,97.912918, 6.665149,47.209728
Ctn7v7bb9Hg_000048_000058.mp4,97.220299, 4.288321,37.503475
D5_qapDWZIU_000002_000012.mp4,92.782478, 5.444253,32.136070
DF_7gRarC3k_000058_000068.mp4,96.064217, 8.349384,44.579926
EuLoaD66KNc_000001_000011.mp4,22.350216, 1.530393,4.621917
FXWUBrJmwtA_000004_000014.mp4,98.088455, 9.430353,53.827274
GFEe5fsBME0_000156_000166.mp4,85.831459, 4.021774,22.537355
H49Sn2WhfLY_000000_000010.mp4,17.375950, 1.594713,4.213682
IYuGMoeMXHM_000063_000073.mp4,98.289787, 8.193229,52.583458
JDgPwBrrjbM_000163_000173.mp4,99.451004, 10.712577,67.509918
JEFLfj9JSYM_000015_000025.mp4,91.050743, 3.319226,23.971132
JOr54JNvKZ8_000490_000500.mp4,92.842171, 6.581791,34.959251
JVTaYpYRqZA_000053_000063.mp4,98.314003, 10.990005,57.620811
MeZZuHxWsV8_000001_000011.mp4,82.892769, 1.428003,12.239553
MswslLIhzyk_000100_000110.mp4,99.572105, 10.566441,69.413612
NejYZLJn-A0_000003_000013.mp4,81.504211, 3.714122,19.636953
O4kIQoYXiJQ_000099_000109.mp4,66.960182, 2.938545,13.474692
OWKCL40Ml0k_000001_000011.mp4,97.747498, 10.040193,53.256954
OizAvrr9thY_000002_000012.mp4,96.384254, 3.832040,33.446461
On8dpRaW78Q_000016_000026.mp4,60.906048, 2.875635,12.177782
PiZI-NnRi48_000053_000063.mp4,97.327209, 3.813040,36.130703
PrsZiBMW7ys_000434_000444.mp4,89.832451, 4.985098,27.881157
QqG4JC11dVE_000062_000072.mp4,98.274231, 12.388151,59.405338
ReaEBU4m1jo_000150_000160.mp4,98.986557, 13.227736,65.404320
RnwidjJiDEE_000105_000115.mp4,66.819054, 3.213783,14.115604
RvBKuQeVtLs_000043_000053.mp4,59.433228, 2.641697,11.375882
TdBkRNakiCg_000051_000061.mp4,98.320374, 7.410129,51.101761
TgKKg8TFD74_000123_000133.mp4,96.700684, 5.355270,39.244003
UGKTyrmLg5U_000047_000057.mp4,91.403236, 4.801007,28.856192
VCFXo1kxhtI_000000_000010.mp4,85.809700, 3.694014,21.597317
VDJgjhA-bBU_000040_000050.mp4,98.433319, 4.103848,42.299992
WBHDOA5EGUs_000001_000011.mp4,92.100487, 2.618445,22.263908
WL7xHzaX5Y4_000054_000064.mp4,94.883331, 4.659592,33.074451
XKcVLbwGryg_000097_000107.mp4,93.443336, 4.012794,28.848860
Ynj7rzBM3Eo_000062_000072.mp4,99.345535, 10.483133,65.648766
ZNMi-TPANUo_000141_000151.mp4,52.460133, 1.701207,8.033352
ZS-2oM-PRUs_000086_000096.mp4,66.382240, 4.173242,16.140282
aBI6r8RmEfA_000022_000032.mp4,99.329475, 10.406013,65.320160
a_fI5qfd5_g_000013_000023.mp4,94.713493, 6.354459,37.333687
abGQPMxaGg0_000000_000010.mp4,63.506210, 2.009644,10.370361
auMbsIMzvtg_000003_000013.mp4,91.643890, 6.464523,33.227001
cJ6mmbUgQDo_000057_000067.mp4,98.040855, 11.029272,56.219917
d8fFRO4-ZsY_000027_000037.mp4,92.642715, 4.478649,29.297855
dpjnHIl1L4Y_000002_000012.mp4,84.379692, 3.072595,19.006325
dsOuHGSkpvA_000001_000011.mp4,90.263908, 3.525440,24.005436
fBN0EWsZbnk_000005_000015.mp4,71.376213, 5.629894,20.345943
fqO7-SGKNpc_000231_000241.mp4,48.620148, 3.634171,11.688547
gMapBCsDgHo_000029_000039.mp4,93.211334, 3.933513,28.293764
gZqmPiW44n0_000009_000019.mp4,55.731785, 2.529632,10.535028
hlP_KniNQHw_000090_000100.mp4,99.358711, 12.731631,68.778893
iS8uNzzVKsM_000000_000010.mp4,98.565430, 13.641138,62.750008
jFehurLFxBM_000134_000144.mp4,94.842949, 5.295531,34.844730
jcdYx1sku0Q_000225_000235.mp4,99.588356, 14.530993,74.208420
lMh6hC_hlhQ_000013_000023.mp4,97.525444, 8.188606,48.902142
lRhfilCsk0Y_000287_000297.mp4,95.496994, 5.326592,36.202477
llCbLdjOR-4_000095_000105.mp4,96.714180, 6.945774,43.380718
mMhZPyqOhHU_000035_000045.mp4,54.932457, 3.375761,12.235763
nQVmDb5rDq0_000006_000016.mp4,88.436272, 7.954013,33.136292
oQbMYMaxnUc_000002_000012.mp4,28.018566, 2.398343,6.724392
okRrPhFsSOI_000015_000025.mp4,95.668571, 8.121950,43.169083
pB6CKj29kkI_000027_000037.mp4,98.465500, 7.780850,52.799755
pwK2lTvM3Xc_000000_000010.mp4,35.417774, 1.989045,6.830447
qxe9LzPoI-g_000060_000070.mp4,66.176796, 1.720875,9.907347
sceHTuMKCTs_000012_000022.mp4,96.794273, 5.867229,40.940224
syz8cSK8OB8_000006_000016.mp4,98.285721, 7.764709,51.670784
tNidFE66pCs_000217_000227.mp4,87.750748, 7.070556,30.891556
tYtYa83rJrk_000000_000010.mp4,43.407001, 2.670858,9.127533
tiRvQoNpP3Q_000017_000027.mp4,49.954193, 1.897512,8.248683
uPx1fBlL7s4_000001_000011.mp4,96.930557, 8.934619,48.199833
ukfg3zHCi0A_000067_000077.mp4,96.472115, 7.127264,43.092724
vUYewS5TqJ8_000091_000101.mp4,98.147743, 8.314301,52.037411
w8uoZnbEU-w_000014_000024.mp4,69.677231, 2.747282,13.552377
wj6D8sO-9MA_000015_000025.mp4,74.238937, 3.442051,16.482492
wrFsSfx4YNI_000001_000011.mp4,98.732811, 6.802335,52.479244
x07blSs5X_w_000778_000788.mp4,87.369225, 7.235731,30.924314
xxLKkOpwtYQ_000051_000061.mp4,99.331337, 12.366578,67.985466
yQ-vPljimfE_000040_000050.mp4,81.493401, 4.164596,20.805628
yqnNHP6AXG4_000003_000013.mp4,97.261375, 8.340255,48.194027
yrH3Fd9Wi2E_000028_000038.mp4,43.558632, 1.904946,7.538112
zVefBU3S7d4_000011_000021.mp4,91.346146, 5.940651,31.694683
zjWddFrCi1g_000174_000184.mp4,92.011246, 10.295209,40.871319
MorphStudio_107.mp4,99.284935, 11.948144,66.882149
MorphStudio_133.mp4,97.282028, 10.687960,52.447872
MorphStudio_136.mp4,94.868011, 8.003458,41.239784
MorphStudio_141.mp4,98.316452, 9.930451,55.939262
MorphStudio_142.mp4,99.005775, 8.999264,59.393101
MorphStudio_151.mp4,77.628235, 6.757661,24.651310
MorphStudio_153.mp4,93.797691, 4.765938,31.651941
MorphStudio_155.mp4,99.155174, 11.276165,64.506287
MorphStudio_156.mp4,59.696930, 3.010718,12.276415
MorphStudio_17.mp4,98.431335, 5.324659,46.401566
MorphStudio_179.mp4,95.742531, 10.014682,46.820007
MorphStudio_180.mp4,99.701271, 6.815755,66.090546
MorphStudio_185.mp4,99.609726, 11.307166,71.135124
MorphStudio_186.mp4,99.213516, 9.858287,63.037235
MorphStudio_189.mp4,94.197372, 6.713989,37.275700
MorphStudio_20.mp4,99.860054, 15.389064,82.045174
MorphStudio_203.mp4,94.688858, 9.140190,43.057346
MorphStudio_204.mp4,98.555122, 8.176197,54.209530
MorphStudio_221.mp4,94.418320, 9.948638,43.959816
MorphStudio_225.mp4,98.982132, 14.463046,66.783104
MorphStudio_228.mp4,99.242661, 8.226055,60.520565
MorphStudio_23.mp4,99.835556, 12.712167,78.931580
MorphStudio_232.mp4,95.843430, 5.404179,37.176342
MorphStudio_238.mp4,80.911888, 4.602258,21.623640
MorphStudio_241.mp4,94.255524, 11.724209,46.449238
MorphStudio_245.mp4,98.767731, 6.802674,52.754955
MorphStudio_248.mp4,99.324760, 14.371408,70.163544
MorphStudio_254.mp4,98.772308, 9.870140,58.889492
MorphStudio_259.mp4,92.740685, 7.735799,37.272518
MorphStudio_26.mp4,99.598732, 9.521772,68.439400
MorphStudio_273.mp4,86.106201, 9.102118,33.314697
MorphStudio_274.mp4,91.135475, 7.131145,34.099945
MorphStudio_281.mp4,98.849304, 8.632474,57.317741
MorphStudio_288.mp4,99.179672, 11.816470,65.504059
MorphStudio_289.mp4,93.738708, 7.428960,38.095837
MorphStudio_291.mp4,94.403168, 7.256381,38.828960
MorphStudio_296.mp4,98.122429, 11.537168,57.394348
MorphStudio_332.mp4,98.222847, 8.532856,52.878296
MorphStudio_337.mp4,84.550606, 4.309618,22.615175
MorphStudio_349.mp4,98.456406, 9.621360,56.258820
MorphStudio_35.mp4,99.419617, 10.383543,66.558189
MorphStudio_352.mp4,92.348495, 6.054937,33.109138
MorphStudio_355.mp4,94.656013, 3.561819,29.035398
MorphStudio_357.mp4,97.943321, 5.321324,43.731647
MorphStudio_358.mp4,98.868782, 8.307787,56.856197
MorphStudio_362.mp4,98.438553, 6.705751,50.184422
MorphStudio_369.mp4,98.645676, 5.787327,49.193790
MorphStudio_377.mp4,97.375420, 6.922873,45.554134
MorphStudio_385.mp4,98.376289, 7.237072,51.047993
MorphStudio_4.mp4,99.854736, 14.345579,81.069580
MorphStudio_401.mp4,99.706848, 13.537995,75.754845
MorphStudio_41.mp4,95.623901, 5.661346,37.388973
MorphStudio_420.mp4,99.570068, 3.764369,53.567062
MorphStudio_426.mp4,98.113419, 5.942313,46.347507
MorphStudio_429.mp4,97.839172, 11.307837,55.681686
MorphStudio_434.mp4,98.369713, 9.304434,55.167980
MorphStudio_460.mp4,36.133209, 2.502787,7.889532
MorphStudio_486.mp4,97.049004, 5.335263,40.260765
MorphStudio_49.mp4,99.426117, 5.658964,57.219696
MorphStudio_495.mp4,97.071198, 10.326754,51.114594
MorphStudio_505.mp4,91.554466, 4.709012,28.756908
MorphStudio_514.mp4,98.643898, 7.137183,52.597855
MorphStudio_52.mp4,70.999542, 2.500535,13.155593
MorphStudio_53.mp4,95.623283, 9.343358,45.375526
MorphStudio_531.mp4,77.716675, 3.414403,17.457888
MorphStudio_536.mp4,94.459572, 2.006353,21.948895
MorphStudio_539.mp4,99.756203, 8.209772,70.464256
MorphStudio_54.mp4,97.634514, 3.345694,35.350883
MorphStudio_540.mp4,97.738411, 4.180769,39.068523
MorphStudio_541.mp4,98.637970, 7.789992,53.991924
MorphStudio_543.mp4,94.064308, 2.716173,24.828157
MorphStudio_544.mp4,98.878166, 3.594942,43.471588
MorphStudio_546.mp4,98.103973, 6.746826,48.360744
MorphStudio_55.mp4,94.187622, 4.521735,31.505981
MorphStudio_56.mp4,93.734917, 5.083513,32.462822
MorphStudio_560.mp4,98.481628, 5.294439,46.631042
MorphStudio_565.mp4,95.607658, 5.141068,35.909916
MorphStudio_568.mp4,97.033325, 6.711392,43.838192
MorphStudio_569.mp4,99.766052, 10.922483,74.614807
MorphStudio_570.mp4,96.008873, 2.425975,26.581156
MorphStudio_574.mp4,98.882088, 11.965065,62.905651
MorphStudio_58.mp4,99.423828, 6.901748,60.313416
MorphStudio_580.mp4,98.682640, 4.369093,44.966274
MorphStudio_585.mp4,99.275017, 10.873362,65.305969
MorphStudio_590.mp4,99.839279, 9.525737,75.615631
MorphStudio_599.mp4,71.389046, 3.673035,16.276745
MorphStudio_630.mp4,99.192612, 5.892332,54.564274
MorphStudio_633.mp4,99.887306, 15.710056,83.463188
MorphStudio_638.mp4,97.262177, 8.871312,49.226887
MorphStudio_654.mp4,98.930527, 11.381949,62.506165
MorphStudio_657.mp4,99.375000, 9.344220,64.286697
MorphStudio_670.mp4,99.425758, 7.432739,61.505039
MorphStudio_687.mp4,99.536224, 12.348947,71.001396
MorphStudio_693.mp4,99.333466, 9.484034,63.936321
MorphStudio_75.mp4,98.584290, 10.158602,57.997696
MorphStudio_83.mp4,98.874512, 9.843586,59.672565
MorphStudio_9.mp4,99.349350, 12.135948,67.933479
MorphStudio_90.mp4,95.990219, 8.138913,43.974419
MorphStudio_97.mp4,94.691780, 6.142162,36.778358
MorphStudio_98.mp4,94.302391, 2.282510,23.151848
Pika_019.mp4,99.883324, 11.574925,80.052475
Pika_1004.mp4,93.228874, 6.552016,35.422119
Pika_11883.mp4,96.347366, 8.127242,44.883953
Pika_12623.mp4,97.385674, 13.744865,57.159393
Pika_13468.mp4,98.587242, 12.520904,61.476578
Pika_13675.mp4,99.695633, 11.746126,73.603104
Pika_14731.mp4,98.244820, 8.661915,53.250866
Pika_14801.mp4,99.670570, 11.905382,73.181091
Pika_1563.mp4,94.451561, 11.809376,46.930725
Pika_16236.mp4,99.123161, 9.343800,61.180325
Pika_16403.mp4,65.456650, 3.065274,13.479172
Pika_16863.mp4,87.339119, 5.759988,27.816427
Pika_18826.mp4,99.588829, 12.783477,72.446304
Pika_19213.mp4,99.354073, 16.381395,72.450188
Pika_20628.mp4,99.864731, 15.820022,82.529297
Pika_21835.mp4,99.520889, 11.961984,70.278679
Pika_22193.mp4,98.693581, 8.963391,56.707806
Pika_23706.mp4,96.091110, 8.635783,45.205269
Pika_23840.mp4,99.431435, 12.641229,69.677811
Pika_23988.mp4,99.661560, 11.226164,72.166489
Pika_24067.mp4,90.509323, 5.813473,30.546219
Pika_25911.mp4,99.615509, 10.491794,70.193436
Pika_27052.mp4,99.854668, 14.233409,80.980644
Pika_27553.mp4,94.841141, 9.089490,43.259109
Pika_28898.mp4,97.500786, 10.834460,53.515972
Pika_30602.mp4,97.289314, 7.377168,46.270882
Pika_30618.mp4,98.354836, 10.726544,57.452225
Pika_30712.mp4,89.754196, 10.024618,37.895042
Pika_32798.mp4,99.659615, 11.111506,71.979523
Pika_33074.mp4,97.864487, 10.736239,54.918098
Pika_34481.mp4,99.189354, 10.516918,63.781189
Pika_34515.mp4,98.631973, 12.014338,61.096416
Pika_35578.mp4,97.959427, 9.707749,53.668301
Pika_36832.mp4,97.552422, 6.403962,44.983273
Pika_39255.mp4,88.250938, 3.152539,21.332750
Pika_39520.mp4,93.330437, 6.591304,35.656200
Pika_40162.mp4,98.809441, 13.619878,64.428314
Pika_42391.mp4,92.364639, 4.972451,30.373383
Pika_42833.mp4,98.483047, 9.018581,55.354683
Pika_44040.mp4,94.343544, 7.026346,38.223831
Pika_45074.mp4,99.800697, 11.892181,76.841095
Pika_46553.mp4,99.249878, 12.384034,67.017570
Pika_47942.mp4,96.882675, 7.619490,45.407887
Pika_49025.mp4,99.419243, 13.020542,69.938843
Pika_49292.mp4,96.233711, 7.225678,42.666016
Pika_51349.mp4,73.501236, 2.689312,14.270234
Pika_52116.mp4,99.691925, 4.412398,59.250355
Pika_5333.mp4,99.542023, 12.210999,70.941895
Pika_56164.mp4,99.051331, 12.586580,65.204147
Pika_57219.mp4,97.581169, 11.704811,55.158569
Pika_58594.mp4,99.825356, 14.740374,80.250557
Pika_58851.mp4,99.354530, 15.906724,72.026566
Pika_59635.mp4,99.088249, 11.741031,64.458313
Pika_59802.mp4,19.187714, 5.087580,8.735926
Pika_60034.mp4,99.588303, 13.910326,73.608192
Pika_61102.mp4,94.405807, 7.209060,38.731354
Pika_62101.mp4,99.504601, 11.605763,69.563499
Pika_62374.mp4,99.728706, 9.931993,72.223000
Pika_62500.mp4,77.023781, 6.248241,23.471148
Pika_62919.mp4,97.713348, 11.533361,55.460888
Pika_62921.mp4,99.315155, 15.747537,71.407616
Pika_63134.mp4,98.926964, 11.550340,62.712540
Pika_64370.mp4,99.710808, 13.220036,75.544235
Pika_65940.mp4,99.128647, 11.542413,64.596237
Pika_66020.mp4,97.809540, 9.739449,53.021072
Pika_67006.mp4,91.798630, 9.961048,40.063179
Pika_67458.mp4,99.674133, 11.951902,73.317398
Pika_67696.mp4,98.347565, 9.621937,55.594933
Pika_6876.mp4,98.827118, 4.169410,45.362438
Pika_69535.mp4,99.850609, 13.304923,80.062744
Pika_69647.mp4,99.852005, 14.567650,81.125954
Pika_69860.mp4,98.072319, 7.181601,49.220089
Pika_7128.mp4,99.539726, 13.000258,71.795692
Pika_71463.mp4,98.841904, 9.422436,58.687210
Pika_72514.mp4,99.476257, 11.207858,68.584694
Pika_74439.mp4,83.343872, 3.395444,19.522602
Pika_74681.mp4,99.801399, 13.820772,78.684113
Pika_76779.mp4,99.489273, 10.747414,68.175720
Pika_7820.mp4,98.957649, 11.909771,63.471962
Pika_80113.mp4,99.853119, 15.177952,81.616585
Pika_80277.mp4,97.160912, 8.488681,48.127026
Pika_80939.mp4,99.339584, 7.829777,61.020382
Pika_83167.mp4,90.105614, 7.463761,33.713795
Pika_85401.mp4,98.048714, 9.773746,54.224056
Pika_85831.mp4,99.550476, 10.279903,68.600189
Pika_85888.mp4,99.246864, 12.466435,67.084846
Pika_87471.mp4,96.802513, 9.968877,49.633919
Pika_87969.mp4,99.574265, 13.052816,72.466248
Pika_90491.mp4,99.963615, 17.803234,89.579163
Pika_9120.mp4,99.227158, 13.383128,67.953133
Pika_91864.mp4,91.324524, 7.245950,34.544254
Pika_9222.mp4,99.534760, 10.415852,68.502968
Pika_92525.mp4,99.610504, 11.411839,71.281395
Pika_93073.mp4,98.840523, 7.150718,54.166836
Pika_94492.mp4,99.861671, 15.065150,81.885628
Pika_94521.mp4,99.770409, 13.124035,77.080795
Pika_94611.mp4,91.603676, 5.000746,29.605156
Pika_96078.mp4,99.715981, 15.431449,77.644753
Pika_96120.mp4,98.159988, 7.677150,50.781960
Pika_96230.mp4,97.761902, 12.520926,57.073929
Crafter_1.mp4,99.727219, 9.376048,71.392075
Crafter_1003.mp4,97.456116, 5.540901,42.293602
Crafter_1019.mp4,97.780739, 8.392704,50.397652
Crafter_1024.mp4,99.629005, 7.005673,64.580803
Crafter_1058.mp4,98.492035, 5.730180,47.972343
Crafter_106.mp4,99.303940, 10.037438,64.427361
Crafter_1086.mp4,99.286613, 8.506107,61.608551
Crafter_1092.mp4,99.370979, 8.376989,62.530739
Crafter_110.mp4,98.835495, 11.003675,61.166485
Crafter_1117.mp4,99.600067, 10.998636,70.545319
Crafter_1121.mp4,99.795654, 14.785966,79.297020
Crafter_1165.mp4,99.851158, 6.791511,71.849190
Crafter_1187.mp4,99.743393, 12.848382,76.034111
Crafter_1190.mp4,98.851738, 9.473637,58.857166
Crafter_1201.mp4,90.722878, 3.421276,24.038713
Crafter_1203.mp4,99.770134, 8.658337,71.665749
Crafter_1249.mp4,87.750916, 6.531445,29.793926
Crafter_1256.mp4,98.372414, 7.386824,51.361378
Crafter_1263.mp4,96.152451, 4.277286,34.450562
Crafter_1278.mp4,98.930092, 12.210663,63.635136
Crafter_1281.mp4,99.203728, 6.644121,56.628735
Crafter_1291.mp4,99.407722, 4.863007,54.507835
Crafter_1311.mp4,99.735741, 9.108014,71.246712
Crafter_1317.mp4,95.750847, 7.894238,42.897896
Crafter_1318.mp4,91.656265, 8.141944,36.692276
Crafter_1324.mp4,97.293976, 10.782764,52.642429
Crafter_134.mp4,97.158234, 10.644468,51.932995
Crafter_1354.mp4,98.273621, 10.226047,56.184490
Crafter_1357.mp4,99.129547, 11.642436,64.741661
Crafter_1364.mp4,97.538292, 7.709764,47.956188
Crafter_1369.mp4,99.342476, 11.786482,67.400017
Crafter_1379.mp4,99.733040, 11.621741,74.446709
Crafter_1385.mp4,99.872169, 9.245208,76.868599
Crafter_1396.mp4,99.227531, 12.604766,67.035141
Crafter_141.mp4,98.437538, 9.419877,55.788605
Crafter_181.mp4,98.365059, 8.305013,53.252399
Crafter_188.mp4,96.855797, 7.638453,45.363010
Crafter_196.mp4,97.579033, 6.303885,44.837276
Crafter_218.mp4,92.970436, 5.669098,32.953224
Crafter_23.mp4,99.309906, 9.942343,64.356682
Crafter_239.mp4,99.725586, 11.179895,73.727295
Crafter_279.mp4,98.716911, 6.713285,52.141373
Crafter_287.mp4,89.007278, 2.344973,18.824697
Crafter_289.mp4,95.030342, 5.514311,35.788422
Crafter_29.mp4,99.472527, 10.186320,67.099205
Crafter_293.mp4,96.028381, 4.460279,34.764473
Crafter_296.mp4,99.324890, 12.836107,68.467979
Crafter_307.mp4,98.082550, 6.794265,48.363831
Crafter_312.mp4,95.564728, 9.757201,45.966850
Crafter_313.mp4,98.243195, 6.485676,48.472107
Crafter_334.mp4,98.521255, 10.128241,57.527912
Crafter_341.mp4,90.919960, 4.086538,26.334227
Crafter_386.mp4,98.387505, 7.995458,52.759945
Crafter_39.mp4,99.621223, 8.656495,67.538239
Crafter_41.mp4,97.816193, 5.450601,43.525379
Crafter_410.mp4,99.211617, 11.560328,65.514183
Crafter_411.mp4,99.503258, 8.850988,65.506943
Crafter_415.mp4,99.213142, 10.710947,64.338036
Crafter_417.mp4,99.586845, 9.475266,68.120155
Crafter_418.mp4,99.751434, 13.356781,76.749702
Crafter_426.mp4,98.539772, 9.870718,57.222569
Crafter_46.mp4,99.870857, 11.463872,79.303841
Crafter_472.mp4,97.615540, 3.493665,35.905033
Crafter_484.mp4,95.289749, 9.598176,45.082417
Crafter_506.mp4,99.481911, 9.273368,65.840881
Crafter_541.mp4,98.725677, 6.349875,51.301338
Crafter_550.mp4,99.409065, 7.853561,62.099075
Crafter_553.mp4,89.477631, 8.322844,34.737885
Crafter_555.mp4,94.957916, 8.030668,41.470345
Crafter_56.mp4,68.463058, 4.034636,16.350063
Crafter_58.mp4,99.207359, 11.922380,65.946976
Crafter_591.mp4,98.179909, 8.941905,53.422295
Crafter_619.mp4,99.180496, 4.565464,50.323765
Crafter_664.mp4,98.942436, 12.913164,64.638367
Crafter_677.mp4,97.852249, 9.693277,53.136372
Crafter_688.mp4,98.651085, 6.887522,52.067131
Crafter_708.mp4,98.916161, 8.738030,58.091579
Crafter_711.mp4,98.980476, 8.761484,58.720219
Crafter_716.mp4,99.353455, 9.428796,64.120697
Crafter_717.mp4,99.799927, 7.215539,70.293167
Crafter_746.mp4,99.884186, 11.741615,80.255234
Crafter_785.mp4,99.502602, 12.289073,70.363716
Crafter_792.mp4,99.310562, 11.999655,67.264244
Crafter_807.mp4,99.858681, 14.891103,81.636513
Crafter_823.mp4,98.800751, 8.850450,57.327198
Crafter_833.mp4,99.851639, 14.105056,80.756012
Crafter_840.mp4,98.422501, 6.854716,50.442822
Crafter_841.mp4,98.622147, 8.067685,54.454975
Crafter_850.mp4,91.068527, 8.341433,36.392586
Crafter_853.mp4,99.609406, 4.650425,57.813751
Crafter_868.mp4,94.694206, 9.382805,43.500145
Crafter_882.mp4,98.162376, 7.314327,49.996231
Crafter_887.mp4,97.539726, 9.424718,51.311745
Crafter_898.mp4,90.695885, 4.695791,27.880207
Crafter_934.mp4,99.623665, 8.455344,67.248825
Crafter_95.mp4,97.790993, 12.411683,57.051910
Crafter_979.mp4,98.164337, 9.143341,53.710072
Crafter_98.mp4,96.461258, 1.298151,20.489622
Crafter_99.mp4,99.002007, 6.464728,53.993313
Crafter_993.mp4,99.874580, 10.782759,78.795990
SEINE_10335.mp4,99.843140, 10.663829,77.168015
SEINE_10657.mp4,98.015778, 5.241771,43.843765
SEINE_10696.mp4,99.493149, 4.171669,53.588875
SEINE_1071.mp4,99.481110, 5.999435,59.101261
SEINE_10758.mp4,99.966309, 14.452213,88.387131
SEINE_10928.mp4,99.826729, 13.177212,79.010963
SEINE_11131.mp4,99.977806, 14.804676,90.109970
SEINE_11339.mp4,99.169525, 6.720749,56.407036
SEINE_11472.mp4,99.516403, 6.051132,59.900200
SEINE_11655.mp4,99.897530, 16.327131,84.342087
SEINE_11665.mp4,99.821449, 13.138358,78.781219
SEINE_11927.mp4,99.689819, 11.307905,72.944572
SEINE_12173.mp4,99.825386, 14.256406,79.871391
SEINE_12783.mp4,99.841347, 8.473626,74.235878
SEINE_12926.mp4,99.935493, 17.466404,87.145111
SEINE_13078.mp4,96.498947, 7.407680,43.792568
SEINE_13125.mp4,99.810959, 11.325982,76.608185
SEINE_13518.mp4,98.613075, 7.051500,52.178555
SEINE_13833.mp4,99.857819, 13.575164,80.592278
SEINE_14016.mp4,99.379929, 12.310829,68.557999
SEINE_14500.mp4,99.579704, 11.105831,70.278984
SEINE_14512.mp4,99.533722, 15.354421,74.031799
SEINE_14726.mp4,99.893456, 11.338403,80.388847
SEINE_15048.mp4,97.516609, 8.625151,49.731678
SEINE_15293.mp4,99.886299, 9.851505,78.405571
SEINE_15321.mp4,98.833046, 13.161612,64.055611
SEINE_15448.mp4,99.938545, 16.453581,86.863457
SEINE_15539.mp4,99.018364, 8.082117,57.774490
SEINE_15815.mp4,97.120361, 9.616245,50.076397
SEINE_16093.mp4,99.725731, 12.982567,75.691193
SEINE_16162.mp4,99.585930, 4.918356,58.132500
SEINE_16579.mp4,99.982277, 16.429506,91.470253
SEINE_17413.mp4,97.780197, 4.886627,41.647552
SEINE_17465.mp4,99.388351, 6.963406,59.891693
SEINE_17612.mp4,90.054535, 6.220806,31.053129
SEINE_1793.mp4,91.796722, 4.487861,28.381252
SEINE_18109.mp4,99.810699, 13.901381,79.064758
SEINE_18330.mp4,98.605911, 8.436968,55.078007
SEINE_18700.mp4,99.581955, 7.491506,64.521675
SEINE_18732.mp4,95.715851, 7.155606,41.236557
SEINE_18778.mp4,99.979263, 17.240974,91.266243
SEINE_19006.mp4,98.588387, 8.847257,55.739922
SEINE_19094.mp4,98.007637, 11.143155,56.229000
SEINE_19187.mp4,94.743965, 4.494707,32.324295
SEINE_1936.mp4,99.868660, 7.101337,73.401161
SEINE_19614.mp4,99.584755, 14.410379,74.029007
SEINE_19996.mp4,98.376472, 9.404068,55.385929
SEINE_20110.mp4,87.191826, 3.009162,20.219551
SEINE_2072.mp4,98.608673, 7.384024,52.903145
SEINE_20766.mp4,97.945412, 9.138582,52.586658
SEINE_21396.mp4,98.506615, 7.914241,53.347713
SEINE_21663.mp4,98.206787, 7.700428,51.087482
SEINE_21696.mp4,92.392525, 6.691755,34.623615
SEINE_21892.mp4,99.513924, 4.126500,53.824032
SEINE_22015.mp4,99.621735, 10.388127,70.185448
SEINE_2222.mp4,92.275688, 8.475821,38.083397
SEINE_22516.mp4,98.775345, 11.043243,60.752563
SEINE_22851.mp4,95.496040, 9.352490,45.102375
SEINE_22912.mp4,89.051262, 7.472071,32.753040
SEINE_23115.mp4,83.591721, 2.842206,17.924761
SEINE_23252.mp4,83.232864, 4.413232,22.217863
SEINE_23303.mp4,99.180763, 9.903269,62.735195
SEINE_235.mp4,99.647614, 9.380699,69.312271
SEINE_23545.mp4,74.600143, 2.822276,14.925584
SEINE_23830.mp4,99.523613, 8.850338,65.874977
SEINE_23871.mp4,99.493645, 9.327100,66.129593
SEINE_23967.mp4,94.969635, 4.705264,33.367897
SEINE_2531.mp4,99.457657, 12.938794,70.407547
SEINE_2717.mp4,98.829300, 12.873901,63.668465
SEINE_2963.mp4,98.984818, 7.452132,56.133823
SEINE_3206.mp4,99.174248, 9.023328,61.183495
SEINE_332.mp4,99.883202, 14.375493,82.362572
SEINE_3486.mp4,99.537743, 9.559250,67.289680
SEINE_3620.mp4,98.879684, 7.309393,54.860626
SEINE_3715.mp4,99.192192, 9.891869,62.845844
SEINE_3840.mp4,99.866608, 12.043933,79.654320
SEINE_4104.mp4,98.664932, 9.776653,57.929092
SEINE_4385.mp4,98.024818, 2.876105,34.816441
SEINE_4446.mp4,99.222717, 9.333187,62.280643
SEINE_4467.mp4,99.292953, 11.317362,66.146286
SEINE_4867.mp4,97.897469, 9.210090,52.488453
SEINE_4902.mp4,99.158897, 8.775986,60.567635
SEINE_5061.mp4,97.768112, 6.431221,45.964447
SEINE_5062.mp4,99.699341, 8.155333,68.636604
SEINE_5539.mp4,99.865318, 13.688588,81.011391
SEINE_5598.mp4,99.577423, 10.556499,69.503632
SEINE_5730.mp4,99.039673, 7.278226,56.288795
SEINE_6421.mp4,99.834595, 5.812201,68.877518
SEINE_7594.mp4,97.190216, 8.141186,47.536461
SEINE_7623.mp4,99.932503, 9.742281,81.536789
SEINE_7825.mp4,99.697449, 11.224820,73.036232
SEINE_7885.mp4,99.933014, 15.452400,85.932838
SEINE_8658.mp4,99.639496, 12.713237,73.385750
SEINE_8731.mp4,97.912834, 9.569801,53.204357
SEINE_8837.mp4,99.963234, 16.874331,89.165123
SEINE_9191.mp4,94.730225, 5.036190,33.915127
SEINE_935.mp4,99.961082, 10.292504,85.032188
SEINE_9451.mp4,99.919357, 11.391368,82.092514
SEINE_9589.mp4,99.838318, 14.117655,80.239471
SEINE_9971.mp4,99.526382, 12.120024,70.562325
modelscope_119.mp4,86.506554, 8.030078,31.768408
modelscope_120.mp4,89.100494, 5.124657,27.630106
modelscope_131.mp4,92.461098, 3.849786,27.138878
modelscope_146.mp4,78.459129, 3.526823,18.003269
modelscope_148.mp4,69.462868, 2.577044,13.044427
modelscope_149.mp4,83.083191, 1.331109,11.834753
modelscope_156.mp4,91.460434, 6.067395,32.115616
modelscope_165.mp4,92.612709, 1.703873,18.391369
modelscope_167.mp4,66.320946, 2.518222,12.263759
modelscope_17.mp4,99.296486, 5.242672,54.032196
modelscope_170.mp4,81.224075, 1.559835,12.353136
modelscope_173.mp4,89.234352, 2.994292,21.432631
modelscope_175.mp4,94.899925, 5.124531,34.469379
modelscope_186.mp4,98.631165, 12.914366,62.281300
modelscope_187.mp4,98.954147, 7.997260,56.993191
modelscope_188.mp4,95.469376, 8.351899,43.175037
modelscope_200.mp4,97.794273, 3.015070,34.493702
modelscope_206.mp4,97.453476, 4.579421,39.325233
modelscope_217.mp4,96.901962, 2.691126,29.970413
modelscope_227.mp4,98.897385, 5.535646,50.502068
modelscope_231.mp4,95.808235, 7.254965,41.671936
modelscope_252.mp4,99.725189, 6.498332,66.122253
modelscope_256.mp4,91.478073, 6.720177,33.604881
modelscope_274.mp4,97.353134, 7.809851,47.445816
modelscope_279.mp4,97.889267, 4.356007,40.353554
modelscope_280.mp4,94.537254, 6.493815,37.348866
modelscope_285.mp4,95.980850, 8.312929,44.298000
modelscope_286.mp4,96.089378, 8.733261,45.386711
modelscope_289.mp4,90.602478, 5.686425,30.333069
modelscope_290.mp4,80.213486, 4.527982,21.156471
modelscope_292.mp4,91.906342, 3.681926,26.001844
modelscope_294.mp4,97.368965, 6.746141,45.109924
modelscope_296.mp4,99.049042, 4.369804,48.163036
modelscope_298.mp4,51.187794, 2.676791,10.202644
modelscope_308.mp4,75.876595, 4.774256,20.093159
modelscope_313.mp4,91.037247, 4.484087,27.609831
modelscope_319.mp4,92.958717, 2.830059,23.991159
modelscope_322.mp4,98.338150, 6.984928,50.235600
modelscope_324.mp4,95.861488, 6.774076,40.707344
modelscope_355.mp4,90.408890, 3.291002,23.336700
modelscope_357.mp4,89.180702, 5.783951,29.286140
modelscope_360.mp4,95.191452, 3.625055,30.170483
modelscope_368.mp4,99.262413, 9.615522,63.231323
modelscope_380.mp4,97.995293, 7.384972,49.290440
modelscope_389.mp4,99.431541, 7.432503,61.598377
modelscope_395.mp4,68.927193, 3.606243,15.508848
modelscope_418.mp4,98.716827, 5.350636,48.459167
modelscope_425.mp4,98.381523, 3.900984,41.202915
modelscope_429.mp4,98.897408, 7.179231,54.723412
modelscope_43.mp4,97.552750, 6.943565,46.297211
modelscope_431.mp4,97.840622, 10.065045,53.717136
modelscope_434.mp4,98.825661, 4.051932,44.899826
modelscope_440.mp4,99.702797, 8.409183,69.170181
modelscope_446.mp4,96.736465, 6.153508,41.515503
modelscope_459.mp4,53.404736, 2.896133,10.999126
modelscope_470.mp4,92.228058, 5.393306,31.329441
modelscope_476.mp4,90.337303, 3.702443,24.636499
modelscope_481.mp4,86.471901, 6.593223,28.999779
modelscope_504.mp4,87.766411, 2.121074,17.204082
modelscope_507.mp4,96.672668, 7.543555,44.594563
modelscope_508.mp4,91.131371, 4.673826,28.234234
modelscope_511.mp4,97.049507, 4.399757,37.326778
modelscope_522.mp4,96.209091, 5.950045,39.531349
modelscope_525.mp4,99.633202, 8.492088,67.532967
modelscope_535.mp4,97.829300, 7.019358,47.665741
modelscope_540.mp4,99.471786, 4.162343,53.151047
modelscope_543.mp4,81.790375, 3.523556,19.231173
modelscope_544.mp4,97.761978, 3.777736,37.643768
modelscope_558.mp4,98.856941, 6.704991,53.257221
modelscope_562.mp4,97.364578, 6.132493,43.558167
modelscope_567.mp4,97.826317, 6.549860,46.522758
modelscope_568.mp4,98.866020, 7.619550,55.420494
modelscope_588.mp4,93.832489, 8.657084,40.668781
modelscope_590.mp4,96.635422, 8.981841,47.365959
modelscope_595.mp4,99.128670, 7.548630,57.814949
modelscope_6.mp4,93.670479, 6.298759,35.477100
modelscope_608.mp4,94.350044, 8.514240,41.277775
modelscope_609.mp4,99.787163, 6.138807,67.512985
modelscope_610.mp4,93.822639, 4.754447,31.654680
modelscope_613.mp4,97.226753, 7.184731,45.611717
modelscope_627.mp4,96.422279, 5.542656,38.994358
modelscope_628.mp4,99.330261, 5.982793,56.619228
modelscope_63.mp4,99.474609, 8.718128,64.778488
modelscope_632.mp4,89.578621, 5.096491,27.951515
modelscope_633.mp4,99.624374, 8.313889,67.016937
modelscope_636.mp4,94.620628, 5.758252,35.683990
modelscope_64.mp4,98.106468, 3.305013,37.219883
modelscope_641.mp4,99.762901, 5.791453,65.734688
modelscope_645.mp4,95.757164, 8.658981,44.426178
modelscope_664.mp4,99.672607, 9.034775,69.386711
modelscope_672.mp4,92.819939, 5.571345,32.509926
modelscope_679.mp4,98.721809, 7.146265,53.200745
modelscope_680.mp4,99.936600, 12.324935,84.169632
modelscope_690.mp4,99.815208, 4.276876,63.507282
modelscope_695.mp4,99.748543, 8.566050,70.800453
modelscope_77.mp4,94.452927, 3.759707,29.426146
modelscope_78.mp4,92.817932, 5.020282,31.052252
modelscope_86.mp4,95.051773, 7.591133,40.754665
modelscope_91.mp4,81.113678, 2.592063,16.168026
modelscope_94.mp4,97.983505, 7.168519,48.742756
sora_1.mp4,99.038399, 14.565271,67.388229
sora_10.mp4,98.770859, 11.020722,60.684692
sora_11.mp4,99.882797, 15.813197,83.316849
sora_12.mp4,97.266724, 11.300415,53.343910
sora_13.mp4,99.724075, 12.481900,75.137749
sora_14.mp4,96.430847, 8.975332,46.760349
sora_15.mp4,96.582687, 13.193691,53.790421
sora_16.mp4,99.924721, 15.022882,85.117584
sora_17.mp4,99.774948, 17.164703,80.433098
sora_18.mp4,99.379539, 11.960958,68.119438
sora_19.mp4,99.408165, 14.038557,70.891418
sora_2.mp4,98.522896, 12.873920,61.519993
sora_20.mp4,99.051636, 13.311474,66.092407
sora_21.mp4,98.691956, 12.032409,61.541134
sora_22.mp4,95.231606, 12.286982,49.170582
sora_23.mp4,96.080215, 9.029026,45.916748
sora_24.mp4,99.805626, 17.112749,81.283859
sora_25.mp4,99.589767, 14.334008,74.047569
sora_26.mp4,83.392426, 4.818895,23.285307
sora_27.mp4,99.463104, 17.928215,75.135201
sora_28.mp4,99.525818, 8.607358,65.496368
sora_29.mp4,99.008614, 11.923771,63.947002
sora_3.mp4,98.535904, 11.391674,59.574253
sora_30.mp4,93.383469, 9.841529,42.050915
sora_31.mp4,99.655861, 14.207352,75.228203
sora_32.mp4,98.428993, 8.401409,53.836452
sora_33.mp4,99.908363, 17.642761,85.624657
sora_34.mp4,99.162888, 10.126637,62.890469
sora_35.mp4,99.452599, 10.748035,67.584473
sora_36.mp4,99.732399, 17.521118,79.594383
sora_37.mp4,75.553398, 5.511017,21.500938
sora_38.mp4,98.487503, 12.571618,60.903042
sora_39.mp4,99.916649, 16.176888,85.291794
sora_4.mp4,98.863342, 13.261461,64.415924
sora_40.mp4,96.583733, 11.375057,51.220852
sora_41.mp4,97.572037, 10.440010,53.173073
sora_42.mp4,96.573120, 14.012080,54.817444
sora_43.mp4,99.765839, 11.050816,74.759766
sora_44.mp4,99.673683, 12.046204,73.413315
sora_45.mp4,97.071136, 11.854553,53.476673
sora_46.mp4,96.051964, 11.778045,50.359058
sora_47.mp4,98.521355, 10.377275,57.931728
sora_48.mp4,96.774902, 12.715665,53.727066
sora_49.mp4,96.222198, 14.291887,54.189022
sora_5.mp4,72.930389, 5.043138,19.692350
sora_50.mp4,94.389603, 7.603427,39.539219
sora_51.mp4,99.859909, 15.713507,82.260269
sora_52.mp4,99.289589, 11.999752,67.005066
sora_53.mp4,97.838951, 9.425402,52.603798
sora_54.mp4,98.884689, 8.648301,57.648476
sora_55.mp4,99.126854, 16.891708,70.496346
sora_56.mp4,98.529114, 7.532372,52.682381
sora_6.mp4,99.121895, 11.541909,64.526184
sora_7.mp4,99.749123, 16.036060,78.941139
sora_8.mp4,99.806694, 18.187229,81.992844
sora_9.mp4,98.444489, 13.081447,61.300892
hotshot_101.mp4,96.073540, 6.668838,40.975689
hotshot_105.mp4,99.176414, 7.188128,57.568340
hotshot_107.mp4,98.458374, 12.048750,60.015766
hotshot_116.mp4,97.849068, 7.827913,49.552124
hotshot_13.mp4,99.945526, 12.227758,84.872093
hotshot_133.mp4,99.372200, 8.358727,62.514477
hotshot_136.mp4,69.660454, 2.941097,14.058286
hotshot_139.mp4,99.664200, 7.863178,67.167297
hotshot_149.mp4,95.120590, 7.002649,39.615608
hotshot_161.mp4,99.257103, 5.745875,54.969948
hotshot_162.mp4,99.455910, 7.784474,62.721016
hotshot_163.mp4,99.183754, 4.134198,48.780231
hotshot_166.mp4,98.591019, 9.362093,56.692917
hotshot_168.mp4,89.711937, 5.693614,29.529762
hotshot_173.mp4,90.453651, 2.996605,22.331732
hotshot_176.mp4,96.275551, 6.169559,40.267540
hotshot_181.mp4,99.368248, 9.686509,64.745796
hotshot_186.mp4,97.525444, 10.084274,52.396149
hotshot_188.mp4,97.762627, 6.101573,45.090424
hotshot_197.mp4,94.167389, 5.816242,35.069149
hotshot_200.mp4,96.824333, 8.306981,46.645729
hotshot_202.mp4,99.578697, 7.193813,63.837749
hotshot_216.mp4,99.566200, 8.551540,66.182251
hotshot_217.mp4,99.928246, 13.608549,84.450081
hotshot_22.mp4,91.776459, 5.185103,30.278894
hotshot_232.mp4,98.696152, 4.439830,45.320953
hotshot_250.mp4,98.948647, 4.339769,47.068119
hotshot_254.mp4,99.733391, 9.501750,71.756592
hotshot_260.mp4,98.929810, 10.537565,61.253593
hotshot_262.mp4,99.874207, 7.951933,75.148682
hotshot_264.mp4,99.123306, 4.623022,49.861542
hotshot_271.mp4,98.490349, 4.927312,45.539108
hotshot_274.mp4,97.452705, 8.852089,49.912094
hotshot_278.mp4,87.646858, 5.711328,27.926264
hotshot_284.mp4,98.397949, 5.933796,47.939396
hotshot_291.mp4,97.051941, 6.041152,42.218830
hotshot_292.mp4,96.683350, 6.789265,42.921978
hotshot_298.mp4,97.697395, 5.255340,42.431484
hotshot_301.mp4,98.517159, 8.812562,55.194248
hotshot_305.mp4,98.317787, 4.819169,44.127148
hotshot_307.mp4,99.096367, 9.068272,60.418869
hotshot_33.mp4,99.903549, 8.159172,77.333519
hotshot_331.mp4,92.829117, 4.564586,29.775122
hotshot_332.mp4,90.693848, 6.285160,31.814844
hotshot_334.mp4,97.344368, 6.696890,44.899063
hotshot_337.mp4,96.274902, 9.046688,46.462231
hotshot_345.mp4,98.883530, 10.308270,60.499443
hotshot_352.mp4,98.062439, 6.556265,47.678246
hotshot_358.mp4,97.912498, 6.220673,46.087139
hotshot_365.mp4,97.763443, 3.891336,38.092430
hotshot_37.mp4,99.940109, 13.425886,85.234093
hotshot_370.mp4,99.370583, 10.167382,65.524330
hotshot_373.mp4,99.403244, 7.365100,61.004303
hotshot_374.mp4,90.950851, 7.686529,35.018547
hotshot_377.mp4,98.194794, 9.727377,54.910271
hotshot_382.mp4,96.012253, 5.521132,37.895290
hotshot_388.mp4,97.142914, 7.480508,45.974953
hotshot_391.mp4,92.322105, 7.376407,35.995529
hotshot_392.mp4,98.668671, 3.799160,42.674450
hotshot_399.mp4,93.725182, 5.064233,32.395126
hotshot_439.mp4,98.991867, 5.618095,51.622326
hotshot_447.mp4,95.707298, 6.723071,40.229721
hotshot_451.mp4,91.189178, 4.891693,28.887156
hotshot_458.mp4,97.264740, 6.537923,44.218914
hotshot_46.mp4,99.311272, 8.850522,62.558006
hotshot_465.mp4,99.586075, 12.573901,72.162712
hotshot_466.mp4,97.906479, 6.214890,46.043720
hotshot_467.mp4,99.454521, 6.989972,61.024094
hotshot_473.mp4,95.603157, 3.594002,30.829821
hotshot_477.mp4,98.780441, 10.894329,60.569637
hotshot_485.mp4,96.531860, 5.934096,40.352528
hotshot_486.mp4,93.110840, 4.513920,29.977465
hotshot_489.mp4,98.835876, 8.183311,56.331944
hotshot_495.mp4,98.957840, 4.206253,46.658081
hotshot_501.mp4,85.008179, 5.730898,26.245621
hotshot_508.mp4,94.058441, 3.010028,26.044502
hotshot_516.mp4,99.096100, 6.809609,55.798954
hotshot_518.mp4,99.392090, 2.934610,46.257992
hotshot_526.mp4,95.150909, 8.968440,43.662113
hotshot_59.mp4,92.757797, 5.850313,33.127506
hotshot_591.mp4,99.221657, 11.129711,65.035889
hotshot_594.mp4,67.528572, 2.434018,12.263437
hotshot_60.mp4,93.286102, 4.116267,28.978550
hotshot_607.mp4,98.792892, 9.397778,58.247463
hotshot_613.mp4,99.768295, 7.406068,69.448036
hotshot_618.mp4,98.875832, 9.627967,59.322731
hotshot_638.mp4,99.239197, 9.050459,61.992126
hotshot_64.mp4,94.302422, 10.720301,45.006050
hotshot_643.mp4,98.468590, 7.570763,52.368389
hotshot_650.mp4,97.234222, 5.869482,42.386887
hotshot_653.mp4,99.805428, 11.738766,76.847961
hotshot_675.mp4,99.588676, 5.104950,58.776707
hotshot_684.mp4,99.890945, 10.321257,79.206070
hotshot_687.mp4,99.813751, 12.413144,77.826424
hotshot_697.mp4,99.704704, 7.781527,68.115425
hotshot_74.mp4,99.547546, 7.408626,63.640331
hotshot_80.mp4,99.920410, 10.997136,81.810120
hotshot_84.mp4,98.376022, 5.777824,47.374348
hotshot_87.mp4,97.407059, 11.052440,53.489429
hotshot_92.mp4,99.064598, 8.734879,59.490013
MoonValley_10.mp4,97.511452, 14.677713,58.777882
MoonValley_101.mp4,99.249802, 8.129213,60.421188
MoonValley_114.mp4,96.475365, 7.205795,43.278652
MoonValley_125.mp4,97.751129, 9.166942,51.740952
MoonValley_143.mp4,99.351891, 11.417665,67.041031
MoonValley_144.mp4,99.380783, 12.147667,68.369385
MoonValley_146.mp4,99.144005, 11.719843,64.996094
MoonValley_161.mp4,99.659233, 9.177657,69.278313
MoonValley_165.mp4,99.007713, 11.867023,63.862579
MoonValley_17.mp4,99.422958, 13.038815,70.012299
MoonValley_170.mp4,98.595436, 10.926237,59.278805
MoonValley_175.mp4,99.659660, 12.577627,73.678154
MoonValley_186.mp4,99.290726, 10.507987,64.970726
MoonValley_187.mp4,99.604675, 15.279160,75.187965
MoonValley_205.mp4,99.917175, 14.176968,84.093872
MoonValley_212.mp4,99.642914, 15.420504,76.043739
MoonValley_214.mp4,99.057442, 11.890725,64.359749
MoonValley_216.mp4,99.946075, 11.191113,84.121208
MoonValley_218.mp4,99.289703, 11.489404,66.338623
MoonValley_222.mp4,99.945190, 16.575676,87.423035
MoonValley_228.mp4,99.748764, 13.864152,77.143059
MoonValley_232.mp4,99.594070, 12.808921,72.573929
MoonValley_233.mp4,99.862633, 14.961863,81.852661
MoonValley_235.mp4,99.755653, 12.503609,76.035988
MoonValley_236.mp4,99.362114, 14.146026,70.394669
MoonValley_238.mp4,99.848549, 17.277048,82.820999
MoonValley_239.mp4,99.759583, 14.295067,77.822464
MoonValley_26.mp4,99.977943, 17.748840,91.245903
MoonValley_267.mp4,98.358765, 15.457779,63.588478
MoonValley_269.mp4,99.513283, 15.341994,73.696159
MoonValley_270.mp4,99.906631, 12.083774,81.850929
MoonValley_273.mp4,99.440964, 15.418705,72.702446
MoonValley_278.mp4,99.980064, 12.957229,89.629234
MoonValley_280.mp4,98.670753, 10.470112,59.100693
MoonValley_283.mp4,98.214088, 15.049821,62.358570
MoonValley_284.mp4,99.385284, 15.670965,72.193893
MoonValley_286.mp4,99.476173, 13.578756,71.389137
MoonValley_288.mp4,99.074921, 11.574286,64.100250
MoonValley_297.mp4,99.385307, 14.917764,71.476067
MoonValley_306.mp4,99.447098, 13.366495,70.725304
MoonValley_323.mp4,99.824249, 13.361009,79.080696
MoonValley_342.mp4,99.687897, 10.288462,71.600731
MoonValley_346.mp4,98.527458, 11.317551,59.411163
MoonValley_353.mp4,98.839149, 11.729696,62.235546
MoonValley_355.mp4,99.305870, 7.985119,60.865425
MoonValley_359.mp4,99.874756, 13.269083,81.109383
MoonValley_366.mp4,99.942551, 14.728539,86.236244
MoonValley_389.mp4,99.746689, 11.524619,74.725533
MoonValley_39.mp4,99.476952, 16.253435,73.959778
MoonValley_399.mp4,90.989075, 8.375320,36.367355
MoonValley_40.mp4,99.814186, 18.287928,82.279587
MoonValley_402.mp4,99.756882, 16.298910,79.339127
MoonValley_41.mp4,99.665878, 11.621092,72.742386
MoonValley_421.mp4,99.846703, 9.990775,76.538033
MoonValley_424.mp4,94.077888, 5.155785,33.178020
MoonValley_435.mp4,99.818710, 15.210584,80.376541
MoonValley_436.mp4,99.733978, 11.457661,74.285812
MoonValley_437.mp4,99.648521, 12.297695,73.125908
MoonValley_438.mp4,99.611252, 15.326527,75.351486
MoonValley_441.mp4,99.816833, 14.981191,80.139877
MoonValley_45.mp4,97.838959, 13.522443,58.730198
MoonValley_450.mp4,98.031837, 16.904758,63.428329
MoonValley_467.mp4,99.614838, 17.613518,77.253433
MoonValley_468.mp4,98.876892, 12.562675,63.650982
MoonValley_472.mp4,98.478188, 9.214072,55.679119
MoonValley_478.mp4,99.779427, 12.315166,76.567360
MoonValley_48.mp4,99.886925, 17.667757,84.599388
MoonValley_480.mp4,99.774231, 7.482193,69.804977
MoonValley_51.mp4,98.881371, 12.151010,63.149048
MoonValley_514.mp4,99.498947, 12.935220,71.045586
MoonValley_515.mp4,98.752594, 14.066556,64.530640
MoonValley_52.mp4,99.693802, 13.317129,75.225395
MoonValley_530.mp4,99.713806, 14.862283,77.119156
MoonValley_535.mp4,97.581856, 9.711059,51.988514
MoonValley_547.mp4,99.735512, 13.833176,76.758812
MoonValley_549.mp4,99.952782, 15.196393,87.368843
MoonValley_550.mp4,99.830048, 14.816163,80.476105
MoonValley_558.mp4,99.917824, 16.349571,85.458275
MoonValley_559.mp4,98.890579, 6.974368,54.191353
MoonValley_568.mp4,99.473129, 12.785895,70.470253
MoonValley_57.mp4,99.505325, 14.066555,72.347717
MoonValley_570.mp4,99.715675, 16.087027,78.156296
MoonValley_576.mp4,99.817993, 14.605583,79.888443
MoonValley_581.mp4,99.816856, 17.032629,81.583183
MoonValley_583.mp4,99.922798, 16.987875,86.097389
MoonValley_598.mp4,99.753502, 17.033789,79.776825
MoonValley_601.mp4,99.874817, 14.983752,82.400398
MoonValley_606.mp4,99.706802, 18.118849,79.418793
MoonValley_612.mp4,99.768379, 13.994066,77.812202
MoonValley_62.mp4,99.606285, 16.585707,76.311409
MoonValley_620.mp4,99.913124, 15.818912,84.880623
MoonValley_622.mp4,99.458366, 12.991571,70.477600
MoonValley_623.mp4,99.644310, 15.782802,76.376114
MoonValley_68.mp4,99.714775, 13.040779,75.466728
MoonValley_74.mp4,99.948296, 13.214116,85.805336
MoonValley_75.mp4,95.254066, 5.132484,35.161251
MoonValley_77.mp4,98.848557, 12.704627,63.605427
MoonValley_80.mp4,99.692802, 14.582840,76.383141
MoonValley_88.mp4,99.522331, 16.548359,74.886055
MoonValley_9.mp4,99.929916, 17.959269,87.014679
gen2_1020.mp4,99.201675, 14.804904,69.224075
gen2_1027.mp4,98.894775, 11.454288,62.304764
gen2_1033.mp4,94.112122, 10.983008,45.080067
gen2_1045.mp4,95.038216, 6.950410,39.334324
gen2_107.mp4,99.845840, 12.852055,79.472839
gen2_1088.mp4,79.526642, 4.239984,20.195549
gen2_109.mp4,99.431709, 13.294222,70.422707
gen2_1095.mp4,99.848549, 14.696964,81.084518
gen2_1100.mp4,98.727051, 10.110386,58.938427
gen2_1113.mp4,98.097641, 10.403878,55.524105
gen2_1118.mp4,99.209663, 16.132587,70.611206
gen2_1157.mp4,88.467812, 4.948983,26.696720
gen2_1174.mp4,96.596474, 7.191773,43.593880
gen2_1188.mp4,98.079529, 5.923806,46.121468
gen2_1191.mp4,98.441040, 8.901914,54.871326
gen2_1207.mp4,99.396667, 11.016178,67.117378
gen2_1246.mp4,89.248161, 3.108083,21.840288
gen2_1268.mp4,99.745338, 9.921875,72.702446
gen2_1270.mp4,99.013771, 10.255553,61.577808
gen2_128.mp4,99.906845, 16.710995,85.044098
gen2_1283.mp4,99.606857, 10.617402,70.181480
gen2_1288.mp4,98.218025, 9.453918,54.560577
gen2_1290.mp4,99.921272, 15.762579,85.334953
gen2_130.mp4,99.779472, 16.896360,80.375290
gen2_1302.mp4,99.820183, 11.511375,77.154236
gen2_1311.mp4,98.760239, 9.121817,57.502014
gen2_1354.mp4,99.393044, 12.947189,69.490036
gen2_1370.mp4,99.423531, 10.395117,66.634094
gen2_1373.mp4,99.597588, 9.997935,69.123962
gen2_1379.mp4,99.241844, 9.027430,61.984127
gen2_1380.mp4,99.879227, 11.383783,79.651657
gen2_151.mp4,99.140381, 9.990024,62.431049
gen2_156.mp4,97.959702, 6.986299,48.203789
gen2_167.mp4,97.284988, 7.603615,46.751259
gen2_168.mp4,97.703079, 13.245587,57.784809
gen2_190.mp4,99.662415, 10.781477,71.626274
gen2_210.mp4,99.570625, 13.810606,73.187744
gen2_230.mp4,99.499763, 12.073283,70.059502
gen2_232.mp4,99.698761, 13.940544,75.940071
gen2_248.mp4,98.860260, 12.708792,63.703800
gen2_270.mp4,99.890984, 15.911169,83.766731
gen2_278.mp4,99.382919, 12.701908,69.066948
gen2_29.mp4,99.751915, 13.947937,77.304642
gen2_3.mp4,99.935074, 14.816787,85.712830
gen2_301.mp4,99.651245, 17.798407,78.061569
gen2_305.mp4,98.951599, 14.406276,66.462044
gen2_310.mp4,99.275436, 13.486202,68.618805
gen2_347.mp4,99.527130, 16.298946,74.751579
gen2_358.mp4,99.431351, 10.011358,66.182922
gen2_359.mp4,99.921349, 15.521297,85.199516
gen2_364.mp4,98.230347, 14.259150,61.534245
gen2_399.mp4,97.498543, 6.292423,44.485107
gen2_413.mp4,99.945740, 19.053326,88.557228
gen2_419.mp4,98.999886, 13.506561,65.853340
gen2_420.mp4,99.836548, 14.601170,80.550781
gen2_424.mp4,98.751740, 11.459121,61.178333
gen2_425.mp4,99.759201, 14.122684,77.661873
gen2_426.mp4,99.854088, 15.278606,81.726303
gen2_440.mp4,99.397812, 12.550550,69.092590
gen2_466.mp4,99.841354, 14.184314,80.409370
gen2_481.mp4,99.944084, 12.986612,85.276550
gen2_484.mp4,99.463806, 14.708126,72.352425
gen2_498.mp4,99.783546, 17.151127,80.662186
gen2_500.mp4,99.340752, 11.204102,66.604675
gen2_522.mp4,98.404922, 11.216186,58.496082
gen2_587.mp4,99.585274, 13.524334,73.163559
gen2_6.mp4,99.607231, 14.839375,74.842178
gen2_60.mp4,99.957878, 13.709465,87.045631
gen2_625.mp4,99.781944, 15.289015,79.275581
gen2_635.mp4,99.323372, 13.432508,69.134102
gen2_655.mp4,99.726067, 15.955429,78.302505
gen2_660.mp4,99.878136, 16.066759,83.266098
gen2_672.mp4,99.939438, 14.793497,86.028984
gen2_676.mp4,99.805710, 15.442845,80.121170
gen2_709.mp4,99.441368, 10.769635,67.439972
gen2_729.mp4,99.327858, 9.684137,64.185158
gen2_738.mp4,99.154915, 13.049369,66.791283
gen2_743.mp4,99.197617, 8.825406,61.098267
gen2_752.mp4,98.111053, 11.937654,57.911980
gen2_753.mp4,97.753029, 9.970841,53.164299
gen2_760.mp4,97.344070, 13.878855,57.172955
gen2_769.mp4,99.086693, 12.119001,64.944443
gen2_789.mp4,98.428902, 11.192378,58.606190
gen2_825.mp4,97.363068, 7.873096,47.616543
gen2_827.mp4,98.486382, 8.726835,54.831295
gen2_841.mp4,91.318474, 8.291912,36.581726
gen2_859.mp4,38.548874, 4.464063,11.389060
gen2_864.mp4,96.989326, 9.582065,49.569717
gen2_868.mp4,97.560135, 10.086792,52.541012
gen2_870.mp4,98.466080, 11.658694,59.515465
gen2_872.mp4,99.485626, 11.320487,68.884399
gen2_876.mp4,97.445900, 6.448277,44.673519
gen2_903.mp4,99.323166, 8.125194,61.374878
gen2_909.mp4,99.741119, 11.690725,74.751434
gen2_915.mp4,99.860535, 10.891723,78.213005
gen2_919.mp4,87.024612, 4.705173,25.071320
gen2_934.mp4,99.471260, 10.267236,67.196922
gen2_936.mp4,99.190323, 9.904382,62.844742
gen2_945.mp4,90.221710, 9.121944,36.877476
gen2_953.mp4,98.755524, 10.529779,59.821011
lavie_1000.mp4,99.932732, 11.839789,83.478523
lavie_1059.mp4,81.282722, 6.406456,25.640085
lavie_1065.mp4,96.912842, 6.771378,43.587925
lavie_1074.mp4,99.067322, 5.160337,51.017136
lavie_1075.mp4,91.662483, 6.073134,32.351604
lavie_1076.mp4,99.378891, 8.235879,62.381817
lavie_1079.mp4,96.886124, 7.611586,45.401936
lavie_1089.mp4,99.255814, 3.191058,45.597805
lavie_1126.mp4,99.876320, 5.943300,71.550171
lavie_1150.mp4,98.688148, 9.383898,57.422543
lavie_1164.mp4,90.641632, 4.238641,26.534870
lavie_1168.mp4,99.267670, 4.392029,50.809116
lavie_1172.mp4,98.925690, 4.548828,47.605343
lavie_1186.mp4,99.913979, 6.228502,74.919762
lavie_1203.mp4,99.730324, 7.116155,67.603333
lavie_1213.mp4,99.509476, 11.643864,69.693115
lavie_1218.mp4,98.956177, 7.100508,55.078037
lavie_1224.mp4,98.373726, 5.427055,46.351974
lavie_126.mp4,93.708870, 7.239032,37.647923
lavie_1310.mp4,99.753609, 9.230249,71.984444
lavie_1321.mp4,99.919579, 9.435940,80.144516
lavie_1332.mp4,99.653435, 5.384413,61.208363
lavie_1334.mp4,94.505539, 5.620985,35.127403
lavie_1340.mp4,99.301620, 6.201674,56.789352
lavie_1357.mp4,99.436447, 12.211109,69.239456
lavie_1369.mp4,99.890816, 11.152397,80.056816
lavie_1376.mp4,99.032913, 8.412513,58.566063
lavie_1382.mp4,99.947136, 9.431061,82.615250
lavie_1384.mp4,97.632217, 5.141814,41.817230
lavie_175.mp4,97.678658, 7.197266,47.409016
lavie_18.mp4,99.631676, 9.774826,69.535271
lavie_186.mp4,99.610046, 5.702410,60.993343
lavie_189.mp4,98.206329, 8.243706,52.214062
lavie_191.mp4,71.141205, 3.747234,16.385548
lavie_210.mp4,97.944412, 4.444261,40.916576
lavie_216.mp4,99.281342, 8.337909,61.224712
lavie_218.mp4,98.198540, 5.943765,46.807419
lavie_225.mp4,98.689117, 4.092859,43.986408
lavie_231.mp4,98.494141, 4.859001,45.341610
lavie_272.mp4,98.761841, 7.618023,54.559582
lavie_277.mp4,97.732613, 4.454638,40.011787
lavie_28.mp4,98.046860, 5.993890,46.144634
lavie_280.mp4,97.402634, 6.046738,43.476196
lavie_282.mp4,99.643433, 7.744775,66.424362
lavie_298.mp4,78.105362, 5.454893,22.344444
lavie_305.mp4,89.571175, 5.710660,29.447191
lavie_327.mp4,86.736534, 4.845623,25.240913
lavie_332.mp4,84.309914, 8.380147,30.899048
lavie_338.mp4,98.488609, 3.044384,38.101528
lavie_344.mp4,98.365036, 5.720551,47.146973
lavie_372.mp4,94.111801, 6.294363,36.156029
lavie_375.mp4,93.974182, 6.164283,35.623039
lavie_384.mp4,99.451584, 7.030715,61.064743
lavie_398.mp4,98.895226, 7.158452,54.656731
lavie_407.mp4,93.849991, 2.550853,23.832720
lavie_416.mp4,97.719421, 5.483744,43.197239
lavie_418.mp4,99.921738, 7.950299,78.440292
lavie_419.mp4,99.936142, 10.927713,82.992210
lavie_441.mp4,98.346024, 7.721536,51.932983
lavie_468.mp4,97.951736, 7.487178,49.303303
lavie_469.mp4,99.375488, 5.524459,56.023956
lavie_48.mp4,98.995987, 7.333581,55.980618
lavie_498.mp4,97.698212, 4.924058,41.415421
lavie_513.mp4,99.289696, 10.380873,64.768654
lavie_535.mp4,99.455322, 12.228525,69.543900
lavie_537.mp4,99.425354, 6.265538,58.816803
lavie_547.mp4,99.763420, 7.814763,70.025597
lavie_552.mp4,99.703644, 6.985868,66.521057
lavie_555.mp4,98.735550, 8.102981,55.366379
lavie_562.mp4,99.152992, 8.304814,59.618568
lavie_572.mp4,98.729622, 7.874289,54.850842
lavie_578.mp4,94.353226, 4.374106,31.306509
lavie_588.mp4,96.399239, 6.742195,42.000397
lavie_614.mp4,97.583786, 8.812035,50.363876
lavie_633.mp4,99.517883, 11.848103,70.088646
lavie_666.mp4,96.038750, 6.020567,39.288643
lavie_706.mp4,98.646355, 7.222035,52.809483
lavie_71.mp4,98.322365, 10.380391,56.714172
lavie_717.mp4,98.098976, 10.663754,55.946201
lavie_721.mp4,98.739273, 5.988612,50.454826
lavie_757.mp4,99.365143, 8.788080,63.192905
lavie_759.mp4,99.268349, 10.251622,64.307487
lavie_789.mp4,96.193214, 1.935917,24.276083
lavie_792.mp4,96.167442, 4.359993,34.762852
lavie_797.mp4,93.471565, 7.183240,37.167873
lavie_806.mp4,99.879608, 9.738283,77.891716
lavie_822.mp4,97.210915, 6.307881,43.451477
lavie_83.mp4,99.780396, 10.624700,74.724792
lavie_834.mp4,98.548813, 5.290794,47.065636
lavie_845.mp4,96.816643, 8.345788,46.698730
lavie_858.mp4,79.516281, 2.643108,15.803297
lavie_86.mp4,87.817177, 9.895476,35.921837
lavie_87.mp4,95.928413, 6.763944,40.843632
lavie_900.mp4,98.312798, 8.766941,53.840836
lavie_901.mp4,87.831650, 3.368111,21.776049
lavie_920.mp4,97.866150, 6.690938,47.052921
lavie_935.mp4,98.798943, 5.541006,49.675034
lavie_969.mp4,94.863426, 2.922064,26.849457
lavie_985.mp4,96.821701, 4.283813,36.235516
lavie_987.mp4,97.925797, 7.966228,50.203751
show1_107.mp4,98.588867, 9.363109,56.679897
show1_11.mp4,96.756104, 8.675342,47.153374
show1_113.mp4,62.481075, 5.769289,18.149305
show1_125.mp4,91.279350, 4.913614,29.036591
show1_136.mp4,20.857285, 3.186904,6.892676
show1_138.mp4,83.134438, 6.674911,27.119102
show1_149.mp4,86.323502, 5.743544,27.090094
show1_150.mp4,70.670258, 4.161573,17.192266
show1_151.mp4,79.535957, 5.888865,23.816378
show1_157.mp4,94.915588, 3.841982,30.465969
show1_177.mp4,97.882416, 9.770161,53.409504
show1_178.mp4,91.480865, 3.967151,26.497135
show1_18.mp4,98.763260, 9.856397,58.796482
show1_187.mp4,95.517746, 3.683112,30.993637
show1_196.mp4,82.572815, 5.073109,23.471539
show1_200.mp4,68.594635, 2.700552,13.198622
show1_204.mp4,94.495491, 6.811550,38.008644
show1_21.mp4,87.898056, 4.282393,24.528076
show1_210.mp4,98.344666, 5.898882,47.520576
show1_215.mp4,98.124084, 7.106557,49.317692
show1_216.mp4,98.518661, 4.729003,45.071815
show1_22.mp4,96.176270, 10.014978,47.908039
show1_228.mp4,99.345879, 6.905809,59.126236
show1_23.mp4,98.197838, 7.877804,51.414726
show1_233.mp4,93.143997, 8.636915,39.571930
show1_247.mp4,98.302048, 9.299290,54.759945
show1_256.mp4,90.460434, 5.985195,30.901041
show1_264.mp4,92.529907, 8.878289,39.152828
show1_272.mp4,90.962509, 9.611990,38.500546
show1_273.mp4,92.155922, 5.983379,32.706894
show1_275.mp4,97.787369, 8.698467,51.024364
show1_285.mp4,97.566071, 8.041427,48.766304
show1_292.mp4,84.782295, 6.868103,28.450903
show1_294.mp4,96.535774, 6.935859,42.834877
show1_295.mp4,95.977707, 8.372528,44.407593
show1_302.mp4,99.693275, 9.763529,71.013031
show1_305.mp4,93.637497, 8.037188,39.171883
show1_33.mp4,99.789902, 12.765755,77.349007
show1_34.mp4,99.650017, 11.932325,72.745285
show1_349.mp4,44.225788, 3.980574,11.574378
show1_355.mp4,91.205391, 3.899691,26.023275
show1_359.mp4,84.799423, 5.157665,24.831556
show1_36.mp4,99.296570, 12.970585,68.277390
show1_374.mp4,92.377594, 5.609030,32.055347
show1_385.mp4,96.095306, 4.592452,35.346432
show1_398.mp4,82.766815, 3.074286,18.316408
show1_4.mp4,98.894676, 13.528429,64.988274
show1_403.mp4,50.648148, 4.852571,14.107382
show1_431.mp4,86.549553, 7.645514,31.098885
show1_442.mp4,98.350357, 12.288294,59.700268
show1_447.mp4,97.027023, 6.612094,43.577351
show1_450.mp4,93.019089, 4.677660,30.340994
show1_456.mp4,97.116638, 8.721818,48.423923
show1_457.mp4,75.770203, 3.919566,18.114588
show1_458.mp4,88.856064, 7.460217,32.559795
show1_48.mp4,97.957321, 5.745937,45.023121
show1_49.mp4,99.785233, 11.403999,75.790276
show1_493.mp4,64.676949, 6.068641,19.208937
show1_502.mp4,79.461334, 4.763671,21.395580
show1_507.mp4,96.608780, 6.360280,41.662544
show1_509.mp4,96.066559, 9.751086,47.171028
show1_523.mp4,87.719994, 7.156861,31.038183
show1_528.mp4,95.139297, 11.776100,48.238358
show1_536.mp4,91.959923, 3.043902,23.807816
show1_544.mp4,93.518089, 4.733285,31.161896
show1_559.mp4,95.179054, 6.080913,37.548889
show1_561.mp4,96.369995, 6.686870,41.789566
show1_567.mp4,97.808029, 8.299364,50.334652
show1_580.mp4,98.283073, 7.526635,51.141369
show1_583.mp4,95.676399, 6.211307,38.924416
show1_585.mp4,95.774872, 6.774928,40.506207
show1_586.mp4,98.688957, 7.373768,53.464806
show1_594.mp4,51.069469, 3.012742,10.885657
show1_599.mp4,63.696068, 6.241020,19.233665
show1_610.mp4,81.044167, 5.461103,23.605566
show1_621.mp4,99.684708, 12.147469,73.787254
show1_627.mp4,94.512161, 4.766979,32.760540
show1_628.mp4,97.512993, 7.970585,48.404411
show1_630.mp4,82.288490, 7.471992,28.139591
show1_636.mp4,96.874435, 8.117706,46.423542
show1_646.mp4,97.421608, 6.338093,44.302479
show1_651.mp4,98.198395, 8.605855,52.884949
show1_654.mp4,98.433502, 8.140433,53.342449
show1_662.mp4,97.150505, 5.882341,42.129887
show1_664.mp4,92.885223, 8.010757,38.013851
show1_670.mp4,98.642426, 7.781391,54.005878
show1_676.mp4,88.886894, 5.479518,28.328493
show1_677.mp4,72.262016, 3.395516,15.833324
show1_679.mp4,96.311089, 7.205380,42.826317
show1_680.mp4,98.944649, 10.089500,60.680794
show1_685.mp4,98.478043, 9.084064,55.442459
show1_686.mp4,87.471481, 9.218812,34.547295
show1_690.mp4,96.781357, 7.116333,43.977150
show1_692.mp4,97.144852, 8.594522,48.277008
show1_694.mp4,98.464706, 9.529633,56.152164
show1_699.mp4,96.807899, 8.170119,46.319157
show1_74.mp4,94.198532, 7.227936,38.415985
show1_76.mp4,96.404495, 6.798889,42.148380
show1_89.mp4,85.950470, 6.825535,29.114521
show1_95.mp4,98.450729, 8.521050,54.207664
D110.mp4,93.645592, 5.756500,34.113556
D113.mp4,99.641006, 11.157555,71.615723
D119.mp4,99.873558, 8.993075,76.613144
D129.mp4,88.229279, 1.870929,16.351398
D137.mp4,44.837940, 2.596792,9.168951
D141.mp4,94.721756, 6.363911,37.371418
D150.mp4,98.980194, 9.477850,59.990978
D151.mp4,99.472389, 9.318326,65.753632
D163.mp4,92.151611, 10.640068,41.597347
D180.mp4,99.212601, 17.766930,72.090408
D195.mp4,99.437187, 17.673058,74.587471
D196.mp4,99.825043, 17.724630,82.282860
D201.mp4,99.926430, 19.181112,87.354126
D203.mp4,99.865051, 16.920143,83.238228
D210.mp4,57.492107, 1.972853,9.394118
D215.mp4,98.180748, 8.210359,52.006573
D219.mp4,93.676918, 4.970623,32.063656
D228.mp4,73.643906, 1.726754,11.238508
D236.mp4,67.166962, 1.680779,9.931670
D241.mp4,63.083630, 2.108074,10.583399
D247.mp4,79.756165, 8.363981,28.352551
D252.mp4,91.124153, 6.976871,33.765720
D253.mp4,84.307755, 4.527018,23.042053
D272.mp4,74.002228, 7.804611,24.980692
D3.mp4,94.278511, 4.032553,30.089050
D300.mp4,73.678604, 8.768973,26.334848
D329.mp4,88.186287, 2.804838,20.086020
D334.mp4,91.579491, 6.952297,34.217709
D335.mp4,56.855446, 4.818225,15.270453
D37.mp4,94.104080, 3.275574,27.146839
D375.mp4,91.023232, 7.510188,34.748405
D39.mp4,99.943611, 16.825863,87.422501
D397.mp4,99.898155, 13.632170,82.590012
D421.mp4,92.150040, 2.619489,22.314348
D43.mp4,99.651215, 12.974321,73.912849
D431.mp4,99.888985, 12.005473,80.756340
D432.mp4,99.888985, 12.825974,81.462189
D435.mp4,97.625610, 8.684358,50.293987
D449.mp4,99.421951, 17.107960,73.928329
D458.mp4,87.935127, 6.100066,29.009386
D469.mp4,51.619381, 8.619007,19.529722
D472.mp4,95.489540, 10.577915,47.161549
D475.mp4,99.049019, 12.572165,65.164238
D476.mp4,99.808098, 13.427176,78.566093
D477.mp4,81.700249, 3.579265,19.349104
D502.mp4,99.656013, 6.840556,64.898399
D506.mp4,89.108109, 12.366283,40.699383
D513.mp4,99.237556, 8.355788,60.706181
D517.mp4,62.257339, 3.594746,14.031577
D519.mp4,99.128685, 6.563841,55.561699
D520.mp4,83.222488, 2.274633,15.824063
D524.mp4,96.908737, 5.471805,40.204288
D529.mp4,75.938812, 1.788870,11.949715
D55.mp4,99.902496, 15.013461,83.788719
D569.mp4,97.906181, 7.101171,48.213932
D574.mp4,96.589752, 10.633117,50.082397
D583.mp4,98.692963, 9.070867,56.899422
D589.mp4,90.661835, 3.379165,23.844908
D597.mp4,92.335892, 6.318156,33.709656
D60.mp4,94.019882, 2.090772,21.848196
D612.mp4,99.719406, 13.003652,75.547913
D616.mp4,99.547455, 13.911245,72.884003
D636.mp4,99.004234, 10.677300,62.136780
D649.mp4,90.012100, 6.928065,32.538578
D652.mp4,86.255249, 8.968698,33.202976
D681.mp4,99.699440, 7.289459,67.019203
D69.mp4,99.156273, 8.326420,59.696804
D693.mp4,66.917313, 8.820706,24.025642
D696.mp4,88.099960, 7.152645,31.328777
D698.mp4,99.443146, 4.006830,52.031082
D7.mp4,99.792465, 13.091339,77.739975
D711.mp4,99.744102, 7.027317,67.870895
D725.mp4,91.902611, 7.183908,35.081352
D73.mp4,99.846931, 9.652885,76.127800
D740.mp4,94.367157, 7.438041,39.153481
D88.mp4,90.764732, 9.922029,38.789658
D91.mp4,98.824234, 7.686072,55.209984
D97.mp4,99.920135, 7.480645,77.614555
O1.mp4,94.378517, 8.881464,42.014488
T2.mp4,97.485977, 8.544536,49.452507
T23.mp4,98.751823, 7.739864,54.740788
T25.mp4,99.682823, 12.017906,73.598038
T26.mp4,92.566933, 6.347095,34.065353
T28.mp4,98.089424, 7.479115,49.976994
T36.mp4,97.556282, 6.899899,46.208664
T39.mp4,99.133331, 11.474193,64.551231
T40.mp4,98.966667, 12.491241,64.315460
T46.mp4,94.306732, 7.544493,39.271931
T49.mp4,98.503426, 4.993172,45.836102
T62.mp4,92.655006, 4.467108,29.278269
T7.mp4,98.764297, 7.075480,53.369938
T85.mp4,99.556259, 12.654824,71.703598
T88.mp4,97.912003, 10.861278,55.335663
T9.mp4,98.348595, 6.897615,50.091827
T91.mp4,91.096893, 7.156279,34.110199
T93.mp4,96.873581, 9.712482,49.418987
msrvtt_1041.mp4,96.397713, 5.156394,37.826973
msrvtt_1162.mp4,97.193932, 6.849441,44.717983
msrvtt_1200.mp4,89.594452, 3.536476,23.519384
msrvtt_141.mp4,89.491234, 5.491870,28.856850
msrvtt_1457.mp4,96.777214, 3.953956,34.938126
msrvtt_1534.mp4,92.468475, 3.862145,27.187305
msrvtt_17.mp4,67.072906, 3.250565,14.257401
msrvtt_1812.mp4,55.380024, 1.982318,9.137755
msrvtt_2003.mp4,97.059074, 3.747111,34.999065
msrvtt_2021.mp4,95.755882, 5.098722,36.109409
msrvtt_2068.mp4,98.720505, 5.763694,49.688412
msrvtt_2174.mp4,97.530571, 7.260619,46.937588
msrvtt_2234.mp4,93.198051, 4.987637,31.451565
msrvtt_2360.mp4,41.619236, 3.454647,10.296915
msrvtt_2424.mp4,91.036728, 6.217079,32.010506
msrvtt_2430.mp4,93.266472, 2.902138,24.625986
msrvtt_2494.mp4,67.215416, 1.985641,10.906343
msrvtt_2515.mp4,93.168472, 3.453670,26.599888
msrvtt_2660.mp4,87.907524, 4.226268,24.379105
msrvtt_2711.mp4,96.676460, 4.832007,37.609871
msrvtt_278.mp4,95.634132, 4.604603,34.354782
msrvtt_283.mp4,58.380474, 2.831055,11.645798
msrvtt_3004.mp4,97.719231, 5.460267,43.128426
msrvtt_3047.mp4,74.273933, 2.951694,15.200674
msrvtt_3278.mp4,78.893333, 1.914166,13.133727
msrvtt_3441.mp4,56.789444, 3.265490,12.326018
msrvtt_3455.mp4,96.805923, 4.452819,36.761768
msrvtt_3498.mp4,79.422745, 3.024201,16.930500
msrvtt_3610.mp4,96.466774, 5.166419,38.040539
msrvtt_3623.mp4,88.095184, 3.556788,22.537657
msrvtt_377.mp4,89.722672, 2.915164,21.489368
msrvtt_3948.mp4,76.075676, 3.372919,16.836784
msrvtt_4022.mp4,57.345104, 2.279181,10.167367
msrvtt_4033.mp4,95.501251, 2.982598,28.188900
msrvtt_4326.mp4,94.663414, 2.832711,26.163322
msrvtt_4395.mp4,83.706818, 3.769645,20.751945
msrvtt_4434.mp4,85.209747, 2.602523,17.816689
msrvtt_4570.mp4,77.842339, 3.079610,16.578636
msrvtt_4685.mp4,80.501923, 3.200367,17.819202
msrvtt_479.mp4,93.111023, 4.245375,29.162323
msrvtt_4807.mp4,94.768616, 2.938652,26.771841
msrvtt_4869.mp4,61.841869, 5.020704,16.707298
msrvtt_4908.mp4,96.428238, 5.072014,37.658398
msrvtt_4960.mp4,87.417725, 3.804262,22.854443
msrvtt_5014.mp4,93.857727, 3.358024,27.121655
msrvtt_5020.mp4,64.753929, 2.360440,11.555601
msrvtt_5102.mp4,58.582191, 2.574432,11.078161
msrvtt_5191.mp4,93.433800, 3.749870,27.961424
msrvtt_5192.mp4,97.703300, 4.857947,41.226490
msrvtt_5401.mp4,86.879517, 3.590512,21.892775
msrvtt_5438.mp4,59.776314, 3.099253,12.488340
msrvtt_5450.mp4,90.460793, 3.171467,22.963104
msrvtt_5451.mp4,62.150986, 2.424936,11.283648
msrvtt_5475.mp4,97.857124, 5.646779,44.273693
msrvtt_5789.mp4,93.168709, 4.201817,29.099253
msrvtt_5795.mp4,80.894028, 3.777587,19.560863
msrvtt_5858.mp4,96.407227, 4.504584,35.835735
msrvtt_5887.mp4,84.434021, 4.354276,22.669668
msrvtt_5959.mp4,98.719284, 6.396913,51.372261
msrvtt_5965.mp4,94.614822, 5.689385,35.495243
msrvtt_6050.mp4,80.293114, 2.443895,15.405212
msrvtt_6272.mp4,90.581963, 3.315076,23.560005
msrvtt_6392.mp4,98.685081, 5.257623,47.936043
msrvtt_6409.mp4,97.629776, 4.097743,38.321667
msrvtt_6426.mp4,93.518654, 3.450987,27.021185
msrvtt_6456.mp4,96.701744, 4.533370,36.727669
msrvtt_6462.mp4,87.725189, 2.918228,20.213829
msrvtt_6551.mp4,96.290901, 5.955855,39.757824
msrvtt_6580.mp4,99.117867, 7.261557,57.071758
msrvtt_6688.mp4,96.196190, 3.843886,33.034679
msrvtt_6979.mp4,96.119049, 3.439230,31.319704
msrvtt_7094.mp4,86.226913, 2.406898,17.575794
msrvtt_7229.mp4,69.239029, 3.168432,14.537857
msrvtt_7258.mp4,65.859261, 3.658837,14.925100
msrvtt_7419.mp4,91.014572, 2.795051,22.025063
msrvtt_7587.mp4,97.899628, 3.908049,38.748722
msrvtt_7616.mp4,75.804558, 3.359296,16.720366
msrvtt_7724.mp4,39.330334, 1.472332,6.095763
msrvtt_7753.mp4,94.492546, 4.198731,30.967989
msrvtt_7980.mp4,44.306835, 4.067619,11.729174
msrvtt_8003.mp4,71.242706, 2.640801,13.605316
msrvtt_812.mp4,85.601021, 5.213685,25.428480
msrvtt_8160.mp4,88.988823, 3.922701,24.265491
msrvtt_8331.mp4,67.418419, 2.625751,12.761775
msrvtt_835.mp4,96.644562, 4.992462,38.012444
msrvtt_8377.mp4,95.286156, 4.758716,34.124767
msrvtt_8424.mp4,99.211906, 6.703878,56.872089
msrvtt_8455.mp4,96.077553, 3.448095,31.262012
msrvtt_8489.mp4,99.405563, 7.781550,61.900860
msrvtt_856.mp4,66.385178, 3.135826,13.838117
msrvtt_8863.mp4,84.635284, 3.943613,21.684591
msrvtt_8898.mp4,91.355728, 4.984032,29.302927
msrvtt_9258.mp4,98.573250, 4.981733,46.268829
msrvtt_9354.mp4,99.188820, 5.304585,52.829517
msrvtt_9437.mp4,81.798630, 3.617825,19.495493
msrvtt_9657.mp4,78.923187, 4.888792,21.461306
msrvtt_9780.mp4,95.551369, 5.863763,37.765568
msrvtt_9784.mp4,93.218201, 3.509665,26.858902
msrvtt_9873.mp4,98.789337, 5.278060,48.812435
msrvtt_9916.mp4,77.776314, 2.763348,15.638034
-KE9zHM2PPE_000191_000201.mp4,98.730728, 6.999249,52.929527
-TJHwkpAlls_000006_000016.mp4,99.327057, 10.388378,65.261932
-cJr27dbEZo_000028_000038.mp4,98.294182, 4.999759,44.573708
10HaDs92NdE_000077_000087.mp4,84.706810, 3.541878,20.584997
14MZcvxmQ1k_000121_000131.mp4,53.909260, 3.441291,12.193709
2-DxJ7Vtte0_000083_000093.mp4,89.824661, 4.967515,27.828869
3mEUohgCrf4_000042_000052.mp4,42.575119, 2.426123,8.536558
3mdDqxRnG3E_000088_000098.mp4,98.384819, 9.433787,55.488884
44by626mLr8_000000_000010.mp4,68.181038, 2.726992,13.183270
47H9cL2CYWc_000032_000042.mp4,93.701042, 7.119806,37.379810
58sbv8bG1PY_000001_000011.mp4,76.445404, 4.222487,19.049946
5FHCVcNAAL4_000013_000023.mp4,75.792252, 2.058150,12.863849
5rEVlp0ADFs_000022_000032.mp4,99.122810, 4.948606,50.946712
6boZdDfa1CQ_000038_000048.mp4,98.509003, 9.326544,56.079853
7A2LiXFnGQw_000025_000035.mp4,21.830883, 2.022446,5.388208
A9lRkfvOGH4_000095_000105.mp4,98.933945, 6.023304,52.200001
A_V9gpuuzaA_000023_000033.mp4,92.101616, 6.913457,34.748161
AelLoY8rCt4_000002_000012.mp4,94.166908, 5.031001,32.968002
BMnJmOkEEhk_000002_000012.mp4,94.879318, 6.369268,37.676262
BO1XuuL1ZpA_000000_000010.mp4,98.049049, 7.292733,49.353519
Ctn7v7bb9Hg_000048_000058.mp4,97.095612, 4.186123,36.733925
D5_qapDWZIU_000002_000012.mp4,92.311668, 5.503123,31.708891
DF_7gRarC3k_000058_000068.mp4,96.211792, 9.463993,47.048077
EuLoaD66KNc_000001_000011.mp4,18.614914, 1.566490,4.301918
FXWUBrJmwtA_000004_000014.mp4,98.235146, 9.957625,55.523716
GFEe5fsBME0_000156_000166.mp4,84.536674, 3.828110,21.316235
H49Sn2WhfLY_000000_000010.mp4,17.375950, 1.477701,4.027080
IYuGMoeMXHM_000063_000073.mp4,98.420349, 8.317697,53.616631
JDgPwBrrjbM_000163_000173.mp4,99.499229, 10.480035,67.969414
JEFLfj9JSYM_000015_000025.mp4,91.722382, 3.842380,26.340321
JOr54JNvKZ8_000490_000500.mp4,92.903038, 4.940320,30.938622
JVTaYpYRqZA_000053_000063.mp4,98.264816, 10.866157,57.152187
MeZZuHxWsV8_000001_000011.mp4,82.892769, 1.428003,12.239553
MswslLIhzyk_000100_000110.mp4,99.616348, 10.392401,70.075447
NejYZLJn-A0_000003_000013.mp4,80.147865, 4.236799,20.431189
O4kIQoYXiJQ_000099_000109.mp4,67.787994, 2.870520,13.474093
OWKCL40Ml0k_000001_000011.mp4,97.680870, 10.300544,53.400570
OizAvrr9thY_000002_000012.mp4,96.672508, 3.703441,33.711391
On8dpRaW78Q_000016_000026.mp4,62.174278, 2.934010,12.540746
PiZI-NnRi48_000053_000063.mp4,97.511795, 4.184257,38.177795
PrsZiBMW7ys_000434_000444.mp4,89.605209, 4.884875,27.428234
QqG4JC11dVE_000062_000072.mp4,98.366699, 12.917471,60.630524
ReaEBU4m1jo_000150_000160.mp4,98.995277, 12.489722,64.566689
RnwidjJiDEE_000105_000115.mp4,67.484085, 3.622944,15.209802
RvBKuQeVtLs_000043_000053.mp4,55.953575, 2.503836,10.507597
TdBkRNakiCg_000051_000061.mp4,98.520607, 7.404518,52.343929
TgKKg8TFD74_000123_000133.mp4,96.766243, 5.405938,39.582073
UGKTyrmLg5U_000047_000057.mp4,91.998878, 5.120413,30.353802
VCFXo1kxhtI_000000_000010.mp4,85.354927, 3.407869,20.510717
VDJgjhA-bBU_000040_000050.mp4,98.528580, 4.639903,44.836143
WBHDOA5EGUs_000001_000011.mp4,92.013138, 2.782020,22.846630
WL7xHzaX5Y4_000054_000064.mp4,94.635323, 4.783558,33.016060
XKcVLbwGryg_000097_000107.mp4,93.295219, 4.739226,30.877384
Ynj7rzBM3Eo_000062_000072.mp4,99.368378, 11.656315,67.577423
ZNMi-TPANUo_000141_000151.mp4,54.156219, 1.763919,8.403171
ZS-2oM-PRUs_000086_000096.mp4,66.565742, 4.216765,16.273615
aBI6r8RmEfA_000022_000032.mp4,99.373123, 10.354082,65.838982
a_fI5qfd5_g_000013_000023.mp4,94.414368, 6.075772,36.128471
abGQPMxaGg0_000000_000010.mp4,64.567329, 1.755651,9.771830
auMbsIMzvtg_000003_000013.mp4,93.924652, 6.626554,36.632782
cJ6mmbUgQDo_000057_000067.mp4,98.032120, 12.696135,58.559303
d8fFRO4-ZsY_000027_000037.mp4,91.186783, 4.664847,28.263578
dpjnHIl1L4Y_000002_000012.mp4,84.428177, 3.030035,18.893480
dsOuHGSkpvA_000001_000011.mp4,91.392433, 3.552143,25.072151
fBN0EWsZbnk_000005_000015.mp4,72.226067, 6.152850,21.570950
fqO7-SGKNpc_000231_000241.mp4,52.233200, 4.030814,13.008824
gMapBCsDgHo_000029_000039.mp4,93.079651, 4.080451,28.604893
gZqmPiW44n0_000009_000019.mp4,48.078831, 2.464720,9.320724
hlP_KniNQHw_000090_000100.mp4,99.368553, 13.023268,69.247887
iS8uNzzVKsM_000000_000010.mp4,98.474716, 13.048678,61.443241
jFehurLFxBM_000134_000144.mp4,94.812569, 6.161198,37.045616
jcdYx1sku0Q_000225_000235.mp4,99.573639, 15.962732,75.226936
lMh6hC_hlhQ_000013_000023.mp4,97.608940, 8.974247,50.773750
lRhfilCsk0Y_000287_000297.mp4,96.279228, 5.173143,37.568634
llCbLdjOR-4_000095_000105.mp4,96.341034, 6.595850,41.493748
mMhZPyqOhHU_000035_000045.mp4,55.117840, 3.814961,13.125200
nQVmDb5rDq0_000006_000016.mp4,87.527512, 7.356486,31.278238
oQbMYMaxnUc_000002_000012.mp4,28.018566, 2.492485,6.877079
okRrPhFsSOI_000015_000025.mp4,95.283035, 8.678854,43.399834
pB6CKj29kkI_000027_000037.mp4,98.444344, 7.655547,52.396870
pwK2lTvM3Xc_000000_000010.mp4,35.417774, 1.945036,6.742321
qxe9LzPoI-g_000060_000070.mp4,66.176796, 1.720875,9.907347
sceHTuMKCTs_000012_000022.mp4,95.812088, 6.246789,39.321751
syz8cSK8OB8_000006_000016.mp4,98.377800, 7.702971,52.084995
tNidFE66pCs_000217_000227.mp4,88.420105, 8.176385,33.529438
tYtYa83rJrk_000000_000010.mp4,51.172947, 2.513061,9.843879
tiRvQoNpP3Q_000017_000027.mp4,50.655491, 1.897512,8.331779
uPx1fBlL7s4_000001_000011.mp4,97.049400, 8.562379,47.885212
ukfg3zHCi0A_000067_000077.mp4,96.904144, 7.974640,46.225540
vUYewS5TqJ8_000091_000101.mp4,98.157906, 8.650431,52.751202
w8uoZnbEU-w_000014_000024.mp4,71.884392, 2.859273,14.352803
wj6D8sO-9MA_000015_000025.mp4,70.584335, 2.883345,14.115328
wrFsSfx4YNI_000001_000011.mp4,98.588303, 7.140477,52.209599
x07blSs5X_w_000778_000788.mp4,88.685272, 7.140576,31.784937
xxLKkOpwtYQ_000051_000061.mp4,99.490311, 12.106985,69.946075
yQ-vPljimfE_000040_000050.mp4,82.076576, 4.455036,21.781839
yqnNHP6AXG4_000003_000013.mp4,97.842842, 7.964381,49.809731
yrH3Fd9Wi2E_000028_000038.mp4,35.249321, 1.938265,6.710682
zVefBU3S7d4_000011_000021.mp4,91.891037, 5.956267,32.333656
zjWddFrCi1g_000174_000184.mp4,92.952316, 9.432424,40.714981
MorphStudio_107.mp4,99.284935, 10.817682,65.348709
MorphStudio_133.mp4,97.282028, 11.090662,53.079296
MorphStudio_136.mp4,94.868011, 7.811910,40.851265
MorphStudio_141.mp4,98.316452, 10.359357,56.645973
MorphStudio_142.mp4,99.005775, 9.983027,61.068672
MorphStudio_151.mp4,77.628235, 7.095415,25.250229
MorphStudio_153.mp4,93.797691, 4.572757,31.081587
MorphStudio_155.mp4,99.155174, 11.896173,65.347740
MorphStudio_156.mp4,59.696930, 3.517740,13.373752
MorphStudio_17.mp4,98.431335, 4.894493,45.056881
MorphStudio_179.mp4,95.742531, 11.074381,48.531796
MorphStudio_180.mp4,99.701271, 7.019769,66.522614
MorphStudio_185.mp4,99.609726, 11.604347,71.500954
MorphStudio_186.mp4,99.213516, 8.994814,61.586720
MorphStudio_189.mp4,94.197372, 6.745265,37.346840
MorphStudio_20.mp4,99.860054, 15.103819,81.845818
MorphStudio_203.mp4,94.688858, 8.640956,42.137260
MorphStudio_204.mp4,98.555122, 7.233517,52.192867
MorphStudio_221.mp4,94.418320, 8.826699,41.985027
MorphStudio_225.mp4,98.982132, 14.840039,67.190079
MorphStudio_228.mp4,99.242661, 9.517605,62.828659
MorphStudio_23.mp4,99.835556, 11.692140,77.948341
MorphStudio_232.mp4,95.843430, 5.833635,38.338486
MorphStudio_238.mp4,80.911888, 4.123693,20.459644
MorphStudio_241.mp4,94.255524, 11.414387,45.989742
MorphStudio_245.mp4,98.767731, 7.101692,53.457706
MorphStudio_248.mp4,99.324760, 14.213074,69.998108
MorphStudio_254.mp4,98.772308, 9.377356,58.049564
MorphStudio_259.mp4,92.740685, 7.852482,37.504517
MorphStudio_26.mp4,99.598732, 9.921694,69.037155
MorphStudio_273.mp4,86.106201, 8.995301,33.138920
MorphStudio_274.mp4,91.135475, 7.377448,34.603916
MorphStudio_281.mp4,98.849304, 8.926385,57.864899
MorphStudio_288.mp4,99.179672, 11.374580,64.907036
MorphStudio_289.mp4,93.738708, 6.810293,36.757763
MorphStudio_291.mp4,94.403168, 7.924750,40.219913
MorphStudio_296.mp4,98.122429, 11.851927,57.848679
MorphStudio_332.mp4,98.222847, 8.946734,53.666878
MorphStudio_337.mp4,84.550606, 4.708743,23.621323
MorphStudio_349.mp4,98.456406, 8.460026,54.124641
MorphStudio_35.mp4,99.419617, 9.649625,65.442490
MorphStudio_352.mp4,92.348495, 5.508626,31.766769
MorphStudio_355.mp4,94.656013, 3.925625,30.322350
MorphStudio_357.mp4,97.943321, 5.216380,43.416084
MorphStudio_358.mp4,98.868782, 9.197082,58.516399
MorphStudio_362.mp4,98.438553, 6.804796,50.424366
MorphStudio_369.mp4,98.645676, 5.323109,47.844116
MorphStudio_377.mp4,97.375420, 7.439277,46.729790
MorphStudio_385.mp4,98.376289, 6.884093,50.227131
MorphStudio_4.mp4,99.854736, 14.430150,81.133820
MorphStudio_401.mp4,99.706848, 12.342016,74.544106
MorphStudio_41.mp4,95.623901, 4.537738,34.122650
MorphStudio_420.mp4,99.570068, 4.732245,57.169426
MorphStudio_426.mp4,98.113419, 5.886559,46.195461
MorphStudio_429.mp4,97.839172, 10.975907,55.176075
MorphStudio_434.mp4,98.369713, 9.852797,56.122025
MorphStudio_460.mp4,36.133209, 2.709377,8.258409
MorphStudio_486.mp4,97.049004, 5.283942,40.111000
MorphStudio_49.mp4,99.426117, 6.519564,59.455460
MorphStudio_495.mp4,97.071198, 10.561637,51.497555
MorphStudio_505.mp4,91.554466, 4.139061,27.098965
MorphStudio_514.mp4,98.643898, 6.921672,52.095718
MorphStudio_52.mp4,70.999542, 2.398305,12.860044
MorphStudio_53.mp4,95.623283, 8.088794,42.998569
MorphStudio_531.mp4,77.716675, 4.393018,19.885412
MorphStudio_536.mp4,94.459572, 1.920727,21.487223
MorphStudio_539.mp4,99.756203, 8.117725,70.308052
MorphStudio_54.mp4,97.634514, 2.738273,32.524586
MorphStudio_540.mp4,97.738411, 4.127604,38.874672
MorphStudio_541.mp4,98.637970, 6.863636,51.915012
MorphStudio_543.mp4,94.064308, 2.756821,25.002558
MorphStudio_544.mp4,98.878166, 3.012229,40.751160
MorphStudio_546.mp4,98.103973, 6.159983,46.879856
MorphStudio_55.mp4,94.187622, 4.488564,31.404505
MorphStudio_56.mp4,93.734917, 5.394358,33.306553
MorphStudio_560.mp4,98.481628, 6.849601,50.808483
MorphStudio_565.mp4,95.607658, 5.466347,36.825005
MorphStudio_568.mp4,97.033325, 6.278948,42.770775
MorphStudio_569.mp4,99.766052, 10.945857,74.642548
MorphStudio_570.mp4,96.008873, 2.459968,26.751408
MorphStudio_574.mp4,98.882088, 11.596654,62.399315
MorphStudio_58.mp4,99.423828, 6.123638,58.429878
MorphStudio_580.mp4,98.682640, 4.022618,43.667339
MorphStudio_585.mp4,99.275017, 10.290699,64.449333
MorphStudio_590.mp4,99.839279, 7.934733,73.292831
MorphStudio_599.mp4,71.389046, 3.971376,16.963488
MorphStudio_630.mp4,99.192612, 5.318705,52.918007
MorphStudio_633.mp4,99.887306, 15.631552,83.413086
MorphStudio_638.mp4,97.262177, 8.829759,49.148296
MorphStudio_654.mp4,98.930527, 11.686487,62.932144
MorphStudio_657.mp4,99.375000, 10.938203,66.703339
MorphStudio_670.mp4,99.425758, 7.744241,62.145050
MorphStudio_687.mp4,99.536224, 12.621868,71.314308
MorphStudio_693.mp4,99.333466, 8.911677,62.965996
MorphStudio_75.mp4,98.584290, 9.747985,57.314884
MorphStudio_83.mp4,98.874512, 9.934516,59.822357
MorphStudio_9.mp4,99.349350, 12.097478,67.885414
MorphStudio_90.mp4,95.990219, 7.043430,41.637386
MorphStudio_97.mp4,94.691780, 5.617286,35.441986
MorphStudio_98.mp4,94.302391, 2.577270,24.531143
Pika_019.mp4,99.883324, 13.156423,81.438622
Pika_1004.mp4,93.228874, 5.276603,32.279522
Pika_11883.mp4,96.347366, 11.798053,51.175606
Pika_12623.mp4,97.385674, 14.602173,58.209675
Pika_13468.mp4,98.587242, 13.499583,62.719345
Pika_13675.mp4,99.695633, 12.299149,74.218575
Pika_14731.mp4,98.244820, 7.052077,49.851181
Pika_14801.mp4,99.670570, 11.719048,72.966255
Pika_1563.mp4,94.451561, 11.465345,46.422413
Pika_16236.mp4,99.123161, 9.063048,60.692127
Pika_16403.mp4,65.456650, 2.801639,12.833155
Pika_16863.mp4,87.339119, 4.990635,25.998184
Pika_18826.mp4,99.588829, 14.364801,74.059570
Pika_19213.mp4,99.354073, 15.805386,71.927414
Pika_20628.mp4,99.864731, 13.906355,81.156448
Pika_21835.mp4,99.520889, 10.786109,68.769051
Pika_22193.mp4,98.693581, 8.473297,55.782516
Pika_23706.mp4,96.091110, 9.384302,46.589806
Pika_23840.mp4,99.431435, 12.435898,69.435799
Pika_23988.mp4,99.661560, 11.200789,72.135223
Pika_24067.mp4,90.509323, 6.121640,31.262154
Pika_25911.mp4,99.615509, 10.551117,70.273842
Pika_27052.mp4,99.854668, 14.894022,81.474861
Pika_27553.mp4,94.841141, 7.934259,41.048386
Pika_28898.mp4,97.500786, 10.935512,53.674114
Pika_30602.mp4,97.289314, 8.083444,47.777405
Pika_30618.mp4,98.354836, 12.676899,60.247360
Pika_30712.mp4,89.754196, 10.204371,38.179489
Pika_32798.mp4,99.659615, 12.969306,74.091110
Pika_33074.mp4,97.864487, 10.832114,55.068649
Pika_34481.mp4,99.189354, 9.964497,62.929367
Pika_34515.mp4,98.631973, 12.198174,61.346794
Pika_35578.mp4,97.959427, 9.642241,53.554516
Pika_36832.mp4,97.552422, 6.582737,45.428486
Pika_39255.mp4,88.250938, 2.632479,19.492880
Pika_39520.mp4,93.330437, 6.931975,36.416618
Pika_40162.mp4,98.809441, 13.689208,64.510536
Pika_42391.mp4,92.364639, 5.371844,31.435204
Pika_42833.mp4,98.483047, 8.884941,55.107201
Pika_44040.mp4,94.343544, 6.807504,37.735092
Pika_45074.mp4,99.800697, 12.475194,77.427795
Pika_46553.mp4,99.249878, 13.206988,68.005226
Pika_47942.mp4,96.882675, 7.173789,44.424942
Pika_49025.mp4,99.419243, 12.424390,69.245262
Pika_49292.mp4,96.233711, 6.763462,41.608265
Pika_51349.mp4,73.501236, 1.900055,11.815600
Pika_52116.mp4,99.691925, 4.348636,59.025810
Pika_5333.mp4,99.542023, 13.430355,72.296150
Pika_56164.mp4,99.051331, 12.510690,65.108315
Pika_57219.mp4,97.581169, 11.636103,55.057926
Pika_58594.mp4,99.825356, 10.039821,75.673431
Pika_58851.mp4,99.354530, 17.448383,73.371208
Pika_59635.mp4,99.088249, 11.943253,64.728729
Pika_59802.mp4,19.187714, 4.648318,8.284928
Pika_60034.mp4,99.588303, 12.752592,72.402313
Pika_61102.mp4,94.405807, 7.763985,39.898605
Pika_62101.mp4,99.504601, 13.293036,71.528976
Pika_62374.mp4,99.728706, 10.966248,73.556961
Pika_62500.mp4,77.023781, 7.626745,25.900164
Pika_62919.mp4,97.713348, 12.129404,56.320850
Pika_62921.mp4,99.315155, 15.287224,70.967987
Pika_63134.mp4,98.926964, 12.348010,63.788517
Pika_64370.mp4,99.710808, 12.900954,75.225922
Pika_65940.mp4,99.128647, 9.962321,62.261654
Pika_66020.mp4,97.809540, 8.568199,50.872707
Pika_67006.mp4,91.798630, 9.049437,38.519192
Pika_67458.mp4,99.674133, 11.045296,72.239670
Pika_67696.mp4,98.347565, 7.715526,51.929386
Pika_6876.mp4,98.827118, 4.463704,46.442829
Pika_69535.mp4,99.850609, 14.790198,81.235229
Pika_69647.mp4,99.852005, 13.944413,80.644730
Pika_69860.mp4,98.072319, 7.823469,50.632225
Pika_7128.mp4,99.539726, 12.738967,71.506783
Pika_71463.mp4,98.841904, 9.341871,58.546906
Pika_72514.mp4,99.476257, 11.285810,68.687309
Pika_74439.mp4,83.343872, 3.228183,19.026428
Pika_74681.mp4,99.801399, 13.399066,78.314590
Pika_76779.mp4,99.489273, 10.230252,67.441673
Pika_7820.mp4,98.957649, 11.273893,62.589252
Pika_80113.mp4,99.853119, 15.751373,82.014938
Pika_80277.mp4,97.160912, 9.195639,49.465252
Pika_80939.mp4,99.339584, 8.883583,63.001095
Pika_83167.mp4,90.105614, 6.438380,31.582884
Pika_85401.mp4,98.048714, 8.321446,51.535206
Pika_85831.mp4,99.550476, 11.914426,70.739922
Pika_85888.mp4,99.246864, 13.432762,68.230209
Pika_87471.mp4,96.802513, 9.432972,48.700420
Pika_87969.mp4,99.574265, 12.081569,71.376274
Pika_90491.mp4,99.963615, 18.327084,89.779129
Pika_9120.mp4,99.227158, 12.845397,67.322525
Pika_91864.mp4,91.324524, 7.813446,35.678150
Pika_9222.mp4,99.534760, 10.991445,69.290825
Pika_92525.mp4,99.610504, 8.930574,67.755898
Pika_93073.mp4,98.840523, 7.104248,54.060440
Pika_94492.mp4,99.861671, 15.511784,82.195793
Pika_94521.mp4,99.770409, 13.733551,77.641350
Pika_94611.mp4,91.603676, 5.141126,29.977491
Pika_96078.mp4,99.715981, 15.252267,77.498238
Pika_96120.mp4,98.159988, 8.474536,52.420456
Pika_96230.mp4,97.761902, 14.035310,59.030342
D110.mp4,93.645592, 5.998931,34.717377
D113.mp4,99.641006, 11.561535,72.110939
D119.mp4,99.873558, 9.086000,76.736519
D129.mp4,86.546806, 1.872401,15.559519
D137.mp4,44.004440, 2.908758,9.664038
D141.mp4,94.772079, 5.753166,35.940910
D150.mp4,98.980194, 8.467972,58.164890
D151.mp4,99.472389, 11.371029,68.736565
D163.mp4,92.156540, 10.684555,41.673080
D180.mp4,99.212601, 15.915031,70.436409
D195.mp4,99.437187, 16.824360,73.893288
D196.mp4,99.825043, 18.051662,82.480110
D201.mp4,99.926430, 19.643278,87.551994
D203.mp4,99.865051, 17.372910,83.507904
D210.mp4,57.492107, 2.019940,9.519909
D215.mp4,98.180748, 7.369328,50.219315
D219.mp4,93.676918, 4.973420,32.071526
D228.mp4,73.643906, 1.744531,11.302135
D236.mp4,67.166962, 1.723708,10.072645
D241.mp4,63.083630, 2.127327,10.637169
D247.mp4,79.756165, 8.115125,27.946175
D252.mp4,91.124153, 7.601448,35.039455
D253.mp4,84.307755, 4.938225,24.044640
D272.mp4,74.002228, 7.906230,25.141630
D3.mp4,94.278511, 4.122847,30.386295
D300.mp4,73.678604, 7.826354,24.892988
D329.mp4,87.853600, 2.976117,20.489738
D334.mp4,91.579491, 6.556874,33.360168
D335.mp4,56.855446, 4.670871,15.014709
D37.mp4,94.104080, 3.456484,27.823612
D375.mp4,92.263397, 4.861158,29.950195
D39.mp4,99.943611, 16.750631,87.386307
D397.mp4,99.898155, 11.222341,80.554344
D421.mp4,92.150040, 2.273283,20.814650
D43.mp4,99.651215, 12.355734,73.249168
D431.mp4,99.888985, 12.231008,80.956429
D432.mp4,99.888985, 12.380499,81.086456
D435.mp4,97.482162, 8.371778,49.096931
D449.mp4,99.421951, 17.051111,73.881081
D458.mp4,87.935127, 6.334348,29.517126
D469.mp4,51.619381, 8.671300,19.593317
D472.mp4,95.489540, 10.085186,46.353214
D475.mp4,99.049019, 10.206868,61.839695
D476.mp4,99.808098, 13.175149,78.340584
D477.mp4,81.700249, 3.647256,19.535751
D502.mp4,99.656013, 7.071566,65.393135
D506.mp4,89.070335, 10.710575,38.294048
D513.mp4,99.237556, 8.277809,60.557182
D517.mp4,60.847378, 3.497449,13.549191
D519.mp4,99.128685, 7.438983,57.579456
D520.mp4,83.222488, 2.442402,16.425682
D524.mp4,96.908737, 5.218506,39.471745
D529.mp4,75.938812, 1.902075,12.357080
D55.mp4,99.902496, 15.289882,83.966202
D569.mp4,97.906181, 7.453666,49.010605
D574.mp4,96.589752, 10.067548,49.152157
D583.mp4,98.692963, 8.408975,55.652554
D589.mp4,90.661835, 4.490627,27.278000
D597.mp4,92.335892, 7.769660,36.807175
D60.mp4,94.019882, 2.130587,22.049717
D612.mp4,99.732735, 13.112126,76.003929
D616.mp4,99.547455, 12.611191,71.498260
D636.mp4,98.966599, 9.020303,59.063675
D649.mp4,88.581490, 7.148143,31.713057
D652.mp4,86.411171, 9.647688,34.417248
D681.mp4,99.699440, 7.225574,66.891022
D69.mp4,99.156273, 7.591048,58.213181
D693.mp4,66.917313, 9.205161,24.551933
D696.mp4,88.099960, 7.421137,31.853073
D698.mp4,99.443146, 3.875129,51.500816
D7.mp4,99.792465, 13.945993,78.502808
D711.mp4,99.744102, 6.402019,66.527016
D725.mp4,91.903038, 8.872654,38.334812
D73.mp4,99.846931, 9.762096,76.265747
D740.mp4,94.367157, 7.995304,40.297607
D88.mp4,90.764732, 9.972325,38.871063
D91.mp4,98.824234, 7.255921,54.268753
D97.mp4,99.920135, 7.839926,78.148705
O1.mp4,94.718475, 11.593332,47.118637
T2.mp4,97.485977, 9.369936,50.997894
T23.mp4,98.751823, 7.180742,53.512859
T25.mp4,99.682823, 11.868479,73.429169
T26.mp4,92.566933, 6.362498,34.100853
T28.mp4,98.089424, 6.996027,48.878773
T36.mp4,97.556282, 6.932241,46.284897
T39.mp4,99.133331, 10.661252,63.388870
T40.mp4,98.966667, 10.427762,61.411552
T46.mp4,94.306732, 7.735096,39.665871
T49.mp4,98.503426, 4.501485,44.192085
T62.mp4,92.655006, 5.765371,32.787212
T7.mp4,98.764297, 7.395996,54.094666
T85.mp4,99.556259, 12.959062,72.039810
T88.mp4,97.912003, 11.059729,55.642235
T9.mp4,98.348595, 8.464505,53.469067
T91.mp4,91.096893, 8.280890,36.311855
T93.mp4,96.873581, 8.320117,46.828419
D110.mp4,93.645592, 5.696251,33.960609
D113.mp4,99.641006, 11.569502,72.120499
D119.mp4,99.873558, 9.173370,76.851089
D129.mp4,85.091537, 1.735911,14.368110
D137.mp4,46.949711, 2.363147,8.955727
D141.mp4,94.901413, 6.527407,38.094597
D150.mp4,98.980194, 9.358379,59.785629
D151.mp4,99.472389, 10.924971,68.142784
D163.mp4,92.014656, 10.729604,41.558670
D180.mp4,99.212601, 16.580214,71.054008
D195.mp4,99.437187, 15.932981,73.119522
D196.mp4,99.825043, 18.052269,82.480469
D201.mp4,99.926430, 19.453413,87.471466
D203.mp4,99.865051, 17.575218,83.625511
D210.mp4,57.492107, 1.875916,9.130591
D215.mp4,98.180748, 8.233462,52.053219
D219.mp4,93.676918, 5.668352,33.935459
D228.mp4,73.643906, 1.674955,11.051226
D236.mp4,67.166962, 1.645172,9.813407
D241.mp4,63.083630, 2.173059,10.763954
D247.mp4,79.756165, 8.020594,27.789787
D252.mp4,91.124153, 8.002127,35.817429
D253.mp4,84.307755, 4.732646,23.550070
D272.mp4,74.002228, 7.741924,24.880800
D274.mov,94.881958, 5.682110,35.956608
D3.mp4,94.278511, 4.059307,30.177610
D300.mp4,73.678604, 8.837877,26.436604
D329.mp4,88.291077, 2.827739,20.231543
D334.mp4,91.579491, 6.555864,33.357933
D335.mp4,56.855446, 4.847335,15.320507
D37.mp4,94.104080, 3.499993,27.982754
D375.mp4,92.017815, 6.174092,32.993824
D39.mp4,99.943611, 16.818819,87.419121
D395.mov,74.904503, 6.271853,22.711327
D397.mp4,99.898155, 12.327550,81.552078
D421.mp4,92.150040, 2.589192,22.188210
D43.mp4,99.651215, 12.805184,73.735168
D431.mp4,99.888985, 11.593864,80.378357
D432.mp4,99.888985, 12.337303,81.049095
D435.mp4,97.686340, 7.903007,48.983826
D449.mp4,99.421951, 16.134747,73.093506
D458.mp4,87.935127, 5.167444,26.850138
D469.mp4,51.619381, 7.799321,18.506512
D472.mp4,95.489540, 10.202158,46.548061
D475.mp4,99.049019, 14.914845,67.855637
D476.mp4,99.808098, 15.302152,80.093018
D477.mp4,81.700249, 3.568939,19.320580
D502.mp4,99.656013, 7.440948,66.147530
D506.mp4,88.119331, 10.621478,37.297363
D513.mp4,99.237556, 8.768029,61.470325
D517.mp4,59.422905, 5.051146,16.217659
D519.mp4,99.128685, 7.297655,57.270439
D520.mp4,83.222488, 2.460999,16.490940
D524.mp4,96.908737, 5.000909,38.819103
D529.mp4,75.938812, 1.797994,11.983025
D55.mp4,99.902496, 15.323750,83.987656
D569.mp4,97.906181, 7.039458,48.070797
D574.mp4,96.589752, 10.433175,49.758629
D583.mp4,98.692963, 8.681215,56.176746
D589.mp4,90.661835, 4.235846,26.544785
D597.mp4,92.335892, 7.793501,36.854355
D60.mp4,94.019882, 2.255673,22.667757
D612.mp4,99.751350, 11.969270,75.351715
D616.mp4,99.547455, 13.608055,72.574661
D636.mp4,98.967278, 9.550736,59.996128
D638.mov,37.879337, 5.283850,12.406579
D640.mov,84.782646, 5.318098,25.192118
D649.mp4,87.936615, 5.517473,27.689413
D652.mp4,86.083916, 9.270924,33.573475
D681.mp4,99.699440, 6.919348,66.258057
D69.mp4,99.156273, 7.857429,58.767097
D693.mp4,66.917313, 9.169968,24.504271
D696.mp4,88.099960, 7.636428,32.264229
D698.mp4,99.443146, 3.901098,51.606762
D7.mp4,99.792465, 13.324297,77.953896
D711.mp4,99.744102, 6.214308,66.093895
D725.mp4,91.856224, 8.468841,37.544270
D73.mp4,99.846931, 9.782940,76.291855
D740.mp4,94.367157, 8.194555,40.691559
D88.mp4,90.764732, 10.589375,39.845894
D91.mp4,98.824234, 6.844089,53.315006
D97.mp4,99.920135, 7.807343,78.101578
O1.mp4,96.022255, 9.588971,46.775669
T2.mp4,97.485977, 9.129117,50.560181
T23.mp4,98.751823, 7.805353,54.878902
T25.mp4,99.682823, 12.037563,73.620064
T26.mp4,92.566933, 6.502460,34.420567
T28.mp4,98.089424, 7.254128,49.473850
T36.mp4,97.556282, 6.994639,46.431099
T39.mp4,99.133331, 10.918959,63.767303
T40.mp4,98.966667, 13.030708,64.991501
T46.mp4,94.306732, 6.735951,37.509857
T49.mp4,98.503426, 4.679574,44.805138
T62.mp4,92.655006, 5.479300,32.066010
T7.mp4,98.764297, 7.498229,54.319405
T85.mp4,99.556259, 12.416016,71.433052
T88.mp4,97.912003, 10.710847,55.099697
T9.mp4,98.348595, 7.768951,52.049492
T91.mp4,91.096893, 8.017207,35.816006
T93.mp4,96.873581, 8.038886,46.259689
Crafter_1.mp4,99.727219, 9.109343,70.994034
Crafter_1003.mp4,97.456116, 5.556772,42.338718
Crafter_1019.mp4,97.780739, 8.548050,50.703396
Crafter_1024.mp4,99.629005, 7.991044,66.540947
Crafter_1058.mp4,98.492035, 6.361342,49.668297
Crafter_106.mp4,99.303940, 11.797218,66.921242
Crafter_1086.mp4,99.286613, 8.043016,60.723728
Crafter_1092.mp4,99.370979, 9.876565,65.083893
Crafter_110.mp4,98.835495, 11.121390,61.339821
Crafter_1117.mp4,99.600067, 11.025032,70.579475
Crafter_1121.mp4,99.795654, 14.593504,79.142700
Crafter_1165.mp4,99.851158, 7.757882,73.585991
Crafter_1187.mp4,99.743393, 13.594890,76.750473
Crafter_1190.mp4,98.851738, 8.507991,57.100796
Crafter_1201.mp4,90.722878, 2.946084,22.359612
Crafter_1203.mp4,99.770134, 8.310899,71.107803
Crafter_1249.mp4,87.750916, 5.524965,27.571465
Crafter_1256.mp4,98.372414, 6.753584,49.890060
Crafter_1263.mp4,96.152451, 4.079412,33.772423
Crafter_1278.mp4,98.930092, 12.860039,64.467712
Crafter_1281.mp4,99.203728, 7.278130,58.091034
Crafter_1291.mp4,99.407722, 4.225743,52.273212
Crafter_1311.mp4,99.735741, 10.516756,73.198479
Crafter_1317.mp4,95.750847, 8.207778,43.532387
Crafter_1318.mp4,91.656265, 8.157166,36.721115
Crafter_1324.mp4,97.293976, 11.789756,54.170841
Crafter_134.mp4,97.158234, 9.370912,49.773426
Crafter_1354.mp4,98.273621, 9.869353,55.590553
Crafter_1357.mp4,99.129547, 10.586975,63.238144
Crafter_1364.mp4,97.538292, 6.989626,46.346558
Crafter_1369.mp4,99.342476, 12.497397,68.287643
Crafter_1379.mp4,99.733040, 11.752435,74.593468
Crafter_1385.mp4,99.872169, 9.521132,77.218948
Crafter_1396.mp4,99.227531, 12.353495,66.724060
Crafter_141.mp4,98.437538, 8.565701,54.210899
Crafter_181.mp4,98.365059, 8.318988,53.280266
Crafter_188.mp4,96.855797, 7.944401,46.008091
Crafter_196.mp4,97.579033, 5.771052,43.422974
Crafter_218.mp4,92.970436, 6.029197,33.841263
Crafter_23.mp4,99.309906, 11.730158,66.908607
Crafter_239.mp4,99.725586, 11.388905,73.973404
Crafter_279.mp4,98.716911, 8.070019,55.156719
Crafter_287.mp4,89.007278, 2.399258,19.044327
Crafter_289.mp4,95.030342, 5.540193,35.857979
Crafter_29.mp4,99.472527, 13.039376,70.746521
Crafter_293.mp4,96.028381, 4.306194,34.257236
Crafter_296.mp4,99.324890, 12.958746,68.611664
Crafter_307.mp4,98.082550, 5.574563,45.160629
Crafter_312.mp4,95.564728, 9.414872,45.368591
Crafter_313.mp4,98.243195, 6.349756,48.127148
Crafter_334.mp4,98.521255, 9.379758,56.254517
Crafter_341.mp4,90.919960, 4.720296,28.158382
Crafter_386.mp4,98.387505, 7.716677,52.173637
Crafter_39.mp4,99.621223, 8.291449,66.905128
Crafter_41.mp4,97.816193, 6.103340,45.334221
Crafter_410.mp4,99.211617, 12.027388,66.130760
Crafter_411.mp4,99.503258, 9.575162,66.691628
Crafter_415.mp4,99.213142, 7.637821,58.976700
Crafter_417.mp4,99.586845, 8.945522,67.274361
Crafter_418.mp4,99.751434, 15.360904,78.479836
Crafter_426.mp4,98.539772, 10.449684,58.167755
Crafter_46.mp4,99.870857, 9.865342,77.569466
Crafter_472.mp4,97.615540, 3.410025,35.553234
Crafter_484.mp4,95.289749, 9.716888,45.288120
Crafter_506.mp4,99.481911, 8.705571,64.881538
Crafter_541.mp4,98.725677, 5.442753,48.802425
Crafter_550.mp4,99.409065, 8.184380,62.741344
Crafter_553.mp4,89.477631, 7.800816,33.769436
Crafter_555.mp4,94.957916, 7.411424,40.188129
Crafter_56.mp4,68.463058, 3.681982,15.571301
Crafter_58.mp4,99.207359, 13.842254,68.255150
Crafter_591.mp4,98.179909, 8.498221,52.574585
Crafter_619.mp4,99.180496, 2.974171,43.567513
Crafter_664.mp4,98.942436, 13.097015,64.864746
Crafter_677.mp4,97.852249, 10.734717,54.859398
Crafter_688.mp4,98.651085, 6.175843,50.287758
Crafter_708.mp4,98.916161, 6.940508,54.340225
Crafter_711.mp4,98.980476, 9.642340,60.271923
Crafter_716.mp4,99.353455, 7.965463,61.488121
Crafter_717.mp4,99.799927, 7.193214,70.250595
Crafter_746.mp4,99.884186, 10.976613,79.509766
Crafter_785.mp4,99.502602, 13.702750,71.931389
Crafter_792.mp4,99.310562, 10.142111,64.674278
Crafter_807.mp4,99.858681, 15.505693,82.068901
Crafter_823.mp4,98.800751, 9.495861,58.480156
Crafter_833.mp4,99.851639, 14.842850,81.315170
Crafter_840.mp4,98.422501, 7.273671,51.416534
Crafter_841.mp4,98.622147, 6.886404,51.855213
Crafter_850.mp4,91.068527, 8.486678,36.659328
Crafter_853.mp4,99.609406, 3.767313,54.511612
Crafter_868.mp4,94.694206, 7.719272,40.330746
Crafter_882.mp4,98.162376, 8.702927,52.875965
Crafter_887.mp4,97.539726, 8.715423,49.999046
Crafter_898.mp4,90.695885, 5.179377,29.163092
Crafter_934.mp4,99.623665, 8.117323,66.648010
Crafter_95.mp4,97.790993, 12.401154,57.037426
Crafter_979.mp4,98.164337, 7.255908,49.874882
Crafter_98.mp4,96.461258, 1.220079,19.872025
Crafter_99.mp4,99.002007, 6.148666,53.181137
Crafter_993.mp4,99.874580, 10.273390,78.239166
SEINE_10335.mp4,99.843140, 11.025034,77.567345
SEINE_10657.mp4,98.015778, 5.288457,43.984482
SEINE_10696.mp4,99.493149, 4.147811,53.498005
SEINE_1071.mp4,99.481110, 6.507267,60.373623
SEINE_10758.mp4,99.966309, 13.894318,88.096649
SEINE_10928.mp4,99.826729, 13.684132,79.448936
SEINE_11131.mp4,99.977806, 14.818027,90.115715
SEINE_11339.mp4,99.169525, 5.717977,53.806114
SEINE_11472.mp4,99.516403, 6.945099,62.040138
SEINE_11655.mp4,99.897530, 15.597084,83.898285
SEINE_11665.mp4,99.821449, 13.827376,79.377769
SEINE_11927.mp4,99.689819, 11.063997,72.647789
SEINE_12173.mp4,99.825386, 13.679568,79.396149
SEINE_12783.mp4,99.841347, 8.156891,73.747818
SEINE_12926.mp4,99.935493, 16.849270,86.845276
SEINE_13078.mp4,96.498947, 7.161684,43.246052
SEINE_13125.mp4,99.810959, 12.347003,77.661926
SEINE_13518.mp4,98.613075, 6.743113,51.446579
SEINE_13833.mp4,99.857819, 13.484676,80.518326
SEINE_14016.mp4,99.379929, 10.004951,65.409645
SEINE_14500.mp4,99.579704, 10.887980,69.994415
SEINE_14512.mp4,99.533722, 13.858834,72.599113
SEINE_14726.mp4,99.893456, 11.619433,80.653641
SEINE_15048.mp4,97.516609, 9.025135,50.490360
SEINE_15293.mp4,99.886299, 11.008410,79.659050
SEINE_15321.mp4,98.833046, 12.746674,63.536793
SEINE_15448.mp4,99.938545, 16.272360,86.770950
SEINE_15539.mp4,99.018364, 8.347068,58.296921
SEINE_15815.mp4,97.120361, 8.105740,47.218697
SEINE_16093.mp4,99.725731, 13.800133,76.474327
SEINE_16162.mp4,99.585930, 4.520398,56.811470
SEINE_16579.mp4,99.982277, 16.169125,91.378922
SEINE_17413.mp4,97.780197, 7.115918,47.667347
SEINE_17465.mp4,99.388351, 6.459960,58.706673
SEINE_17612.mp4,90.054535, 6.492325,31.652466
SEINE_1793.mp4,91.796722, 5.025826,29.878828
SEINE_18109.mp4,99.810699, 14.235227,79.342422
SEINE_18330.mp4,98.605911, 9.459911,56.967743
SEINE_18700.mp4,99.581955, 7.106066,63.721569
SEINE_18732.mp4,95.715851, 7.316885,41.592392
SEINE_18778.mp4,99.979263, 16.989235,91.179504
SEINE_19006.mp4,98.588387, 8.655211,55.377441
SEINE_19094.mp4,98.007637, 9.185741,52.977669
SEINE_19187.mp4,94.743965, 4.078119,30.982553
SEINE_1936.mp4,99.868660, 7.234053,73.638176
SEINE_19614.mp4,99.584755, 13.269922,72.890434
SEINE_19996.mp4,98.376472, 8.849001,54.374100
SEINE_20110.mp4,87.191826, 2.809372,19.531782
SEINE_2072.mp4,98.608673, 6.874572,51.731087
SEINE_20766.mp4,97.945412, 8.271253,50.922169
SEINE_21396.mp4,98.506615, 7.944776,53.411240
SEINE_21663.mp4,98.206787, 6.395082,48.039860
SEINE_21696.mp4,92.392525, 6.757523,34.768627
SEINE_21892.mp4,99.513924, 4.270502,54.366745
SEINE_22015.mp4,99.621735, 11.386783,71.484100
SEINE_2222.mp4,92.275688, 8.492538,38.114391
SEINE_22516.mp4,98.775345, 11.734947,61.745773
SEINE_22851.mp4,95.496040, 8.971396,44.411221
SEINE_22912.mp4,89.051262, 5.600822,28.750130
SEINE_23115.mp4,83.591721, 2.757519,17.646997
SEINE_23252.mp4,83.232864, 4.475948,22.374027
SEINE_23303.mp4,99.180763, 11.765142,65.447693
SEINE_235.mp4,99.647614, 11.856465,72.604240
SEINE_23545.mp4,74.600143, 2.977267,15.357375
SEINE_23830.mp4,99.523613, 7.991288,64.329117
SEINE_23871.mp4,99.493645, 9.330492,66.135078
SEINE_23967.mp4,94.969635, 4.050434,31.276039
SEINE_2531.mp4,99.457657, 10.973049,67.973747
SEINE_2717.mp4,98.829300, 12.648110,63.381599
SEINE_2963.mp4,98.984818, 8.263448,57.811718
SEINE_3206.mp4,99.174248, 9.301231,61.666458
SEINE_332.mp4,99.883202, 14.360638,82.351860
SEINE_3486.mp4,99.537743, 9.900333,67.809326
SEINE_3620.mp4,98.879684, 6.359203,52.592995
SEINE_3715.mp4,99.192192, 10.795960,64.225143
SEINE_3840.mp4,99.866608, 12.289370,79.880577
SEINE_4104.mp4,98.664932, 8.016153,54.658436
SEINE_4385.mp4,98.024818, 3.925892,39.399410
SEINE_4446.mp4,99.222717, 10.357075,63.921261
SEINE_4467.mp4,99.292953, 11.291118,66.110489
SEINE_4867.mp4,97.897469, 9.662679,53.294033
SEINE_4902.mp4,99.158897, 8.561715,60.172401
SEINE_5061.mp4,97.768112, 5.899754,44.574429
SEINE_5062.mp4,99.699341, 10.199499,71.777458
SEINE_5539.mp4,99.865318, 13.608206,80.947266
SEINE_5598.mp4,99.577423, 10.098315,68.859673
SEINE_5730.mp4,99.039673, 7.392299,56.540680
SEINE_6421.mp4,99.834595, 4.872905,66.390556
SEINE_7594.mp4,97.190216, 9.450319,50.028973
SEINE_7623.mp4,99.932503, 9.826666,81.624474
SEINE_7825.mp4,99.697449, 11.108458,72.894981
SEINE_7885.mp4,99.933014, 15.167642,85.769997
SEINE_8658.mp4,99.639496, 13.081961,73.775230
SEINE_8731.mp4,97.912834, 8.807986,51.814068
SEINE_8837.mp4,99.963234, 16.444279,88.981102
SEINE_9191.mp4,94.730225, 4.597044,32.616421
SEINE_935.mp4,99.961082, 8.137365,82.909462
SEINE_9451.mp4,99.919357, 10.679476,81.432365
SEINE_9589.mp4,99.838318, 13.610967,79.825577
SEINE_9971.mp4,99.526382, 12.754904,71.296165
modelscope_119.mp4,86.506554, 8.761595,33.040718
modelscope_120.mp4,89.100494, 4.103541,24.879337
modelscope_131.mp4,92.461098, 3.237700,25.027338
modelscope_146.mp4,78.459129, 3.526925,18.003540
modelscope_148.mp4,69.462868, 2.536100,12.931055
modelscope_149.mp4,83.083191, 1.709661,13.551474
modelscope_156.mp4,91.460434, 6.058738,32.095390
modelscope_165.mp4,92.612709, 2.031256,20.089037
modelscope_167.mp4,66.320946, 2.729836,12.818440
modelscope_17.mp4,99.296486, 5.329611,54.295341
modelscope_170.mp4,81.224075, 1.561065,12.358428
modelscope_173.mp4,89.234352, 3.427177,22.901342
modelscope_175.mp4,94.899925, 5.770556,36.220581
modelscope_186.mp4,98.631165, 13.189178,62.627911
modelscope_187.mp4,98.954147, 8.473388,57.933426
modelscope_188.mp4,95.469376, 7.627470,41.704823
modelscope_200.mp4,97.794273, 2.919818,34.038849
modelscope_206.mp4,97.453476, 5.436783,41.984776
modelscope_217.mp4,96.901962, 2.505678,29.039797
modelscope_227.mp4,98.897385, 5.520563,50.458000
modelscope_231.mp4,95.808235, 6.528262,40.000500
modelscope_252.mp4,99.725189, 6.318673,65.711449
modelscope_256.mp4,91.478073, 8.653988,37.430527
modelscope_274.mp4,97.353134, 7.546001,46.879581
modelscope_279.mp4,97.889267, 4.329794,40.260883
modelscope_280.mp4,94.537254, 6.573170,37.534657
modelscope_285.mp4,95.980850, 7.753993,43.161312
modelscope_286.mp4,96.089378, 8.634451,45.198242
modelscope_289.mp4,90.602478, 5.595447,30.113041
modelscope_290.mp4,80.213486, 4.045285,19.982241
modelscope_292.mp4,91.906342, 3.679336,25.993263
modelscope_294.mp4,97.368965, 7.021944,45.761105
modelscope_296.mp4,99.049042, 3.926012,46.463219
modelscope_298.mp4,51.187794, 2.905422,10.683890
modelscope_308.mp4,75.876595, 4.451709,19.384081
modelscope_313.mp4,91.037247, 3.455663,24.426130
modelscope_319.mp4,92.958717, 2.714947,23.519005
modelscope_322.mp4,98.338150, 7.264869,50.881153
modelscope_324.mp4,95.861488, 4.558459,34.701080
modelscope_355.mp4,90.408890, 4.507988,27.099150
modelscope_357.mp4,89.180702, 4.965569,27.290598
modelscope_360.mp4,95.191452, 3.515275,29.761971
modelscope_368.mp4,99.262413, 9.122121,62.402714
modelscope_380.mp4,97.995293, 6.196675,46.424839
modelscope_389.mp4,99.431541, 7.819490,62.388588
modelscope_395.mp4,68.927193, 3.073064,14.230676
modelscope_418.mp4,98.716827, 8.894699,56.755245
modelscope_425.mp4,98.381523, 4.940678,44.899754
modelscope_429.mp4,98.897408, 6.819757,53.886806
modelscope_43.mp4,97.552750, 7.626219,47.835167
modelscope_431.mp4,97.840622, 9.606751,52.931923
modelscope_434.mp4,98.825661, 4.089989,45.047031
modelscope_440.mp4,99.702797, 9.089181,70.268181
modelscope_446.mp4,96.736465, 5.433323,39.571812
modelscope_459.mp4,53.404736, 2.606974,10.369275
modelscope_470.mp4,92.228058, 5.824536,32.409382
modelscope_476.mp4,90.337303, 3.000810,22.256573
modelscope_481.mp4,86.471901, 7.551175,30.868059
modelscope_504.mp4,87.766411, 2.307894,17.967657
modelscope_507.mp4,96.672668, 7.854854,45.256226
modelscope_508.mp4,91.131371, 5.458062,30.298004
modelscope_511.mp4,97.049507, 4.815726,38.688629
modelscope_522.mp4,96.209091, 6.342253,40.527943
modelscope_525.mp4,99.633202, 8.403961,67.380287
modelscope_535.mp4,97.829300, 7.098558,47.849594
modelscope_540.mp4,99.471786, 4.028019,52.630840
modelscope_543.mp4,81.790375, 3.767890,19.899513
modelscope_544.mp4,97.761978, 3.878808,38.037941
modelscope_558.mp4,98.856941, 6.892245,53.706013
modelscope_562.mp4,97.364578, 6.219869,43.784584
modelscope_567.mp4,97.826317, 6.937236,47.459549
modelscope_568.mp4,98.866020, 6.912120,53.830997
modelscope_588.mp4,93.832489, 8.438918,40.258381
modelscope_590.mp4,96.635422, 9.112592,47.607819
modelscope_595.mp4,99.128670, 7.446483,57.595528
modelscope_6.mp4,93.670479, 5.982430,34.713840
modelscope_608.mp4,94.350044, 8.504358,41.258999
modelscope_609.mp4,99.787163, 6.045843,67.295074
modelscope_610.mp4,93.822639, 4.849642,31.930321
modelscope_613.mp4,97.226753, 7.195284,45.635666
modelscope_627.mp4,96.422279, 4.952561,37.283749
modelscope_628.mp4,99.330261, 5.944051,56.515621
modelscope_63.mp4,99.474609, 9.182955,65.568863
modelscope_632.mp4,89.578621, 5.208119,28.233179
modelscope_633.mp4,99.624374, 8.137180,66.700325
modelscope_636.mp4,94.620628, 5.457557,34.892033
modelscope_64.mp4,98.106468, 3.809516,39.343697
modelscope_641.mp4,99.762901, 5.813570,65.790298
modelscope_645.mp4,95.757164, 8.398720,43.923969
modelscope_664.mp4,99.672607, 8.940104,69.236443
modelscope_672.mp4,92.819939, 5.888658,33.301735
modelscope_679.mp4,98.721809, 6.904574,52.637978
modelscope_680.mp4,99.936600, 12.748721,84.481468
modelscope_690.mp4,99.815208, 4.267536,63.474964
modelscope_695.mp4,99.748543, 8.709078,71.028641
modelscope_77.mp4,94.452927, 3.182775,27.287006
modelscope_78.mp4,92.817932, 5.872517,33.259602
modelscope_86.mp4,95.051773, 7.077980,39.646400
modelscope_91.mp4,81.113678, 2.890998,17.118118
modelscope_94.mp4,97.983505, 8.000107,50.554657
sora_1.mp4,99.036644, 15.329969,68.174553
sora_10.mp4,98.832558, 11.741549,62.199509
sora_11.mp4,99.885094, 15.208387,83.030495
sora_12.mp4,97.312714, 11.326868,53.553032
sora_13.mp4,99.680199, 18.357613,79.020912
sora_14.mp4,96.912651, 8.341302,46.996559
sora_15.mp4,96.062050, 13.392678,52.624905
sora_16.mp4,99.922417, 14.974268,84.939072
sora_17.mp4,99.750153, 17.039440,79.695686
sora_18.mp4,99.409363, 12.515094,69.212372
sora_19.mp4,99.320305, 13.784729,69.485283
sora_2.mp4,98.690125, 13.096790,62.918789
sora_20.mp4,99.089722, 13.174011,66.289703
sora_21.mp4,98.701355, 11.390211,60.707684
sora_22.mp4,94.084526, 11.623215,45.998959
sora_23.mp4,96.543427, 9.370321,47.804310
sora_24.mp4,99.835182, 17.210209,82.304420
sora_25.mp4,99.576355, 16.394217,75.633331
sora_26.mp4,83.305260, 5.359725,24.484224
sora_27.mp4,99.493912, 16.751574,74.627754
sora_28.mp4,99.596115, 8.553217,66.807861
sora_29.mp4,99.049278, 11.502412,63.753212
sora_3.mp4,98.809738, 11.210090,61.264767
sora_30.mp4,93.322891, 9.299410,41.029854
sora_31.mp4,99.681351, 13.757555,75.362869
sora_32.mp4,98.578278, 7.387901,52.698952
sora_33.mp4,99.913483, 17.313749,85.728745
sora_34.mp4,99.211006, 10.553307,64.080742
sora_35.mp4,99.537567, 9.088013,66.532967
sora_36.mp4,99.728897, 17.678690,79.619560
sora_37.mp4,75.793076, 6.450812,23.366976
sora_38.mp4,98.547333, 13.030571,61.876263
sora_39.mp4,99.910309, 16.047758,84.855179
sora_4.mp4,98.897293, 13.200837,64.615631
sora_40.mp4,96.068024, 11.754857,50.366299
sora_41.mp4,97.702560, 11.854935,55.883671
sora_42.mp4,96.308380, 13.787704,53.787510
sora_43.mp4,99.726723, 11.141857,73.713432
sora_44.mp4,99.765297, 12.226425,76.037811
sora_45.mp4,97.419342, 13.139108,56.506866
sora_46.mp4,95.727173, 11.759871,49.529377
sora_47.mp4,98.369873, 10.324606,56.903343
sora_48.mp4,95.888565, 14.057833,53.043388
sora_49.mp4,95.892349, 14.111630,53.120277
sora_5.mp4,65.323097, 5.956804,19.193195
sora_50.mp4,94.187256, 7.877316,39.749119
sora_51.mp4,99.834061, 12.720412,78.880219
sora_52.mp4,99.271568, 13.129796,68.165833
sora_53.mp4,98.118881, 10.687308,56.086380
sora_54.mp4,99.012482, 8.237728,58.026169
sora_55.mp4,99.068138, 17.126884,70.174538
sora_56.mp4,98.227295, 8.330574,52.504436
sora_6.mp4,99.054878, 12.126561,64.647194
sora_7.mp4,99.744759, 15.942123,78.757576
sora_8.mp4,99.801231, 18.263922,81.878265
sora_9.mp4,98.571152, 14.280152,63.542549
hotshot_101.mp4,96.073540, 7.356182,42.541546
hotshot_105.mp4,99.176414, 6.960424,57.051025
hotshot_107.mp4,98.458374, 10.661829,57.979347
hotshot_116.mp4,97.849068, 7.970320,49.850826
hotshot_13.mp4,99.945526, 12.452127,85.033936
hotshot_133.mp4,99.372200, 8.795776,63.308411
hotshot_136.mp4,69.660454, 2.292334,12.274996
hotshot_139.mp4,99.664200, 7.746096,66.947891
hotshot_149.mp4,95.120590, 7.464835,40.625885
hotshot_161.mp4,99.257103, 5.392218,53.951603
hotshot_162.mp4,99.455910, 7.617067,62.384243
hotshot_163.mp4,99.183754, 4.076109,48.555222
hotshot_166.mp4,98.591019, 9.061822,56.154037
hotshot_168.mp4,89.711937, 5.682652,29.503811
hotshot_173.mp4,90.453651, 3.236505,23.184591
hotshot_176.mp4,96.275551, 6.397882,40.838123
hotshot_181.mp4,99.368248, 9.064845,63.719463
hotshot_186.mp4,97.525444, 9.748637,51.823776
hotshot_188.mp4,97.762627, 5.702808,44.007439
hotshot_197.mp4,94.167389, 6.600152,36.964943
hotshot_200.mp4,96.824333, 8.480604,46.988914
hotshot_202.mp4,99.578697, 6.853436,63.099957
hotshot_216.mp4,99.566200, 8.919913,66.810661
hotshot_217.mp4,99.928246, 13.730356,84.532639
hotshot_22.mp4,91.776459, 7.121796,34.802490
hotshot_232.mp4,98.696152, 4.989058,47.177975
hotshot_250.mp4,98.948647, 5.079979,49.586536
hotshot_254.mp4,99.733391, 8.885889,70.834846
hotshot_260.mp4,98.929810, 10.925719,61.838966
hotshot_262.mp4,99.874207, 6.942191,73.438927
hotshot_264.mp4,99.123306, 5.174283,51.668446
hotshot_271.mp4,98.490349, 5.243340,46.532242
hotshot_274.mp4,97.452705, 8.693548,49.609798
hotshot_278.mp4,87.646858, 4.547111,25.072315
hotshot_284.mp4,98.397949, 6.505748,49.435574
hotshot_291.mp4,97.051941, 6.045152,42.229313
hotshot_292.mp4,96.683350, 6.650073,42.590218
hotshot_298.mp4,97.697395, 4.454434,39.863647
hotshot_301.mp4,98.517159, 8.023762,53.644203
hotshot_305.mp4,98.317787, 4.310788,42.377323
hotshot_307.mp4,99.096367, 10.062915,62.085766
hotshot_33.mp4,99.903549, 8.832774,78.247604
hotshot_331.mp4,92.829117, 3.830898,27.494747
hotshot_332.mp4,90.693848, 6.306480,31.862720
hotshot_334.mp4,97.344368, 6.712985,44.937931
hotshot_337.mp4,96.274902, 8.836651,46.070759
hotshot_345.mp4,98.883530, 10.285615,60.463654
hotshot_352.mp4,98.062439, 7.875542,50.691296
hotshot_358.mp4,97.912498, 5.469100,44.021118
hotshot_365.mp4,97.763443, 3.973624,38.406475
hotshot_37.mp4,99.940109, 12.576623,84.647736
hotshot_370.mp4,99.370583, 9.505376,64.487564
hotshot_373.mp4,99.403244, 8.289486,62.849964
hotshot_374.mp4,90.950851, 9.108169,37.632782
hotshot_377.mp4,98.194794, 10.176163,55.666046
hotshot_382.mp4,96.012253, 4.917086,36.155762
hotshot_388.mp4,97.142914, 8.599699,48.280270
hotshot_391.mp4,92.322105, 6.123136,33.238319
hotshot_392.mp4,98.668671, 4.965865,46.898285
hotshot_399.mp4,93.725182, 4.801770,31.651337
hotshot_439.mp4,98.991867, 5.688762,51.824272
hotshot_447.mp4,95.707298, 6.379040,39.407558
hotshot_451.mp4,91.189178, 5.540115,30.561203
hotshot_458.mp4,97.264740, 6.391021,43.853436
hotshot_46.mp4,99.311272, 8.695287,62.280266
hotshot_465.mp4,99.586075, 13.113327,72.749802
hotshot_466.mp4,97.906479, 5.793124,44.912209
hotshot_467.mp4,99.454521, 7.919899,62.964607
hotshot_473.mp4,95.603157, 3.472156,30.366377
hotshot_477.mp4,98.780441, 11.285311,61.146259
hotshot_485.mp4,96.531860, 5.218299,38.369640
hotshot_486.mp4,93.110840, 4.930518,31.177858
hotshot_489.mp4,98.835876, 7.655910,55.242771
hotshot_495.mp4,98.957840, 4.259337,46.857071
hotshot_501.mp4,85.008179, 5.591760,25.938951
hotshot_508.mp4,94.058441, 4.466851,31.142345
hotshot_516.mp4,99.096100, 6.400303,54.797523
hotshot_518.mp4,99.392090, 1.837679,39.113808
hotshot_526.mp4,95.150909, 9.024419,43.764805
hotshot_59.mp4,92.757797, 6.458400,34.567432
hotshot_591.mp4,99.221657, 11.737308,65.864243
hotshot_594.mp4,67.528572, 2.419906,12.224352
hotshot_60.mp4,93.286102, 3.338685,26.324791
hotshot_607.mp4,98.792892, 9.255034,57.996677
hotshot_613.mp4,99.768295, 7.319956,69.284279
hotshot_618.mp4,98.875832, 9.976852,59.902679
hotshot_638.mp4,99.239197, 8.621518,61.223213
hotshot_64.mp4,94.302422, 10.863832,45.231392
hotshot_643.mp4,98.468590, 6.289577,49.330940
hotshot_650.mp4,97.234222, 6.577411,44.206299
hotshot_653.mp4,99.805428, 10.044716,74.894821
hotshot_675.mp4,99.588676, 5.428445,59.732479
hotshot_684.mp4,99.890945, 9.310591,78.033981
hotshot_687.mp4,99.813751, 12.405114,77.818634
hotshot_697.mp4,99.704704, 7.966290,68.452148
hotshot_74.mp4,99.547546, 7.511882,63.851322
hotshot_80.mp4,99.920410, 10.767401,81.593941
hotshot_84.mp4,98.376022, 5.922371,47.773899
hotshot_87.mp4,97.407059, 11.376096,53.982727
hotshot_92.mp4,99.064598, 8.479211,59.010990
MoonValley_10.mp4,97.511452, 14.138537,58.129723
MoonValley_101.mp4,99.249802, 7.916251,59.999119
MoonValley_114.mp4,96.475365, 7.167252,43.192093
MoonValley_125.mp4,97.751129, 9.893399,53.024281
MoonValley_143.mp4,99.351891, 10.103837,65.168076
MoonValley_144.mp4,99.380783, 13.836338,70.309868
MoonValley_146.mp4,99.144005, 10.566359,63.360207
MoonValley_161.mp4,99.659233, 9.749046,70.138084
MoonValley_165.mp4,99.007713, 11.356302,63.158585
MoonValley_17.mp4,99.422958, 12.437393,69.314240
MoonValley_170.mp4,98.595436, 11.372909,59.941513
MoonValley_175.mp4,99.659660, 13.802547,74.925575
MoonValley_186.mp4,99.290726, 9.756463,63.815220
MoonValley_187.mp4,99.604675, 15.026823,74.963783
MoonValley_205.mp4,99.917175, 13.778416,83.821342
MoonValley_212.mp4,99.642914, 14.661821,75.377205
MoonValley_214.mp4,99.057442, 10.423463,62.258678
MoonValley_216.mp4,99.946075, 12.950693,85.428665
MoonValley_218.mp4,99.289703, 10.345325,64.715485
MoonValley_222.mp4,99.945190, 15.481663,86.867126
MoonValley_228.mp4,99.748764, 14.431418,77.641884
MoonValley_232.mp4,99.594070, 12.751070,72.510834
MoonValley_233.mp4,99.862633, 14.541866,81.547867
MoonValley_235.mp4,99.755653, 13.381314,76.891914
MoonValley_236.mp4,99.362114, 14.784593,71.047058
MoonValley_238.mp4,99.848549, 17.891710,83.186256
MoonValley_239.mp4,99.759583, 14.309010,77.834450
MoonValley_26.mp4,99.977943, 14.628326,90.054359
MoonValley_267.mp4,98.358765, 14.362572,62.359470
MoonValley_269.mp4,99.513283, 17.156860,75.244759
MoonValley_270.mp4,99.906631, 13.941490,83.293983
MoonValley_273.mp4,99.440964, 14.174685,71.490273
MoonValley_278.mp4,99.980064, 13.648614,89.964531
MoonValley_280.mp4,98.670753, 9.910595,58.195484
MoonValley_283.mp4,98.214088, 15.212811,62.540253
MoonValley_284.mp4,99.385284, 14.937470,71.495094
MoonValley_286.mp4,99.476173, 14.452249,72.284439
MoonValley_288.mp4,99.074921, 12.471096,65.282784
MoonValley_297.mp4,99.385307, 14.681838,71.242653
MoonValley_306.mp4,99.447098, 13.497753,70.867760
MoonValley_323.mp4,99.824249, 12.897823,78.667618
MoonValley_342.mp4,99.687897, 10.711106,72.155693
MoonValley_346.mp4,98.527458, 9.878276,57.154007
MoonValley_353.mp4,98.839149, 11.273537,61.590431
MoonValley_355.mp4,99.305870, 8.723087,62.258381
MoonValley_359.mp4,99.874756, 12.894429,80.799278
MoonValley_366.mp4,99.942551, 14.486475,86.095047
MoonValley_389.mp4,99.746689, 12.612846,75.889992
MoonValley_39.mp4,99.476952, 18.485586,75.748131
MoonValley_399.mp4,90.989075, 8.584211,36.748428
MoonValley_40.mp4,99.814186, 16.927969,81.429482
MoonValley_402.mp4,99.756882, 16.505926,79.489784
MoonValley_41.mp4,99.665878, 13.440557,74.707542
MoonValley_421.mp4,99.846703, 9.676499,76.147255
MoonValley_424.mp4,94.077888, 4.395720,30.951918
MoonValley_435.mp4,99.818710, 14.662804,79.958107
MoonValley_436.mp4,99.733978, 11.602624,74.451164
MoonValley_437.mp4,99.648521, 13.199383,74.087456
MoonValley_438.mp4,99.611252, 15.125315,75.174324
MoonValley_441.mp4,99.816833, 14.734429,79.949684
MoonValley_45.mp4,97.838959, 12.081652,56.806667
MoonValley_450.mp4,98.031837, 15.076706,61.479115
MoonValley_467.mp4,99.614838, 16.296021,76.233742
MoonValley_468.mp4,98.876892, 13.077118,64.298592
MoonValley_472.mp4,98.478188, 9.180249,55.618107
MoonValley_478.mp4,99.779427, 10.790121,74.891251
MoonValley_48.mp4,99.886925, 17.495817,84.504791
MoonValley_480.mp4,99.774231, 6.022502,66.730080
MoonValley_51.mp4,98.881371, 11.255285,61.908890
MoonValley_514.mp4,99.498947, 13.333533,71.482002
MoonValley_515.mp4,98.752594, 15.229422,65.819725
MoonValley_52.mp4,99.693802, 15.228553,76.961662
MoonValley_530.mp4,99.713806, 15.543382,77.683304
MoonValley_535.mp4,97.581856, 9.425575,51.485615
MoonValley_547.mp4,99.735512, 13.777171,76.707527
MoonValley_549.mp4,99.952782, 15.942171,87.746147
MoonValley_550.mp4,99.830048, 13.821509,79.686531
MoonValley_558.mp4,99.917824, 16.295845,85.428413
MoonValley_559.mp4,98.890579, 7.278270,54.886360
MoonValley_568.mp4,99.473129, 10.412416,67.437958
MoonValley_57.mp4,99.505325, 13.578442,71.844498
MoonValley_570.mp4,99.715675, 16.273100,78.298943
MoonValley_576.mp4,99.817993, 13.933039,79.343765
MoonValley_581.mp4,99.816856, 17.008900,81.567772
MoonValley_583.mp4,99.922798, 16.212149,85.682869
MoonValley_598.mp4,99.753502, 17.280649,79.947319
MoonValley_601.mp4,99.874817, 14.496179,82.054298
MoonValley_606.mp4,99.706802, 17.931904,79.292282
MoonValley_612.mp4,99.768379, 15.997124,79.425980
MoonValley_62.mp4,99.606285, 17.422831,76.959785
MoonValley_620.mp4,99.913124, 16.033823,85.005936
MoonValley_622.mp4,99.458366, 12.479535,69.889030
MoonValley_623.mp4,99.644310, 16.220106,76.732567
MoonValley_68.mp4,99.714775, 12.831442,75.256058
MoonValley_74.mp4,99.948296, 13.180435,85.783455
MoonValley_75.mp4,95.254066, 5.438773,36.017521
MoonValley_77.mp4,98.848557, 13.903287,65.061684
MoonValley_80.mp4,99.692802, 14.520020,76.327461
MoonValley_88.mp4,99.522331, 16.803747,75.096458
MoonValley_9.mp4,99.929916, 16.818022,86.456665
gen2_1020.mp4,99.201675, 15.131964,69.557228
gen2_1027.mp4,98.894775, 11.781895,62.761070
gen2_1033.mp4,94.112122, 10.659812,44.574440
gen2_1045.mp4,95.038216, 6.986666,39.415817
gen2_107.mp4,99.845840, 12.796971,79.423737
gen2_1088.mp4,79.526642, 4.460630,20.722359
gen2_109.mp4,99.431709, 11.672949,68.499321
gen2_1095.mp4,99.848549, 14.876485,81.217545
gen2_1100.mp4,98.727051, 10.086021,58.898777
gen2_1113.mp4,98.097641, 10.747082,56.070496
gen2_1118.mp4,99.209663, 16.487986,70.939926
gen2_1157.mp4,88.467812, 4.438816,25.355518
gen2_1174.mp4,96.596474, 6.485828,41.937202
gen2_1188.mp4,98.079529, 4.841347,42.907963
gen2_1191.mp4,98.441040, 10.588049,57.755806
gen2_1207.mp4,99.396667, 9.337388,64.592331
gen2_1246.mp4,89.248161, 3.119462,21.879616
gen2_1268.mp4,99.745338, 8.311519,70.279869
gen2_1270.mp4,99.013771, 9.795010,60.837727
Crafter_1.mp4,99.727219, 9.234291,71.182205
Crafter_1003.mp4,97.456116, 4.943650,40.511486
Crafter_1019.mp4,97.780739, 9.130843,51.806683
Crafter_1024.mp4,99.629005, 7.841808,66.262146
Crafter_1058.mp4,98.492035, 6.688295,50.486481
Crafter_106.mp4,99.303940, 11.585346,66.643356
Crafter_1086.mp4,99.286613, 8.744444,62.044228
Crafter_1092.mp4,99.370979, 9.659637,64.741714
Crafter_110.mp4,98.835495, 11.767764,62.259056
Crafter_1117.mp4,99.600067, 10.454969,69.820030
Crafter_1121.mp4,99.795654, 14.695910,79.225121
Crafter_1165.mp4,99.851158, 7.788360,73.636398
Crafter_1187.mp4,99.743393, 13.684843,76.833549
Crafter_1190.mp4,98.851738, 8.501618,57.088547
Crafter_1201.mp4,90.722878, 3.196520,23.264172
Crafter_1203.mp4,99.770134, 8.705302,71.739120
Crafter_1249.mp4,87.750916, 5.475141,27.454763
Crafter_1256.mp4,98.372414, 6.675119,49.698902
Crafter_1263.mp4,96.152451, 4.595467,35.492729
Crafter_1278.mp4,98.930092, 11.012702,61.969639
Crafter_1281.mp4,99.203728, 6.510625,56.302738
Crafter_1291.mp4,99.407722, 4.406190,52.938278
Crafter_1311.mp4,99.735741, 9.996535,72.516159
Crafter_1317.mp4,95.750847, 8.100603,43.317783
Crafter_1318.mp4,91.656265, 9.303596,38.787289
Crafter_1324.mp4,97.293976, 12.045576,54.539913
Crafter_134.mp4,97.158234, 10.452898,51.623569
Crafter_1354.mp4,98.273621, 9.208988,54.434120
Crafter_1357.mp4,99.129547, 12.422841,65.762329
Crafter_1364.mp4,97.538292, 7.704058,47.943966
Crafter_1369.mp4,99.342476, 10.836082,66.116165
Crafter_1379.mp4,99.733040, 11.423172,74.219872
Crafter_1385.mp4,99.872169, 10.583296,78.456696
Crafter_1396.mp4,99.227531, 12.060623,66.352654
Crafter_141.mp4,98.437538, 8.551342,54.183102
Crafter_181.mp4,98.365059, 8.273217,53.188843
Crafter_188.mp4,96.855797, 8.327856,46.787041
Crafter_196.mp4,97.579033, 5.543645,42.785084
Crafter_218.mp4,92.970436, 6.189487,34.224216
Crafter_23.mp4,99.309906, 9.047941,62.885487
Crafter_239.mp4,99.725586, 11.854449,74.502579
Crafter_279.mp4,98.716911, 7.470346,53.889729
Crafter_287.mp4,89.007278, 2.518711,19.517521
Crafter_289.mp4,95.030342, 5.982666,37.010498
Crafter_29.mp4,99.472527, 11.167267,68.470940
Crafter_293.mp4,96.028381, 5.556888,38.032257
Crafter_296.mp4,99.324890, 12.670359,68.271339
Crafter_307.mp4,98.082550, 8.493497,52.049232
Crafter_312.mp4,95.564728, 9.006311,44.630379
Crafter_313.mp4,98.243195, 5.882810,46.888805
Crafter_334.mp4,98.521255, 8.240824,54.112083
Crafter_341.mp4,90.919960, 5.026293,28.980827
Crafter_386.mp4,98.387505, 7.646205,52.022255
Crafter_39.mp4,99.621223, 11.053914,71.055756
Crafter_41.mp4,97.816193, 6.802062,47.091900
Crafter_410.mp4,99.211617, 10.552910,64.087173
Crafter_411.mp4,99.503258, 9.141962,65.995499
Crafter_415.mp4,99.213142, 9.074482,61.722260
Crafter_417.mp4,99.586845, 9.250940,67.768723
Crafter_418.mp4,99.751434, 12.906970,76.317398
Crafter_426.mp4,98.539772, 10.522201,58.282459
Crafter_46.mp4,99.870857, 10.700688,78.516907
Crafter_472.mp4,97.615540, 3.694335,36.722790
Crafter_484.mp4,95.289749, 8.612202,43.287617
Crafter_506.mp4,99.481911, 9.339981,65.949150
Crafter_541.mp4,98.725677, 5.231968,48.166309
Crafter_550.mp4,99.409065, 8.676067,63.645840
Crafter_553.mp4,89.477631, 8.557892,35.159988
Crafter_555.mp4,94.957916, 8.022560,41.454079
Crafter_56.mp4,68.463058, 3.472057,15.088974
Crafter_58.mp4,99.207359, 14.334247,68.790367
Crafter_591.mp4,98.179909, 8.470436,52.520126
Crafter_619.mp4,99.180496, 3.155472,44.485714
Crafter_664.mp4,98.942436, 13.180694,64.966690
Crafter_677.mp4,97.852249, 11.712902,56.339424
Crafter_688.mp4,98.651085, 7.615245,53.713913
Crafter_708.mp4,98.916161, 8.919739,58.426674
Crafter_711.mp4,98.980476, 9.456635,59.957260
Crafter_716.mp4,99.353455, 7.903834,61.366104
Crafter_717.mp4,99.799927, 8.601732,72.666153
Crafter_746.mp4,99.884186, 10.730730,79.255882
Crafter_785.mp4,99.502602, 13.388861,71.599869
Crafter_792.mp4,99.310562, 10.006162,64.464722
Crafter_807.mp4,99.858681, 14.998820,81.713928
Crafter_823.mp4,98.800751, 9.313884,58.163250
Crafter_833.mp4,99.851639, 14.480341,81.044968
Crafter_840.mp4,98.422501, 6.409339,49.344902
Crafter_841.mp4,98.622147, 7.092518,52.338207
Crafter_850.mp4,91.068527, 7.883808,35.529461
Crafter_853.mp4,99.609406, 4.784192,58.256191
Crafter_868.mp4,94.694206, 8.224675,41.346977
Crafter_882.mp4,98.162376, 7.873902,51.213348
Crafter_887.mp4,97.539726, 8.117766,48.815620
Crafter_898.mp4,90.695885, 5.023224,28.758001
Crafter_934.mp4,99.623665, 8.497137,67.321205
Crafter_95.mp4,97.790993, 12.297355,56.893921
Crafter_979.mp4,98.164337, 6.118263,47.089722
Crafter_98.mp4,96.461258, 1.300623,20.508797
Crafter_99.mp4,99.002007, 6.776443,54.756958
Crafter_993.mp4,99.874580, 11.809456,79.822769
SEINE_10335.mp4,99.843140, 11.210722,77.766296
SEINE_10657.mp4,98.015778, 4.353827,40.938915
SEINE_10696.mp4,99.493149, 3.786577,52.054710
SEINE_1071.mp4,99.481110, 6.415270,60.151123
SEINE_10758.mp4,99.966309, 14.525488,88.424126
SEINE_10928.mp4,99.826729, 13.117099,78.957626
SEINE_11131.mp4,99.977806, 15.754498,90.502098
SEINE_11339.mp4,99.169525, 6.616174,56.154667
SEINE_11472.mp4,99.516403, 7.243456,62.688751
SEINE_11655.mp4,99.897530, 14.328999,83.059021
SEINE_11665.mp4,99.821449, 13.908337,79.445419
SEINE_11927.mp4,99.689819, 10.820922,72.344200
SEINE_12173.mp4,99.825386, 13.539778,79.277176
SEINE_12783.mp4,99.841347, 8.826286,74.753548
SEINE_12926.mp4,99.935493, 15.256574,85.998375
SEINE_13078.mp4,96.498947, 7.105844,43.119820
SEINE_13125.mp4,99.810959, 11.625584,76.929245
SEINE_13518.mp4,98.613075, 6.980298,52.012295
SEINE_13833.mp4,99.857819, 14.514592,81.324677
SEINE_14016.mp4,99.379929, 11.549939,67.597130
SEINE_14500.mp4,99.579704, 11.261613,70.478561
SEINE_14512.mp4,99.533722, 15.333721,74.013100
SEINE_14726.mp4,99.893456, 11.164735,80.220947
SEINE_15048.mp4,97.516609, 8.680818,49.839149
SEINE_15293.mp4,99.886299, 11.115469,79.766464
SEINE_15321.mp4,98.833046, 12.713671,63.494770
SEINE_15448.mp4,99.938545, 16.746065,87.009911
SEINE_15539.mp4,99.018364, 8.605030,58.789570
SEINE_15815.mp4,97.120361, 7.890426,46.773766
SEINE_16093.mp4,99.725731, 13.211068,75.915970
SEINE_16162.mp4,99.585930, 4.055419,55.105679
SEINE_16579.mp4,99.982277, 15.288541,91.053978
SEINE_17413.mp4,97.780197, 6.020613,44.953365
SEINE_17465.mp4,99.388351, 7.694592,61.460678
SEINE_17612.mp4,90.054535, 6.217789,31.046375
SEINE_1793.mp4,91.796722, 5.503963,31.119862
SEINE_18109.mp4,99.810699, 13.969609,79.122177
SEINE_18330.mp4,98.605911, 8.573912,55.343636
SEINE_18700.mp4,99.581955, 7.375394,64.285538
SEINE_18732.mp4,95.715851, 6.948103,40.769070
SEINE_18778.mp4,99.979263, 16.650017,91.059753
SEINE_19006.mp4,98.588387, 8.058158,54.198257
SEINE_19094.mp4,98.007637, 9.908443,54.248566
SEINE_19187.mp4,94.743965, 3.803808,30.044449
SEINE_1936.mp4,99.868660, 7.339437,73.822609
SEINE_19614.mp4,99.584755, 13.856178,73.489449
SEINE_19996.mp4,98.376472, 9.229144,55.073433
SEINE_20110.mp4,87.191826, 3.001631,20.194126
SEINE_2072.mp4,98.608673, 6.345905,50.424278
SEINE_20766.mp4,97.945412, 8.390613,51.160576
SEINE_21396.mp4,98.506615, 7.992224,53.509502
SEINE_21663.mp4,98.206787, 7.586804,50.841949
SEINE_21696.mp4,92.392525, 6.456395,34.096016
SEINE_21892.mp4,99.513924, 4.410886,54.878300
SEINE_22015.mp4,99.621735, 10.537033,70.388077
SEINE_2222.mp4,92.275688, 8.742089,38.571720
SEINE_22516.mp4,98.775345, 10.258478,59.545593
SEINE_22851.mp4,95.496040, 9.052526,44.560364
SEINE_22912.mp4,89.051262, 8.621773,34.878494
SEINE_23115.mp4,83.591721, 2.774500,17.703077
SEINE_23252.mp4,83.232864, 4.357305,22.077478
SEINE_23303.mp4,99.180763, 13.072087,67.088364
SEINE_235.mp4,99.647614, 11.724616,72.450050
SEINE_23545.mp4,74.600143, 3.505980,16.746122
SEINE_23830.mp4,99.523613, 9.763252,67.344215
SEINE_23871.mp4,99.493645, 9.025382,65.632843
SEINE_23967.mp4,94.969635, 4.101514,31.447701
SEINE_2531.mp4,99.457657, 11.426634,68.576797
SEINE_2717.mp4,98.829300, 11.909912,62.405098
SEINE_2963.mp4,98.984818, 7.635376,56.528328
SEINE_3206.mp4,99.174248, 8.947979,61.049843
SEINE_332.mp4,99.883202, 14.531477,82.474152
SEINE_3486.mp4,99.537743, 9.295278,66.872948
SEINE_3620.mp4,98.879684, 6.124015,51.980938
SEINE_3715.mp4,99.192192, 11.896777,65.746010
SEINE_3840.mp4,99.866608, 12.349962,79.935547
SEINE_4104.mp4,98.664932, 9.050522,56.656815
SEINE_4385.mp4,98.024818, 3.718177,38.578770
SEINE_4446.mp4,99.222717, 9.506001,62.570644
SEINE_4467.mp4,99.292953, 12.237009,67.345894
SEINE_4867.mp4,97.897469, 9.293326,52.639343
SEINE_4902.mp4,99.158897, 7.444486,57.929749
SEINE_5061.mp4,97.768112, 5.935059,44.670086
SEINE_5062.mp4,99.699341, 9.864621,71.316376
SEINE_5539.mp4,99.865318, 14.438391,81.587234
SEINE_5598.mp4,99.577423, 11.003216,70.101295
SEINE_5730.mp4,99.039673, 8.002082,57.823933
SEINE_6421.mp4,99.834595, 5.440392,67.953644
SEINE_7594.mp4,97.190216, 10.151468,51.239491
SEINE_7623.mp4,99.932503, 9.140766,80.881340
SEINE_7825.mp4,99.697449, 10.333470,71.907112
SEINE_7885.mp4,99.933014, 16.304817,86.397247
SEINE_8658.mp4,99.639496, 13.810224,74.507645
SEINE_8731.mp4,97.912834, 9.071461,52.307159
SEINE_8837.mp4,99.963234, 16.118153,88.837074
SEINE_9191.mp4,94.730225, 4.030778,30.801041
SEINE_935.mp4,99.961082, 8.603912,83.429268
SEINE_9451.mp4,99.919357, 11.300654,82.011444
SEINE_9589.mp4,99.838318, 13.826267,80.003792
SEINE_9971.mp4,99.526382, 12.166341,70.617340
modelscope_119.mp4,86.506554, 8.022874,31.755499
modelscope_120.mp4,89.100494, 4.827167,26.868593
modelscope_131.mp4,92.461098, 3.557161,26.159445
modelscope_146.mp4,78.459129, 3.028375,16.627247
modelscope_148.mp4,69.462868, 2.278829,12.196315
modelscope_149.mp4,83.083191, 1.327360,11.816560
modelscope_156.mp4,91.460434, 6.344661,32.752869
modelscope_165.mp4,92.612709, 2.069112,20.274395
modelscope_167.mp4,66.320946, 2.725299,12.806779
modelscope_17.mp4,99.296486, 5.929583,56.001770
modelscope_170.mp4,81.224075, 1.573677,12.412577
modelscope_173.mp4,89.234352, 2.809839,20.767265
modelscope_175.mp4,94.899925, 5.215942,34.726898
modelscope_186.mp4,98.631165, 12.342275,61.534851
modelscope_187.mp4,98.954147, 9.258708,59.372913
modelscope_188.mp4,95.469376, 7.720476,41.899757
modelscope_200.mp4,97.794273, 3.186733,35.286068
modelscope_206.mp4,97.453476, 4.595125,39.377502
modelscope_217.mp4,96.901962, 2.703880,30.032700
modelscope_227.mp4,98.897385, 6.406595,52.870060
modelscope_231.mp4,95.808235, 6.749190,40.523853
modelscope_252.mp4,99.725189, 7.615081,68.414391
modelscope_256.mp4,91.478073, 7.977308,36.169971
modelscope_274.mp4,97.353134, 8.406837,48.667088
modelscope_279.mp4,97.889267, 4.295887,40.140320
modelscope_280.mp4,94.537254, 6.498004,37.358719
modelscope_285.mp4,95.980850, 8.551991,44.764839
modelscope_286.mp4,96.089378, 7.785246,43.499359
modelscope_289.mp4,90.602478, 5.660509,30.270641
modelscope_290.mp4,80.213486, 4.388552,20.825081
modelscope_292.mp4,91.906342, 3.675627,25.980970
modelscope_294.mp4,97.368965, 7.286440,46.365040
modelscope_296.mp4,99.049042, 4.713987,49.374214
modelscope_298.mp4,51.187794, 3.222438,11.322285
modelscope_308.mp4,75.876595, 4.276564,18.986895
modelscope_313.mp4,91.037247, 3.592016,24.880930
modelscope_319.mp4,92.958717, 2.893808,24.247347
modelscope_322.mp4,98.338150, 6.857778,49.934414
modelscope_324.mp4,95.861488, 7.929178,43.232750
modelscope_355.mp4,90.408890, 4.046792,25.761202
modelscope_357.mp4,89.180702, 5.832461,29.398355
modelscope_360.mp4,95.191452, 3.653694,30.275608
modelscope_368.mp4,99.262413, 9.692731,63.356857
modelscope_380.mp4,97.995293, 7.227507,48.935734
modelscope_389.mp4,99.431541, 8.939350,64.456520
modelscope_395.mp4,68.927193, 3.190435,14.521398
modelscope_418.mp4,98.716827, 9.631864,58.064747
modelscope_425.mp4,98.381523, 4.806146,44.461906
modelscope_429.mp4,98.897408, 6.810951,53.865780
modelscope_43.mp4,97.552750, 7.829764,48.270111
modelscope_431.mp4,97.840622, 10.692600,54.739571
modelscope_434.mp4,98.825661, 5.315392,49.226124
modelscope_440.mp4,99.702797, 7.590688,67.702881
modelscope_446.mp4,96.736465, 7.136494,43.885582
modelscope_459.mp4,53.404736, 2.717396,10.613559
modelscope_470.mp4,92.228058, 5.752362,32.232674
modelscope_476.mp4,90.337303, 3.685712,24.583241
modelscope_481.mp4,86.471901, 6.131808,28.035753
modelscope_504.mp4,87.766411, 2.255729,17.758125
modelscope_507.mp4,96.672668, 7.379028,44.235466
modelscope_508.mp4,91.131371, 5.417520,30.196470
modelscope_511.mp4,97.049507, 4.888141,38.915997
modelscope_522.mp4,96.209091, 6.138526,40.016670
modelscope_525.mp4,99.633202, 8.382913,67.343552
modelscope_535.mp4,97.829300, 7.447203,48.637642
modelscope_540.mp4,99.471786, 4.047572,52.707626
modelscope_543.mp4,81.790375, 3.379136,18.823536
modelscope_544.mp4,97.761978, 4.132969,38.993599
modelscope_558.mp4,98.856941, 6.822708,53.540760
modelscope_562.mp4,97.364578, 6.264851,43.900093
modelscope_567.mp4,97.826317, 6.954694,47.500660
modelscope_568.mp4,98.866020, 7.628329,55.439289
modelscope_588.mp4,93.832489, 8.646183,40.648468
modelscope_590.mp4,96.635422, 9.076521,47.541401
modelscope_595.mp4,99.128670, 7.459752,57.624203
modelscope_6.mp4,93.670479, 6.634540,36.256702
modelscope_608.mp4,94.350044, 8.313304,40.892498
modelscope_609.mp4,99.787163, 6.178738,67.605423
modelscope_610.mp4,93.822639, 5.110684,32.666744
modelscope_613.mp4,97.226753, 7.315939,45.907330
modelscope_627.mp4,96.422279, 5.299925,38.309063
modelscope_628.mp4,99.330261, 6.159777,57.083965
modelscope_63.mp4,99.474609, 7.928948,63.324070
modelscope_632.mp4,89.578621, 4.905523,27.460024
modelscope_633.mp4,99.624374, 8.355818,67.090950
modelscope_636.mp4,94.620628, 5.517229,35.051746
modelscope_64.mp4,98.106468, 4.050813,40.278675
modelscope_641.mp4,99.762901, 5.887693,65.974930
modelscope_645.mp4,95.757164, 7.967770,43.063374
modelscope_664.mp4,99.672607, 8.764427,68.952644
modelscope_672.mp4,92.819939, 5.576908,32.524086
modelscope_679.mp4,98.721809, 7.080677,53.049862
modelscope_680.mp4,99.936600, 12.670994,84.425323
modelscope_690.mp4,99.815208, 4.901712,65.504150
modelscope_695.mp4,99.748543, 8.062508,69.959717
modelscope_77.mp4,94.452927, 2.754216,25.519741
modelscope_78.mp4,92.817932, 5.638255,32.676949
modelscope_86.mp4,95.051773, 7.598996,40.771172
modelscope_91.mp4,81.113678, 2.227189,14.922823
modelscope_94.mp4,97.983505, 7.045771,48.459251
sora_1.mp4,99.055862, 15.064647,68.073715
sora_10.mp4,98.854698, 11.915887,62.615944
sora_11.mp4,99.865143, 15.392158,82.259140
sora_12.mp4,97.914291, 10.846655,55.323631
sora_13.mp4,99.689445, 16.862473,78.155045
sora_14.mp4,96.497681, 9.223680,47.407192
sora_15.mp4,96.062195, 14.014252,53.424557
sora_16.mp4,99.911957, 14.962541,84.289490
sora_17.mp4,99.781609, 17.418804,80.785873
sora_18.mp4,99.435669, 11.994522,68.962517
sora_19.mp4,99.421516, 13.610858,70.622955
sora_2.mp4,98.469444, 12.855392,61.162575
sora_20.mp4,99.168785, 13.301121,67.231918
sora_21.mp4,98.592453, 11.697963,60.387463
sora_22.mp4,93.718842, 10.006287,42.854984
sora_23.mp4,96.389229, 9.509209,47.612000
sora_24.mp4,99.812477, 16.332743,80.974854
sora_25.mp4,99.619850, 14.012596,74.308960
sora_26.mp4,84.382530, 4.761048,23.658998
sora_27.mp4,99.522461, 17.106085,75.342834
sora_28.mp4,99.532158, 10.234976,68.197853
sora_29.mp4,99.048050, 11.783771,64.126358
sora_3.mp4,98.575356, 11.811640,60.433365
sora_30.mp4,93.915848, 9.783566,42.805649
sora_31.mp4,99.601540, 14.308935,74.241776
sora_32.mp4,98.957878, 8.329347,57.689190
sora_33.mp4,99.911766, 16.610487,85.256058
sora_34.mp4,99.277992, 9.469214,63.185596
sora_35.mp4,99.500717, 9.912084,67.165115
sora_36.mp4,99.746323, 18.069666,80.296089
sora_37.mp4,77.226570, 5.539647,22.175171
sora_38.mp4,98.461700, 12.774299,61.009834
sora_39.mp4,99.914047, 16.940443,85.563118
sora_4.mp4,98.899628, 13.726735,65.262016
sora_40.mp4,96.484055, 10.760470,49.977848
sora_41.mp4,97.747864, 11.186621,55.091137
sora_42.mp4,95.945663, 14.119397,53.262150
sora_43.mp4,99.733231, 9.688233,72.017189
sora_44.mp4,99.729912, 13.065912,75.883560
sora_45.mp4,97.090141, 11.043407,52.324574
sora_46.mp4,95.831329, 11.570757,49.500256
sora_47.mp4,98.331223, 10.900975,57.584030
sora_48.mp4,95.977379, 14.145029,53.373592
sora_49.mp4,96.305397, 12.730522,52.381470
sora_5.mp4,74.460846, 4.604269,19.259167
sora_50.mp4,93.972900, 8.797691,41.160229
sora_51.mp4,99.850235, 13.969816,80.592278
sora_52.mp4,99.260399, 12.206014,66.917107
sora_53.mp4,98.316261, 9.767105,55.661221
sora_54.mp4,99.115685, 8.478134,59.541885
sora_55.mp4,98.982986, 16.618078,68.977760
sora_56.mp4,97.891792, 7.397177,48.817207
sora_6.mp4,99.067078, 12.287847,64.973244
sora_7.mp4,99.759903, 16.665728,79.683922
sora_8.mp4,99.811104, 18.264744,82.171921
sora_9.mp4,98.264984, 14.473883,61.970966
hotshot_101.mp4,96.073540, 7.328699,42.481285
hotshot_105.mp4,99.176414, 7.497974,58.245979
hotshot_107.mp4,98.458374, 12.151255,60.156857
hotshot_116.mp4,97.849068, 8.531362,50.982071
hotshot_13.mp4,99.945526, 11.548927,84.357048
hotshot_133.mp4,99.372200, 8.394143,62.580460
hotshot_136.mp4,69.660454, 2.016723,11.440123
hotshot_139.mp4,99.664200, 8.195580,67.770409
hotshot_149.mp4,95.120590, 7.129369,39.897732
hotshot_161.mp4,99.257103, 6.053804,55.806671
hotshot_162.mp4,99.455910, 7.474274,62.090599
hotshot_163.mp4,99.183754, 3.610317,46.634232
hotshot_166.mp4,98.591019, 9.198896,56.402187
hotshot_168.mp4,89.711937, 5.802195,29.784992
hotshot_173.mp4,90.453651, 3.370098,23.642422
hotshot_176.mp4,96.275551, 6.353606,40.728783
hotshot_181.mp4,99.368248, 9.239587,64.015511
hotshot_186.mp4,97.525444, 9.752102,51.829781
hotshot_188.mp4,97.762627, 5.638288,43.826088
hotshot_197.mp4,94.167389, 5.473052,34.178619
hotshot_200.mp4,96.824333, 8.490888,47.009045
hotshot_202.mp4,99.578697, 7.149655,63.744228
hotshot_216.mp4,99.566200, 9.730867,68.096458
hotshot_217.mp4,99.928246, 13.335450,84.261353
hotshot_22.mp4,91.776459, 7.468163,35.515301
hotshot_232.mp4,98.696152, 5.665838,49.225311
hotshot_250.mp4,98.948647, 5.067244,49.546192
hotshot_254.mp4,99.733391, 7.588663,68.620155
hotshot_260.mp4,98.929810, 9.831270,60.128830
hotshot_262.mp4,99.874207, 7.100567,73.726776
hotshot_264.mp4,99.123306, 4.833882,50.575905
hotshot_271.mp4,98.490349, 4.677708,44.713737
hotshot_274.mp4,97.452705, 8.533316,49.299191
hotshot_278.mp4,87.646858, 4.998040,26.227968
hotshot_284.mp4,98.397949, 6.268553,48.830334
hotshot_291.mp4,97.051941, 6.213170,42.664806
hotshot_292.mp4,96.683350, 6.975307,43.356659
hotshot_298.mp4,97.697395, 4.833859,41.124432
hotshot_301.mp4,98.517159, 8.664922,54.914631
hotshot_305.mp4,98.317787, 4.054302,41.426052
hotshot_307.mp4,99.096367, 10.112114,62.163681
hotshot_33.mp4,99.903549, 8.266546,77.485558
hotshot_331.mp4,92.829117, 3.815617,27.444214
hotshot_332.mp4,90.693848, 6.217315,31.661745
hotshot_334.mp4,97.344368, 6.679917,44.858002
hotshot_337.mp4,96.274902, 9.086210,46.535027
hotshot_345.mp4,98.883530, 10.303496,60.491901
hotshot_352.mp4,98.062439, 7.649724,50.210022
hotshot_358.mp4,97.912498, 6.767639,47.456604
hotshot_365.mp4,97.763443, 4.071712,38.773994
hotshot_37.mp4,99.940109, 14.046383,85.631920
hotshot_370.mp4,99.370583, 10.420957,65.901993
hotshot_373.mp4,99.403244, 8.032253,62.359474
hotshot_374.mp4,90.950851, 8.127175,35.863876
hotshot_377.mp4,98.194794, 9.927618,55.251537
hotshot_382.mp4,96.012253, 5.136894,36.807064
hotshot_388.mp4,97.142914, 7.545940,46.117748
hotshot_391.mp4,92.322105, 7.594048,36.438713
hotshot_392.mp4,98.668671, 4.280612,44.540527
hotshot_399.mp4,93.725182, 4.876603,31.866312
hotshot_439.mp4,98.991867, 5.752726,52.004982
hotshot_447.mp4,95.707298, 6.492599,39.682762
hotshot_451.mp4,91.189178, 5.986000,31.635445
hotshot_458.mp4,97.264740, 6.239935,43.470001
hotshot_46.mp4,99.311272, 9.038391,62.887226
hotshot_465.mp4,99.586075, 12.324603,71.881378
hotshot_466.mp4,97.906479, 5.602569,44.377190
hotshot_467.mp4,99.454521, 7.869311,62.865520
hotshot_473.mp4,95.603157, 3.180538,29.208061
hotshot_477.mp4,98.780441, 9.890276,58.986282
hotshot_485.mp4,96.531860, 5.244678,38.446468
hotshot_486.mp4,93.110840, 4.246414,29.165310
hotshot_489.mp4,98.835876, 7.403805,54.695667
hotshot_495.mp4,98.957840, 3.763590,44.903599
hotshot_501.mp4,85.008179, 5.620656,26.003033
hotshot_508.mp4,94.058441, 4.228289,30.396276
hotshot_516.mp4,99.096100, 6.741908,55.637531
hotshot_518.mp4,99.392090, 2.378488,43.003735
hotshot_526.mp4,95.150909, 7.250437,40.224960
hotshot_59.mp4,92.757797, 5.919691,33.297112
hotshot_591.mp4,99.221657, 11.790040,65.933922
hotshot_594.mp4,67.528572, 2.845986,13.357785
hotshot_60.mp4,93.286102, 5.142744,31.995985
hotshot_607.mp4,98.792892, 10.527301,60.105854
hotshot_613.mp4,99.768295, 7.485510,69.597137
hotshot_618.mp4,98.875832, 9.941634,59.845078
hotshot_638.mp4,99.239197, 8.998200,61.900532
hotshot_64.mp4,94.302422, 11.321505,45.934109
hotshot_643.mp4,98.468590, 6.974407,51.019852
hotshot_650.mp4,97.234222, 5.570376,41.562153
hotshot_653.mp4,99.805428, 11.874516,76.989243
hotshot_675.mp4,99.588676, 5.508957,59.960926
hotshot_684.mp4,99.890945, 9.464731,78.222984
hotshot_687.mp4,99.813751, 12.102871,77.521042
hotshot_697.mp4,99.704704, 8.099027,68.688522
hotshot_74.mp4,99.547546, 7.967770,64.746094
hotshot_80.mp4,99.920410, 9.744094,80.552017
hotshot_84.mp4,98.376022, 4.997814,45.049290
hotshot_87.mp4,97.407059, 11.197995,53.712910
hotshot_92.mp4,99.064598, 8.539041,59.124405
MoonValley_10.mp4,97.511452, 14.011642,57.973755
MoonValley_101.mp4,99.249802, 8.291951,60.735958
MoonValley_114.mp4,96.475365, 7.296235,43.480278
MoonValley_125.mp4,97.751129, 8.042394,49.556713
MoonValley_143.mp4,99.351891, 11.317788,66.907196
MoonValley_144.mp4,99.380783, 10.865078,66.682106
MoonValley_146.mp4,99.144005, 11.373433,64.523598
MoonValley_161.mp4,99.659233, 8.913127,68.858994
MoonValley_165.mp4,99.007713, 11.860845,63.854259
MoonValley_17.mp4,99.422958, 13.025681,69.997444
MoonValley_170.mp4,98.595436, 12.444563,61.429935
MoonValley_175.mp4,99.659660, 13.335373,74.465958
MoonValley_186.mp4,99.290726, 10.730520,65.295731
MoonValley_187.mp4,99.604675, 15.487926,75.370148
MoonValley_205.mp4,99.917175, 12.901005,83.182983
MoonValley_212.mp4,99.642914, 15.271358,75.915840
MoonValley_214.mp4,99.057442, 10.721124,62.709190
MoonValley_216.mp4,99.946075, 10.836261,83.823746
MoonValley_218.mp4,99.289703, 9.505859,63.395267
MoonValley_222.mp4,99.945190, 16.328020,87.301620
MoonValley_228.mp4,99.748764, 13.749114,77.038857
MoonValley_232.mp4,99.594070, 12.367744,72.084091
MoonValley_233.mp4,99.862633, 15.859074,82.468529
MoonValley_235.mp4,99.755653, 12.552001,76.085060
MoonValley_236.mp4,99.362114, 14.270907,70.524834
MoonValley_238.mp4,99.848549, 18.059687,83.283295
MoonValley_239.mp4,99.759583, 14.149954,77.696899
MoonValley_26.mp4,99.977943, 16.337618,90.746605
MoonValley_267.mp4,98.358765, 14.007743,61.940910
MoonValley_269.mp4,99.513283, 16.391350,74.615952
MoonValley_270.mp4,99.906631, 13.190834,82.743011
MoonValley_273.mp4,99.440964, 14.443243,71.761986
MoonValley_278.mp4,99.980064, 13.459650,89.875298
MoonValley_280.mp4,98.670753, 11.123884,60.098595
MoonValley_283.mp4,98.214088, 14.296092,61.492012
MoonValley_284.mp4,99.385284, 14.036560,70.581627
MoonValley_286.mp4,99.476173, 13.676373,71.492424
MoonValley_288.mp4,99.074921, 12.665425,65.527039
MoonValley_297.mp4,99.385307, 15.134070,71.686432
MoonValley_306.mp4,99.447098, 14.151977,71.555023
MoonValley_323.mp4,99.824249, 12.563902,78.358101
MoonValley_342.mp4,99.687897, 9.669765,70.737938
MoonValley_346.mp4,98.527458, 10.370737,57.961128
MoonValley_353.mp4,98.839149, 10.923128,61.076283
MoonValley_355.mp4,99.305870, 7.991217,60.877491
MoonValley_359.mp4,99.874756, 11.414030,79.450432
MoonValley_366.mp4,99.942551, 14.385200,86.035019
MoonValley_389.mp4,99.746689, 12.635719,75.913147
MoonValley_39.mp4,99.476952, 16.817850,74.437698
MoonValley_399.mp4,90.989075, 8.937936,37.378563
MoonValley_40.mp4,99.814186, 17.304907,81.673500
MoonValley_402.mp4,99.756882, 16.690775,79.622353
MoonValley_41.mp4,99.665878, 16.246466,77.187347
MoonValley_421.mp4,99.846703, 9.110316,75.401703
MoonValley_424.mp4,94.077888, 4.474366,31.194511
MoonValley_435.mp4,99.818710, 15.611592,80.671028
MoonValley_436.mp4,99.733978, 11.111137,73.880119
MoonValley_437.mp4,99.648521, 12.759216,73.628128
MoonValley_438.mp4,99.611252, 15.771705,75.733826
MoonValley_441.mp4,99.816833, 14.944204,80.111626
MoonValley_45.mp4,97.838959, 10.854382,54.986374
MoonValley_450.mp4,98.031837, 15.025189,61.420853
MoonValley_467.mp4,99.614838, 17.021631,76.806969
MoonValley_468.mp4,98.876892, 12.190941,63.165504
MoonValley_472.mp4,98.478188, 7.809437,52.942051
MoonValley_478.mp4,99.779427, 11.491576,75.695999
MoonValley_48.mp4,99.886925, 17.469891,84.490410
MoonValley_480.mp4,99.774231, 6.584790,68.008209
MoonValley_51.mp4,98.881371, 11.008967,61.549835
MoonValley_514.mp4,99.498947, 11.745893,69.644890
MoonValley_515.mp4,98.752594, 15.651610,66.262398
MoonValley_52.mp4,99.693802, 12.966354,74.874146
MoonValley_530.mp4,99.713806, 15.616497,77.742081
MoonValley_535.mp4,97.581856, 10.175109,52.777653
MoonValley_547.mp4,99.735512, 12.893517,75.863007
MoonValley_549.mp4,99.952782, 15.374829,87.461380
MoonValley_550.mp4,99.830048, 14.289270,80.066483
MoonValley_558.mp4,99.917824, 16.504986,85.543938
MoonValley_559.mp4,98.890579, 7.039391,54.342525
MoonValley_568.mp4,99.473129, 13.469650,71.226212
MoonValley_57.mp4,99.505325, 13.920429,72.199211
MoonValley_570.mp4,99.715675, 15.989496,78.080734
MoonValley_576.mp4,99.817993, 12.820766,78.366478
MoonValley_581.mp4,99.816856, 16.919886,81.509705
MoonValley_583.mp4,99.922798, 16.095945,85.618500
MoonValley_598.mp4,99.753502, 16.196369,79.174934
MoonValley_601.mp4,99.874817, 14.738538,82.228180
MoonValley_606.mp4,99.706802, 15.565387,77.537086
MoonValley_612.mp4,99.768379, 13.203363,77.094719
MoonValley_62.mp4,99.606285, 16.767481,76.455460
MoonValley_620.mp4,99.913124, 16.295443,85.155510
MoonValley_622.mp4,99.458366, 14.400487,71.969673
MoonValley_623.mp4,99.644310, 15.389183,76.045013
MoonValley_68.mp4,99.714775, 11.905744,74.272156
MoonValley_74.mp4,99.948296, 15.247451,87.001038
MoonValley_75.mp4,95.254066, 5.288168,35.601192
MoonValley_77.mp4,98.848557, 12.403418,63.216835
MoonValley_80.mp4,99.692802, 14.963105,76.714104
MoonValley_88.mp4,99.522331, 16.716537,75.025040
MoonValley_9.mp4,99.929916, 17.601288,86.844841
gen2_1020.mp4,99.201675, 16.010500,70.414223
gen2_1027.mp4,98.894775, 11.656256,62.587654
gen2_1033.mp4,94.112122, 9.968266,43.449638
gen2_1045.mp4,95.038216, 6.846103,39.098011
gen2_107.mp4,99.845840, 13.223377,79.797066
gen2_1088.mp4,79.526642, 3.941755,19.457794
gen2_109.mp4,99.431709, 12.863779,69.939003
gen2_1095.mp4,99.848549, 14.480270,80.921165
gen2_1100.mp4,98.727051, 11.564188,61.144268
gen2_1113.mp4,98.097641, 8.015083,51.164383
gen2_1118.mp4,99.209663, 15.625779,70.128288
gen2_1157.mp4,88.467812, 4.535905,25.618120
gen2_1174.mp4,96.596474, 6.678864,42.404537
gen2_1188.mp4,98.079529, 5.787712,45.747223
gen2_1191.mp4,98.441040, 9.127602,55.286903
gen2_1207.mp4,99.396667, 12.710147,69.265038
gen2_1246.mp4,89.248161, 3.312969,22.535307
gen2_1268.mp4,99.745338, 10.481767,73.436676
gen2_1270.mp4,99.013771, 9.720664,60.714878
gen2_128.mp4,99.906845, 16.150381,84.724319
gen2_1283.mp4,99.606857, 10.361158,69.831665
gen2_1288.mp4,98.218025, 9.524943,54.685688
gen2_1290.mp4,99.921272, 15.433131,85.142754
gen2_130.mp4,99.779472, 17.088621,80.506195
gen2_1302.mp4,99.820183, 11.177154,76.794693
gen2_1311.mp4,98.760239, 9.027919,57.332188
gen2_1354.mp4,99.393044, 13.740280,70.370567
gen2_1370.mp4,99.423531, 10.633736,66.977394
gen2_1373.mp4,99.597588, 10.770337,70.195122
gen2_1379.mp4,99.241844, 8.309999,60.671711
gen2_1380.mp4,99.879227, 11.249156,79.518608
gen2_151.mp4,99.140381, 11.302735,64.387230
gen2_156.mp4,97.959702, 8.204028,50.855915
gen2_167.mp4,97.284988, 7.759271,47.084953
gen2_168.mp4,97.703079, 12.938899,57.382935
gen2_190.mp4,99.662415, 12.420533,73.569298
gen2_210.mp4,99.570625, 13.413641,72.781441
gen2_230.mp4,99.499763, 11.124237,68.860527
gen2_232.mp4,99.698761, 13.190115,75.218903
gen2_248.mp4,98.860260, 12.872367,63.910515
gen2_270.mp4,99.890984, 15.100594,83.246529
gen2_278.mp4,99.382919, 12.496916,68.823654
gen2_29.mp4,99.751915, 14.214502,77.539734
gen2_3.mp4,99.935074, 15.443204,86.073662
gen2_301.mp4,99.651245, 17.749565,78.026619
gen2_305.mp4,98.951599, 14.227239,66.263176
gen2_310.mp4,99.275436, 13.301696,68.409363
gen2_347.mp4,99.527130, 15.708949,74.242554
gen2_358.mp4,99.431351, 7.120583,60.925327
gen2_359.mp4,99.921349, 16.312984,85.649147
gen2_364.mp4,98.230347, 13.307924,60.371048
gen2_399.mp4,97.498543, 6.066500,43.898415
gen2_413.mp4,99.945740, 19.166656,88.602493
gen2_419.mp4,98.999886, 14.583954,67.068008
gen2_420.mp4,99.836548, 11.398185,77.685677
gen2_424.mp4,98.751740, 12.782187,62.964664
gen2_425.mp4,99.759201, 13.852435,77.423088
gen2_426.mp4,99.854088, 16.003784,82.222061
gen2_440.mp4,99.397812, 12.760134,69.339195
gen2_466.mp4,99.841354, 13.928260,80.204758
gen2_481.mp4,99.944084, 13.255408,85.456345
gen2_484.mp4,99.463806, 13.992577,71.635834
gen2_498.mp4,99.783546, 16.505550,80.219177
gen2_500.mp4,99.340752, 13.708396,69.655708
gen2_522.mp4,98.404922, 11.761473,59.288597
gen2_587.mp4,99.585274, 11.632855,71.049072
gen2_6.mp4,99.607231, 14.691597,74.706993
gen2_60.mp4,99.957878, 15.422471,87.964859
gen2_625.mp4,99.781944, 15.383487,79.348450
gen2_635.mp4,99.323372, 13.768411,69.505211
gen2_655.mp4,99.726067, 13.338311,76.047882
gen2_660.mp4,99.878136, 16.465965,83.513908
gen2_672.mp4,99.939438, 15.070698,86.188316
gen2_676.mp4,99.805710, 14.483416,79.377731
gen2_709.mp4,99.441368, 10.119941,66.501930
gen2_729.mp4,99.327858, 9.820932,64.402946
gen2_738.mp4,99.154915, 11.899000,65.348801
gen2_743.mp4,99.197617, 8.873867,61.185390
gen2_752.mp4,98.111053, 13.123323,59.513538
gen2_753.mp4,97.753029, 9.206827,51.822247
gen2_760.mp4,97.344070, 12.523519,55.395317
gen2_769.mp4,99.086693, 12.929564,65.965843
gen2_789.mp4,98.428902, 11.580418,59.174549
gen2_825.mp4,97.363068, 8.293930,48.479694
gen2_827.mp4,98.486382, 10.887645,58.504467
gen2_841.mp4,91.318474, 8.858785,37.611919
gen2_859.mp4,38.548874, 4.771123,11.825790
gen2_864.mp4,96.989326, 9.234073,48.946728
gen2_868.mp4,97.560135, 10.034472,52.453007
gen2_870.mp4,98.466080, 11.260553,58.937012
gen2_872.mp4,99.485626, 10.667562,68.004539
gen2_876.mp4,97.445900, 7.012715,46.034435
gen2_903.mp4,99.323166, 7.752862,60.635036
gen2_909.mp4,99.741119, 12.136724,75.237946
gen2_915.mp4,99.860535, 10.736239,78.044861
gen2_919.mp4,87.024612, 3.794172,22.583586
gen2_934.mp4,99.471260, 8.794602,64.854889
gen2_936.mp4,99.190323, 10.038866,63.058006
gen2_945.mp4,90.221710, 8.569609,35.909328
gen2_953.mp4,98.755524, 9.084100,57.397400
lavie_1000.mp4,99.932732, 11.694405,83.360291
lavie_1059.mp4,81.282722, 6.014235,24.864056
lavie_1065.mp4,96.912842, 6.515062,42.968590
lavie_1074.mp4,99.067322, 5.459390,51.924194
lavie_1075.mp4,91.662483, 5.675012,31.396910
lavie_1076.mp4,99.378891, 7.766200,61.463261
lavie_1079.mp4,96.886124, 7.351976,44.835014
lavie_1089.mp4,99.255814, 3.418787,46.679134
lavie_1126.mp4,99.876320, 6.835219,73.368919
lavie_1150.mp4,98.688148, 9.828130,58.184338
lavie_1164.mp4,90.641632, 4.109562,26.152628
lavie_1168.mp4,99.267670, 4.711140,51.929550
lavie_1172.mp4,98.925690, 4.633207,47.898724
lavie_1186.mp4,99.913979, 6.180804,74.825638
lavie_1203.mp4,99.730324, 7.541548,68.435165
lavie_1213.mp4,99.509476, 10.986672,68.841965
lavie_1218.mp4,98.956177, 7.727175,56.453342
lavie_1224.mp4,98.373726, 5.808541,47.446041
lavie_126.mp4,93.708870, 7.578230,38.359154
lavie_1310.mp4,99.753609, 8.800253,71.334503
lavie_1321.mp4,99.919579, 9.651180,80.385597
lavie_1332.mp4,99.653435, 4.843122,59.578335
lavie_1334.mp4,94.505539, 6.549071,37.422527
lavie_1340.mp4,99.301620, 6.077187,56.465477
lavie_1357.mp4,99.436447, 13.153063,70.334564
lavie_1369.mp4,99.890816, 10.268894,79.140739
lavie_1376.mp4,99.032913, 8.839109,59.365578
lavie_1382.mp4,99.947136, 8.399754,81.472382
lavie_1384.mp4,97.632217, 4.678336,40.349670
lavie_175.mp4,97.678658, 7.397794,47.860367
lavie_18.mp4,99.631676, 9.790984,69.558929
lavie_186.mp4,99.610046, 5.185892,59.525734
lavie_189.mp4,98.206329, 7.810525,51.319630
lavie_191.mp4,71.141205, 3.572645,15.975581
lavie_210.mp4,97.944412, 3.845460,38.708889
lavie_216.mp4,99.281342, 8.251282,61.059551
lavie_218.mp4,98.198540, 5.787472,46.377460
lavie_225.mp4,98.689117, 3.824080,42.925678
lavie_231.mp4,98.494141, 5.171343,46.335518
lavie_272.mp4,98.761841, 7.766316,54.875458
lavie_277.mp4,97.732613, 4.038936,38.522667
lavie_28.mp4,98.046860, 6.081608,46.379261
lavie_280.mp4,97.402634, 6.255147,44.018559
lavie_282.mp4,99.643433, 7.523882,65.996567
lavie_298.mp4,78.105362, 5.262713,21.945629
lavie_305.mp4,89.571175, 6.027764,30.180445
lavie_327.mp4,86.736534, 4.444876,24.212542
lavie_332.mp4,84.309914, 8.368126,30.878633
lavie_338.mp4,98.488609, 3.398881,39.752914
lavie_344.mp4,98.365036, 5.992989,47.899239
lavie_372.mp4,94.111801, 6.461957,36.552441
lavie_375.mp4,93.974182, 6.283357,35.909153
lavie_384.mp4,99.451584, 7.042521,61.090939
lavie_398.mp4,98.895226, 7.612484,55.659149
lavie_407.mp4,93.849991, 2.792713,24.879261
lavie_416.mp4,97.719421, 6.245531,45.277393
lavie_418.mp4,99.921738, 8.081515,78.623436
lavie_419.mp4,99.936142, 9.646046,81.760498
lavie_441.mp4,98.346024, 7.572047,51.610363
lavie_468.mp4,97.951736, 6.888370,47.933945
lavie_469.mp4,99.375488, 5.747162,56.652786
lavie_48.mp4,98.995987, 7.094186,55.441917
lavie_498.mp4,97.698212, 5.083638,41.913517
lavie_513.mp4,99.289696, 11.665227,66.572174
lavie_535.mp4,99.455322, 12.571685,69.950798
lavie_537.mp4,99.425354, 6.252082,58.782898
lavie_547.mp4,99.763420, 8.524919,71.224846
lavie_552.mp4,99.703644, 6.773583,66.069069
lavie_555.mp4,98.735550, 7.667704,54.460556
lavie_562.mp4,99.152992, 8.879301,60.689075
lavie_572.mp4,98.729622, 7.986926,55.083931
lavie_578.mp4,94.353226, 4.348489,31.225946
lavie_588.mp4,96.399239, 6.953838,42.494549
lavie_614.mp4,97.583786, 8.408367,49.580936
lavie_633.mp4,99.517883, 11.958322,70.222969
lavie_666.mp4,96.038750, 5.541339,38.014572
lavie_706.mp4,98.646355, 7.430208,53.275673
lavie_71.mp4,98.322365, 10.401587,56.748283
lavie_717.mp4,98.098976, 10.901885,56.318264
lavie_721.mp4,98.739273, 6.655988,52.174507
lavie_757.mp4,99.365143, 9.084515,63.708591
lavie_759.mp4,99.268349, 10.363131,64.476295
lavie_789.mp4,96.193214, 1.867550,23.867199
lavie_792.mp4,96.167442, 4.214287,34.272896
lavie_797.mp4,93.471565, 6.338684,35.276688
lavie_806.mp4,99.879608, 9.791348,77.954971
lavie_822.mp4,97.210915, 6.310871,43.459061
lavie_83.mp4,99.780396, 11.117727,75.306969
lavie_834.mp4,98.548813, 5.411633,47.428619
lavie_845.mp4,96.816643, 8.468354,46.940651
lavie_858.mp4,79.516281, 2.736639,16.095713
lavie_86.mp4,87.817177, 9.703400,35.617085
lavie_87.mp4,95.928413, 6.660575,40.600388
lavie_900.mp4,98.312798, 8.682854,53.680618
lavie_901.mp4,87.831650, 3.760146,22.986473
lavie_920.mp4,97.866150, 6.664471,46.988338
lavie_935.mp4,98.798943, 5.689981,50.103970
lavie_969.mp4,94.863426, 3.070107,27.464628
lavie_985.mp4,96.821701, 4.863365,38.130863
lavie_987.mp4,97.925797, 7.693192,49.626350
show1_107.mp4,98.588867, 9.910540,57.619785
show1_11.mp4,96.756104, 7.957730,45.723763
show1_113.mp4,62.481075, 5.517723,17.724789
show1_125.mp4,91.279350, 5.239573,29.894945
show1_136.mp4,20.857285, 3.313981,7.052682
show1_138.mp4,83.134438, 7.198739,28.109499
show1_149.mp4,86.323502, 6.035201,27.729282
show1_150.mp4,70.670258, 4.338607,17.573662
show1_151.mp4,79.535957, 6.685122,25.347292
show1_157.mp4,94.915588, 3.678573,29.885160
show1_177.mp4,97.882416, 8.414856,50.908352
show1_178.mp4,91.480865, 3.801642,25.973410
show1_18.mp4,98.763260, 9.765900,58.645161
show1_187.mp4,95.517746, 3.727002,31.154469
show1_196.mp4,82.572815, 6.005309,25.485542
show1_200.mp4,68.594635, 2.633275,13.018420
show1_204.mp4,94.495491, 6.782708,37.943184
show1_21.mp4,87.898056, 4.139060,24.128714
show1_210.mp4,98.344666, 6.640908,49.447464
show1_215.mp4,98.124084, 7.460406,50.117390
show1_216.mp4,98.518661, 5.785442,48.303448
show1_22.mp4,96.176270, 9.856215,47.637829
show1_228.mp4,99.345879, 6.942916,59.211140
show1_23.mp4,98.197838, 8.513895,52.703148
show1_233.mp4,93.143997, 8.148566,38.648418
show1_247.mp4,98.302048, 8.844910,53.925587
show1_256.mp4,90.460434, 5.712643,30.259604
show1_264.mp4,92.529907, 8.633462,38.708096
show1_272.mp4,90.962509, 9.846967,38.887959
show1_273.mp4,92.155922, 6.138876,33.074863
show1_275.mp4,97.787369, 9.209925,51.981075
show1_285.mp4,97.566071, 8.796289,50.261013
show1_292.mp4,84.782295, 5.649739,25.935274
show1_294.mp4,96.535774, 7.049771,43.096874
show1_295.mp4,95.977707, 8.139966,43.945400
show1_302.mp4,99.693275, 10.691022,72.266457
show1_305.mp4,93.637497, 8.629773,40.306187
show1_33.mp4,99.789902, 12.279169,76.870384
show1_34.mp4,99.650017, 10.913521,71.509087
show1_349.mp4,44.225788, 4.339694,12.149425
show1_355.mp4,91.205391, 4.135909,26.749691
show1_359.mp4,84.799423, 5.271376,25.094610
show1_36.mp4,99.296570, 9.494911,63.465626
show1_374.mp4,92.377594, 5.675317,32.221104
show1_385.mp4,96.095306, 4.223339,34.133583
show1_398.mp4,82.766815, 3.149264,18.544622
show1_4.mp4,98.894676, 12.805817,64.105278
show1_403.mp4,50.648148, 4.357028,13.292713
show1_431.mp4,86.549553, 7.596057,31.007069
show1_442.mp4,98.350357, 12.006872,59.312393
show1_447.mp4,97.027023, 5.981910,41.980446
show1_450.mp4,93.019089, 4.556180,29.986277
show1_456.mp4,97.116638, 10.484565,51.529510
show1_457.mp4,75.770203, 3.908397,18.087715
show1_458.mp4,88.856064, 7.490683,32.618858
show1_48.mp4,97.957321, 5.893339,45.429794
show1_49.mp4,99.785233, 11.749246,76.166031
show1_493.mp4,64.676949, 4.940390,17.231159
show1_502.mp4,79.461334, 5.010715,21.946337
show1_507.mp4,96.608780, 6.714091,42.524303
show1_509.mp4,96.066559, 10.067788,47.710995
show1_523.mp4,87.719994, 6.858063,30.442215
show1_528.mp4,95.139297, 10.890147,46.895611
show1_536.mp4,91.959923, 3.008299,23.673740
show1_544.mp4,93.518089, 4.668959,30.974194
show1_559.mp4,95.179054, 6.376790,38.276840
show1_561.mp4,96.369995, 7.182047,42.933517
show1_567.mp4,97.808029, 8.466770,50.667252
show1_580.mp4,98.283073, 7.975381,52.098293
show1_583.mp4,95.676399, 5.434638,36.887154
show1_585.mp4,95.774872, 6.621578,40.145767
show1_586.mp4,98.688957, 7.369322,53.454926
show1_594.mp4,51.069469, 3.290633,11.436928
show1_599.mp4,63.696068, 6.228934,19.214067
show1_610.mp4,81.044167, 4.767577,22.066610
show1_621.mp4,99.684708, 12.440022,74.106339
show1_627.mp4,94.512161, 4.707298,32.582958
show1_628.mp4,97.512993, 7.221682,46.778946
show1_630.mp4,82.288490, 9.281160,31.149382
show1_636.mp4,96.874435, 8.191113,46.572380
show1_646.mp4,97.421608, 6.634097,45.038837
show1_651.mp4,98.198395, 7.880698,51.423889
show1_654.mp4,98.433502, 7.801037,52.638836
show1_662.mp4,97.150505, 5.020653,39.659073
show1_664.mp4,92.885223, 7.778777,37.556042
show1_670.mp4,98.642426, 6.917675,52.075611
show1_676.mp4,88.886894, 5.147940,27.518671
show1_677.mp4,72.262016, 3.893419,17.022888
show1_679.mp4,96.311089, 6.809636,41.920940
show1_680.mp4,98.944649, 10.341446,61.080147
show1_685.mp4,98.478043, 7.902588,53.136753
show1_686.mp4,87.471481, 9.094895,34.341969
show1_690.mp4,96.781357, 5.740153,40.558537
show1_692.mp4,97.144852, 8.666531,48.416210
show1_694.mp4,98.464706, 9.382823,55.894299
show1_699.mp4,96.807899, 7.974663,45.919624
show1_74.mp4,94.198532, 7.338151,38.651951
show1_76.mp4,96.404495, 7.275555,43.236851
show1_89.mp4,85.950470, 7.294300,30.022940
show1_95.mp4,98.450729, 8.706421,54.564266
D110.mp4,93.645592, 5.332887,33.012218
D113.mp4,99.641006, 12.009045,72.636322
D119.mp4,99.873558, 9.062244,76.705132
D129.mp4,84.876366, 1.880413,14.907037
D137.mp4,41.888149, 2.319431,8.236262
D141.mp4,95.595192, 6.551576,39.572807
D150.mp4,98.980194, 8.899416,58.970917
D151.mp4,99.472389, 11.507358,68.912819
D163.mp4,91.598175, 10.060833,39.979214
D180.mp4,99.212601, 16.243042,70.744453
D195.mp4,99.437187, 16.149035,73.311546
D196.mp4,99.825043, 18.448795,82.713669
D201.mp4,99.926430, 17.513252,86.583725
D203.mp4,99.865051, 17.579117,83.627754
D210.mp4,57.492107, 1.972023,9.391889
D215.mp4,98.180748, 7.623673,50.779007
D219.mp4,93.676918, 4.997352,32.138748
D228.mp4,73.643906, 1.687326,11.096216
D236.mp4,67.166962, 1.718466,10.055526
D241.mp4,63.083630, 2.108133,10.583563
D247.mp4,79.756165, 8.375093,28.370518
D252.mp4,91.124153, 7.434247,34.706055
D253.mp4,84.307755, 5.110295,24.448959
D272.mp4,74.002228, 7.824323,25.012001
D274.mov,94.881958, 4.932645,33.885101
D3.mp4,94.278511, 3.978796,29.909845
D300.mp4,73.678604, 7.657094,24.623514
D329.mp4,88.226143, 2.939690,20.588293
D334.mp4,91.579491, 6.378968,32.962280
D335.mp4,56.855446, 4.839569,15.307169
D37.mp4,94.104080, 3.566625,28.223866
D375.mp4,91.463615, 6.973399,34.131557
D39.mp4,99.943611, 17.029152,87.519211
D395.mov,74.904503, 6.181003,22.545042
D397.mp4,99.898155, 11.762968,81.057579
D421.mp4,92.150040, 2.457818,21.630352
D43.mp4,99.651215, 13.317616,74.265175
D431.mp4,99.888985, 11.568265,80.354271
D432.mp4,99.888985, 12.274996,80.994904
D435.mp4,97.755455, 8.454059,50.406162
D449.mp4,99.421951, 17.171093,73.980591
D458.mp4,87.935127, 5.662755,28.026014
D469.mp4,51.619381, 8.742920,19.680105
D472.mp4,95.489540, 10.161732,46.480934
D475.mp4,99.049019, 10.497722,62.290115
D476.mp4,99.808098, 13.661289,78.770889
D477.mp4,81.700249, 3.384889,18.804014
D502.mp4,99.656013, 6.794320,64.797134
D506.mp4,89.166588, 9.662533,36.744385
D513.mp4,99.237556, 8.939407,61.776890
D517.mp4,62.568581, 3.925308,14.783207
D519.mp4,99.128685, 7.781886,58.304977
D520.mp4,83.222488, 2.345271,16.080257
D524.mp4,96.908737, 5.449060,40.139652
D529.mp4,75.938812, 1.989792,12.664260
D55.mp4,99.902496, 15.548796,84.128685
D569.mp4,97.906181, 6.922379,47.796124
D574.mp4,96.589752, 10.270829,49.491684
D583.mp4,98.692963, 8.895174,56.577457
D589.mp4,90.661835, 4.461397,27.195295
D597.mp4,92.335892, 8.423208,38.063385
D60.mp4,94.019882, 2.358405,23.159267
D612.mp4,99.754097, 13.304551,76.775620
D616.mp4,99.547455, 12.774773,71.681519
D636.mp4,98.960274, 9.235018,59.387142
D638.mov,37.061184, 4.860828,11.693922
D640.mov,85.742172, 4.725754,24.332783
D649.mp4,85.292648, 7.772692,30.468342
D652.mp4,85.846886, 9.268448,33.398991
D681.mp4,99.699440, 6.991787,66.410629
D69.mp4,99.156273, 8.124775,59.303886
D693.mp4,66.917313, 8.676719,23.825256
D696.mp4,88.099960, 7.290251,31.599123
D698.mp4,99.443146, 4.147218,52.577759
D7.mp4,99.792465, 12.838626,77.502510
D711.mp4,99.744102, 6.226529,66.122551
D725.mp4,92.157410, 8.300938,37.605625
D73.mp4,99.846931, 9.290157,75.655319
D740.mp4,94.367157, 7.981374,40.269783
D88.mp4,90.764732, 9.519862,38.127541
D91.mp4,98.824234, 6.646701,52.837944
D97.mp4,99.920135, 7.934198,78.283661
O1.mp4,94.891273, 6.361363,37.679802
T2.mp4,97.485977, 9.055504,50.424290
T23.mp4,98.751823, 7.937078,55.153309
T25.mp4,99.682823, 11.974703,73.549469
T26.mp4,92.566933, 6.275745,33.900116
T28.mp4,98.089424, 7.366026,49.725853
T36.mp4,97.556282, 6.928706,46.276573
T39.mp4,99.133331, 11.974521,65.223610
T40.mp4,98.966667, 12.990671,64.942352
T46.mp4,94.306732, 7.095706,38.312943
T49.mp4,98.503426, 4.899188,45.533314
T62.mp4,92.655006, 4.687443,29.920015
T7.mp4,98.764297, 7.431982,54.174114
T85.mp4,99.556259, 12.512737,71.543350
T88.mp4,97.912003, 10.511785,54.782570
T9.mp4,98.348595, 7.552377,51.582878
T91.mp4,91.096893, 8.369692,36.476265
T93.mp4,96.873581, 8.429830,47.045784
msrvtt_1041.mp4,96.397713, 4.970483,37.273335
msrvtt_1162.mp4,97.193932, 6.707606,44.379528
msrvtt_1200.mp4,89.594452, 3.593122,23.700794
msrvtt_141.mp4,89.491234, 5.538727,28.969658
msrvtt_1457.mp4,96.777214, 3.882774,34.676239
msrvtt_1534.mp4,92.468475, 4.024186,27.707380
msrvtt_17.mp4,67.072906, 3.258971,14.277334
msrvtt_1812.mp4,55.380024, 2.080098,9.389899
msrvtt_2003.mp4,97.059074, 3.724567,34.912060
msrvtt_2021.mp4,95.755882, 5.032081,35.914482
msrvtt_2068.mp4,98.720505, 5.811517,49.822250
msrvtt_2174.mp4,97.530571, 7.615696,47.722469
msrvtt_2234.mp4,93.198051, 4.933144,31.299654
msrvtt_2360.mp4,41.619236, 3.509067,10.388577
msrvtt_2424.mp4,91.036728, 6.218289,32.013260
msrvtt_2430.mp4,93.266472, 2.901916,24.625093
msrvtt_2494.mp4,67.215416, 1.919075,10.701777
msrvtt_2515.mp4,93.168472, 3.466604,26.646057
msrvtt_2660.mp4,87.907524, 4.128938,24.106525
msrvtt_2711.mp4,96.676460, 4.677908,37.123749
msrvtt_278.mp4,95.634132, 4.525806,34.106239
msrvtt_283.mp4,58.380474, 2.806830,11.590374
msrvtt_3004.mp4,97.719231, 5.434842,43.054539
msrvtt_3047.mp4,74.273933, 2.980895,15.280670
msrvtt_3278.mp4,78.893333, 1.933609,13.205655
msrvtt_3441.mp4,56.789444, 3.101099,11.978384
msrvtt_3455.mp4,96.805923, 4.396587,36.573277
msrvtt_3498.mp4,79.422745, 2.954655,16.725616
msrvtt_3610.mp4,96.466774, 5.214676,38.181728
msrvtt_3623.mp4,88.095184, 3.478533,22.292887
msrvtt_377.mp4,89.722672, 3.055933,21.994205
msrvtt_3948.mp4,76.075676, 3.314301,16.682325
msrvtt_4022.mp4,57.345104, 2.231385,10.047119
msrvtt_4033.mp4,95.501251, 3.047135,28.462427
msrvtt_4326.mp4,94.663414, 2.812991,26.078642
msrvtt_4395.mp4,83.706818, 3.756372,20.715179
msrvtt_4434.mp4,85.209747, 2.583546,17.749640
msrvtt_4570.mp4,77.842339, 2.981745,16.299395
msrvtt_4685.mp4,80.501923, 3.172072,17.737358
msrvtt_479.mp4,93.111023, 4.238534,29.141088
msrvtt_4807.mp4,94.768616, 3.029370,27.148521
msrvtt_4869.mp4,61.841869, 4.812487,16.332329
msrvtt_4908.mp4,96.428238, 5.063001,37.631546
msrvtt_4960.mp4,87.417725, 3.566770,22.142162
msrvtt_5014.mp4,93.857727, 3.281075,26.833332
msrvtt_5020.mp4,64.753929, 2.299064,11.388383
msrvtt_5102.mp4,58.582191, 2.638423,11.230658
msrvtt_5191.mp4,93.433800, 3.892025,28.439554
msrvtt_5192.mp4,97.703300, 4.821701,41.110138
msrvtt_5401.mp4,86.879517, 3.712108,22.255716
msrvtt_5438.mp4,59.776314, 2.874307,11.979368
msrvtt_5450.mp4,90.460793, 3.262132,23.279093
msrvtt_5451.mp4,62.150986, 2.408486,11.241096
msrvtt_5475.mp4,97.857124, 5.639920,44.254295
msrvtt_5789.mp4,93.168709, 4.259393,29.278538
msrvtt_5795.mp4,80.894028, 3.588947,19.055098
msrvtt_5858.mp4,96.407227, 4.308537,35.185078
msrvtt_5887.mp4,84.434021, 4.384635,22.747509
msrvtt_5959.mp4,98.719284, 6.699868,52.126904
msrvtt_5965.mp4,94.614822, 5.582771,35.215576
msrvtt_6050.mp4,80.293114, 2.421523,15.330384
msrvtt_6272.mp4,90.581963, 3.274915,23.421726
msrvtt_6392.mp4,98.685081, 5.136354,47.561188
msrvtt_6409.mp4,97.629776, 4.098582,38.324745
msrvtt_6426.mp4,93.518654, 3.392140,26.807356
msrvtt_6456.mp4,96.701744, 4.689572,37.232845
msrvtt_6462.mp4,87.725189, 2.753318,19.630884
msrvtt_6551.mp4,96.290901, 6.132432,40.213306
msrvtt_6580.mp4,99.117867, 7.053730,56.603413
msrvtt_6688.mp4,96.196190, 4.016013,33.653271
msrvtt_6979.mp4,96.119049, 3.493260,31.532108
msrvtt_7094.mp4,86.226913, 2.415888,17.609600
msrvtt_7229.mp4,69.239029, 2.977962,14.059459
msrvtt_7258.mp4,65.859261, 3.500175,14.572241
msrvtt_7419.mp4,91.014572, 2.844345,22.214231
msrvtt_7587.mp4,97.899628, 3.998713,39.095211
msrvtt_7616.mp4,75.804558, 3.285930,16.527128
msrvtt_7724.mp4,39.330334, 1.567133,6.320950
msrvtt_7753.mp4,94.492546, 4.151127,30.812931
msrvtt_7980.mp4,44.306835, 4.134877,11.837683
msrvtt_8003.mp4,71.242706, 2.626799,13.566189
msrvtt_812.mp4,85.601021, 5.279477,25.581968
msrvtt_8160.mp4,88.988823, 3.914549,24.241213
msrvtt_8331.mp4,67.418419, 2.716548,13.001024
msrvtt_835.mp4,96.644562, 5.080364,38.277145
msrvtt_8377.mp4,95.286156, 4.813566,34.290119
msrvtt_8424.mp4,99.211906, 6.680579,56.816216
msrvtt_8455.mp4,96.077553, 3.422832,31.162218
msrvtt_8489.mp4,99.405563, 8.105740,62.537048
msrvtt_856.mp4,66.385178, 2.976347,13.450901
msrvtt_8863.mp4,84.635284, 4.083869,22.064381
msrvtt_8898.mp4,91.355728, 4.991396,29.322582
msrvtt_9258.mp4,98.573250, 5.332496,47.359093
msrvtt_9354.mp4,99.188820, 5.489863,53.381168
msrvtt_9437.mp4,81.798630, 3.628934,19.525990
msrvtt_9657.mp4,78.923187, 4.955383,21.608070
msrvtt_9780.mp4,95.551369, 5.765090,37.507420
msrvtt_9784.mp4,93.218201, 3.526957,26.920033
msrvtt_9873.mp4,98.789337, 5.359955,49.060478
msrvtt_9916.mp4,77.776314, 2.749132,15.595367
-KE9zHM2PPE_000191_000201.mp4,98.831047, 7.612666,55.109711
-TJHwkpAlls_000006_000016.mp4,99.394379, 10.261690,66.005753
-cJr27dbEZo_000028_000038.mp4,98.368492, 6.517223,49.284023
10HaDs92NdE_000077_000087.mp4,85.184677, 2.745622,18.301971
14MZcvxmQ1k_000121_000131.mp4,52.253407, 2.953853,10.944501
2-DxJ7Vtte0_000083_000093.mp4,90.184502, 4.096098,25.717772
3mEUohgCrf4_000042_000052.mp4,44.921871, 2.530554,9.045901
3mdDqxRnG3E_000088_000098.mp4,98.542862, 8.935008,55.593437
44by626mLr8_000000_000010.mp4,68.667709, 2.694763,13.198350
47H9cL2CYWc_000032_000042.mp4,93.828133, 7.025909,37.373932
58sbv8bG1PY_000001_000011.mp4,80.584663, 4.057816,20.161022
5FHCVcNAAL4_000013_000023.mp4,73.404327, 1.992065,12.105176
5rEVlp0ADFs_000022_000032.mp4,99.134354, 6.040244,54.284550
6boZdDfa1CQ_000038_000048.mp4,98.534622, 8.857515,55.394218
7A2LiXFnGQw_000025_000035.mp4,29.197693, 2.105995,6.365573
A9lRkfvOGH4_000095_000105.mp4,99.025818, 6.274452,53.745453
A_V9gpuuzaA_000023_000033.mp4,91.785583, 6.510594,33.491550
AelLoY8rCt4_000002_000012.mp4,93.632912, 4.845463,31.645685
BMnJmOkEEhk_000002_000012.mp4,94.958809, 6.913235,39.095261
BO1XuuL1ZpA_000000_000010.mp4,98.089722, 6.788919,48.388081
Ctn7v7bb9Hg_000048_000058.mp4,97.160385, 3.837492,35.665894
D5_qapDWZIU_000002_000012.mp4,92.774445, 5.633844,32.610111
DF_7gRarC3k_000058_000068.mp4,96.290413, 9.726281,47.719875
EuLoaD66KNc_000001_000011.mp4,20.114985, 1.487571,4.324206
FXWUBrJmwtA_000004_000014.mp4,98.147041, 10.887202,56.545616
GFEe5fsBME0_000156_000166.mp4,84.732262, 4.064528,22.062525
H49Sn2WhfLY_000000_000010.mp4,17.375950, 1.524970,4.103174
IYuGMoeMXHM_000063_000073.mp4,98.361244, 8.552658,53.716694
JDgPwBrrjbM_000163_000173.mp4,99.514069, 11.385975,69.443947
JEFLfj9JSYM_000015_000025.mp4,92.172173, 3.545319,25.813591
JOr54JNvKZ8_000490_000500.mp4,92.819557, 5.172536,31.467209
JVTaYpYRqZA_000053_000063.mp4,98.407814, 10.859593,57.974464
MeZZuHxWsV8_000001_000011.mp4,82.892769, 1.428003,12.239553
MswslLIhzyk_000100_000110.mp4,99.517799, 9.653779,67.071503
NejYZLJn-A0_000003_000013.mp4,81.274353, 3.963909,20.201660
O4kIQoYXiJQ_000099_000109.mp4,69.202576, 2.639799,13.161821
OWKCL40Ml0k_000001_000011.mp4,97.609039, 10.412496,53.280933
OizAvrr9thY_000002_000012.mp4,96.812996, 4.157124,35.769375
On8dpRaW78Q_000016_000026.mp4,62.593395, 3.081758,12.962118
PiZI-NnRi48_000053_000063.mp4,97.238152, 4.077717,36.814678
PrsZiBMW7ys_000434_000444.mp4,89.945000, 4.628392,27.029127
QqG4JC11dVE_000062_000072.mp4,98.488167, 12.822878,61.236179
ReaEBU4m1jo_000150_000160.mp4,99.065041, 13.708472,66.680183
RnwidjJiDEE_000105_000115.mp4,60.559982, 3.437101,13.366346
RvBKuQeVtLs_000043_000053.mp4,57.563721, 2.554708,10.871858
TdBkRNakiCg_000051_000061.mp4,98.509560, 8.243437,54.039967
TgKKg8TFD74_000123_000133.mp4,95.977058, 5.406280,37.492760
UGKTyrmLg5U_000047_000057.mp4,91.546341, 4.373048,27.788887
VCFXo1kxhtI_000000_000010.mp4,86.288918, 3.626870,21.663969
VDJgjhA-bBU_000040_000050.mp4,98.456612, 4.980989,45.494862
WBHDOA5EGUs_000001_000011.mp4,92.087021, 2.618566,22.251949
WL7xHzaX5Y4_000054_000064.mp4,94.406868, 4.770700,32.599094
XKcVLbwGryg_000097_000107.mp4,92.800232, 4.521476,29.613213
Ynj7rzBM3Eo_000062_000072.mp4,99.378349, 10.105399,65.540421
ZNMi-TPANUo_000141_000151.mp4,57.411427, 1.658452,8.504930
ZS-2oM-PRUs_000086_000096.mp4,67.791252, 3.916239,15.930671
aBI6r8RmEfA_000022_000032.mp4,99.339600, 10.139463,65.054977
a_fI5qfd5_g_000013_000023.mp4,95.637749, 6.712666,40.048107
abGQPMxaGg0_000000_000010.mp4,61.427105, 2.101076,10.307071
auMbsIMzvtg_000003_000013.mp4,93.163231, 6.455933,35.109859
cJ6mmbUgQDo_000057_000067.mp4,97.823265, 12.356413,57.119362
d8fFRO4-ZsY_000027_000037.mp4,91.689995, 4.894207,29.408890
dpjnHIl1L4Y_000002_000012.mp4,84.579376, 3.095455,19.170069
dsOuHGSkpvA_000001_000011.mp4,90.943024, 3.378922,24.083105
fBN0EWsZbnk_000005_000015.mp4,75.558945, 5.828895,22.121742
fqO7-SGKNpc_000231_000241.mp4,44.236423, 3.946705,11.520620
gMapBCsDgHo_000029_000039.mp4,93.244354, 4.112419,28.913044
gZqmPiW44n0_000009_000019.mp4,49.569340, 2.760830,10.149361
hlP_KniNQHw_000090_000100.mp4,99.388077, 12.950712,69.426270
iS8uNzzVKsM_000000_000010.mp4,98.560051, 13.770517,62.871456
jFehurLFxBM_000134_000144.mp4,94.905586, 4.986325,34.083687
jcdYx1sku0Q_000225_000235.mp4,99.579536, 15.645085,75.056610
lMh6hC_hlhQ_000013_000023.mp4,97.114250, 7.315490,45.510666
lRhfilCsk0Y_000287_000297.mp4,96.109459, 5.611916,38.380165
llCbLdjOR-4_000095_000105.mp4,97.180130, 6.797176,44.545338
mMhZPyqOhHU_000035_000045.mp4,55.464523, 3.834368,13.224541
nQVmDb5rDq0_000006_000016.mp4,88.366325, 8.131098,33.401783
oQbMYMaxnUc_000002_000012.mp4,28.018566, 2.605304,7.056793
okRrPhFsSOI_000015_000025.mp4,95.721336, 8.315416,43.676315
pB6CKj29kkI_000027_000037.mp4,98.312393, 7.278842,50.760506
pwK2lTvM3Xc_000000_000010.mp4,35.417774, 1.986797,6.825967
qxe9LzPoI-g_000060_000070.mp4,66.176796, 1.720875,9.907347
sceHTuMKCTs_000012_000022.mp4,96.008354, 6.185837,39.635124
syz8cSK8OB8_000006_000016.mp4,98.147514, 8.751565,52.889198
tNidFE66pCs_000217_000227.mp4,88.013702, 6.795233,30.541924
tYtYa83rJrk_000000_000010.mp4,49.182014, 2.536074,9.621415
tiRvQoNpP3Q_000017_000027.mp4,48.296227, 1.897512,8.055157
uPx1fBlL7s4_000001_000011.mp4,97.134605, 10.796151,52.091576
ukfg3zHCi0A_000067_000077.mp4,96.996536, 7.611647,45.761944
vUYewS5TqJ8_000091_000101.mp4,98.152702, 8.058507,51.545258
w8uoZnbEU-w_000014_000024.mp4,71.937355, 2.781436,14.153415
wj6D8sO-9MA_000015_000025.mp4,74.894806, 3.234303,16.129892
wrFsSfx4YNI_000001_000011.mp4,98.656479, 7.401105,53.284996
x07blSs5X_w_000778_000788.mp4,86.462440, 7.351752,30.485954
xxLKkOpwtYQ_000051_000061.mp4,99.496933, 12.954362,71.034500
yQ-vPljimfE_000040_000050.mp4,82.035843, 4.312607,21.412363
yqnNHP6AXG4_000003_000013.mp4,97.472153, 7.615856,47.489754
yrH3Fd9Wi2E_000028_000038.mp4,42.123871, 1.883807,7.333211
zVefBU3S7d4_000011_000021.mp4,91.058311, 5.997595,31.526381
zjWddFrCi1g_000174_000184.mp4,92.448006, 9.092748,39.425087
MorphStudio_107.mp4,99.284935, 9.825979,63.852345
MorphStudio_133.mp4,97.282028, 10.632412,52.359074
MorphStudio_136.mp4,94.868011, 7.654231,40.525715
MorphStudio_141.mp4,98.316452, 10.823705,57.379620
MorphStudio_142.mp4,99.005775, 9.094589,59.563530
MorphStudio_151.mp4,77.628235, 7.156934,25.357470
MorphStudio_153.mp4,93.797691, 4.921777,32.100124
MorphStudio_155.mp4,99.155174, 12.045526,65.543381
MorphStudio_156.mp4,59.696930, 2.659245,11.461017
MorphStudio_17.mp4,98.431335, 4.168664,42.531506
MorphStudio_179.mp4,95.742531, 9.850095,46.540485
MorphStudio_180.mp4,99.701271, 6.747969,65.943695
MorphStudio_185.mp4,99.609726, 11.319566,71.150612
MorphStudio_186.mp4,99.213516, 10.007321,63.273853
MorphStudio_189.mp4,94.197372, 6.674284,37.185020
MorphStudio_20.mp4,99.860054, 14.218925,81.195358
MorphStudio_203.mp4,94.688858, 9.739788,44.110306
MorphStudio_204.mp4,98.555122, 8.276257,54.410278
MorphStudio_221.mp4,94.418320, 9.414574,43.043358
MorphStudio_225.mp4,98.982132, 15.057264,67.419571
MorphStudio_228.mp4,99.242661, 8.260187,60.586357
MorphStudio_23.mp4,99.835556, 10.144406,76.230881
MorphStudio_232.mp4,95.843430, 6.522299,40.068478
MorphStudio_238.mp4,80.911888, 5.212639,23.009087
MorphStudio_241.mp4,94.255524, 9.834561,43.475468
MorphStudio_245.mp4,98.767731, 7.654051,54.683475
MorphStudio_248.mp4,99.324760, 13.482340,69.206963
MorphStudio_254.mp4,98.772308, 10.513000,59.923626
MorphStudio_259.mp4,92.740685, 8.091268,37.971355
MorphStudio_26.mp4,99.598732, 10.394228,69.708755
MorphStudio_273.mp4,86.106201, 9.150953,33.394592
MorphStudio_274.mp4,91.135475, 7.092167,34.019058
MorphStudio_281.mp4,98.849304, 7.766586,55.590267
MorphStudio_288.mp4,99.179672, 11.168129,64.619476
MorphStudio_289.mp4,93.738708, 6.112118,35.132935
MorphStudio_291.mp4,94.403168, 7.496397,39.339527
MorphStudio_296.mp4,98.122429, 12.010561,58.073227
MorphStudio_332.mp4,98.222847, 9.589894,54.825951
MorphStudio_337.mp4,84.550606, 3.979080,21.738287
MorphStudio_349.mp4,98.456406, 8.932452,55.025185
MorphStudio_35.mp4,99.419617, 10.348764,66.507317
MorphStudio_352.mp4,92.348495, 5.265839,31.139814
MorphStudio_355.mp4,94.656013, 3.059566,27.098787
MorphStudio_357.mp4,97.943321, 5.433960,44.064415
MorphStudio_358.mp4,98.868782, 10.102416,60.047256
MorphStudio_362.mp4,98.438553, 6.892681,50.634563
MorphStudio_369.mp4,98.645676, 5.856983,49.387611
MorphStudio_377.mp4,97.375420, 7.189049,46.169315
MorphStudio_385.mp4,98.376289, 7.019974,50.547672
MorphStudio_4.mp4,99.854736, 13.834100,80.670540
MorphStudio_401.mp4,99.706848, 12.702549,74.923477
MorphStudio_41.mp4,95.623901, 5.155680,35.986752
MorphStudio_420.mp4,99.570068, 4.389071,55.986649
MorphStudio_426.mp4,98.113419, 5.665392,45.579460
MorphStudio_429.mp4,97.839172, 11.414740,55.841530
MorphStudio_434.mp4,98.369713, 9.264917,55.097134
MorphStudio_460.mp4,36.133209, 3.440747,9.472414
MorphStudio_486.mp4,97.049004, 6.059746,42.257778
MorphStudio_49.mp4,99.426117, 5.631262,57.141972
MorphStudio_495.mp4,97.071198, 9.971831,50.520782
MorphStudio_505.mp4,91.554466, 4.053127,26.835972
MorphStudio_514.mp4,98.643898, 6.891534,52.024303
MorphStudio_52.mp4,70.999542, 2.592186,13.415328
MorphStudio_53.mp4,95.623283, 8.512079,43.832630
MorphStudio_531.mp4,77.716675, 4.982202,21.200598
MorphStudio_536.mp4,94.459572, 2.014646,21.992939
MorphStudio_539.mp4,99.756203, 9.473245,72.418999
MorphStudio_54.mp4,97.634514, 2.182992,29.492626
MorphStudio_540.mp4,97.738411, 3.629819,36.954029
MorphStudio_541.mp4,98.637970, 7.077691,52.417816
MorphStudio_543.mp4,94.064308, 2.622679,24.420439
MorphStudio_544.mp4,98.878166, 3.262649,41.971630
MorphStudio_546.mp4,98.103973, 7.214808,49.460339
MorphStudio_55.mp4,94.187622, 5.375319,33.949715
MorphStudio_56.mp4,93.734917, 4.977121,32.165485
MorphStudio_560.mp4,98.481628, 6.744557,50.555496
MorphStudio_565.mp4,95.607658, 5.406989,36.661194
MorphStudio_568.mp4,97.033325, 5.609144,40.989189
MorphStudio_569.mp4,99.766052, 10.428174,74.010727
MorphStudio_570.mp4,96.008873, 3.771944,32.342087
MorphStudio_574.mp4,98.882088, 11.955184,62.892277
MorphStudio_58.mp4,99.423828, 5.316018,56.190254
MorphStudio_580.mp4,98.682640, 3.445045,41.266827
MorphStudio_585.mp4,99.275017, 9.734288,63.580822
MorphStudio_590.mp4,99.839279, 7.805450,73.079254
MorphStudio_599.mp4,71.389046, 3.464274,15.778281
MorphStudio_630.mp4,99.192612, 6.064278,55.026817
MorphStudio_633.mp4,99.887306, 14.860588,82.902946
MorphStudio_638.mp4,97.262177, 9.066120,49.590958
MorphStudio_654.mp4,98.930527, 9.397964,59.403229
MorphStudio_657.mp4,99.375000, 9.786706,65.000412
MorphStudio_670.mp4,99.425758, 7.739042,62.134594
MorphStudio_687.mp4,99.536224, 11.907184,70.477623
MorphStudio_693.mp4,99.333466, 9.067903,63.237373
MorphStudio_75.mp4,98.584290, 10.693422,58.846943
MorphStudio_83.mp4,98.874512, 10.089450,60.074394
MorphStudio_9.mp4,99.349350, 13.887684,69.958214
MorphStudio_90.mp4,95.990219, 9.288657,46.161182
MorphStudio_97.mp4,94.691780, 6.544281,37.744480
MorphStudio_98.mp4,94.302391, 2.172340,22.606915
Pika_019.mp4,99.883324, 11.267330,79.754448
Pika_1004.mp4,93.228874, 5.954657,34.011570
Pika_11883.mp4,96.347366, 7.976936,44.577591
Pika_12623.mp4,97.385674, 14.848116,58.500229
Pika_13468.mp4,98.587242, 12.476812,61.418278
Pika_13675.mp4,99.695633, 12.105455,74.006836
Pika_14731.mp4,98.244820, 8.106050,52.149422
Pika_14801.mp4,99.670570, 10.621959,71.613602
Pika_1563.mp4,94.451561, 9.690197,43.582001
Pika_16236.mp4,99.123161, 8.608108,59.866531
Pika_16403.mp4,65.456650, 3.424293,14.315028
Pika_16863.mp4,87.339119, 7.067730,30.572847
Pika_18826.mp4,99.588829, 13.854864,73.563049
Pika_19213.mp4,99.354073, 14.762415,70.923660
Pika_20628.mp4,99.864731, 15.808591,82.521744
Pika_21835.mp4,99.520889, 10.774526,68.753258
Pika_22193.mp4,98.693581, 8.590237,56.008003
Pika_23706.mp4,96.091110, 8.553670,45.047283
Pika_23840.mp4,99.431435, 12.268913,69.235626
Pika_23988.mp4,99.661560, 11.949478,73.024040
Pika_24067.mp4,90.509323, 5.745067,30.383781
Pika_25911.mp4,99.615509, 11.824265,71.882904
Pika_27052.mp4,99.854668, 14.402641,81.109993
Pika_27553.mp4,94.841141, 6.655603,38.280697
Pika_28898.mp4,97.500786, 11.611759,54.698799
Pika_30602.mp4,97.289314, 6.701745,44.707672
Pika_30618.mp4,98.354836, 11.765527,58.998531
Pika_30712.mp4,89.754196, 10.240262,38.235851
Pika_32798.mp4,99.659615, 12.467573,73.557945
Pika_33074.mp4,97.864487, 10.629124,54.748386
Pika_34481.mp4,99.189354, 10.286541,63.431908
Pika_34515.mp4,98.631973, 12.079422,61.185501
Pika_35578.mp4,97.959427, 10.076150,54.295071
Pika_36832.mp4,97.552422, 6.139155,44.303642
Pika_39255.mp4,88.250938, 4.366886,25.004219
Pika_39520.mp4,93.330437, 6.511746,35.474430
Pika_40162.mp4,98.809441, 13.851817,64.701675
Pika_42391.mp4,92.364639, 6.606043,34.398216
Pika_42833.mp4,98.483047, 9.407866,56.055729
Pika_44040.mp4,94.343544, 7.644528,39.543678
Pika_45074.mp4,99.800697, 12.773602,77.715096
Pika_46553.mp4,99.249878, 13.009655,67.774689
Pika_47942.mp4,96.882675, 8.467018,47.148117
Pika_49025.mp4,99.419243, 13.469063,70.437431
Pika_49292.mp4,96.233711, 7.171953,42.545979
Pika_51349.mp4,73.501236, 1.766687,11.352179
Pika_52116.mp4,99.691925, 5.243127,61.891525
Pika_5333.mp4,99.542023, 12.653581,71.450813
Pika_56164.mp4,99.051331, 12.482095,65.072037
Pika_57219.mp4,97.581169, 11.859353,55.382950
Pika_58594.mp4,99.825356, 12.912625,78.722412
Pika_58851.mp4,99.354530, 16.516129,72.575027
Pika_59635.mp4,99.088249, 11.259912,63.794464
Pika_59802.mp4,19.187714, 4.582583,8.215935
Pika_60034.mp4,99.588303, 13.180659,72.862587
Pika_61102.mp4,94.405807, 8.167331,40.706738
Pika_62101.mp4,99.504601, 11.733132,69.722954
Pika_62374.mp4,99.728706, 10.666345,73.186172
Pika_62500.mp4,77.023781, 5.335632,21.683840
Pika_62919.mp4,97.713348, 12.118476,56.305450
Pika_62921.mp4,99.315155, 15.357491,71.036049
Pika_63134.mp4,98.926964, 11.824590,63.091026
Pika_64370.mp4,99.710808, 12.405290,74.712181
Pika_65940.mp4,99.128647, 10.809516,63.558632
Pika_66020.mp4,97.809540, 9.677896,52.914299
Pika_67006.mp4,91.798630, 9.356350,39.051533
Pika_67458.mp4,99.674133, 11.148279,72.367271
Pika_67696.mp4,98.347565, 7.295959,51.007740
Pika_6876.mp4,98.827118, 4.719458,47.330463
Pika_69535.mp4,99.850609, 15.913513,82.026619
Pika_69647.mp4,99.852005, 14.029066,80.711685
Pika_69860.mp4,98.072319, 7.666051,50.296040
Pika_7128.mp4,99.539726, 12.000890,70.652237
Pika_71463.mp4,98.841904, 8.861189,57.683475
Pika_72514.mp4,99.476257, 12.411569,70.085548
Pika_74439.mp4,83.343872, 3.207721,18.964722
Pika_74681.mp4,99.801399, 13.290012,78.216675
Pika_76779.mp4,99.489273, 8.687839,64.978096
Pika_7820.mp4,98.957649, 12.342627,64.044960
Pika_80113.mp4,99.853119, 14.223451,80.908974
Pika_80277.mp4,97.160912, 8.876105,48.872131
Pika_80939.mp4,99.339584, 9.123652,63.417061
Pika_83167.mp4,90.105614, 6.611311,31.958065
Pika_85401.mp4,98.048714, 9.288946,53.370903
Pika_85831.mp4,99.550476, 11.945360,70.777115
Pika_85888.mp4,99.246864, 12.917534,67.631226
Pika_87471.mp4,96.802513, 9.767769,49.288918
Pika_87969.mp4,99.574265, 13.037364,72.449654
Pika_90491.mp4,99.963615, 17.758570,89.561752
Pika_9120.mp4,99.227158, 12.190399,66.514168
Pika_91864.mp4,91.324524, 8.367336,36.728634
Pika_9222.mp4,99.534760, 10.027583,67.943039
Pika_92525.mp4,99.610504, 10.619009,70.259781
Pika_93073.mp4,98.840523, 7.231536,54.350292
Pika_94492.mp4,99.861671, 14.897694,81.766289
Pika_94521.mp4,99.770409, 12.671821,76.643806
Pika_94611.mp4,91.603676, 5.192087,30.110928
Pika_96078.mp4,99.715981, 16.402649,78.404388
Pika_96120.mp4,98.159988, 6.640669,48.398956
Pika_96230.mp4,97.761902, 13.494436,58.355965
yplug_pre_train_0000050_1_10.mp4,77.819206, 3.401730,17.457317
yplug_pre_train_0000235_18_10.mp4,33.440285, 2.376524,7.336553
yplug_pre_train_0000422_34_10.mp4,90.251572, 4.042941,25.615681
yplug_pre_train_0000649_52_10.mp4,97.385605, 5.248759,41.177986
yplug_pre_train_0000946_59_10.mp4,96.961693, 4.192046,36.335148
yplug_pre_train_0000964_31_10.mp4,99.298943, 8.009524,60.820873
yplug_pre_train_0001006_86_10.mp4,93.019775, 6.658930,35.373058
yplug_pre_train_0001152_25_10.mp4,99.017212, 9.575433,60.504871
yplug_pre_train_0001174_2_10.mp4,98.692688, 7.045364,52.746494
yplug_pre_train_0001249_42_10.mp4,68.562149, 2.079669,11.431076
yplug_pre_train_0001570_15_10.mp4,92.998634, 5.724232,33.129074
yplug_pre_train_0001599_0_10.mp4,98.232445, 6.169984,47.600136
yplug_pre_train_0001620_24_10.mp4,91.214905, 5.284124,29.943409
yplug_pre_train_0001694_11_10.mp4,95.729134, 3.919395,32.272415
yplug_pre_train_0001707_7_10.mp4,98.543221, 7.731307,53.206467
yplug_pre_train_0001767_13_10.mp4,96.125702, 7.519794,43.029369
yplug_pre_train_0001918_73_10.mp4,97.353088, 6.803292,45.187096
yplug_pre_train_0002008_16_10.mp4,76.744598, 5.030065,20.944536
yplug_pre_train_0002012_2_10.mp4,16.669220, 1.632419,4.193559
yplug_pre_train_0002094_0_10.mp4,92.198402, 4.792284,29.684717
yplug_pre_train_0002200_16_10.mp4,73.390999, 2.964665,15.007721
yplug_pre_train_0002211_0_10.mp4,97.029358, 5.994947,42.022568
yplug_pre_train_0002244_16_10.mp4,78.675804, 4.982072,21.568817
yplug_pre_train_0002344_49_10.mp4,90.544304, 6.386737,31.892862
yplug_pre_train_0000024_13_10.mp4,98.711639, 9.554802,57.893723
yplug_pre_train_0000127_2_10.mp4,75.611656, 3.607455,17.298901
yplug_pre_train_0000050_1_10.mp4,73.572243, 3.105690,15.431931
yplug_pre_train_0000235_18_10.mp4,58.399136, 2.367103,10.543268
yplug_pre_train_0000422_34_10.mp4,88.032394, 3.812151,23.272449
yplug_pre_train_0000649_52_10.mp4,97.331825, 5.681304,42.222862
yplug_pre_train_0000050_1_10.mp4,76.849464, 3.299891,16.877846
yplug_pre_train_0000235_18_10.mp4,69.863007, 2.371483,12.546262
yplug_pre_train_0000422_34_10.mp4,88.972092, 3.752872,23.740906
yplug_pre_train_0000649_52_10.mp4,96.239265, 4.669452,35.939651
yplug_pre_train_0000946_59_10.mp4,96.124802, 4.456447,34.978363
yplug_pre_train_0000964_31_10.mp4,99.403679, 8.566739,63.367168
yplug_pre_train_0001006_86_10.mp4,92.785385, 6.008238,33.547230
yplug_pre_train_0001152_25_10.mp4,99.058823, 9.782829,61.255177
yplug_pre_train_0001174_2_10.mp4,98.794624, 7.688013,54.971539
yplug_pre_train_0001249_42_10.mp4,75.269089, 1.686646,11.426468
yplug_pre_train_0001570_15_10.mp4,91.790787, 7.816929,36.226227
yplug_pre_train_0001599_0_10.mp4,98.188339, 7.030959,49.487938
yplug_pre_train_0001620_24_10.mp4,93.966057, 5.040500,32.685558
yplug_pre_train_0001694_11_10.mp4,96.258934, 3.306195,31.103914
yplug_pre_train_0001707_7_10.mp4,98.510132, 7.987140,53.522255
yplug_pre_train_0001767_13_10.mp4,96.221695, 6.134813,40.039604
yplug_pre_train_0001918_73_10.mp4,97.288528, 7.385443,46.286358
yplug_pre_train_0002008_16_10.mp4,75.041145, 4.552658,19.333422
yplug_pre_train_0002012_2_10.mp4,16.017427, 1.644570,4.137776
yplug_pre_train_0002094_0_10.mp4,92.627892, 5.613471,32.373600
yplug_pre_train_0002200_16_10.mp4,73.224762, 2.476620,13.585409
yplug_pre_train_0002211_0_10.mp4,96.763138, 6.128838,41.532291
yplug_pre_train_0002244_16_10.mp4,78.544365, 4.694669,20.880709
yplug_pre_train_0002344_49_10.mp4,90.597862, 6.674621,32.575138
yplug_pre_train_0002365_35_10.mp4,99.127022, 8.362801,59.444153
yplug_pre_train_0002702_31_10.mp4,60.224430, 3.339216,13.094059
yplug_pre_train_0003054_0_10.mp4,94.066650, 4.113595,30.038982
yplug_pre_train_0003063_52_10.mp4,99.511589, 9.260966,66.338310
yplug_pre_train_0003216_23_10.mp4,94.931816, 6.414861,37.885033
yplug_pre_train_0003227_15_10.mp4,99.041862, 10.359092,62.007702
yplug_pre_train_0003269_41_10.mp4,61.624401, 3.819367,14.372262
yplug_pre_train_0003323_0_10.mp4,98.178192, 6.596814,48.389359
yplug_pre_train_0003394_7_10.mp4,83.083138, 3.219038,18.887217
yplug_pre_train_0003403_51_10.mp4,92.360069, 6.257187,33.598396
yplug_pre_train_0003522_6_10.mp4,98.245361, 6.929209,49.565899
yplug_pre_train_0003768_33_10.mp4,94.223312, 8.964262,41.891922
yplug_pre_train_0003778_10_10.mp4,93.913696, 7.918442,39.376148
yplug_pre_train_0003894_20_10.mp4,97.963516, 8.768788,51.983650
yplug_pre_train_0004352_20_10.mp4,91.145691, 7.653375,35.165604
yplug_pre_train_0004417_4_10.mp4,97.144241, 5.013443,39.615891
yplug_pre_train_0004438_4_10.mp4,97.706169, 8.405388,50.093452
yplug_pre_train_0004456_16_10.mp4,96.942406, 7.284172,44.865452
yplug_pre_train_0004495_15_10.mp4,94.769821, 6.373580,37.482689
yplug_pre_train_0004702_0_10.mp4,94.082527, 6.952809,37.622131
yplug_pre_train_0004898_13_10.mp4,97.420609, 4.805326,39.940399
yplug_pre_train_0000050_1_10.mp4,72.857979, 3.515719,16.287018
yplug_pre_train_0000235_18_10.mp4,73.478630, 2.508833,13.740523
yplug_pre_train_0000422_34_10.mp4,89.201431, 3.756389,23.918516
yplug_pre_train_0000649_52_10.mp4,97.047981, 5.922357,41.891487
yplug_pre_train_0000946_59_10.mp4,97.020157, 4.316878,36.950645
yplug_pre_train_0000964_31_10.mp4,99.303505, 7.789605,60.441483
yplug_pre_train_0001006_86_10.mp4,93.346481, 6.400449,35.240303
yplug_pre_train_0001152_25_10.mp4,99.205032, 9.184978,61.819180
yplug_pre_train_0001174_2_10.mp4,98.663551, 7.563870,53.693954
yplug_pre_train_0001249_42_10.mp4,68.961220, 2.359713,12.332141
yplug_pre_train_0001570_15_10.mp4,90.866943, 7.365518,34.291328
yplug_pre_train_0001599_0_10.mp4,98.210930, 6.966477,49.461220
yplug_pre_train_0001620_24_10.mp4,91.130234, 4.785366,28.540298
yplug_pre_train_0001694_11_10.mp4,96.379265, 3.481718,32.096107
yplug_pre_train_0001707_7_10.mp4,98.487061, 7.590765,52.531582
yplug_pre_train_0000050_1_10.mp4,73.662300, 3.692412,16.938696
yplug_pre_train_0000235_18_10.mp4,71.052528, 2.285543,12.537475
yplug_pre_train_0000422_34_10.mp4,88.608253, 3.625165,23.092018
yplug_pre_train_0000649_52_10.mp4,95.738571, 5.457044,37.086479
yplug_pre_train_0000946_59_10.mp4,97.600922, 6.148368,44.524994
yplug_pre_train_0000964_31_10.mp4,99.379410, 7.382940,60.676430
yplug_pre_train_0001006_86_10.mp4,93.086739, 6.770945,35.715603
yplug_pre_train_0001152_25_10.mp4,99.230537, 9.112870,61.996090
yplug_pre_train_0001174_2_10.mp4,98.885345, 7.340716,54.979790
yplug_pre_train_0001249_42_10.mp4,72.318451, 2.289363,12.818048
yplug_pre_train_0001570_15_10.mp4,91.604088, 6.257448,32.713337
yplug_pre_train_0001599_0_10.mp4,98.210526, 6.829893,49.134510
yplug_pre_train_0001620_24_10.mp4,91.033997, 4.624970,28.003857
yplug_pre_train_0001694_11_10.mp4,96.217155, 3.747653,32.729038
yplug_pre_train_0001707_7_10.mp4,98.409714, 7.463641,51.760983
yplug_pre_train_0000050_1_10.mp4,79.391891, 3.499799,18.255371
yplug_pre_train_0000235_18_10.mp4,67.839302, 3.421372,14.828289
yplug_pre_train_0000422_34_10.mp4,90.101067, 3.803271,24.759432
yplug_pre_train_0000649_52_10.mp4,96.629730, 5.758541,40.161976
yplug_pre_train_0000946_59_10.mp4,96.830605, 4.400428,36.658649
yplug_pre_train_0000964_31_10.mp4,99.454063, 8.043859,63.196732
yplug_pre_train_0001006_86_10.mp4,91.831444, 5.707077,31.663319
yplug_pre_train_0001152_25_10.mp4,99.298157, 8.729945,62.168812
yplug_pre_train_0001174_2_10.mp4,98.374443, 6.765054,49.930157
yplug_pre_train_0001249_42_10.mp4,71.208488, 1.765493,10.906200
yplug_pre_train_0001570_15_10.mp4,91.486542, 6.626831,33.410488
yplug_pre_train_0001599_0_10.mp4,98.199188, 6.443792,48.121513
yplug_pre_train_0001620_24_10.mp4,93.141708, 4.786273,30.810633
yplug_pre_train_0001694_11_10.mp4,95.046112, 4.109709,31.610754
yplug_pre_train_0001707_7_10.mp4,98.495552, 8.345932,54.152344
yplug_pre_train_0001767_13_10.mp4,96.138893, 6.572522,40.910301
yplug_pre_train_0001918_73_10.mp4,97.890617, 7.043506,48.006649
yplug_pre_train_0002008_16_10.mp4,69.884102, 5.375149,19.423090
yplug_pre_train_0002012_2_10.mp4,16.186920, 1.642532,4.154143
yplug_pre_train_0002094_0_10.mp4,93.533165, 5.352219,32.902470
yplug_pre_train_0002200_16_10.mp4,73.730721, 2.687762,14.322205
yplug_pre_train_0002211_0_10.mp4,96.693260, 5.989564,40.961880
yplug_pre_train_0000050_1_10.mp4,75.245781, 3.611085,17.198212
yplug_pre_train_0000235_18_10.mp4,65.579346, 3.016749,13.386962
yplug_pre_train_0000422_34_10.mp4,88.791077, 3.933224,24.153585
yplug_pre_train_0000649_52_10.mp4,96.375298, 5.665267,39.205708
yplug_pre_train_0000946_59_10.mp4,97.324211, 4.023592,36.911884
yplug_pre_train_0000964_31_10.mp4,99.380035, 8.394539,62.696373
yplug_pre_train_0001006_86_10.mp4,93.280167, 6.646527,35.709404
yplug_pre_train_0001152_25_10.mp4,98.924492, 9.352596,59.271175
yplug_pre_train_0001174_2_10.mp4,98.368454, 7.141569,50.782001
yplug_pre_train_0001249_42_10.mp4,69.418007, 2.014221,11.387213
yplug_pre_train_0001570_15_10.mp4,89.827682, 6.825467,32.151104
yplug_pre_train_0001599_0_10.mp4,98.188087, 6.606632,48.467602
yplug_pre_train_0001620_24_10.mp4,91.775772, 4.316112,27.855801
yplug_pre_train_0001694_11_10.mp4,96.091522, 3.984393,33.296364
yplug_pre_train_0001707_7_10.mp4,98.466316, 7.311550,51.780350
yplug_pre_train_0000050_1_10.mp4,72.526161, 3.324411,15.724119
yplug_pre_train_0000235_18_10.mp4,36.625515, 2.604229,8.134010
yplug_pre_train_0000422_34_10.mp4,90.159294, 4.003687,25.420403
yplug_pre_train_0000649_52_10.mp4,97.318253, 6.373992,44.005497
yplug_pre_train_0000946_59_10.mp4,96.925621, 4.360705,36.808594
yplug_pre_train_0000964_31_10.mp4,99.329636, 7.938959,61.099117
yplug_pre_train_0001006_86_10.mp4,93.933372, 6.693274,36.798855
yplug_pre_train_0001152_25_10.mp4,99.183571, 9.653815,62.362434
yplug_pre_train_0001174_2_10.mp4,98.845848, 7.739906,55.504807
yplug_pre_train_0001249_42_10.mp4,72.852173, 1.707301,11.013278
yplug_pre_train_0001570_15_10.mp4,90.751625, 7.078303,33.583961
yplug_pre_train_0001599_0_10.mp4,98.186234, 6.920633,49.217037
yplug_pre_train_0001620_24_10.mp4,93.461517, 4.266902,29.682116
yplug_pre_train_0001694_11_10.mp4,96.068130, 3.752230,32.402203
yplug_pre_train_0001707_7_10.mp4,98.498116, 6.869532,50.963993
yplug_pre_train_0000050_1_10.mov,75.829491, 3.662636,17.503458
yplug_pre_train_0000235_18_10.mov,41.554211, 2.049245,7.632879
yplug_pre_train_0000422_34_10.mov,88.239876, 3.784902,23.329264
yplug_pre_train_0000649_52_10.mov,96.943993, 6.637092,43.366058
yplug_pre_train_0000946_59_10.mov,97.705292, 4.551059,40.225864
yplug_pre_train_0000964_31_10.mov,99.483925, 8.696075,64.899704
yplug_pre_train_0001006_86_10.mov,93.829315, 5.814115,34.533886
yplug_pre_train_0001152_25_10.mov,99.199181, 8.665739,60.825813
yplug_pre_train_0001174_2_10.mov,98.846764, 7.010533,53.896587
yplug_pre_train_0001249_42_10.mov,70.468971, 1.748657,10.714321
yplug_pre_train_0001570_15_10.mov,93.068138, 7.054948,36.310528
yplug_pre_train_0001599_0_10.mov,98.174980, 6.615943,48.419094
yplug_pre_train_0001620_24_10.mov,90.303848, 4.763741,27.708357
yplug_pre_train_0001694_11_10.mov,96.372536, 3.281631,31.270584
yplug_pre_train_0001707_7_10.mov,98.491219, 7.681672,52.754837
yplug_pre_train_0001767_13_10.mov,96.163704, 6.821602,41.563221
yplug_pre_train_0001918_73_10.mov,97.695152, 7.213098,47.515972
yplug_pre_train_0002008_16_10.mov,70.987747, 4.571633,18.151840
yplug_pre_train_0002012_2_10.mov,14.454659, 1.569179,3.845529
yplug_pre_train_0002094_0_10.mov,91.169991, 5.028136,29.232243
yplug_pre_train_0002200_16_10.mov,72.312218, 3.156453,15.241580
yplug_pre_train_0002211_0_10.mov,96.772659, 6.669536,42.906048
yplug_pre_train_0000050_1_10.mov,76.170853, 3.504690,17.207767
yplug_pre_train_0000235_18_10.mov,73.137535, 2.550144,13.781303
yplug_pre_train_0000422_34_10.mov,87.874977, 4.013938,23.757635
yplug_pre_train_0000649_52_10.mov,96.236786, 5.317130,37.876240
yplug_pre_train_0000946_59_10.mov,97.585129, 3.891273,37.373280
yplug_pre_train_0000964_31_10.mov,99.277367, 8.020174,60.558098
yplug_pre_train_0001006_86_10.mov,93.669106, 5.929599,34.581436
yplug_pre_train_0001152_25_10.mov,99.167320, 9.954655,62.667625
yplug_pre_train_0001174_2_10.mov,98.136055, 7.035860,49.217110
yplug_pre_train_0001249_42_10.mov,69.410744, 1.943578,11.163473
yplug_pre_train_0001570_15_10.mov,91.994492, 6.273468,33.196606
yplug_pre_train_0001599_0_10.mov,98.194618, 7.148810,49.795364
yplug_pre_train_0001620_24_10.mov,91.846138, 5.122321,30.189684
yplug_pre_train_0001694_11_10.mov,96.152924, 3.569027,31.903128
yplug_pre_train_0001707_7_10.mov,98.442932, 7.320602,51.651215
yplug_pre_train_0000050_1_10.mov,77.900040, 3.454677,17.624947
yplug_pre_train_0000235_18_10.mov,72.278954, 2.823775,14.350224
yplug_pre_train_0000422_34_10.mov,88.282616, 3.952799,23.855024
yplug_pre_train_0000649_52_10.mov,97.152176, 6.221265,43.025444
yplug_pre_train_0000946_59_10.mov,96.960655, 5.166991,39.481762
yplug_pre_train_0000964_31_10.mov,99.308632, 8.214591,61.349834
yplug_pre_train_0001006_86_10.mov,92.372009, 7.254558,35.806412
yplug_pre_train_0001152_25_10.mov,99.052391, 8.987368,59.826542
yplug_pre_train_0001174_2_10.mov,98.853172, 7.701480,55.485500
yplug_pre_train_0001249_42_10.mov,72.769974, 2.098288,12.317508
yplug_pre_train_0001570_15_10.mov,91.716827, 6.323157,32.990189
yplug_pre_train_0001599_0_10.mov,98.176468, 6.728269,48.702278
yplug_pre_train_0001620_24_10.mov,92.942337, 5.628801,32.814468
yplug_pre_train_0001694_11_10.mov,96.059486, 3.409478,31.069309
yplug_pre_train_0001767_13_10.mov,96.192848, 6.544818,40.981403
yplug_pre_train_0001918_73_10.mov,97.550339, 7.360750,47.242321
yplug_pre_train_0002008_16_10.mov,73.252800, 5.663590,21.008352
yplug_pre_train_0002012_2_10.mov,18.668579, 1.766979,4.626494
yplug_pre_train_0002094_0_10.mov,94.156639, 5.059525,33.032269
yplug_pre_train_0002200_16_10.mov,73.603935, 2.734455,14.423858
yplug_pre_train_0002244_16_10.mov,81.171242, 4.716450,22.003429
yplug_pre_train_0002344_49_10.mov,90.766098, 5.772254,30.698738
yplug_pre_train_0002365_35_10.mov,98.972183, 9.245060,59.514088
yplug_pre_train_0002702_31_10.mov,55.723984, 3.991868,13.568717
yplug_pre_train_0003054_0_10.mov,94.098701, 3.983571,29.658112
yplug_pre_train_0003063_52_10.mov,99.451408, 10.499835,67.215126
yplug_pre_train_0003216_23_10.mov,95.707687, 7.180625,41.273376
yplug_pre_train_0003227_15_10.mov,99.112854, 10.683686,63.208969
yplug_pre_train_0003269_41_10.mov,62.501652, 3.739748,14.386450
yplug_pre_train_0003323_0_10.mov,98.203781, 6.844005,49.130959
yplug_pre_train_0003394_7_10.mov,83.204636, 3.903772,20.884171
yplug_pre_train_0003403_51_10.mov,92.986374, 5.931160,33.624615
yplug_pre_train_0003522_6_10.mov,97.917900, 7.132519,48.341991
yplug_pre_train_0003768_33_10.mov,94.419739, 7.662313,39.714367
yplug_pre_train_0000050_1_10.mov,74.842110, 3.372585,16.475603
yplug_pre_train_0000235_18_10.mov,69.195084, 2.466761,12.682470
yplug_pre_train_0000422_34_10.mov,88.076042, 3.625353,22.736929
yplug_pre_train_0000649_52_10.mov,97.081551, 7.166503,45.063148
yplug_pre_train_0000946_59_10.mov,96.738937, 4.423721,36.470631
yplug_pre_train_0000964_31_10.mov,99.322037, 7.477539,60.047714
yplug_pre_train_0001006_86_10.mov,92.974960, 6.554626,35.076447
yplug_pre_train_0001152_25_10.mov,99.159508, 9.555202,61.931026
yplug_pre_train_0001174_2_10.mov,98.439148, 7.028688,50.958664
yplug_pre_train_0001249_42_10.mov,71.756889, 2.323045,12.798659
yplug_pre_train_0001570_15_10.mov,91.199814, 7.246762,34.408272
yplug_pre_train_0001599_0_10.mov,98.219887, 6.411438,48.154011
yplug_pre_train_0001620_24_10.mov,92.941406, 4.780351,30.537418
yplug_pre_train_0001694_11_10.mov,95.850647, 4.063944,33.036911
yplug_pre_train_0000050_1_10.mp4,74.542427, 3.611784,16.993387
yplug_pre_train_0000235_18_10.mp4,35.471630, 1.944431,6.746874
yplug_pre_train_0000422_34_10.mp4,88.241646, 3.795805,23.363108
yplug_pre_train_0000649_52_10.mp4,96.548759, 5.285593,38.611748
yplug_pre_train_0000946_59_10.mp4,97.759941, 4.289735,39.550789
yplug_pre_train_0000964_31_10.mp4,99.354149, 8.171447,61.898758
yplug_pre_train_0001006_86_10.mp4,94.021973, 6.550026,36.611996
yplug_pre_train_0001152_25_10.mp4,99.232788, 9.824673,63.210106
yplug_pre_train_0001174_2_10.mp4,98.781883, 7.711436,54.918640
yplug_pre_train_0001249_42_10.mp4,72.094048, 1.806244,11.212770
yplug_pre_train_0001570_15_10.mp4,92.150223, 7.373768,35.774952
yplug_pre_train_0001599_0_10.mp4,98.186096, 6.834201,49.010387
yplug_pre_train_0001620_24_10.mp4,92.291817, 4.360141,28.542311
yplug_pre_train_0001694_11_10.mp4,96.738144, 3.631348,33.612488
yplug_pre_train_0001707_7_10.mp4,98.396812, 7.610209,52.001675
yplug_pre_train_0001767_13_10.mp4,96.204720, 6.810089,41.642143
yplug_pre_train_0001918_73_10.mp4,97.574738, 7.148982,46.863251
yplug_pre_train_0002008_16_10.mp4,71.755310, 4.873023,18.991592
yplug_pre_train_0002012_2_10.mp4,15.234173, 1.693437,4.118094
yplug_pre_train_0002094_0_10.mp4,93.099373, 5.552969,32.828896
yplug_pre_train_0002200_16_10.mp4,72.752274, 3.112740,15.239225
yplug_pre_train_0002211_0_10.mp4,96.529282, 6.650481,42.144085
yplug_pre_train_0002244_16_10.mp4,80.914848, 4.665315,21.772892
yplug_pre_train_0002344_49_10.mp4,90.548347, 5.610756,30.098227
yplug_pre_train_0002365_35_10.mp4,99.191818, 8.040832,59.545231
yplug_pre_train_0002702_31_10.mp4,52.654995, 3.774905,12.617029
yplug_pre_train_0003054_0_10.mp4,94.376289, 4.066254,30.350832
yplug_pre_train_0003063_52_10.mp4,99.241928, 8.941660,61.834072
yplug_pre_train_0003216_23_10.mp4,94.803261, 5.763419,36.024128
yplug_pre_train_0003227_15_10.mp4,98.801231, 11.354492,61.407017
yplug_pre_train_0003269_41_10.mp4,61.204803, 3.904176,14.459184
yplug_pre_train_0003323_0_10.mp4,98.175941, 6.890580,49.089569
yplug_pre_train_0003394_7_10.mp4,83.275642, 3.261822,19.097836
yplug_pre_train_0003403_51_10.mp4,93.254555, 5.761101,33.567749
yplug_pre_train_0003522_6_10.mp4,98.314316, 7.045636,50.236614
yplug_pre_train_0003768_33_10.mp4,95.672867, 7.318987,41.498260
yplug_pre_train_0003778_10_10.mp4,93.723351, 7.809129,38.852283
yplug_pre_train_0000050_1_10.mp4,77.305275, 2.829170,15.694107
yplug_pre_train_0000235_18_10.mp4,54.202618, 2.317546,9.814677
yplug_pre_train_0000422_34_10.mp4,87.782799, 3.735684,22.881899
yplug_pre_train_0000649_52_10.mp4,97.463913, 5.588255,42.457901
yplug_pre_train_0000946_59_10.mp4,97.420006, 5.034684,40.658279
yplug_pre_train_0000964_31_10.mp4,99.342514, 8.535766,62.417404
yplug_pre_train_0001006_86_10.mp4,92.939598, 7.274978,36.600002
yplug_pre_train_0001152_25_10.mp4,99.036964, 10.926894,62.815659
yplug_pre_train_0001174_2_10.mp4,98.657974, 7.563266,53.651733
yplug_pre_train_0001249_42_10.mp4,71.290932, 1.733426,10.811149
yplug_pre_train_0001570_15_10.mp4,93.774521, 6.746002,36.668816
yplug_pre_train_0001599_0_10.mp4,98.177322, 6.708398,48.658554
yplug_pre_train_0001620_24_10.mp4,91.889923, 4.635681,28.903938
yplug_pre_train_0001694_11_10.mp4,96.625694, 3.643988,33.357315
yplug_pre_train_0001707_7_10.mp4,98.543800, 7.777483,53.308498
yplug_pre_train_0001767_13_10.mp4,96.078674, 7.011590,41.785099
yplug_pre_train_0001918_73_10.mp4,97.681717, 7.974352,49.112858
yplug_pre_train_0002008_16_10.mp4,69.704193, 4.303033,17.239542
yplug_pre_train_0002012_2_10.mp4,15.807954, 1.772516,4.301138
yplug_pre_train_0002094_0_10.mp4,93.568787, 5.352829,32.954899
yplug_pre_train_0002200_16_10.mp4,71.815109, 2.564557,13.518453
yplug_pre_train_0002211_0_10.mp4,96.767792, 6.370583,42.159332
yplug_pre_train_0002244_16_10.mp4,82.202202, 4.268162,21.375486
yplug_pre_train_0002344_49_10.mp4,90.739136, 7.051755,33.516029
yplug_pre_train_0000050_1_10.mp4,75.002945, 3.238863,16.172318
yplug_pre_train_0000235_18_10.mp4,71.291946, 2.337947,12.744099
yplug_pre_train_0000422_34_10.mp4,89.615257, 4.157431,25.432858
yplug_pre_train_0000649_52_10.mp4,95.853088, 4.889032,35.705330
yplug_pre_train_0000946_59_10.mp4,96.777969, 5.162758,38.909740
yplug_pre_train_0000964_31_10.mp4,99.348526, 8.461432,62.365013
yplug_pre_train_0001006_86_10.mp4,92.852699, 6.567759,34.941586
yplug_pre_train_0001152_25_10.mp4,99.124435, 9.548100,61.539494
yplug_pre_train_0001174_2_10.mp4,98.826431, 7.182515,54.121040
yplug_pre_train_0001249_42_10.mp4,70.544350, 1.961414,11.431138
yplug_pre_train_0001570_15_10.mp4,89.891472, 7.335740,33.253349
yplug_pre_train_0001599_0_10.mp4,98.196190, 5.987890,46.914146
yplug_pre_train_0001620_24_10.mp4,90.536247, 4.604188,27.481323
yplug_pre_train_0001694_11_10.mp4,96.064560, 3.776055,32.482117
yplug_pre_train_0001707_7_10.mp4,98.530968, 7.524589,52.677773
yplug_pre_train_0001767_13_10.mp4,96.187424, 6.674968,41.279064
yplug_pre_train_0001918_73_10.mp4,97.572327, 7.806809,48.301624
yplug_pre_train_0002008_16_10.mp4,69.383110, 4.097753,16.717310
yplug_pre_train_0002012_2_10.mp4,19.194063, 1.558164,4.349154
yplug_pre_train_0002094_0_10.mp4,92.000465, 5.155844,30.449455
yplug_pre_train_0002200_16_10.mp4,74.628319, 2.648386,14.433045
yplug_pre_train_0002211_0_10.mp4,97.186295, 7.060883,45.184559
yplug_pre_train_0000050_1_10.mp4,76.161697, 2.868270,15.479177
yplug_pre_train_0000235_18_10.mp4,70.969353, 2.232664,12.360983
yplug_pre_train_0000422_34_10.mp4,89.279434, 3.874421,24.335852
yplug_pre_train_0000649_52_10.mp4,97.247353, 6.235805,43.397064
yplug_pre_train_0000050_1_10.mp4,74.698013, 3.518239,16.805082
yplug_pre_train_0000235_18_10.mp4,56.208004, 2.808041,11.243237
yplug_pre_train_0000422_34_10.mp4,89.418343, 3.762884,24.100004
yplug_pre_train_0000649_52_10.mp4,96.340630, 5.897014,39.734314
yplug_pre_train_0000946_59_10.mp4,97.301956, 3.407296,34.418388
yplug_pre_train_0000964_31_10.mp4,99.437202, 7.144789,61.074883
yplug_pre_train_0001006_86_10.mp4,94.239685, 6.468610,36.778984
yplug_pre_train_0001152_25_10.mp4,99.323730, 8.949137,62.899017
yplug_pre_train_0001174_2_10.mp4,98.323105, 6.827442,49.772541
yplug_pre_train_0001249_42_10.mp4,66.976555, 1.729029,10.059568
yplug_pre_train_0001570_15_10.mp4,91.927803, 7.411429,35.580601
yplug_pre_train_0001599_0_10.mp4,98.179848, 6.901867,49.137611
yplug_pre_train_0001620_24_10.mp4,92.072647, 5.033750,30.204842
yplug_pre_train_0001694_11_10.mp4,94.879745, 3.682592,29.839252
yplug_pre_train_0001707_7_10.mp4,98.507362, 7.903514,53.330219
yplug_pre_train_0001767_13_10.mp4,96.171043, 6.632050,41.134815
yplug_pre_train_0001918_73_10.mp4,97.576157, 6.919086,46.335056
yplug_pre_train_0002008_16_10.mp4,75.440308, 4.855547,20.118816
yplug_pre_train_0002012_2_10.mp4,15.462147, 1.578600,3.975448
yplug_pre_train_0002094_0_10.mp4,92.740753, 5.511889,32.257267
yplug_pre_train_0002200_16_10.mp4,71.332924, 2.973283,14.525946
yplug_pre_train_0002244_16_10.mp4,82.064461, 4.409666,21.665209
yplug_pre_train_0000050_1_10.mp4,73.049736, 3.336702,15.892194
yplug_pre_train_0000235_18_10.mp4,73.301720, 2.838149,14.639112
yplug_pre_train_0000422_34_10.mp4,88.502686, 3.528366,22.717823
yplug_pre_train_0000649_52_10.mp4,97.368332, 5.714443,42.449345
yplug_pre_train_0000050_1_10.mp4,76.467552, 3.082639,16.170923
yplug_pre_train_0000235_18_10.mp4,70.941139, 2.935757,14.335498
yplug_pre_train_0000422_34_10.mp4,89.657387, 3.715889,24.136110
yplug_pre_train_0000649_52_10.mp4,97.092285, 6.077385,42.448681
yplug_pre_train_0000946_59_10.mp4,96.942993, 3.717596,34.532719
yplug_pre_train_0000964_31_10.mp4,99.240669, 7.748829,59.544518
yplug_pre_train_0001006_86_10.mp4,93.635468, 7.065887,37.162331
yplug_pre_train_0001152_25_10.mp4,99.007530, 9.176404,59.725101
yplug_pre_train_0001174_2_10.mp4,98.196350, 7.119694,49.737823
yplug_pre_train_0001249_42_10.mp4,71.839508, 1.685208,10.743679
yplug_pre_train_0001570_15_10.mp4,91.578987, 7.161188,34.656097
yplug_pre_train_0001599_0_10.mp4,98.165306, 6.466055,47.993053
yplug_pre_train_0001620_24_10.mp4,92.221130, 4.584027,29.119699
yplug_pre_train_0001694_11_10.mp4,94.943771, 3.389517,28.858349
yplug_pre_train_0001707_7_10.mp4,98.561920, 7.751004,53.375553
yplug_pre_train_0001767_13_10.mp4,96.230850, 6.953990,42.043751
yplug_pre_train_0001918_73_10.mp4,97.226906, 6.343122,43.597324
yplug_pre_train_0002008_16_10.mp4,74.278954, 5.062096,20.162411
yplug_pre_train_0002012_2_10.mp4,18.196732, 1.604241,4.318088
yplug_pre_train_0002094_0_10.mp4,93.307411, 5.227433,32.254208
yplug_pre_train_0002200_16_10.mp4,72.987236, 2.760808,14.346809
yplug_pre_train_0002211_0_10.mp4,97.111916, 6.475048,43.526924
yplug_pre_train_0002244_16_10.mp4,80.894371, 5.085123,22.720198
yplug_pre_train_0002344_49_10.mp4,90.559761, 6.411135,31.962208
yplug_pre_train_0002365_35_10.mp4,98.993637, 8.762882,58.846760
yplug_pre_train_0002702_31_10.mp4,52.275795, 3.492040,12.020267
yplug_pre_train_0003054_0_10.mp4,93.633087, 3.646774,27.864180
yplug_pre_train_0003063_52_10.mp4,99.148140, 11.392815,64.593964
yplug_pre_train_0003216_23_10.mp4,96.388069, 6.985764,42.537395
yplug_pre_train_0003227_15_10.mp4,98.987404, 9.210340,59.594559
yplug_pre_train_0003269_41_10.mp4,64.204979, 4.028784,15.346332
yplug_pre_train_0003323_0_10.mp4,98.216057, 7.494865,50.692177
yplug_pre_train_0003394_7_10.mp4,80.613968, 4.364971,20.931915
yplug_pre_train_0003403_51_10.mp4,91.953583, 5.660594,31.687000
yplug_pre_train_0003522_6_10.mp4,97.508553, 6.527531,45.116314
yplug_pre_train_0003768_33_10.mp4,93.830894, 8.553513,40.472378
yplug_pre_train_0003778_10_10.mp4,92.959892, 7.744993,37.592255
yplug_pre_train_0003894_20_10.mp4,98.075417, 8.815340,52.632397
yplug_pre_train_0004352_20_10.mp4,88.317642, 7.253461,31.703487
yplug_pre_train_0004417_4_10.mp4,96.793274, 4.573421,37.122639
yplug_pre_train_0004438_4_10.mp4,97.669693, 8.028417,49.173340
yplug_pre_train_0004456_16_10.mp4,95.441910, 7.320802,40.988495
yplug_pre_train_0004495_15_10.mp4,94.837379, 6.243693,37.293758
yplug_pre_train_0004702_0_10.mp4,94.229828, 6.685855,37.265728
yplug_pre_train_0004898_13_10.mp4,97.242668, 5.551957,41.539951
yplug_pre_train_0005206_23_10.mp4,98.892578, 8.234877,56.917755
yplug_pre_train_0005284_34_10.mp4,98.320229, 6.856315,49.824711
yplug_pre_train_0005303_22_10.mp4,92.936424, 6.166903,34.125214
yplug_pre_train_0005313_75_10.mp4,95.860985, 5.461261,37.375134
yplug_pre_train_0005357_33_10.mp4,98.650337, 5.752476,49.130020
yplug_pre_train_0005421_86_10.mp4,71.467598, 2.894089,14.347980
yplug_pre_train_0005435_14_10.mp4,96.231094, 5.465555,38.280659
yplug_pre_train_0005536_6_10.mp4,97.445885, 6.552896,44.933300
yplug_pre_train_0005713_40_10.mp4,78.899834, 3.115003,17.018990
yplug_pre_train_0005716_33_10.mp4,99.505112, 7.098591,62.165123
yplug_pre_train_0005860_9_10.mp4,98.868622, 9.209845,58.537708
yplug_pre_train_0005954_9_10.mp4,95.558075, 4.887626,35.061489
yplug_pre_train_0005977_47_10.mp4,99.200600, 6.319715,55.786568
yplug_pre_train_0006128_4_10.mp4,95.822563, 4.959799,35.848816
yplug_pre_train_0006173_9_10.mp4,94.485786, 5.589495,35.011002
yplug_pre_train_0006177_19_10.mp4,62.751717, 2.007373,10.247080
yplug_pre_train_0006291_70_10.mp4,92.482994, 2.022293,19.927662
yplug_pre_train_0006337_19_10.mp4,76.996216, 3.688978,17.937426
yplug_pre_train_0006359_34_10.mp4,43.132431, 1.568594,6.696574
yplug_pre_train_0006402_18_10.mp4,66.034622, 2.750686,12.816114
yplug_pre_train_0006404_66_10.mp4,96.467766, 5.692154,39.528072
yplug_pre_train_0006434_2_10.mp4,94.413170, 4.501033,31.796238
yplug_pre_train_0006527_19_10.mp4,97.128555, 9.298827,49.539280
yplug_pre_train_0006547_32_10.mp4,98.560455, 10.102311,57.744801
yplug_pre_train_0006573_44_10.mp4,88.135857, 7.407380,31.855520
yplug_pre_train_0006606_17_10.mp4,98.282005, 7.437692,50.939190
yplug_pre_train_0006802_39_10.mp4,73.216156, 2.976735,14.995927
yplug_pre_train_0006923_19_10.mp4,98.165405, 3.799098,39.602089
yplug_pre_train_0007071_26_10.mp4,99.041275, 8.348485,58.525360
yplug_pre_train_0007232_48_10.mp4,98.204224, 4.304765,41.724503
yplug_pre_train_0007265_10_10.mp4,85.615715, 3.739421,21.623976
yplug_pre_train_0007306_34_10.mp4,97.511528, 4.719136,40.006256
yplug_pre_train_0007428_45_10.mp4,97.805687, 10.198936,53.781384
yplug_pre_train_0007570_33_10.mp4,99.619461, 10.187331,69.857513
yplug_pre_train_0007651_12_10.mp4,97.459869, 7.339236,46.833305
yplug_pre_train_0007720_36_10.mp4,97.843689, 9.110322,52.055050
yplug_pre_train_0007768_18_10.mp4,94.800034, 5.400977,35.056400
yplug_pre_train_0007978_5_10.mp4,63.593273, 3.319421,13.696411
yplug_pre_train_0008080_38_10.mp4,98.031906, 7.999118,50.794010
yplug_pre_train_0008139_2_10.mp4,90.146324, 5.257073,28.851370
yplug_pre_train_0008240_1_10.mp4,51.657688, 4.379145,13.512924
yplug_pre_train_0008746_31_10.mp4,95.005753, 7.262057,39.959980
yplug_pre_train_0008987_64_10.mp4,99.644417, 9.470308,69.373436
yplug_pre_train_0009086_38_10.mp4,93.650154, 6.899251,36.819725
yplug_pre_train_0009096_101_10.mp4,80.551872, 4.402912,20.997839
yplug_pre_train_0009171_41_10.mp4,86.482529, 4.881980,25.170448
yplug_pre_train_0009350_3_10.mp4,95.725952, 6.328661,39.326496
yplug_pre_train_0009365_76_10.mp4,98.192627, 10.194844,55.685085
yplug_pre_train_0009374_33_10.mp4,93.908379, 6.226596,35.669853
yplug_pre_train_0009379_28_10.mp4,87.441475, 4.249711,24.135145
yplug_pre_train_0009754_39_10.mp4,97.644699, 6.252042,44.975739
yplug_pre_train_0009824_29_10.mp4,91.194427, 4.315454,27.273151
yplug_pre_train_0009834_39_10.mp4,93.155746, 5.794139,33.514843
yplug_pre_train_0009942_21_10.mp4,74.706169, 5.577922,21.334843
yplug_pre_train_0009973_18_10.mp4,98.744873, 6.870157,52.735394
yplug_pre_train_0000050_1_10.mp4,77.281364, 3.141934,16.579515
yplug_pre_train_0000235_18_10.mp4,65.499641, 2.342366,11.637487
yplug_pre_train_0000422_34_10.mp4,88.605263, 3.927701,24.005238
yplug_pre_train_0000649_52_10.mp4,96.142441, 5.656562,38.583176
yplug_pre_train_0000050_1_10.mp4,73.576553, 3.391694,16.172419
yplug_pre_train_0000235_18_10.mp4,72.048759, 2.566136,13.575774
yplug_pre_train_0000422_34_10.mp4,88.182976, 3.910094,23.662271
yplug_pre_train_0000649_52_10.mp4,97.366127, 6.285117,43.957653
yplug_pre_train_0000946_59_10.mp4,96.726730, 5.580440,39.956440
yplug_pre_train_0000964_31_10.mp4,99.359245, 8.491265,62.572468
yplug_pre_train_0001006_86_10.mp4,94.035187, 6.245204,35.914928
yplug_pre_train_0001152_25_10.mp4,99.367271, 9.300823,64.103905
yplug_pre_train_0001174_2_10.mp4,98.668068, 7.153422,52.812141
yplug_pre_train_0001249_42_10.mp4,71.520477, 1.977572,11.672174
yplug_pre_train_0001570_15_10.mp4,93.048248, 7.555400,37.332420
yplug_pre_train_0001599_0_10.mp4,98.205360, 6.544925,48.409401
yplug_pre_train_0001620_24_10.mp4,93.889931, 4.650733,31.447781
yplug_pre_train_0001694_11_10.mp4,95.850342, 3.559438,31.202776
yplug_pre_train_0001707_7_10.mp4,98.608253, 7.400178,52.936111
yplug_pre_train_0000050_1_10.mp4,73.711632, 3.213914,15.752903
yplug_pre_train_0000235_18_10.mp4,39.451191, 1.904091,7.089250
yplug_pre_train_0000422_34_10.mp4,90.009499, 3.998964,25.282558
yplug_pre_train_0000649_52_10.mp4,95.858963, 5.693004,38.001369
yplug_pre_train_0000946_59_10.mp4,97.418419, 4.203680,37.900230
yplug_pre_train_0000964_31_10.mp4,99.392303, 6.412692,58.652084
yplug_pre_train_0001006_86_10.mp4,93.281891, 6.591599,35.587429
yplug_pre_train_0001152_25_10.mp4,98.961052, 9.188563,59.312527
yplug_pre_train_0001174_2_10.mp4,98.323257, 6.871072,49.877781
yplug_pre_train_0001249_42_10.mp4,69.555023, 1.858694,10.916623
yplug_pre_train_0001570_15_10.mp4,90.156021, 7.199588,33.234375
yplug_pre_train_0001599_0_10.mp4,98.166451, 7.157756,49.662323
yplug_pre_train_0001620_24_10.mp4,92.649704, 5.295478,31.581787
yplug_pre_train_0001694_11_10.mp4,96.092865, 3.415106,31.165579
yplug_pre_train_0001707_7_10.mp4,98.535469, 7.172600,51.920731
yplug_pre_train_0001767_13_10.mp4,96.221237, 6.661633,41.334835
yplug_pre_train_0001918_73_10.mp4,97.405884, 7.313171,46.565609
yplug_pre_train_0002008_16_10.mp4,81.392822, 5.532942,23.919806
yplug_pre_train_0002012_2_10.mp4,16.374884, 1.725749,4.300102
yplug_pre_train_0002094_0_10.mp4,91.853973, 5.511763,31.203238
yplug_pre_train_0002200_16_10.mp4,72.929352, 2.808493,14.465298
yplug_pre_train_0002211_0_10.mp4,96.816566, 6.269491,42.054459
yplug_pre_train_0000050_1_10.mp4,76.941811, 3.300546,16.908035
yplug_pre_train_0000235_18_10.mp4,68.933830, 2.566789,12.907025
yplug_pre_train_0000422_34_10.mp4,89.689590, 3.822332,24.490702
yplug_pre_train_0000649_52_10.mp4,96.355118, 4.555439,35.866943
yplug_pre_train_0000946_59_10.mp4,96.952415, 3.805907,34.898304
yplug_pre_train_0000964_31_10.mp4,99.389511, 7.858100,61.807430
yplug_pre_train_0001006_86_10.mp4,93.339920, 6.672084,35.852768
yplug_pre_train_0001152_25_10.mp4,99.232437, 9.539429,62.741722
yplug_pre_train_0001174_2_10.mp4,98.503799, 7.705483,52.888393
yplug_pre_train_0001249_42_10.mp4,68.714073, 2.036054,11.325601
yplug_pre_train_0001570_15_10.mp4,92.973549, 7.449379,37.010063
yplug_pre_train_0001599_0_10.mp4,98.141747, 6.798438,48.684906
yplug_pre_train_0001620_24_10.mp4,91.947762, 4.519917,28.634590
yplug_pre_train_0001694_11_10.mp4,96.388939, 3.280396,31.304874
yplug_pre_train_0000050_1_10.mp4,74.167130, 3.265693,16.010628
yplug_pre_train_0000235_18_10.mp4,45.558567, 2.257746,8.553878
yplug_pre_train_0000422_34_10.mp4,89.006424, 3.871308,24.124701
yplug_pre_train_0000649_52_10.mp4,95.969254, 5.267550,37.082397
yplug_pre_train_0000946_59_10.mp4,97.447105, 3.368309,34.754456
yplug_pre_train_0000964_31_10.mp4,99.415047, 7.074402,60.559410
yplug_pre_train_0001006_86_10.mp4,93.124931, 5.937873,33.827736
yplug_pre_train_0001152_25_10.mp4,98.990601, 9.311943,59.802204
yplug_pre_train_0001174_2_10.mp4,98.891640, 6.996733,54.252892
yplug_pre_train_0001249_42_10.mp4,68.922821, 1.831179,10.715605
yplug_pre_train_0001570_15_10.mp4,90.797844, 7.344051,34.175255
yplug_pre_train_0001599_0_10.mp4,98.174263, 6.799392,48.862312
yplug_pre_train_0001620_24_10.mp4,92.387169, 4.181503,28.107405
yplug_pre_train_0001694_11_10.mp4,96.803841, 3.834141,34.570660
yplug_pre_train_0001707_7_10.mp4,98.507896, 7.939540,53.408772
yplug_pre_train_0001767_13_10.mp4,96.178993, 7.226513,42.525055
yplug_pre_train_0001918_73_10.mp4,97.469772, 7.333126,46.858486
yplug_pre_train_0002008_16_10.mp4,70.371048, 4.887144,18.619444
yplug_pre_train_0002012_2_10.mp4,16.915411, 1.554598,4.100413
yplug_pre_train_0002094_0_10.mp4,93.540367, 5.275557,32.707691
yplug_pre_train_0002200_16_10.mp4,74.705345, 2.805640,14.905948
yplug_pre_train_0002211_0_10.mp4,96.665833, 6.823881,42.951614
