yfcc-batch1/736.mp4, -1, -1, 57.31428571428571
yfcc-batch1/739.mp4, -1, -1, 30.59375
yfcc-batch1/742.mp4, -1, -1, 63.4333333333333
yfcc-batch1/743.mp4, -1, -1, 65.6666666666667
yfcc-batch1/762.mp4, -1, -1, 63.0
yfcc-batch1/776.mp4, -1, -1, 75.48387096774191
yfcc-batch1/773.mp4, -1, -1, 56.71875
yfcc-batch1/783.mp4, -1, -1, 61.9090909090909
yfcc-batch1/808.mp4, -1, -1, 64.969696969697
yfcc-batch1/811.mp4, -1, -1, 61.3548387096774
yfcc-batch1/809.mp4, -1, -1, 54.787878787878796
yfcc-batch1/1.mp4, -1, -1, 43.8387096774193
yfcc-batch1/7.mp4, -1, -1, 55.0882352941177
yfcc-batch1/2.mp4, -1, -1, 73.4722222222222
yfcc-batch1/11.mp4, -1, -1, 56.3103448275862
yfcc-batch1/9.mp4, -1, -1, 59.366666666666696
yfcc-batch1/16.mp4, -1, -1, 80.97142857142859
yfcc-batch1/45.mp4, -1, -1, 82.8529411764706
yfcc-batch1/71.mp4, -1, -1, 84.5483870967742
yfcc-batch1/87.mp4, -1, -1, 78.6666666666667
yfcc-batch1/90.mp4, -1, -1, 57.5294117647059
yfcc-batch1/89.mp4, -1, -1, 78.90625
yfcc-batch1/96.mp4, -1, -1, 66.4516129032258
yfcc-batch1/100.mp4, -1, -1, 77.7837837837838
yfcc-batch1/109.mp4, -1, -1, 82.3103448275862
yfcc-batch1/106.mp4, -1, -1, 44.0882352941177
yfcc-batch1/131.mp4, -1, -1, 73.05405405405409
yfcc-batch1/138.mp4, -1, -1, 79.448275862069
yfcc-batch1/145.mp4, -1, -1, 35.3529411764706
yfcc-batch1/149.mp4, -1, -1, 76.0322580645161
yfcc-batch1/157.mp4, -1, -1, 66.10714285714289
yfcc-batch1/160.mp4, -1, -1, 60.8055555555556
yfcc-batch1/162.mp4, -1, -1, 64.3243243243243
yfcc-batch1/165.mp4, -1, -1, 70.7777777777778
yfcc-batch1/164.mp4, -1, -1, 70.2432432432432
yfcc-batch1/174.mp4, -1, -1, 75.1875
yfcc-batch1/182.mp4, -1, -1, 50.6388888888889
yfcc-batch1/184.mp4, -1, -1, 68.1290322580645
yfcc-batch1/189.mp4, -1, -1, 78.7741935483871
yfcc-batch1/193.mp4, -1, -1, 7.5
yfcc-batch1/202.mp4, -1, -1, 64.9705882352941
yfcc-batch1/214.mp4, -1, -1, 84.0
yfcc-batch1/212.mp4, -1, -1, 82.9655172413793
yfcc-batch1/208.mp4, -1, -1, 80.55263157894741
yfcc-batch1/209.mp4, -1, -1, 62.1
yfcc-batch1/218.mp4, -1, -1, 55.151515151515206
yfcc-batch1/241.mp4, -1, -1, 51.90625
yfcc-batch1/247.mp4, -1, -1, 72.08571428571429
yfcc-batch1/246.mp4, -1, -1, 67.91176470588239
yfcc-batch1/256.mp4, -1, -1, 69.2352941176471
yfcc-batch1/264.mp4, -1, -1, 37.6176470588235
yfcc-batch1/265.mp4, -1, -1, 71.14814814814821
yfcc-batch1/267.mp4, -1, -1, 72.9375
yfcc-batch1/269.mp4, -1, -1, 59.90625
yfcc-batch1/285.mp4, -1, -1, 64.6153846153846
yfcc-batch1/282.mp4, -1, -1, 72.4848484848485
yfcc-batch1/293.mp4, -1, -1, 45.2285714285714
yfcc-batch1/302.mp4, -1, -1, 67.5277777777778
yfcc-batch1/305.mp4, -1, -1, 63.2702702702703
yfcc-batch1/308.mp4, -1, -1, 71.21875
yfcc-batch1/316.mp4, -1, -1, 67.09375
yfcc-batch1/322.mp4, -1, -1, 63.0
yfcc-batch1/344.mp4, -1, -1, 80.53125
yfcc-batch1/369.mp4, -1, -1, 55.46875
yfcc-batch1/373.mp4, -1, -1, 48.8125
yfcc-batch1/378.mp4, -1, -1, 61.0
yfcc-batch1/383.mp4, -1, -1, 82.02857142857141
yfcc-batch1/386.mp4, -1, -1, 61.030303030303
yfcc-batch1/391.mp4, -1, -1, 66.91428571428571
yfcc-batch1/397.mp4, -1, -1, 60.63636363636361
yfcc-batch1/401.mp4, -1, -1, 75.09375
yfcc-batch1/412.mp4, -1, -1, 58.1621621621622
yfcc-batch1/410.mp4, -1, -1, 43.9428571428571
yfcc-batch1/407.mp4, -1, -1, 55.67647058823529
yfcc-batch1/418.mp4, -1, -1, 66.0277777777778
yfcc-batch1/423.mp4, -1, -1, 60.96428571428571
yfcc-batch1/421.mp4, -1, -1, 42.4838709677419
yfcc-batch1/422.mp4, -1, -1, 79.3636363636364
yfcc-batch1/431.mp4, -1, -1, 73.4324324324324
yfcc-batch1/434.mp4, -1, -1, 60.612903225806505
yfcc-batch1/443.mp4, -1, -1, 63.82857142857139
yfcc-batch1/458.mp4, -1, -1, 68.6969696969697
yfcc-batch1/466.mp4, -1, -1, 64.9393939393939
yfcc-batch1/469.mp4, -1, -1, 60.90625
yfcc-batch1/473.mp4, -1, -1, 67.3703703703704
yfcc-batch1/480.mp4, -1, -1, 56.0
yfcc-batch1/479.mp4, -1, -1, 72.5
yfcc-batch1/506.mp4, -1, -1, 77.53125
yfcc-batch1/509.mp4, -1, -1, 69.4571428571429
yfcc-batch1/536.mp4, -1, -1, 30.2941176470588
yfcc-batch1/547.mp4, -1, -1, 63.6176470588235
yfcc-batch1/546.mp4, -1, -1, 38.6666666666667
yfcc-batch1/589.mp4, -1, -1, 73.3571428571429
yfcc-batch1/586.mp4, -1, -1, 57.787878787878796
yfcc-batch1/591.mp4, -1, -1, 60.1818181818182
yfcc-batch1/593.mp4, -1, -1, 53.0555555555556
yfcc-batch1/594.mp4, -1, -1, 72.4285714285714
yfcc-batch1/602.mp4, -1, -1, 72.84848484848479
yfcc-batch1/604.mp4, -1, -1, 53.17647058823529
yfcc-batch1/616.mp4, -1, -1, 52.0285714285714
yfcc-batch1/615.mp4, -1, -1, 60.5625
yfcc-batch1/619.mp4, -1, -1, 52.151515151515206
yfcc-batch1/621.mp4, -1, -1, 55.46875
yfcc-batch1/628.mp4, -1, -1, 59.28125
yfcc-batch1/630.mp4, -1, -1, 82.7096774193548
yfcc-batch1/641.mp4, -1, -1, 58.57142857142861
yfcc-batch1/639.mp4, -1, -1, 60.264705882352885
yfcc-batch1/638.mp4, -1, -1, 46.5
yfcc-batch1/648.mp4, -1, -1, 65.64285714285711
yfcc-batch1/650.mp4, -1, -1, 75.96428571428571
yfcc-batch1/653.mp4, -1, -1, 90.51724137931039
yfcc-batch1/658.mp4, -1, -1, 67.34482758620689
yfcc-batch1/659.mp4, -1, -1, 59.4838709677419
yfcc-batch1/661.mp4, -1, -1, 65.4848484848485
yfcc-batch1/673.mp4, -1, -1, 84.9677419354839
yfcc-batch1/682.mp4, -1, -1, 85.4137931034483
yfcc-batch1/684.mp4, -1, -1, 62.0625
yfcc-batch1/685.mp4, -1, -1, 77.78125
yfcc-batch1/690.mp4, -1, -1, 71.1875
yfcc-batch1/698.mp4, -1, -1, 73.8695652173913
yfcc-batch1/716.mp4, -1, -1, 70.9428571428571
yfcc-batch1/714.mp4, -1, -1, 24.34375
yfcc-batch2/1189.mp4, -1, -1, 62.018867924528294
yfcc-batch2/1195.mp4, -1, -1, 72.3559322033898
yfcc-batch2/1193.mp4, -1, -1, 58.8269230769231
yfcc-batch2/1197.mp4, -1, -1, 77.1111111111111
yfcc-batch2/1203.mp4, -1, -1, 55.03773584905661
yfcc-batch2/1207.mp4, -1, -1, 71.2941176470588
yfcc-batch2/1211.mp4, -1, -1, 71.37037037037041
yfcc-batch2/1214.mp4, -1, -1, 51.43137254901961
yfcc-batch2/1217.mp4, -1, -1, 54.842105263157904
yfcc-batch2/1216.mp4, -1, -1, 62.5660377358491
yfcc-batch2/1222.mp4, -1, -1, 77.7021276595745
yfcc-batch2/1224.mp4, -1, -1, 62.5
yfcc-batch2/1226.mp4, -1, -1, 60.314814814814795
yfcc-batch2/1228.mp4, -1, -1, 67.7551020408163
yfcc-batch2/1241.mp4, -1, -1, 71.04
yfcc-batch2/1245.mp4, -1, -1, 81.6428571428571
yfcc-batch2/1252.mp4, -1, -1, 56.1132075471698
yfcc-batch2/1258.mp4, -1, -1, 55.88
yfcc-batch2/1265.mp4, -1, -1, 58.28571428571429
yfcc-batch2/1266.mp4, -1, -1, 61.4583333333333
yfcc-batch2/1271.mp4, -1, -1, 46.0217391304348
yfcc-batch2/1276.mp4, -1, -1, 67.92
yfcc-batch2/1287.mp4, -1, -1, 50.843137254902004
yfcc-batch2/1290.mp4, -1, -1, 54.288888888888906
yfcc-batch2/1292.mp4, -1, -1, 57.9814814814815
yfcc-batch2/1293.mp4, -1, -1, 61.0566037735849
yfcc-batch2/1298.mp4, -1, -1, 74.4363636363636
yfcc-batch2/1299.mp4, -1, -1, 69.5294117647059
yfcc-batch2/1300.mp4, -1, -1, 75.72549019607841
yfcc-batch2/1303.mp4, -1, -1, 47.7659574468085
yfcc-batch2/1306.mp4, -1, -1, 71.5789473684211
yfcc-batch2/1309.mp4, -1, -1, 70.2
yfcc-batch2/1312.mp4, -1, -1, 60.78431372549021
yfcc-batch2/1315.mp4, -1, -1, 71.64814814814821
yfcc-batch2/1319.mp4, -1, -1, 64.9333333333333
yfcc-batch2/1327.mp4, -1, -1, 51.4166666666667
yfcc-batch2/1331.mp4, -1, -1, 65.7719298245614
yfcc-batch2/1333.mp4, -1, -1, 39.0851063829787
yfcc-batch2/1332.mp4, -1, -1, 60.1923076923077
yfcc-batch2/1334.mp4, -1, -1, 68.6274509803922
yfcc-batch2/1337.mp4, -1, -1, 74.52
yfcc-batch2/1342.mp4, -1, -1, 78.3
yfcc-batch2/1345.mp4, -1, -1, 59.25
yfcc-batch2/1349.mp4, -1, -1, 63.038461538461505
yfcc-batch2/1351.mp4, -1, -1, 74.5882352941177
yfcc-batch2/1366.mp4, -1, -1, 66.6724137931034
yfcc-batch2/1369.mp4, -1, -1, 69.1296296296296
yfcc-batch2/1371.mp4, -1, -1, 63.265306122449
yfcc-batch2/1375.mp4, -1, -1, 55.5882352941177
yfcc-batch2/1379.mp4, -1, -1, 59.370370370370395
yfcc-batch2/1377.mp4, -1, -1, 70.30769230769229
yfcc-batch2/1389.mp4, -1, -1, 59.6603773584906
yfcc-batch2/1397.mp4, -1, -1, 56.3478260869565
yfcc-batch2/1404.mp4, -1, -1, 66.3818181818182
yfcc-batch2/1411.mp4, -1, -1, 78.3333333333333
yfcc-batch2/1416.mp4, -1, -1, 55.4727272727273
yfcc-batch2/1418.mp4, -1, -1, 63.1153846153846
yfcc-batch2/1419.mp4, -1, -1, 53.711538461538495
yfcc-batch2/1420.mp4, -1, -1, 49.413043478260896
yfcc-batch2/1433.mp4, -1, -1, 58.3272727272727
yfcc-batch2/1437.mp4, -1, -1, 68.46428571428571
yfcc-batch2/1438.mp4, -1, -1, 69.156862745098
yfcc-batch2/1442.mp4, -1, -1, 77.7450980392157
yfcc-batch2/1448.mp4, -1, -1, 82.6274509803922
yfcc-batch2/1456.mp4, -1, -1, 62.8695652173913
yfcc-batch2/1461.mp4, -1, -1, 51.0
yfcc-batch2/1467.mp4, -1, -1, 66.74
yfcc-batch2/1469.mp4, -1, -1, 65.2909090909091
yfcc-batch2/1473.mp4, -1, -1, 25.734693877551
yfcc-batch2/1474.mp4, -1, -1, 73.8846153846154
yfcc-batch2/1478.mp4, -1, -1, 64.48936170212771
yfcc-batch2/1480.mp4, -1, -1, 69.1960784313726
yfcc-batch2/1486.mp4, -1, -1, 70.4545454545455
yfcc-batch2/1488.mp4, -1, -1, 64.43396226415089
yfcc-batch2/1487.mp4, -1, -1, 67.6862745098039
yfcc-batch2/1490.mp4, -1, -1, 28.211538461538506
yfcc-batch2/1494.mp4, -1, -1, 58.145454545454506
yfcc-batch2/1493.mp4, -1, -1, 56.3265306122449
yfcc-batch2/1499.mp4, -1, -1, 66.4509803921569
yfcc-batch2/1515.mp4, -1, -1, 43.846153846153896
yfcc-batch2/1524.mp4, -1, -1, 48.403846153846104
yfcc-batch2/1526.mp4, -1, -1, 71.58181818181819
yfcc-batch2/1528.mp4, -1, -1, 44.3888888888889
yfcc-batch2/1532.mp4, -1, -1, 78.9130434782609
yfcc-batch2/1534.mp4, -1, -1, 63.1224489795918
yfcc-batch2/1538.mp4, -1, -1, 70.1636363636364
yfcc-batch2/1540.mp4, -1, -1, 65.1960784313726
yfcc-batch2/1544.mp4, -1, -1, 77.9464285714286
yfcc-batch2/1545.mp4, -1, -1, 69.8775510204082
yfcc-batch2/1556.mp4, -1, -1, 38.9811320754717
yfcc-batch2/1567.mp4, -1, -1, 63.788461538461505
yfcc-batch2/1571.mp4, -1, -1, 70.5384615384615
yfcc-batch2/1576.mp4, -1, -1, 65.8666666666667
yfcc-batch2/1581.mp4, -1, -1, 70.9183673469388
yfcc-batch2/1582.mp4, -1, -1, 70.2916666666667
yfcc-batch2/1589.mp4, -1, -1, 70.8163265306122
yfcc-batch2/1593.mp4, -1, -1, 69.01851851851849
yfcc-batch2/1596.mp4, -1, -1, 63.8039215686275
yfcc-batch2/1597.mp4, -1, -1, 59.6545454545455
yfcc-batch2/1601.mp4, -1, -1, 63.843137254902004
yfcc-batch2/1606.mp4, -1, -1, 43.8775510204082
yfcc-batch2/1607.mp4, -1, -1, 56.6444444444445
yfcc-batch2/1614.mp4, -1, -1, 76.3272727272727
yfcc-batch2/1617.mp4, -1, -1, 44.8958333333333
yfcc-batch2/1632.mp4, -1, -1, 77.26
yfcc-batch2/1637.mp4, -1, -1, 58.5660377358491
yfcc-batch2/1640.mp4, -1, -1, 46.96226415094339
yfcc-batch2/995.mp4, -1, -1, 73.03571428571429
yfcc-batch2/1481.mp4, -1, -1, 71.69230769230771
yfcc-batch2/1624.mp4, -1, -1, 66.66071428571429
yfcc-batch2/1630.mp4, -1, -1, 55.2826086956522
yfcc-batch2/1402.mp4, -1, -1, 68.23076923076921
yfcc-batch2/821.mp4, -1, -1, 72.78431372549021
yfcc-batch2/822.mp4, -1, -1, 57.08
yfcc-batch2/825.mp4, -1, -1, 65.1153846153846
yfcc-batch2/826.mp4, -1, -1, 56.2452830188679
yfcc-batch2/829.mp4, -1, -1, 58.8269230769231
yfcc-batch2/831.mp4, -1, -1, 72.7592592592593
yfcc-batch2/834.mp4, -1, -1, 71.6122448979592
yfcc-batch2/839.mp4, -1, -1, 51.04
yfcc-batch2/843.mp4, -1, -1, 66.7916666666667
yfcc-batch2/848.mp4, -1, -1, 66.5227272727273
yfcc-batch2/847.mp4, -1, -1, 58.4888888888889
yfcc-batch2/853.mp4, -1, -1, 54.1
yfcc-batch2/863.mp4, -1, -1, 81.5686274509804
yfcc-batch2/867.mp4, -1, -1, 71.48076923076921
yfcc-batch2/870.mp4, -1, -1, 75.47058823529409
yfcc-batch2/872.mp4, -1, -1, 67.6538461538462
yfcc-batch2/874.mp4, -1, -1, 59.375
yfcc-batch2/877.mp4, -1, -1, 53.964912280701796
yfcc-batch2/879.mp4, -1, -1, 58.711538461538495
yfcc-batch2/880.mp4, -1, -1, 63.21428571428571
yfcc-batch2/884.mp4, -1, -1, 84.7708333333333
yfcc-batch2/890.mp4, -1, -1, 65.8478260869565
yfcc-batch2/899.mp4, -1, -1, 63.211538461538495
yfcc-batch2/901.mp4, -1, -1, 67.6140350877193
yfcc-batch2/902.mp4, -1, -1, 61.8
yfcc-batch2/905.mp4, -1, -1, 41.962962962963
yfcc-batch2/909.mp4, -1, -1, 68.0980392156863
yfcc-batch2/922.mp4, -1, -1, 40.607843137254896
yfcc-batch2/932.mp4, -1, -1, 62.421052631579
yfcc-batch2/935.mp4, -1, -1, 54.8979591836735
yfcc-batch2/952.mp4, -1, -1, 61.8103448275862
yfcc-batch2/958.mp4, -1, -1, 79.4150943396226
yfcc-batch2/963.mp4, -1, -1, 13.217391304347801
yfcc-batch2/967.mp4, -1, -1, 70.75
yfcc-batch2/972.mp4, -1, -1, 73.1568627450981
yfcc-batch2/980.mp4, -1, -1, 71.69811320754721
yfcc-batch2/983.mp4, -1, -1, 56.94117647058821
yfcc-batch2/986.mp4, -1, -1, 67.42307692307689
yfcc-batch2/988.mp4, -1, -1, 67.9433962264151
yfcc-batch2/991.mp4, -1, -1, 64.0
yfcc-batch2/999.mp4, -1, -1, 60.0576923076923
yfcc-batch2/1004.mp4, -1, -1, 70.6538461538462
yfcc-batch2/1012.mp4, -1, -1, 70.92727272727271
yfcc-batch2/1019.mp4, -1, -1, 67.7291666666667
yfcc-batch2/1025.mp4, -1, -1, 47.288461538461505
yfcc-batch2/1035.mp4, -1, -1, 68.8103448275862
yfcc-batch2/1039.mp4, -1, -1, 69.55319148936171
yfcc-batch2/1043.mp4, -1, -1, 70.3518518518519
yfcc-batch2/1046.mp4, -1, -1, 69.4615384615385
yfcc-batch2/1061.mp4, -1, -1, 59.68627450980389
yfcc-batch2/1066.mp4, -1, -1, 69.4464285714286
yfcc-batch2/1070.mp4, -1, -1, 69.7551020408163
yfcc-batch2/1076.mp4, -1, -1, 75.85185185185179
yfcc-batch2/1084.mp4, -1, -1, 76.3454545454546
yfcc-batch2/1083.mp4, -1, -1, 72.9166666666667
yfcc-batch2/1088.mp4, -1, -1, 59.981132075471706
yfcc-batch2/1090.mp4, -1, -1, 64.98
yfcc-batch2/1094.mp4, -1, -1, 53.9090909090909
yfcc-batch2/1099.mp4, -1, -1, 78.56
yfcc-batch2/1100.mp4, -1, -1, 67.38
yfcc-batch2/1101.mp4, -1, -1, 67.0188679245283
yfcc-batch2/1107.mp4, -1, -1, 53.3529411764706
yfcc-batch2/1114.mp4, -1, -1, 62.695652173913096
yfcc-batch2/1117.mp4, -1, -1, 68.69230769230771
yfcc-batch2/1120.mp4, -1, -1, 68.80769230769229
yfcc-batch2/1125.mp4, -1, -1, 73.5208333333333
yfcc-batch2/1127.mp4, -1, -1, 50.7719298245614
yfcc-batch2/1136.mp4, -1, -1, 76.76363636363641
yfcc-batch2/1140.mp4, -1, -1, 66.2
yfcc-batch2/1145.mp4, -1, -1, 67.38
yfcc-batch2/1151.mp4, -1, -1, 65.4166666666667
yfcc-batch2/1152.mp4, -1, -1, 61.1428571428571
yfcc-batch2/1155.mp4, -1, -1, 73.16
yfcc-batch2/1158.mp4, -1, -1, 69.65306122448979
yfcc-batch2/1157.mp4, -1, -1, 63.4
yfcc-batch3/2008.mp4, -1, -1, 56.0
yfcc-batch3/2011.mp4, -1, -1, 52.17647058823529
yfcc-batch3/2015.mp4, -1, -1, 53.0
yfcc-batch3/2016.mp4, -1, -1, 62.375
yfcc-batch3/2025.mp4, -1, -1, 58.6875
yfcc-batch3/2026.mp4, -1, -1, 74.0833333333333
yfcc-batch3/2029.mp4, -1, -1, 66.2352941176471
yfcc-batch3/2033.mp4, -1, -1, 62.7714285714286
yfcc-batch3/2035.mp4, -1, -1, 63.9354838709677
yfcc-batch3/2055.mp4, -1, -1, 68.32352941176471
yfcc-batch3/2056.mp4, -1, -1, 67.8
yfcc-batch3/2063.mp4, -1, -1, 62.5
yfcc-batch3/2068.mp4, -1, -1, 70.2571428571429
yfcc-batch3/2075.mp4, -1, -1, 62.777777777777786
yfcc-batch3/2080.mp4, -1, -1, 73.17647058823529
yfcc-batch3/2085.mp4, -1, -1, 42.270270270270295
yfcc-batch3/2088.mp4, -1, -1, 61.94117647058821
yfcc-batch3/2090.mp4, -1, -1, 64.5277777777778
yfcc-batch3/2091.mp4, -1, -1, 60.8484848484849
yfcc-batch3/2093.mp4, -1, -1, 57.9444444444444
yfcc-batch3/2102.mp4, -1, -1, 74.5882352941177
yfcc-batch3/2104.mp4, -1, -1, 45.8
yfcc-batch3/2105.mp4, -1, -1, 58.2702702702703
yfcc-batch3/2107.mp4, -1, -1, 74.3714285714286
yfcc-batch3/2108.mp4, -1, -1, 62.675675675675706
yfcc-batch3/2111.mp4, -1, -1, 58.222222222222214
yfcc-batch3/2112.mp4, -1, -1, 69.4054054054054
yfcc-batch3/2123.mp4, -1, -1, 66.71428571428571
yfcc-batch3/2125.mp4, -1, -1, 55.0
yfcc-batch3/2126.mp4, -1, -1, 52.5454545454546
yfcc-batch3/2127.mp4, -1, -1, 46.4705882352941
yfcc-batch3/2135.mp4, -1, -1, 67.2222222222222
yfcc-batch3/2139.mp4, -1, -1, 59.3513513513514
yfcc-batch3/2142.mp4, -1, -1, 79.9090909090909
yfcc-batch3/2148.mp4, -1, -1, 64.67647058823529
yfcc-batch3/2155.mp4, -1, -1, 66.3055555555556
yfcc-batch3/2156.mp4, -1, -1, 74.0810810810811
yfcc-batch3/2157.mp4, -1, -1, 50.7179487179487
yfcc-batch3/2165.mp4, -1, -1, 70.027027027027
yfcc-batch3/2169.mp4, -1, -1, 57.17647058823529
yfcc-batch3/2170.mp4, -1, -1, 74.09375
yfcc-batch3/2171.mp4, -1, -1, 75.51724137931029
yfcc-batch3/2176.mp4, -1, -1, 39.8157894736842
yfcc-batch3/2177.mp4, -1, -1, 74.6756756756757
yfcc-batch3/2194.mp4, -1, -1, 68.5135135135135
yfcc-batch3/2196.mp4, -1, -1, 64.0277777777778
yfcc-batch3/2197.mp4, -1, -1, 66.37142857142861
yfcc-batch3/2199.mp4, -1, -1, 48.2
yfcc-batch3/2206.mp4, -1, -1, 70.2222222222222
yfcc-batch3/2213.mp4, -1, -1, 54.39473684210521
yfcc-batch3/2218.mp4, -1, -1, 50.459459459459495
yfcc-batch3/2219.mp4, -1, -1, 73.5454545454545
yfcc-batch3/2220.mp4, -1, -1, 69.4285714285714
yfcc-batch3/2221.mp4, -1, -1, 48.1470588235294
yfcc-batch3/2227.mp4, -1, -1, 71.5428571428572
yfcc-batch3/2228.mp4, -1, -1, 73.8529411764706
yfcc-batch3/2230.mp4, -1, -1, 72.5588235294118
yfcc-batch3/2231.mp4, -1, -1, 53.90625
yfcc-batch3/2232.mp4, -1, -1, 66.14285714285711
yfcc-batch3/2233.mp4, -1, -1, 68.90625
yfcc-batch3/2235.mp4, -1, -1, 54.264705882352885
yfcc-batch3/2237.mp4, -1, -1, 58.34285714285711
yfcc-batch3/2238.mp4, -1, -1, 59.428571428571395
yfcc-batch3/2249.mp4, -1, -1, 60.5833333333333
yfcc-batch3/2258.mp4, -1, -1, 61.8125
yfcc-batch3/2260.mp4, -1, -1, 48.5625
yfcc-batch3/2262.mp4, -1, -1, 59.1388888888889
yfcc-batch3/2263.mp4, -1, -1, 65.6388888888889
yfcc-batch3/2264.mp4, -1, -1, 72.7941176470588
yfcc-batch3/2267.mp4, -1, -1, 36.5151515151515
yfcc-batch3/2268.mp4, -1, -1, 55.96875
yfcc-batch3/2275.mp4, -1, -1, 53.787878787878796
yfcc-batch3/2276.mp4, -1, -1, 53.4
yfcc-batch3/2277.mp4, -1, -1, 70.4857142857143
yfcc-batch3/2285.mp4, -1, -1, 44.764705882352885
yfcc-batch3/2294.mp4, -1, -1, 57.90625
yfcc-batch3/2295.mp4, -1, -1, 72.3030303030303
yfcc-batch3/2299.mp4, -1, -1, 63.41935483870971
yfcc-batch3/2301.mp4, -1, -1, 50.7575757575758
yfcc-batch3/2304.mp4, -1, -1, 80.08571428571429
yfcc-batch3/2305.mp4, -1, -1, 66.25641025641029
yfcc-batch3/2307.mp4, -1, -1, 65.9705882352941
yfcc-batch3/2308.mp4, -1, -1, 70.7575757575758
yfcc-batch3/2314.mp4, -1, -1, 76.79310344827591
yfcc-batch3/2323.mp4, -1, -1, 56.625
yfcc-batch3/2329.mp4, -1, -1, 65.6571428571429
yfcc-batch3/2336.mp4, -1, -1, 58.363636363636395
yfcc-batch3/2340.mp4, -1, -1, 66.1111111111111
yfcc-batch3/2343.mp4, -1, -1, 53.84375
yfcc-batch3/2347.mp4, -1, -1, 71.8648648648649
yfcc-batch3/2350.mp4, -1, -1, 56.5526315789474
yfcc-batch3/2351.mp4, -1, -1, 56.88571428571429
yfcc-batch3/2352.mp4, -1, -1, 55.3513513513514
yfcc-batch3/2357.mp4, -1, -1, 35.2285714285714
yfcc-batch3/2360.mp4, -1, -1, 62.79411764705879
yfcc-batch3/2366.mp4, -1, -1, 68.2571428571429
yfcc-batch3/2385.mp4, -1, -1, 62.1176470588235
yfcc-batch3/2386.mp4, -1, -1, 66.3225806451613
yfcc-batch3/2388.mp4, -1, -1, 56.3823529411765
yfcc-batch3/2390.mp4, -1, -1, 57.8
yfcc-batch3/2395.mp4, -1, -1, 44.3939393939394
yfcc-batch3/2396.mp4, -1, -1, 63.40625
yfcc-batch3/2397.mp4, -1, -1, 56.8823529411765
yfcc-batch3/2400.mp4, -1, -1, 63.969696969697
yfcc-batch3/2407.mp4, -1, -1, 42.342857142857106
yfcc-batch3/2411.mp4, -1, -1, 48.972972972973004
yfcc-batch3/2414.mp4, -1, -1, 71.8823529411764
yfcc-batch3/2418.mp4, -1, -1, 65.2162162162162
yfcc-batch3/2421.mp4, -1, -1, 62.0571428571429
yfcc-batch3/2423.mp4, -1, -1, 66.0606060606061
yfcc-batch3/2425.mp4, -1, -1, 54.514285714285705
yfcc-batch3/2426.mp4, -1, -1, 50.6176470588235
yfcc-batch3/2435.mp4, -1, -1, 51.59375
yfcc-batch3/2440.mp4, -1, -1, 68.7272727272727
yfcc-batch3/2444.mp4, -1, -1, 65.5454545454546
yfcc-batch3/2455.mp4, -1, -1, 44.0285714285714
yfcc-batch3/2456.mp4, -1, -1, 68.0
yfcc-batch3/2458.mp4, -1, -1, 61.324324324324294
yfcc-batch3/1765.mp4, -1, -1, 74.7058823529412
yfcc-batch3/2153.mp4, -1, -1, 74.44444444444441
yfcc-batch3/2217.mp4, -1, -1, 68.5142857142857
yfcc-batch3/1643.mp4, -1, -1, 68.0
yfcc-batch3/1644.mp4, -1, -1, 66.6111111111111
yfcc-batch3/1647.mp4, -1, -1, 74.0909090909091
yfcc-batch3/1650.mp4, -1, -1, 68.5
yfcc-batch3/1661.mp4, -1, -1, 65.25
yfcc-batch3/1665.mp4, -1, -1, 58.3333333333333
yfcc-batch3/1666.mp4, -1, -1, 65.05714285714289
yfcc-batch3/1678.mp4, -1, -1, 68.67647058823529
yfcc-batch3/1679.mp4, -1, -1, 49.6
yfcc-batch3/1681.mp4, -1, -1, 66.2285714285714
yfcc-batch3/1682.mp4, -1, -1, 57.3513513513514
yfcc-batch3/1684.mp4, -1, -1, 69.64705882352939
yfcc-batch3/1692.mp4, -1, -1, 77.35897435897441
yfcc-batch3/1693.mp4, -1, -1, 59.405405405405396
yfcc-batch3/1694.mp4, -1, -1, 50.5526315789474
yfcc-batch3/1696.mp4, -1, -1, 50.3055555555556
yfcc-batch3/1717.mp4, -1, -1, 69.36585365853661
yfcc-batch3/1720.mp4, -1, -1, 62.3333333333333
yfcc-batch3/1722.mp4, -1, -1, 61.846153846153896
yfcc-batch3/1739.mp4, -1, -1, 62.6969696969697
yfcc-batch3/1740.mp4, -1, -1, 59.3529411764706
yfcc-batch3/1746.mp4, -1, -1, 81.5483870967742
yfcc-batch3/1754.mp4, -1, -1, 64.4848484848485
yfcc-batch3/1755.mp4, -1, -1, 71.7222222222222
yfcc-batch3/1756.mp4, -1, -1, 67.3333333333333
yfcc-batch3/1766.mp4, -1, -1, 65.7894736842105
yfcc-batch3/1771.mp4, -1, -1, 65.7941176470588
yfcc-batch3/1780.mp4, -1, -1, 56.47368421052629
yfcc-batch3/1783.mp4, -1, -1, 62.972222222222214
yfcc-batch3/1790.mp4, -1, -1, 71.3333333333333
yfcc-batch3/1792.mp4, -1, -1, 65.0
yfcc-batch3/1796.mp4, -1, -1, 63.736842105263214
yfcc-batch3/1801.mp4, -1, -1, 61.5555555555556
yfcc-batch3/1802.mp4, -1, -1, 72.32352941176471
yfcc-batch3/1803.mp4, -1, -1, 78.42424242424241
yfcc-batch3/1812.mp4, -1, -1, 53.56756756756761
yfcc-batch3/1821.mp4, -1, -1, 59.9444444444444
yfcc-batch3/1826.mp4, -1, -1, 75.4
yfcc-batch3/1827.mp4, -1, -1, 74.08571428571429
yfcc-batch3/1836.mp4, -1, -1, 58.6176470588235
yfcc-batch3/1839.mp4, -1, -1, 68.14285714285711
yfcc-batch3/1843.mp4, -1, -1, 65.4545454545455
yfcc-batch3/1848.mp4, -1, -1, 72.7222222222222
yfcc-batch3/1853.mp4, -1, -1, 51.1290322580645
yfcc-batch3/1860.mp4, -1, -1, 66.7058823529412
yfcc-batch3/1861.mp4, -1, -1, 59.17647058823529
yfcc-batch3/1867.mp4, -1, -1, 63.514285714285705
yfcc-batch3/1876.mp4, -1, -1, 68.6
yfcc-batch3/1884.mp4, -1, -1, 65.8823529411765
yfcc-batch3/1885.mp4, -1, -1, 66.4
yfcc-batch3/1894.mp4, -1, -1, 59.5625
yfcc-batch3/1900.mp4, -1, -1, 67.3421052631579
yfcc-batch3/1901.mp4, -1, -1, 75.0909090909091
yfcc-batch3/1903.mp4, -1, -1, 78.0882352941177
yfcc-batch3/1904.mp4, -1, -1, 66.91891891891889
yfcc-batch3/1906.mp4, -1, -1, 36.2258064516129
yfcc-batch3/1908.mp4, -1, -1, 65.15151515151521
yfcc-batch3/1910.mp4, -1, -1, 52.212121212121204
yfcc-batch3/1913.mp4, -1, -1, 72.82352941176471
yfcc-batch3/1916.mp4, -1, -1, 53.7297297297297
yfcc-batch3/1917.mp4, -1, -1, 55.8611111111111
yfcc-batch3/1928.mp4, -1, -1, 68.5
yfcc-batch3/1931.mp4, -1, -1, 58.405405405405396
yfcc-batch3/1934.mp4, -1, -1, 63.0833333333333
yfcc-batch3/1942.mp4, -1, -1, 61.9166666666667
yfcc-batch3/1944.mp4, -1, -1, 64.0
yfcc-batch3/1945.mp4, -1, -1, 72.0
yfcc-batch3/1947.mp4, -1, -1, 64.9393939393939
yfcc-batch3/1954.mp4, -1, -1, 50.8055555555556
yfcc-batch3/1959.mp4, -1, -1, 58.0
yfcc-batch3/1960.mp4, -1, -1, 61.421052631579
yfcc-batch3/1966.mp4, -1, -1, 47.375
yfcc-batch3/1968.mp4, -1, -1, 78.5588235294118
yfcc-batch3/1969.mp4, -1, -1, 73.76315789473679
yfcc-batch3/1974.mp4, -1, -1, 57.31428571428571
yfcc-batch3/1978.mp4, -1, -1, 47.972972972973004
yfcc-batch3/1985.mp4, -1, -1, 62.540540540540505
yfcc-batch3/1986.mp4, -1, -1, 56.71428571428571
yfcc-batch3/2000.mp4, -1, -1, 70.2058823529412
yfcc-batch3/2003.mp4, -1, -1, 64.3823529411765
yfcc-batch4/2829.mp4, -1, -1, 59.864864864864906
yfcc-batch4/2833.mp4, -1, -1, 67.7058823529412
yfcc-batch4/2834.mp4, -1, -1, 66.6571428571429
yfcc-batch4/2835.mp4, -1, -1, 61.20588235294121
yfcc-batch4/2836.mp4, -1, -1, 64.14285714285711
yfcc-batch4/2840.mp4, -1, -1, 62.842105263157904
yfcc-batch4/2845.mp4, -1, -1, 55.6111111111111
yfcc-batch4/2850.mp4, -1, -1, 73.5454545454545
yfcc-batch4/2851.mp4, -1, -1, 37.6764705882353
yfcc-batch4/2857.mp4, -1, -1, 60.264705882352885
yfcc-batch4/2859.mp4, -1, -1, 69.3428571428571
yfcc-batch4/2877.mp4, -1, -1, 61.6216216216216
yfcc-batch4/2881.mp4, -1, -1, 57.8611111111111
yfcc-batch4/2882.mp4, -1, -1, 54.3714285714286
yfcc-batch4/2894.mp4, -1, -1, 63.405405405405396
yfcc-batch4/2905.mp4, -1, -1, 62.4166666666667
yfcc-batch4/2906.mp4, -1, -1, 71.02857142857141
yfcc-batch4/2907.mp4, -1, -1, 73.1621621621622
yfcc-batch4/2911.mp4, -1, -1, 69.0
yfcc-batch4/2920.mp4, -1, -1, 45.8378378378378
yfcc-batch4/2923.mp4, -1, -1, 56.6470588235294
yfcc-batch4/2926.mp4, -1, -1, 49.0
yfcc-batch4/2930.mp4, -1, -1, 72.3888888888889
yfcc-batch4/2937.mp4, -1, -1, 59.75
yfcc-batch4/2950.mp4, -1, -1, 54.82352941176471
yfcc-batch4/2953.mp4, -1, -1, 52.3714285714286
yfcc-batch4/2964.mp4, -1, -1, 68.8648648648649
yfcc-batch4/2966.mp4, -1, -1, 50.8823529411765
yfcc-batch4/2970.mp4, -1, -1, 61.1470588235294
yfcc-batch4/2976.mp4, -1, -1, 75.2727272727273
yfcc-batch4/2978.mp4, -1, -1, 73.7058823529412
yfcc-batch4/2984.mp4, -1, -1, 68.5588235294118
yfcc-batch4/2998.mp4, -1, -1, 82.5
yfcc-batch4/3003.mp4, -1, -1, 48.527777777777786
yfcc-batch4/3006.mp4, -1, -1, 60.5882352941177
yfcc-batch4/3009.mp4, -1, -1, 61.6486486486487
yfcc-batch4/3012.mp4, -1, -1, 62.9117647058824
yfcc-batch4/3013.mp4, -1, -1, 50.67647058823529
yfcc-batch4/3015.mp4, -1, -1, 73.7567567567568
yfcc-batch4/3016.mp4, -1, -1, 64.7297297297297
yfcc-batch4/3018.mp4, -1, -1, 54.9090909090909
yfcc-batch4/3019.mp4, -1, -1, 68.4857142857143
yfcc-batch4/3021.mp4, -1, -1, 49.8055555555556
yfcc-batch4/3026.mp4, -1, -1, 62.8918918918919
yfcc-batch4/3029.mp4, -1, -1, 61.3611111111111
yfcc-batch4/3033.mp4, -1, -1, 52.975
yfcc-batch4/3037.mp4, -1, -1, 68.5882352941177
yfcc-batch4/3038.mp4, -1, -1, 55.6666666666667
yfcc-batch4/3040.mp4, -1, -1, 73.9428571428571
yfcc-batch4/3043.mp4, -1, -1, 69.5428571428571
yfcc-batch4/3047.mp4, -1, -1, 53.657894736842096
yfcc-batch4/3048.mp4, -1, -1, 58.514285714285705
yfcc-batch4/3051.mp4, -1, -1, 73.7575757575758
yfcc-batch4/3053.mp4, -1, -1, 62.4705882352941
yfcc-batch4/3054.mp4, -1, -1, 59.3823529411765
yfcc-batch4/3061.mp4, -1, -1, 61.405405405405396
yfcc-batch4/3063.mp4, -1, -1, 73.4857142857143
yfcc-batch4/3064.mp4, -1, -1, 68.9714285714286
yfcc-batch4/3072.mp4, -1, -1, 48.28571428571429
yfcc-batch4/3073.mp4, -1, -1, 58.0
yfcc-batch4/3075.mp4, -1, -1, 77.2777777777778
yfcc-batch4/3078.mp4, -1, -1, 55.2105263157895
yfcc-batch4/3080.mp4, -1, -1, 65.67647058823529
yfcc-batch4/3083.mp4, -1, -1, 63.82352941176471
yfcc-batch4/3085.mp4, -1, -1, 63.540540540540505
yfcc-batch4/3089.mp4, -1, -1, 56.914285714285704
yfcc-batch4/3090.mp4, -1, -1, 66.28571428571429
yfcc-batch4/3094.mp4, -1, -1, 59.7297297297297
yfcc-batch4/3110.mp4, -1, -1, 77.6285714285714
yfcc-batch4/3119.mp4, -1, -1, 54.2972972972973
yfcc-batch4/3120.mp4, -1, -1, 59.5
yfcc-batch4/3126.mp4, -1, -1, 65.9444444444444
yfcc-batch4/3128.mp4, -1, -1, 50.9117647058824
yfcc-batch4/3133.mp4, -1, -1, 65.7435897435898
yfcc-batch4/3137.mp4, -1, -1, 42.6969696969697
yfcc-batch4/3138.mp4, -1, -1, 62.5294117647059
yfcc-batch4/3142.mp4, -1, -1, 75.69444444444441
yfcc-batch4/3148.mp4, -1, -1, 74.6571428571429
yfcc-batch4/3152.mp4, -1, -1, 50.8529411764706
yfcc-batch4/3154.mp4, -1, -1, 60.363636363636395
yfcc-batch4/3157.mp4, -1, -1, 80.5
yfcc-batch4/3158.mp4, -1, -1, 76.7352941176471
yfcc-batch4/3159.mp4, -1, -1, 66.73684210526321
yfcc-batch4/3162.mp4, -1, -1, 47.914285714285704
yfcc-batch4/3163.mp4, -1, -1, 52.4444444444444
yfcc-batch4/3164.mp4, -1, -1, 61.5882352941177
yfcc-batch4/3166.mp4, -1, -1, 61.405405405405396
yfcc-batch4/3167.mp4, -1, -1, 63.88571428571429
yfcc-batch4/3173.mp4, -1, -1, 61.88571428571429
yfcc-batch4/3176.mp4, -1, -1, 65.6176470588235
yfcc-batch4/3177.mp4, -1, -1, 55.5833333333333
yfcc-batch4/3180.mp4, -1, -1, 56.6666666666667
yfcc-batch4/3183.mp4, -1, -1, 61.4848484848485
yfcc-batch4/3188.mp4, -1, -1, 54.0
yfcc-batch4/3189.mp4, -1, -1, 54.05882352941179
yfcc-batch4/3191.mp4, -1, -1, 70.2432432432432
yfcc-batch4/3194.mp4, -1, -1, 47.7105263157895
yfcc-batch4/3197.mp4, -1, -1, 67.4864864864865
yfcc-batch4/3202.mp4, -1, -1, 39.2285714285714
yfcc-batch4/3204.mp4, -1, -1, 53.0
yfcc-batch4/3205.mp4, -1, -1, 64.85294117647061
yfcc-batch4/3212.mp4, -1, -1, 68.8285714285714
yfcc-batch4/3219.mp4, -1, -1, 65.6944444444444
yfcc-batch4/3221.mp4, -1, -1, 74.7352941176471
yfcc-batch4/3223.mp4, -1, -1, 62.8684210526316
yfcc-batch4/3226.mp4, -1, -1, 59.6388888888889
yfcc-batch4/3233.mp4, -1, -1, 57.1212121212121
yfcc-batch4/3234.mp4, -1, -1, 64.030303030303
yfcc-batch4/3236.mp4, -1, -1, 58.0294117647059
yfcc-batch4/3240.mp4, -1, -1, 65.37142857142861
yfcc-batch4/3241.mp4, -1, -1, 66.08571428571429
yfcc-batch4/3243.mp4, -1, -1, 38.7837837837838
yfcc-batch4/3249.mp4, -1, -1, 38.5
yfcc-batch4/3256.mp4, -1, -1, 66.6666666666667
yfcc-batch4/3261.mp4, -1, -1, 64.82352941176471
yfcc-batch4/3264.mp4, -1, -1, 81.11428571428571
yfcc-batch4/3265.mp4, -1, -1, 59.20588235294121
yfcc-batch4/3268.mp4, -1, -1, 69.2
yfcc-batch4/3272.mp4, -1, -1, 68.7575757575758
yfcc-batch4/3274.mp4, -1, -1, 57.540540540540505
yfcc-batch4/3278.mp4, -1, -1, 68.91176470588239
yfcc-batch4/2503.mp4, -1, -1, 74.2647058823529
yfcc-batch4/2898.mp4, -1, -1, 43.79411764705879
yfcc-batch4/2470.mp4, -1, -1, 61.914285714285704
yfcc-batch4/2481.mp4, -1, -1, 69.1081081081081
yfcc-batch4/2490.mp4, -1, -1, 56.4571428571429
yfcc-batch4/2492.mp4, -1, -1, 65.4166666666667
yfcc-batch4/2493.mp4, -1, -1, 48.59459459459461
yfcc-batch4/2498.mp4, -1, -1, 57.4571428571429
yfcc-batch4/2504.mp4, -1, -1, 71.6111111111111
yfcc-batch4/2506.mp4, -1, -1, 54.3684210526316
yfcc-batch4/2511.mp4, -1, -1, 66.85294117647061
yfcc-batch4/2512.mp4, -1, -1, 67.3636363636364
yfcc-batch4/2515.mp4, -1, -1, 47.135135135135094
yfcc-batch4/2520.mp4, -1, -1, 76.6578947368421
yfcc-batch4/2525.mp4, -1, -1, 68.60526315789471
yfcc-batch4/2533.mp4, -1, -1, 57.3529411764706
yfcc-batch4/2539.mp4, -1, -1, 66.85294117647061
yfcc-batch4/2544.mp4, -1, -1, 59.8571428571429
yfcc-batch4/2551.mp4, -1, -1, 58.8888888888889
yfcc-batch4/2553.mp4, -1, -1, 58.428571428571395
yfcc-batch4/2557.mp4, -1, -1, 70.5833333333333
yfcc-batch4/2563.mp4, -1, -1, 64.6842105263158
yfcc-batch4/2566.mp4, -1, -1, 59.2972972972973
yfcc-batch4/2568.mp4, -1, -1, 61.8823529411765
yfcc-batch4/2571.mp4, -1, -1, 48.1315789473684
yfcc-batch4/2577.mp4, -1, -1, 74.2121212121212
yfcc-batch4/2584.mp4, -1, -1, 70.030303030303
yfcc-batch4/2589.mp4, -1, -1, 69.9090909090909
yfcc-batch4/2590.mp4, -1, -1, 71.1351351351351
yfcc-batch4/2597.mp4, -1, -1, 55.6944444444444
yfcc-batch4/2602.mp4, -1, -1, 44.236842105263214
yfcc-batch4/2604.mp4, -1, -1, 70.9722222222222
yfcc-batch4/2615.mp4, -1, -1, 65.6842105263158
yfcc-batch4/2623.mp4, -1, -1, 70.3611111111111
yfcc-batch4/2626.mp4, -1, -1, 60.0833333333333
yfcc-batch4/2633.mp4, -1, -1, 59.2702702702703
yfcc-batch4/2639.mp4, -1, -1, 56.8611111111111
yfcc-batch4/2641.mp4, -1, -1, 53.0285714285714
yfcc-batch4/2645.mp4, -1, -1, 64.7428571428572
yfcc-batch4/2654.mp4, -1, -1, 66.9487179487179
yfcc-batch4/2665.mp4, -1, -1, 48.914285714285704
yfcc-batch4/2670.mp4, -1, -1, 47.7894736842105
yfcc-batch4/2671.mp4, -1, -1, 67.9473684210526
yfcc-batch4/2675.mp4, -1, -1, 67.0285714285714
yfcc-batch4/2679.mp4, -1, -1, 63.6969696969697
yfcc-batch4/2683.mp4, -1, -1, 60.3333333333333
yfcc-batch4/2689.mp4, -1, -1, 69.5555555555556
yfcc-batch4/2694.mp4, -1, -1, 79.2631578947369
yfcc-batch4/2696.mp4, -1, -1, 69.08108108108111
yfcc-batch4/2697.mp4, -1, -1, 56.0285714285714
yfcc-batch4/2700.mp4, -1, -1, 69.0285714285714
yfcc-batch4/2712.mp4, -1, -1, 61.4444444444444
yfcc-batch4/2713.mp4, -1, -1, 63.94117647058821
yfcc-batch4/2719.mp4, -1, -1, 62.2702702702703
yfcc-batch4/2720.mp4, -1, -1, 61.5833333333333
yfcc-batch4/2724.mp4, -1, -1, 58.1428571428571
yfcc-batch4/2725.mp4, -1, -1, 31.9714285714286
yfcc-batch4/2729.mp4, -1, -1, 45.735294117647115
yfcc-batch4/2733.mp4, -1, -1, 68.6
yfcc-batch4/2739.mp4, -1, -1, 51.3030303030303
yfcc-batch4/2749.mp4, -1, -1, 64.0294117647059
yfcc-batch4/2750.mp4, -1, -1, 70.52941176470591
yfcc-batch4/2756.mp4, -1, -1, 54.7272727272727
yfcc-batch4/2757.mp4, -1, -1, 61.972222222222214
yfcc-batch4/2760.mp4, -1, -1, 53.59459459459461
yfcc-batch4/2763.mp4, -1, -1, 66.71428571428571
yfcc-batch4/2778.mp4, -1, -1, 63.6216216216216
yfcc-batch4/2780.mp4, -1, -1, 29.861111111111107
yfcc-batch4/2782.mp4, -1, -1, 57.6315789473684
yfcc-batch4/2787.mp4, -1, -1, 60.0571428571429
yfcc-batch4/2794.mp4, -1, -1, 57.31428571428571
yfcc-batch4/2795.mp4, -1, -1, 62.55882352941179
yfcc-batch4/2796.mp4, -1, -1, 62.763157894736786
yfcc-batch4/2798.mp4, -1, -1, 67.0
yfcc-batch4/2800.mp4, -1, -1, 52.3939393939394
yfcc-batch4/2806.mp4, -1, -1, 60.514285714285705
yfcc-batch4/2810.mp4, -1, -1, 42.6285714285714
yfcc-batch4/2812.mp4, -1, -1, 64.0285714285714
yfcc-batch4/2814.mp4, -1, -1, 67.9166666666667
yfcc-batch4/2821.mp4, -1, -1, 63.57142857142861
yfcc-batch4/2824.mp4, -1, -1, 66.3888888888889
yfcc-batch5/3655.mp4, -1, -1, 44.6111111111111
yfcc-batch5/3658.mp4, -1, -1, 78.62162162162159
yfcc-batch5/3659.mp4, -1, -1, 77.3888888888889
yfcc-batch5/3672.mp4, -1, -1, 47.7027027027027
yfcc-batch5/3675.mp4, -1, -1, 61.375
yfcc-batch5/3680.mp4, -1, -1, 56.9166666666667
yfcc-batch5/3681.mp4, -1, -1, 74.8378378378378
yfcc-batch5/3686.mp4, -1, -1, 45.0
yfcc-batch5/3688.mp4, -1, -1, 65.1081081081081
yfcc-batch5/3689.mp4, -1, -1, 59.71428571428571
yfcc-batch5/3690.mp4, -1, -1, 69.1176470588235
yfcc-batch5/3693.mp4, -1, -1, 61.363636363636395
yfcc-batch5/3695.mp4, -1, -1, 74.258064516129
yfcc-batch5/3699.mp4, -1, -1, 63.55882352941179
yfcc-batch5/3701.mp4, -1, -1, 51.5882352941177
yfcc-batch5/3705.mp4, -1, -1, 48.47368421052629
yfcc-batch5/3719.mp4, -1, -1, 70.55555555555559
yfcc-batch5/3722.mp4, -1, -1, 66.4736842105263
yfcc-batch5/3729.mp4, -1, -1, 60.0
yfcc-batch5/3731.mp4, -1, -1, 60.9428571428571
yfcc-batch5/3732.mp4, -1, -1, 65.6857142857143
yfcc-batch5/3733.mp4, -1, -1, 56.0833333333333
yfcc-batch5/3734.mp4, -1, -1, 62.842105263157904
yfcc-batch5/3742.mp4, -1, -1, 69.3611111111111
yfcc-batch5/3744.mp4, -1, -1, 41.3714285714286
yfcc-batch5/3748.mp4, -1, -1, 62.4117647058824
yfcc-batch5/3752.mp4, -1, -1, 70.2432432432432
yfcc-batch5/3757.mp4, -1, -1, 64.5142857142857
yfcc-batch5/3772.mp4, -1, -1, 49.6176470588235
yfcc-batch5/3777.mp4, -1, -1, 49.11428571428571
yfcc-batch5/3781.mp4, -1, -1, 72.4166666666667
yfcc-batch5/3790.mp4, -1, -1, 55.17647058823529
yfcc-batch5/3792.mp4, -1, -1, 55.0
yfcc-batch5/3796.mp4, -1, -1, 47.70588235294121
yfcc-batch5/3797.mp4, -1, -1, 64.2285714285714
yfcc-batch5/3817.mp4, -1, -1, 47.11428571428571
yfcc-batch5/3826.mp4, -1, -1, 68.4722222222222
yfcc-batch5/3830.mp4, -1, -1, 74.8611111111111
yfcc-batch5/3834.mp4, -1, -1, 79.2571428571428
yfcc-batch5/3835.mp4, -1, -1, 54.2285714285714
yfcc-batch5/3838.mp4, -1, -1, 68.7714285714286
yfcc-batch5/3841.mp4, -1, -1, 55.4864864864865
yfcc-batch5/3847.mp4, -1, -1, 56.410256410256395
yfcc-batch5/3850.mp4, -1, -1, 59.0555555555556
yfcc-batch5/3853.mp4, -1, -1, 61.88571428571429
yfcc-batch5/3854.mp4, -1, -1, 55.5294117647059
yfcc-batch5/3855.mp4, -1, -1, 84.5882352941177
yfcc-batch5/3857.mp4, -1, -1, 55.9444444444444
yfcc-batch5/3859.mp4, -1, -1, 46.5428571428572
yfcc-batch5/3861.mp4, -1, -1, 64.9722222222222
yfcc-batch5/3863.mp4, -1, -1, 59.0
yfcc-batch5/3869.mp4, -1, -1, 74.45714285714291
yfcc-batch5/3870.mp4, -1, -1, 70.6578947368421
yfcc-batch5/3872.mp4, -1, -1, 51.31428571428571
yfcc-batch5/3876.mp4, -1, -1, 64.4444444444444
yfcc-batch5/3877.mp4, -1, -1, 62.4166666666667
yfcc-batch5/3882.mp4, -1, -1, 51.948717948718006
yfcc-batch5/3885.mp4, -1, -1, 70.5
yfcc-batch5/3886.mp4, -1, -1, 70.9393939393939
yfcc-batch5/3887.mp4, -1, -1, 64.0606060606061
yfcc-batch5/3890.mp4, -1, -1, 63.44117647058821
yfcc-batch5/3897.mp4, -1, -1, 62.6944444444444
yfcc-batch5/3901.mp4, -1, -1, 72.3684210526316
yfcc-batch5/3902.mp4, -1, -1, 64.825
yfcc-batch5/3904.mp4, -1, -1, 68.8181818181818
yfcc-batch5/3905.mp4, -1, -1, 69.37142857142861
yfcc-batch5/3906.mp4, -1, -1, 65.30769230769229
yfcc-batch5/3907.mp4, -1, -1, 70.6666666666667
yfcc-batch5/3908.mp4, -1, -1, 62.7714285714286
yfcc-batch5/3916.mp4, -1, -1, 68.14705882352939
yfcc-batch5/3930.mp4, -1, -1, 51.82857142857139
yfcc-batch5/3933.mp4, -1, -1, 74.945945945946
yfcc-batch5/3943.mp4, -1, -1, 71.4594594594595
yfcc-batch5/3944.mp4, -1, -1, 47.7567567567568
yfcc-batch5/3959.mp4, -1, -1, 64.0285714285714
yfcc-batch5/3960.mp4, -1, -1, 77.4722222222222
yfcc-batch5/3961.mp4, -1, -1, 53.846153846153896
yfcc-batch5/3962.mp4, -1, -1, 56.1666666666667
yfcc-batch5/3963.mp4, -1, -1, 67.2702702702703
yfcc-batch5/3969.mp4, -1, -1, 65.4864864864865
yfcc-batch5/3975.mp4, -1, -1, 55.0
yfcc-batch5/3976.mp4, -1, -1, 57.0833333333333
yfcc-batch5/3984.mp4, -1, -1, 51.027027027026996
yfcc-batch5/3985.mp4, -1, -1, 72.94871794871791
yfcc-batch5/3986.mp4, -1, -1, 61.846153846153896
yfcc-batch5/3990.mp4, -1, -1, 48.67647058823529
yfcc-batch5/3991.mp4, -1, -1, 66.9411764705882
yfcc-batch5/3994.mp4, -1, -1, 66.4210526315789
yfcc-batch5/3998.mp4, -1, -1, 49.264705882352885
yfcc-batch5/4001.mp4, -1, -1, 74.1875
yfcc-batch5/4002.mp4, -1, -1, 66.5263157894737
yfcc-batch5/4005.mp4, -1, -1, 61.743589743589794
yfcc-batch5/4012.mp4, -1, -1, 66.6
yfcc-batch5/4014.mp4, -1, -1, 62.657142857142894
yfcc-batch5/4026.mp4, -1, -1, 64.5
yfcc-batch5/4029.mp4, -1, -1, 73.2631578947369
yfcc-batch5/4032.mp4, -1, -1, 35.2162162162162
yfcc-batch5/4039.mp4, -1, -1, 64.3823529411765
yfcc-batch5/4042.mp4, -1, -1, 75.70270270270271
yfcc-batch5/4044.mp4, -1, -1, 72.4166666666667
yfcc-batch5/4054.mp4, -1, -1, 56.972972972973004
yfcc-batch5/4066.mp4, -1, -1, 57.2285714285714
yfcc-batch5/4068.mp4, -1, -1, 64.0285714285714
yfcc-batch5/4070.mp4, -1, -1, 82.2
yfcc-batch5/4074.mp4, -1, -1, 76.3428571428571
yfcc-batch5/4077.mp4, -1, -1, 79.6
yfcc-batch5/4079.mp4, -1, -1, 58.972222222222214
yfcc-batch5/4080.mp4, -1, -1, 61.3529411764706
yfcc-batch5/4086.mp4, -1, -1, 53.3888888888889
yfcc-batch5/4088.mp4, -1, -1, 69.4473684210526
yfcc-batch5/4089.mp4, -1, -1, 49.3529411764706
yfcc-batch5/4093.mp4, -1, -1, 62.763157894736786
yfcc-batch5/4095.mp4, -1, -1, 63.3714285714286
yfcc-batch5/3337.mp4, -1, -1, 78.69444444444441
yfcc-batch5/3404.mp4, -1, -1, 75.17142857142859
yfcc-batch5/3974.mp4, -1, -1, 45.9090909090909
yfcc-batch5/3290.mp4, -1, -1, 66.6857142857143
yfcc-batch5/3291.mp4, -1, -1, 53.485714285714295
yfcc-batch5/3303.mp4, -1, -1, 59.6
yfcc-batch5/3305.mp4, -1, -1, 66.28571428571429
yfcc-batch5/3310.mp4, -1, -1, 49.5428571428571
yfcc-batch5/3312.mp4, -1, -1, 53.5526315789474
yfcc-batch5/3316.mp4, -1, -1, 60.74285714285711
yfcc-batch5/3321.mp4, -1, -1, 71.1025641025641
yfcc-batch5/3322.mp4, -1, -1, 69.1388888888889
yfcc-batch5/3323.mp4, -1, -1, 66.2432432432432
yfcc-batch5/3324.mp4, -1, -1, 67.8611111111111
yfcc-batch5/3328.mp4, -1, -1, 66.05714285714289
yfcc-batch5/3330.mp4, -1, -1, 54.0
yfcc-batch5/3331.mp4, -1, -1, 65.0
yfcc-batch5/3333.mp4, -1, -1, 56.0285714285714
yfcc-batch5/3344.mp4, -1, -1, 73.2727272727273
yfcc-batch5/3350.mp4, -1, -1, 59.0606060606061
yfcc-batch5/3352.mp4, -1, -1, 71.4411764705882
yfcc-batch5/3353.mp4, -1, -1, 63.363636363636395
yfcc-batch5/3361.mp4, -1, -1, 52.17647058823529
yfcc-batch5/3366.mp4, -1, -1, 71.5945945945946
yfcc-batch5/3369.mp4, -1, -1, 53.2285714285714
yfcc-batch5/3377.mp4, -1, -1, 58.67647058823529
yfcc-batch5/3378.mp4, -1, -1, 69.6571428571429
yfcc-batch5/3385.mp4, -1, -1, 51.9459459459459
yfcc-batch5/3386.mp4, -1, -1, 70.0285714285714
yfcc-batch5/3392.mp4, -1, -1, 72.6470588235294
yfcc-batch5/3395.mp4, -1, -1, 71.54054054054059
yfcc-batch5/3396.mp4, -1, -1, 72.3888888888889
yfcc-batch5/3402.mp4, -1, -1, 50.23076923076921
yfcc-batch5/3407.mp4, -1, -1, 64.6
yfcc-batch5/3409.mp4, -1, -1, 65.1351351351351
yfcc-batch5/3410.mp4, -1, -1, 58.5
yfcc-batch5/3422.mp4, -1, -1, 56.375
yfcc-batch5/3430.mp4, -1, -1, 56.6285714285714
yfcc-batch5/3432.mp4, -1, -1, 71.5151515151515
yfcc-batch5/3443.mp4, -1, -1, 71.0571428571429
yfcc-batch5/3455.mp4, -1, -1, 48.0571428571429
yfcc-batch5/3460.mp4, -1, -1, 65.1111111111111
yfcc-batch5/3463.mp4, -1, -1, 59.085714285714296
yfcc-batch5/3483.mp4, -1, -1, 60.6216216216216
yfcc-batch5/3489.mp4, -1, -1, 78.97435897435899
yfcc-batch5/3493.mp4, -1, -1, 48.8611111111111
yfcc-batch5/3494.mp4, -1, -1, 38.054054054054106
yfcc-batch5/3496.mp4, -1, -1, 57.2285714285714
yfcc-batch5/3502.mp4, -1, -1, 68.4857142857143
yfcc-batch5/3503.mp4, -1, -1, 71.6
yfcc-batch5/3505.mp4, -1, -1, 67.5161290322581
yfcc-batch5/3507.mp4, -1, -1, 31.470588235294105
yfcc-batch5/3513.mp4, -1, -1, 68.4722222222222
yfcc-batch5/3522.mp4, -1, -1, 58.9459459459459
yfcc-batch5/3531.mp4, -1, -1, 57.1081081081081
yfcc-batch5/3535.mp4, -1, -1, 66.8055555555556
yfcc-batch5/3540.mp4, -1, -1, 54.4
yfcc-batch5/3544.mp4, -1, -1, 65.91428571428571
yfcc-batch5/3551.mp4, -1, -1, 68.6216216216216
yfcc-batch5/3554.mp4, -1, -1, 76.3421052631579
yfcc-batch5/3561.mp4, -1, -1, 58.34285714285711
yfcc-batch5/3572.mp4, -1, -1, 72.4117647058823
yfcc-batch5/3575.mp4, -1, -1, 47.514285714285705
yfcc-batch5/3578.mp4, -1, -1, 76.7222222222222
yfcc-batch5/3583.mp4, -1, -1, 57.9166666666667
yfcc-batch5/3584.mp4, -1, -1, 70.29729729729729
yfcc-batch5/3594.mp4, -1, -1, 68.0
yfcc-batch5/3595.mp4, -1, -1, 38.3333333333333
yfcc-batch5/3602.mp4, -1, -1, 52.4117647058824
yfcc-batch5/3609.mp4, -1, -1, 58.8823529411765
yfcc-batch5/3610.mp4, -1, -1, 59.5151515151515
yfcc-batch5/3618.mp4, -1, -1, 55.810810810810786
yfcc-batch5/3620.mp4, -1, -1, 69.0555555555556
yfcc-batch5/3621.mp4, -1, -1, 57.222222222222214
yfcc-batch5/3626.mp4, -1, -1, 46.3714285714286
yfcc-batch5/3631.mp4, -1, -1, 69.6857142857143
yfcc-batch5/3632.mp4, -1, -1, 73.03125
yfcc-batch5/3633.mp4, -1, -1, 73.8787878787879
yfcc-batch5/3637.mp4, -1, -1, 46.43243243243239
yfcc-batch5/3638.mp4, -1, -1, 67.7941176470588
yfcc-batch5/3641.mp4, -1, -1, 71.0333333333333
yfcc-batch5/3642.mp4, -1, -1, 64.4444444444444
yfcc-batch6/4470.mp4, -1, -1, 64.8684210526316
yfcc-batch6/4474.mp4, -1, -1, 76.3611111111111
yfcc-batch6/4475.mp4, -1, -1, 64.9714285714286
yfcc-batch6/4476.mp4, -1, -1, 58.6486486486487
yfcc-batch6/4478.mp4, -1, -1, 63.1428571428571
yfcc-batch6/4480.mp4, -1, -1, 58.43243243243239
yfcc-batch6/4481.mp4, -1, -1, 69.3428571428571
yfcc-batch6/4483.mp4, -1, -1, 61.70588235294121
yfcc-batch6/4489.mp4, -1, -1, 71.9032258064516
yfcc-batch6/4494.mp4, -1, -1, 49.1081081081081
yfcc-batch6/4496.mp4, -1, -1, 70.0
yfcc-batch6/4498.mp4, -1, -1, 70.1081081081081
yfcc-batch6/4499.mp4, -1, -1, 60.0882352941177
yfcc-batch6/4517.mp4, -1, -1, 39.5714285714286
yfcc-batch6/4521.mp4, -1, -1, 64.75
yfcc-batch6/4531.mp4, -1, -1, 52.8529411764706
yfcc-batch6/4534.mp4, -1, -1, 43.2105263157895
yfcc-batch6/4536.mp4, -1, -1, 67.10526315789471
yfcc-batch6/4537.mp4, -1, -1, 72.5588235294118
yfcc-batch6/4538.mp4, -1, -1, 48.235294117647115
yfcc-batch6/4539.mp4, -1, -1, 67.5294117647059
yfcc-batch6/4541.mp4, -1, -1, 67.5882352941177
yfcc-batch6/4560.mp4, -1, -1, 61.0810810810811
yfcc-batch6/4561.mp4, -1, -1, 67.3421052631579
yfcc-batch6/4567.mp4, -1, -1, 65.1388888888889
yfcc-batch6/4568.mp4, -1, -1, 46.625
yfcc-batch6/4572.mp4, -1, -1, 54.82352941176471
yfcc-batch6/4587.mp4, -1, -1, 67.0
yfcc-batch6/4590.mp4, -1, -1, 68.4411764705882
yfcc-batch6/4593.mp4, -1, -1, 60.9166666666667
yfcc-batch6/4597.mp4, -1, -1, 47.0571428571429
yfcc-batch6/4603.mp4, -1, -1, 65.35294117647061
yfcc-batch6/4607.mp4, -1, -1, 57.7567567567568
yfcc-batch6/4608.mp4, -1, -1, 65.56756756756761
yfcc-batch6/4611.mp4, -1, -1, 73.44444444444441
yfcc-batch6/4612.mp4, -1, -1, 56.7567567567568
yfcc-batch6/4614.mp4, -1, -1, 62.774193548387096
yfcc-batch6/4619.mp4, -1, -1, 74.1842105263158
yfcc-batch6/4620.mp4, -1, -1, 73.6388888888889
yfcc-batch6/4622.mp4, -1, -1, 42.6666666666667
yfcc-batch6/4623.mp4, -1, -1, 54.2105263157895
yfcc-batch6/4642.mp4, -1, -1, 68.3421052631579
yfcc-batch6/4647.mp4, -1, -1, 63.428571428571395
yfcc-batch6/4650.mp4, -1, -1, 50.81578947368421
yfcc-batch6/4651.mp4, -1, -1, 65.6666666666667
yfcc-batch6/4653.mp4, -1, -1, 51.7297297297297
yfcc-batch6/4657.mp4, -1, -1, 63.027777777777786
yfcc-batch6/4663.mp4, -1, -1, 59.527777777777786
yfcc-batch6/4672.mp4, -1, -1, 53.6666666666667
yfcc-batch6/4673.mp4, -1, -1, 68.5
yfcc-batch6/4677.mp4, -1, -1, 62.32352941176471
yfcc-batch6/4678.mp4, -1, -1, 64.81081081081078
yfcc-batch6/4682.mp4, -1, -1, 53.257142857142895
yfcc-batch6/4688.mp4, -1, -1, 62.31428571428571
yfcc-batch6/4690.mp4, -1, -1, 71.2571428571428
yfcc-batch6/4692.mp4, -1, -1, 66.4444444444444
yfcc-batch6/4693.mp4, -1, -1, 62.11428571428571
yfcc-batch6/4694.mp4, -1, -1, 72.4324324324324
yfcc-batch6/4695.mp4, -1, -1, 65.4285714285714
yfcc-batch6/4700.mp4, -1, -1, 73.17142857142859
yfcc-batch6/4701.mp4, -1, -1, 72.8918918918919
yfcc-batch6/4712.mp4, -1, -1, 65.88571428571429
yfcc-batch6/4713.mp4, -1, -1, 49.6153846153846
yfcc-batch6/4720.mp4, -1, -1, 55.538461538461505
yfcc-batch6/4722.mp4, -1, -1, 62.7179487179487
yfcc-batch6/4723.mp4, -1, -1, 78.6571428571429
yfcc-batch6/4729.mp4, -1, -1, 68.64705882352939
yfcc-batch6/4731.mp4, -1, -1, 73.4285714285714
yfcc-batch6/4738.mp4, -1, -1, 69.7777777777778
yfcc-batch6/4741.mp4, -1, -1, 69.5
yfcc-batch6/4744.mp4, -1, -1, 68.5277777777778
yfcc-batch6/4747.mp4, -1, -1, 70.3243243243243
yfcc-batch6/4748.mp4, -1, -1, 76.7878787878788
yfcc-batch6/4755.mp4, -1, -1, 66.9736842105263
yfcc-batch6/4760.mp4, -1, -1, 61.3333333333333
yfcc-batch6/4763.mp4, -1, -1, 66.0555555555556
yfcc-batch6/4773.mp4, -1, -1, 67.3142857142857
yfcc-batch6/4774.mp4, -1, -1, 61.1111111111111
yfcc-batch6/4779.mp4, -1, -1, 60.74285714285711
yfcc-batch6/4780.mp4, -1, -1, 67.2162162162162
yfcc-batch6/4782.mp4, -1, -1, 56.23076923076921
yfcc-batch6/4783.mp4, -1, -1, 69.5142857142857
yfcc-batch6/4787.mp4, -1, -1, 54.0833333333333
yfcc-batch6/4797.mp4, -1, -1, 52.3611111111111
yfcc-batch6/4799.mp4, -1, -1, 56.1470588235294
yfcc-batch6/4803.mp4, -1, -1, 71.88571428571429
yfcc-batch6/4811.mp4, -1, -1, 58.9473684210526
yfcc-batch6/4814.mp4, -1, -1, 66.4054054054054
yfcc-batch6/4822.mp4, -1, -1, 67.2894736842105
yfcc-batch6/4827.mp4, -1, -1, 57.10526315789479
yfcc-batch6/4832.mp4, -1, -1, 56.8529411764706
yfcc-batch6/4836.mp4, -1, -1, 49.1388888888889
yfcc-batch6/4838.mp4, -1, -1, 64.2702702702703
yfcc-batch6/4839.mp4, -1, -1, 59.514285714285705
yfcc-batch6/4842.mp4, -1, -1, 66.4
yfcc-batch6/4850.mp4, -1, -1, 62.4117647058824
yfcc-batch6/4865.mp4, -1, -1, 62.9473684210526
yfcc-batch6/4872.mp4, -1, -1, 59.189189189189214
yfcc-batch6/4879.mp4, -1, -1, 65.56756756756761
yfcc-batch6/4881.mp4, -1, -1, 58.5555555555556
yfcc-batch6/4887.mp4, -1, -1, 67.5
yfcc-batch6/4894.mp4, -1, -1, 57.0
yfcc-batch6/4895.mp4, -1, -1, 73.05555555555559
yfcc-batch6/4896.mp4, -1, -1, 64.70270270270271
yfcc-batch6/4899.mp4, -1, -1, 51.0555555555556
yfcc-batch6/4904.mp4, -1, -1, 41.454545454545496
yfcc-batch6/4907.mp4, -1, -1, 70.9428571428571
yfcc-batch6/4793.mp4, -1, -1, 81.3157894736842
yfcc-batch6/4849.mp4, -1, -1, 56.43243243243239
yfcc-batch6/4101.mp4, -1, -1, 56.9428571428571
yfcc-batch6/4103.mp4, -1, -1, 68.29729729729729
yfcc-batch6/4114.mp4, -1, -1, 32.6216216216216
yfcc-batch6/4117.mp4, -1, -1, 68.6842105263158
yfcc-batch6/4119.mp4, -1, -1, 54.257142857142895
yfcc-batch6/4124.mp4, -1, -1, 68.0
yfcc-batch6/4128.mp4, -1, -1, 52.8918918918919
yfcc-batch6/4130.mp4, -1, -1, 67.91428571428571
yfcc-batch6/4142.mp4, -1, -1, 59.17142857142861
yfcc-batch6/4150.mp4, -1, -1, 67.3333333333333
yfcc-batch6/4152.mp4, -1, -1, 73.2432432432432
yfcc-batch6/4154.mp4, -1, -1, 62.57142857142861
yfcc-batch6/4156.mp4, -1, -1, 73.7297297297297
yfcc-batch6/4161.mp4, -1, -1, 74.3611111111111
yfcc-batch6/4169.mp4, -1, -1, 63.70588235294121
yfcc-batch6/4171.mp4, -1, -1, 59.527777777777786
yfcc-batch6/4172.mp4, -1, -1, 56.7027027027027
yfcc-batch6/4173.mp4, -1, -1, 74.8823529411765
yfcc-batch6/4177.mp4, -1, -1, 57.9444444444444
yfcc-batch6/4179.mp4, -1, -1, 69.37142857142861
yfcc-batch6/4181.mp4, -1, -1, 64.3513513513513
yfcc-batch6/4182.mp4, -1, -1, 60.97368421052629
yfcc-batch6/4194.mp4, -1, -1, 64.91428571428571
yfcc-batch6/4196.mp4, -1, -1, 55.82352941176471
yfcc-batch6/4204.mp4, -1, -1, 54.3333333333333
yfcc-batch6/4208.mp4, -1, -1, 73.9428571428571
yfcc-batch6/4213.mp4, -1, -1, 59.0810810810811
yfcc-batch6/4214.mp4, -1, -1, 72.6585365853658
yfcc-batch6/4217.mp4, -1, -1, 59.7714285714286
yfcc-batch6/4219.mp4, -1, -1, 72.2285714285714
yfcc-batch6/4221.mp4, -1, -1, 76.6388888888889
yfcc-batch6/4222.mp4, -1, -1, 58.485714285714295
yfcc-batch6/4223.mp4, -1, -1, 67.6388888888889
yfcc-batch6/4225.mp4, -1, -1, 61.722222222222214
yfcc-batch6/4228.mp4, -1, -1, 66.0555555555556
yfcc-batch6/4233.mp4, -1, -1, 65.05714285714289
yfcc-batch6/4236.mp4, -1, -1, 65.3142857142857
yfcc-batch6/4248.mp4, -1, -1, 52.0540540540541
yfcc-batch6/4253.mp4, -1, -1, 52.6285714285714
yfcc-batch6/4255.mp4, -1, -1, 62.29411764705879
yfcc-batch6/4261.mp4, -1, -1, 45.151515151515206
yfcc-batch6/4273.mp4, -1, -1, 72.7317073170732
yfcc-batch6/4278.mp4, -1, -1, 75.17647058823529
yfcc-batch6/4280.mp4, -1, -1, 54.0789473684211
yfcc-batch6/4281.mp4, -1, -1, 53.31428571428571
yfcc-batch6/4286.mp4, -1, -1, 61.0540540540541
yfcc-batch6/4289.mp4, -1, -1, 63.4375
yfcc-batch6/4295.mp4, -1, -1, 56.4864864864865
yfcc-batch6/4297.mp4, -1, -1, 71.3888888888889
yfcc-batch6/4298.mp4, -1, -1, 56.94117647058821
yfcc-batch6/4302.mp4, -1, -1, 64.4411764705882
yfcc-batch6/4303.mp4, -1, -1, 49.5135135135135
yfcc-batch6/4308.mp4, -1, -1, 66.6944444444444
yfcc-batch6/4313.mp4, -1, -1, 61.8571428571429
yfcc-batch6/4315.mp4, -1, -1, 59.1081081081081
yfcc-batch6/4323.mp4, -1, -1, 61.5555555555556
yfcc-batch6/4328.mp4, -1, -1, 29.7692307692308
yfcc-batch6/4329.mp4, -1, -1, 69.4722222222222
yfcc-batch6/4334.mp4, -1, -1, 70.0
yfcc-batch6/4339.mp4, -1, -1, 60.085714285714296
yfcc-batch6/4342.mp4, -1, -1, 66.71428571428571
yfcc-batch6/4343.mp4, -1, -1, 65.3333333333333
yfcc-batch6/4348.mp4, -1, -1, 72.4722222222222
yfcc-batch6/4350.mp4, -1, -1, 58.189189189189214
yfcc-batch6/4351.mp4, -1, -1, 55.1428571428571
yfcc-batch6/4357.mp4, -1, -1, 43.6285714285714
yfcc-batch6/4371.mp4, -1, -1, 64.3888888888889
yfcc-batch6/4374.mp4, -1, -1, 63.39473684210521
yfcc-batch6/4377.mp4, -1, -1, 70.2647058823529
yfcc-batch6/4379.mp4, -1, -1, 69.3333333333333
yfcc-batch6/4382.mp4, -1, -1, 46.6
yfcc-batch6/4384.mp4, -1, -1, 54.8823529411765
yfcc-batch6/4385.mp4, -1, -1, 64.6486486486487
yfcc-batch6/4389.mp4, -1, -1, 72.6176470588236
yfcc-batch6/4392.mp4, -1, -1, 72.30555555555559
yfcc-batch6/4404.mp4, -1, -1, 65.4571428571429
yfcc-batch6/4406.mp4, -1, -1, 64.3030303030303
yfcc-batch6/4413.mp4, -1, -1, 63.43243243243239
yfcc-batch6/4419.mp4, -1, -1, 66.28571428571429
yfcc-batch6/4424.mp4, -1, -1, 60.8684210526316
yfcc-batch6/4427.mp4, -1, -1, 78.6578947368421
yfcc-batch6/4439.mp4, -1, -1, 36.32432432432429
yfcc-batch6/4448.mp4, -1, -1, 52.55882352941179
yfcc-batch6/4450.mp4, -1, -1, 59.7894736842105
yfcc-batch6/4458.mp4, -1, -1, 57.027777777777786
yfcc-batch6/4460.mp4, -1, -1, 72.30555555555559
yfcc-batch7/5289.mp4, -1, -1, 53.7714285714286
yfcc-batch7/5290.mp4, -1, -1, 61.3939393939394
yfcc-batch7/5293.mp4, -1, -1, 55.2162162162162
yfcc-batch7/5294.mp4, -1, -1, 71.2702702702703
yfcc-batch7/5297.mp4, -1, -1, 77.2222222222222
yfcc-batch7/5300.mp4, -1, -1, 71.70270270270271
yfcc-batch7/5303.mp4, -1, -1, 40.65
yfcc-batch7/5308.mp4, -1, -1, 60.5882352941177
yfcc-batch7/5322.mp4, -1, -1, 63.722222222222214
yfcc-batch7/5323.mp4, -1, -1, 61.9473684210526
yfcc-batch7/5326.mp4, -1, -1, 68.11428571428571
yfcc-batch7/5327.mp4, -1, -1, 54.026315789473706
yfcc-batch7/5329.mp4, -1, -1, 86.5833333333333
yfcc-batch7/5330.mp4, -1, -1, 53.846153846153896
yfcc-batch7/5333.mp4, -1, -1, 51.75
yfcc-batch7/5339.mp4, -1, -1, 68.41176470588239
yfcc-batch7/5340.mp4, -1, -1, 51.026315789473706
yfcc-batch7/5345.mp4, -1, -1, 50.89473684210521
yfcc-batch7/5346.mp4, -1, -1, 67.35294117647061
yfcc-batch7/5348.mp4, -1, -1, 74.69230769230771
yfcc-batch7/5350.mp4, -1, -1, 45.82352941176471
yfcc-batch7/5354.mp4, -1, -1, 67.2222222222222
yfcc-batch7/5360.mp4, -1, -1, 74.7575757575758
yfcc-batch7/5378.mp4, -1, -1, 68.57575757575759
yfcc-batch7/5384.mp4, -1, -1, 69.2051282051282
yfcc-batch7/5385.mp4, -1, -1, 60.526315789473706
yfcc-batch7/5388.mp4, -1, -1, 72.9117647058823
yfcc-batch7/5390.mp4, -1, -1, 73.4324324324324
yfcc-batch7/5393.mp4, -1, -1, 65.1666666666667
yfcc-batch7/5399.mp4, -1, -1, 70.8571428571429
yfcc-batch7/5404.mp4, -1, -1, 68.5526315789474
yfcc-batch7/5418.mp4, -1, -1, 65.1111111111111
yfcc-batch7/5419.mp4, -1, -1, 66.28125
yfcc-batch7/5421.mp4, -1, -1, 59.90243902439021
yfcc-batch7/5423.mp4, -1, -1, 66.5135135135135
yfcc-batch7/5426.mp4, -1, -1, 66.475
yfcc-batch7/5429.mp4, -1, -1, 73.8205128205128
yfcc-batch7/5446.mp4, -1, -1, 68.6486486486487
yfcc-batch7/5448.mp4, -1, -1, 56.512820512820504
yfcc-batch7/5454.mp4, -1, -1, 73.945945945946
yfcc-batch7/5466.mp4, -1, -1, 62.56410256410261
yfcc-batch7/5468.mp4, -1, -1, 60.81578947368421
yfcc-batch7/5469.mp4, -1, -1, 53.657894736842096
yfcc-batch7/5472.mp4, -1, -1, 64.56756756756761
yfcc-batch7/5474.mp4, -1, -1, 52.95
yfcc-batch7/5479.mp4, -1, -1, 67.60526315789471
yfcc-batch7/5481.mp4, -1, -1, 66.1578947368421
yfcc-batch7/5482.mp4, -1, -1, 36.4318181818182
yfcc-batch7/5483.mp4, -1, -1, 55.6111111111111
yfcc-batch7/5487.mp4, -1, -1, 35.8285714285714
yfcc-batch7/5492.mp4, -1, -1, 51.027027027026996
yfcc-batch7/5497.mp4, -1, -1, 69.73684210526321
yfcc-batch7/5498.mp4, -1, -1, 54.864864864864906
yfcc-batch7/5503.mp4, -1, -1, 62.735294117647115
yfcc-batch7/5505.mp4, -1, -1, 59.4864864864865
yfcc-batch7/5507.mp4, -1, -1, 48.8918918918919
yfcc-batch7/5521.mp4, -1, -1, 69.1111111111111
yfcc-batch7/5523.mp4, -1, -1, 49.526315789473706
yfcc-batch7/5524.mp4, -1, -1, 62.1388888888889
yfcc-batch7/5527.mp4, -1, -1, 60.675675675675706
yfcc-batch7/5535.mp4, -1, -1, 75.8378378378378
yfcc-batch7/5537.mp4, -1, -1, 66.3823529411765
yfcc-batch7/5540.mp4, -1, -1, 69.91891891891889
yfcc-batch7/5543.mp4, -1, -1, 65.62857142857139
yfcc-batch7/5544.mp4, -1, -1, 49.428571428571395
yfcc-batch7/5550.mp4, -1, -1, 66.0
yfcc-batch7/5554.mp4, -1, -1, 63.7179487179487
yfcc-batch7/5569.mp4, -1, -1, 59.88571428571429
yfcc-batch7/5571.mp4, -1, -1, 68.25
yfcc-batch7/5573.mp4, -1, -1, 56.6666666666667
yfcc-batch7/5574.mp4, -1, -1, 34.1142857142857
yfcc-batch7/5577.mp4, -1, -1, 62.405405405405396
yfcc-batch7/5584.mp4, -1, -1, 66.65625
yfcc-batch7/5589.mp4, -1, -1, 72.5
yfcc-batch7/5593.mp4, -1, -1, 69.8378378378378
yfcc-batch7/5613.mp4, -1, -1, 72.5833333333333
yfcc-batch7/5615.mp4, -1, -1, 67.97435897435899
yfcc-batch7/5619.mp4, -1, -1, 71.0882352941177
yfcc-batch7/5623.mp4, -1, -1, 59.8611111111111
yfcc-batch7/5634.mp4, -1, -1, 63.4473684210526
yfcc-batch7/5636.mp4, -1, -1, 60.9459459459459
yfcc-batch7/5641.mp4, -1, -1, 65.84848484848479
yfcc-batch7/5651.mp4, -1, -1, 78.5609756097561
yfcc-batch7/5653.mp4, -1, -1, 64.2105263157895
yfcc-batch7/5654.mp4, -1, -1, 69.5454545454546
yfcc-batch7/5658.mp4, -1, -1, 52.0
yfcc-batch7/5662.mp4, -1, -1, 59.657142857142894
yfcc-batch7/5666.mp4, -1, -1, 69.027027027027
yfcc-batch7/5667.mp4, -1, -1, 67.2820512820513
yfcc-batch7/5672.mp4, -1, -1, 50.914285714285704
yfcc-batch7/5673.mp4, -1, -1, 71.40625
yfcc-batch7/5678.mp4, -1, -1, 49.6388888888889
yfcc-batch7/5681.mp4, -1, -1, 76.7631578947369
yfcc-batch7/5682.mp4, -1, -1, 70.3428571428571
yfcc-batch7/5684.mp4, -1, -1, 64.6578947368421
yfcc-batch7/5688.mp4, -1, -1, 61.3333333333333
yfcc-batch7/5695.mp4, -1, -1, 53.0789473684211
yfcc-batch7/5697.mp4, -1, -1, 54.1081081081081
yfcc-batch7/5706.mp4, -1, -1, 61.4
yfcc-batch7/5709.mp4, -1, -1, 51.428571428571395
yfcc-batch7/5710.mp4, -1, -1, 61.31428571428571
yfcc-batch7/5714.mp4, -1, -1, 65.1714285714286
yfcc-batch7/5716.mp4, -1, -1, 74.71428571428571
yfcc-batch7/5720.mp4, -1, -1, 62.4473684210526
yfcc-batch7/5733.mp4, -1, -1, 55.43243243243239
yfcc-batch7/5225.mp4, -1, -1, 66.5555555555556
yfcc-batch7/4922.mp4, -1, -1, 46.9354838709677
yfcc-batch7/4932.mp4, -1, -1, 68.3684210526316
yfcc-batch7/4933.mp4, -1, -1, 71.5135135135135
yfcc-batch7/4935.mp4, -1, -1, 68.6388888888889
yfcc-batch7/4942.mp4, -1, -1, 70.3846153846154
yfcc-batch7/4945.mp4, -1, -1, 34.7142857142857
yfcc-batch7/4946.mp4, -1, -1, 68.0833333333333
yfcc-batch7/4947.mp4, -1, -1, 59.3055555555556
yfcc-batch7/4948.mp4, -1, -1, 66.1621621621622
yfcc-batch7/4949.mp4, -1, -1, 64.3611111111111
yfcc-batch7/4951.mp4, -1, -1, 60.184210526315795
yfcc-batch7/4959.mp4, -1, -1, 64.7352941176471
yfcc-batch7/4960.mp4, -1, -1, 46.864864864864906
yfcc-batch7/4971.mp4, -1, -1, 71.7105263157895
yfcc-batch7/4975.mp4, -1, -1, 40.6486486486486
yfcc-batch7/4978.mp4, -1, -1, 64.4
yfcc-batch7/4980.mp4, -1, -1, 47.8571428571429
yfcc-batch7/4982.mp4, -1, -1, 43.3714285714286
yfcc-batch7/4987.mp4, -1, -1, 71.9189189189189
yfcc-batch7/4989.mp4, -1, -1, 39.1388888888889
yfcc-batch7/4997.mp4, -1, -1, 55.527777777777786
yfcc-batch7/5002.mp4, -1, -1, 56.8684210526316
yfcc-batch7/5005.mp4, -1, -1, 67.5
yfcc-batch7/5011.mp4, -1, -1, 78.30769230769229
yfcc-batch7/5012.mp4, -1, -1, 70.8333333333333
yfcc-batch7/5014.mp4, -1, -1, 85.5945945945946
yfcc-batch7/5016.mp4, -1, -1, 69.9473684210526
yfcc-batch7/5020.mp4, -1, -1, 47.725
yfcc-batch7/5024.mp4, -1, -1, 65.972972972973
yfcc-batch7/5026.mp4, -1, -1, 14.5
yfcc-batch7/5034.mp4, -1, -1, 71.4166666666667
yfcc-batch7/5044.mp4, -1, -1, 60.864864864864906
yfcc-batch7/5047.mp4, -1, -1, 70.1621621621622
yfcc-batch7/5051.mp4, -1, -1, 59.8
yfcc-batch7/5052.mp4, -1, -1, 70.81081081081079
yfcc-batch7/5055.mp4, -1, -1, 62.4864864864865
yfcc-batch7/5057.mp4, -1, -1, 67.8461538461538
yfcc-batch7/5058.mp4, -1, -1, 50.10526315789479
yfcc-batch7/5059.mp4, -1, -1, 59.657142857142894
yfcc-batch7/5064.mp4, -1, -1, 66.6875
yfcc-batch7/5075.mp4, -1, -1, 63.5833333333333
yfcc-batch7/5080.mp4, -1, -1, 63.56756756756761
yfcc-batch7/5083.mp4, -1, -1, 53.794871794871796
yfcc-batch7/5088.mp4, -1, -1, 65.94285714285711
yfcc-batch7/5089.mp4, -1, -1, 56.1081081081081
yfcc-batch7/5094.mp4, -1, -1, 58.0810810810811
yfcc-batch7/5095.mp4, -1, -1, 62.085714285714296
yfcc-batch7/5097.mp4, -1, -1, 64.2647058823529
yfcc-batch7/5098.mp4, -1, -1, 60.6285714285714
yfcc-batch7/5100.mp4, -1, -1, 56.31578947368421
yfcc-batch7/5101.mp4, -1, -1, 65.29729729729729
yfcc-batch7/5111.mp4, -1, -1, 70.3333333333333
yfcc-batch7/5115.mp4, -1, -1, 66.3142857142857
yfcc-batch7/5122.mp4, -1, -1, 61.914285714285704
yfcc-batch7/5130.mp4, -1, -1, 70.08108108108111
yfcc-batch7/5131.mp4, -1, -1, 69.5833333333333
yfcc-batch7/5138.mp4, -1, -1, 51.79411764705879
yfcc-batch7/5142.mp4, -1, -1, 61.257142857142895
yfcc-batch7/5143.mp4, -1, -1, 67.3243243243243
yfcc-batch7/5159.mp4, -1, -1, 62.9428571428571
yfcc-batch7/5161.mp4, -1, -1, 71.26315789473679
yfcc-batch7/5164.mp4, -1, -1, 71.5142857142857
yfcc-batch7/5167.mp4, -1, -1, 70.2702702702703
yfcc-batch7/5170.mp4, -1, -1, 58.4634146341463
yfcc-batch7/5174.mp4, -1, -1, 44.8684210526316
yfcc-batch7/5178.mp4, -1, -1, 59.5428571428571
yfcc-batch7/5183.mp4, -1, -1, 62.65853658536589
yfcc-batch7/5186.mp4, -1, -1, 49.135135135135094
yfcc-batch7/5192.mp4, -1, -1, 64.0833333333333
yfcc-batch7/5193.mp4, -1, -1, 60.43243243243239
yfcc-batch7/5196.mp4, -1, -1, 55.975
yfcc-batch7/5199.mp4, -1, -1, 66.4736842105263
yfcc-batch7/5200.mp4, -1, -1, 68.7297297297297
yfcc-batch7/5210.mp4, -1, -1, 68.3513513513513
yfcc-batch7/5214.mp4, -1, -1, 41.0810810810811
yfcc-batch7/5220.mp4, -1, -1, 58.324324324324294
yfcc-batch7/5227.mp4, -1, -1, 53.375
yfcc-batch7/5233.mp4, -1, -1, 41.52777777777779
yfcc-batch7/5235.mp4, -1, -1, 61.8
yfcc-batch7/5236.mp4, -1, -1, 62.0833333333333
yfcc-batch7/5237.mp4, -1, -1, 72.972972972973
yfcc-batch7/5238.mp4, -1, -1, 66.6857142857143
yfcc-batch7/5241.mp4, -1, -1, 76.81081081081079
yfcc-batch7/5254.mp4, -1, -1, 53.9714285714286
yfcc-batch7/5255.mp4, -1, -1, 51.9459459459459
yfcc-batch7/5257.mp4, -1, -1, 57.3513513513514
yfcc-batch7/5259.mp4, -1, -1, 67.8648648648649
yfcc-batch7/5265.mp4, -1, -1, 52.6315789473684
yfcc-batch7/5266.mp4, -1, -1, 65.43243243243239
yfcc-batch7/5272.mp4, -1, -1, 59.17142857142861
yfcc-batch7/5273.mp4, -1, -1, 64.43243243243239
yfcc-batch7/5274.mp4, -1, -1, 74.94736842105259
yfcc-batch7/5280.mp4, -1, -1, 72.7941176470588
yfcc-batch7/5281.mp4, -1, -1, 69.8333333333333
yfcc-batch8/6111.mp4, -1, -1, 67.6756756756757
yfcc-batch8/6112.mp4, -1, -1, 73.54285714285709
yfcc-batch8/6113.mp4, -1, -1, 66.71428571428571
yfcc-batch8/6116.mp4, -1, -1, 59.657894736842096
yfcc-batch8/6123.mp4, -1, -1, 72.10526315789471
yfcc-batch8/6125.mp4, -1, -1, 61.277777777777786
yfcc-batch8/6127.mp4, -1, -1, 56.526315789473706
yfcc-batch8/6128.mp4, -1, -1, 66.94285714285711
yfcc-batch8/6129.mp4, -1, -1, 62.8611111111111
yfcc-batch8/6130.mp4, -1, -1, 66.73684210526321
yfcc-batch8/6132.mp4, -1, -1, 46.4571428571429
yfcc-batch8/6134.mp4, -1, -1, 56.28125
yfcc-batch8/6140.mp4, -1, -1, 64.9444444444444
yfcc-batch8/6155.mp4, -1, -1, 69.3142857142857
yfcc-batch8/6159.mp4, -1, -1, 43.1351351351352
yfcc-batch8/6160.mp4, -1, -1, 58.8205128205128
yfcc-batch8/6162.mp4, -1, -1, 50.0789473684211
yfcc-batch8/6165.mp4, -1, -1, 51.184210526315795
yfcc-batch8/6171.mp4, -1, -1, 48.4375
yfcc-batch8/6176.mp4, -1, -1, 59.8
yfcc-batch8/6178.mp4, -1, -1, 60.0555555555556
yfcc-batch8/6194.mp4, -1, -1, 57.9473684210526
yfcc-batch8/6202.mp4, -1, -1, 68.3888888888889
yfcc-batch8/6208.mp4, -1, -1, 54.051282051281994
yfcc-batch8/6211.mp4, -1, -1, 54.125
yfcc-batch8/6217.mp4, -1, -1, 63.027777777777786
yfcc-batch8/6218.mp4, -1, -1, 61.5853658536585
yfcc-batch8/6220.mp4, -1, -1, 72.5405405405405
yfcc-batch8/6221.mp4, -1, -1, 41.7647058823529
yfcc-batch8/6222.mp4, -1, -1, 63.8611111111111
yfcc-batch8/6225.mp4, -1, -1, 49.8888888888889
yfcc-batch8/6231.mp4, -1, -1, 63.235294117647115
yfcc-batch8/6233.mp4, -1, -1, 69.81081081081078
yfcc-batch8/6236.mp4, -1, -1, 61.5135135135135
yfcc-batch8/6239.mp4, -1, -1, 50.675675675675706
yfcc-batch8/6246.mp4, -1, -1, 68.91428571428571
yfcc-batch8/6247.mp4, -1, -1, 74.3333333333333
yfcc-batch8/6251.mp4, -1, -1, 68.21875
yfcc-batch8/6252.mp4, -1, -1, 70.7631578947369
yfcc-batch8/6264.mp4, -1, -1, 58.222222222222214
yfcc-batch8/6267.mp4, -1, -1, 57.472222222222214
yfcc-batch8/6268.mp4, -1, -1, 69.4054054054054
yfcc-batch8/6270.mp4, -1, -1, 37.2972972972973
yfcc-batch8/6280.mp4, -1, -1, 63.8611111111111
yfcc-batch8/6292.mp4, -1, -1, 48.027027027026996
yfcc-batch8/6293.mp4, -1, -1, 50.675675675675706
yfcc-batch8/6298.mp4, -1, -1, 61.8571428571429
yfcc-batch8/6301.mp4, -1, -1, 61.3611111111111
yfcc-batch8/6304.mp4, -1, -1, 56.97368421052629
yfcc-batch8/6306.mp4, -1, -1, 62.2285714285714
yfcc-batch8/6310.mp4, -1, -1, 70.40625
yfcc-batch8/6313.mp4, -1, -1, 66.2777777777778
yfcc-batch8/6318.mp4, -1, -1, 72.05405405405409
yfcc-batch8/6324.mp4, -1, -1, 59.8571428571429
yfcc-batch8/6327.mp4, -1, -1, 75.4054054054054
yfcc-batch8/6331.mp4, -1, -1, 52.65
yfcc-batch8/6333.mp4, -1, -1, 67.29729729729729
yfcc-batch8/6334.mp4, -1, -1, 67.97435897435899
yfcc-batch8/6335.mp4, -1, -1, 64.7428571428572
yfcc-batch8/6341.mp4, -1, -1, 75.6
yfcc-batch8/6342.mp4, -1, -1, 43.6060606060606
yfcc-batch8/6351.mp4, -1, -1, 59.0833333333333
yfcc-batch8/6354.mp4, -1, -1, 71.1290322580645
yfcc-batch8/6358.mp4, -1, -1, 72.4848484848485
yfcc-batch8/6362.mp4, -1, -1, 37.3333333333333
yfcc-batch8/6363.mp4, -1, -1, 55.3333333333333
yfcc-batch8/6371.mp4, -1, -1, 55.421052631579
yfcc-batch8/6373.mp4, -1, -1, 59.28571428571429
yfcc-batch8/6381.mp4, -1, -1, 54.0
yfcc-batch8/6384.mp4, -1, -1, 65.0263157894737
yfcc-batch8/6386.mp4, -1, -1, 70.34375
yfcc-batch8/6387.mp4, -1, -1, 65.3421052631579
yfcc-batch8/6393.mp4, -1, -1, 63.085714285714296
yfcc-batch8/6402.mp4, -1, -1, 70.7297297297297
yfcc-batch8/6414.mp4, -1, -1, 63.10526315789479
yfcc-batch8/6415.mp4, -1, -1, 67.2
yfcc-batch8/6416.mp4, -1, -1, 48.027777777777786
yfcc-batch8/6419.mp4, -1, -1, 57.675675675675706
yfcc-batch8/6420.mp4, -1, -1, 66.97435897435899
yfcc-batch8/6424.mp4, -1, -1, 53.6969696969697
yfcc-batch8/6437.mp4, -1, -1, 64.8648648648649
yfcc-batch8/6439.mp4, -1, -1, 69.03125
yfcc-batch8/6440.mp4, -1, -1, 72.7567567567568
yfcc-batch8/6441.mp4, -1, -1, 63.8787878787879
yfcc-batch8/6446.mp4, -1, -1, 73.6842105263158
yfcc-batch8/6450.mp4, -1, -1, 60.40625
yfcc-batch8/6453.mp4, -1, -1, 59.88571428571429
yfcc-batch8/6459.mp4, -1, -1, 64.3333333333333
yfcc-batch8/6467.mp4, -1, -1, 68.625
yfcc-batch8/6484.mp4, -1, -1, 75.47058823529409
yfcc-batch8/6485.mp4, -1, -1, 53.6666666666667
yfcc-batch8/6491.mp4, -1, -1, 75.3428571428571
yfcc-batch8/6493.mp4, -1, -1, 52.0
yfcc-batch8/6499.mp4, -1, -1, 68.0294117647059
yfcc-batch8/6502.mp4, -1, -1, 63.9189189189189
yfcc-batch8/6504.mp4, -1, -1, 52.8
yfcc-batch8/6506.mp4, -1, -1, 75.5714285714286
yfcc-batch8/6509.mp4, -1, -1, 62.43243243243239
yfcc-batch8/6514.mp4, -1, -1, 68.7647058823529
yfcc-batch8/6517.mp4, -1, -1, 61.0833333333333
yfcc-batch8/6518.mp4, -1, -1, 73.4358974358974
yfcc-batch8/6519.mp4, -1, -1, 66.6216216216216
yfcc-batch8/6520.mp4, -1, -1, 55.3714285714286
yfcc-batch8/6522.mp4, -1, -1, 70.2222222222222
yfcc-batch8/6533.mp4, -1, -1, 41.6842105263158
yfcc-batch8/6534.mp4, -1, -1, 64.5714285714286
yfcc-batch8/6535.mp4, -1, -1, 70.8205128205128
yfcc-batch8/6544.mp4, -1, -1, 66.84848484848479
yfcc-batch8/6546.mp4, -1, -1, 74.91428571428571
yfcc-batch8/6555.mp4, -1, -1, 40.1142857142857
yfcc-batch8/6556.mp4, -1, -1, 65.0322580645161
yfcc-batch8/5853.mp4, -1, -1, 46.0285714285714
yfcc-batch8/6434.mp4, -1, -1, 79.6285714285714
yfcc-batch8/6488.mp4, -1, -1, 75.6388888888889
yfcc-batch8/5747.mp4, -1, -1, 64.65625
yfcc-batch8/5750.mp4, -1, -1, 51.722222222222214
yfcc-batch8/5757.mp4, -1, -1, 65.10526315789471
yfcc-batch8/5763.mp4, -1, -1, 73.47058823529409
yfcc-batch8/5766.mp4, -1, -1, 50.459459459459495
yfcc-batch8/5774.mp4, -1, -1, 38.9230769230769
yfcc-batch8/5781.mp4, -1, -1, 64.7837837837838
yfcc-batch8/5786.mp4, -1, -1, 70.1388888888889
yfcc-batch8/5788.mp4, -1, -1, 73.8648648648649
yfcc-batch8/5789.mp4, -1, -1, 73.2105263157895
yfcc-batch8/5796.mp4, -1, -1, 66.5555555555556
yfcc-batch8/5798.mp4, -1, -1, 73.6666666666667
yfcc-batch8/5799.mp4, -1, -1, 64.8717948717949
yfcc-batch8/5804.mp4, -1, -1, 59.0789473684211
yfcc-batch8/5808.mp4, -1, -1, 47.435897435897395
yfcc-batch8/5814.mp4, -1, -1, 73.62162162162159
yfcc-batch8/5821.mp4, -1, -1, 67.6842105263158
yfcc-batch8/5831.mp4, -1, -1, 49.405405405405396
yfcc-batch8/5834.mp4, -1, -1, 53.236842105263214
yfcc-batch8/5837.mp4, -1, -1, 68.8974358974359
yfcc-batch8/5839.mp4, -1, -1, 50.538461538461505
yfcc-batch8/5840.mp4, -1, -1, 59.0571428571429
yfcc-batch8/5844.mp4, -1, -1, 60.6285714285714
yfcc-batch8/5845.mp4, -1, -1, 51.5757575757576
yfcc-batch8/5848.mp4, -1, -1, 41.8611111111111
yfcc-batch8/5850.mp4, -1, -1, 49.736842105263214
yfcc-batch8/5855.mp4, -1, -1, 66.8611111111111
yfcc-batch8/5856.mp4, -1, -1, 65.725
yfcc-batch8/5860.mp4, -1, -1, 72.7631578947369
yfcc-batch8/5861.mp4, -1, -1, 74.9189189189189
yfcc-batch8/5867.mp4, -1, -1, 70.48387096774191
yfcc-batch8/5875.mp4, -1, -1, 61.324324324324294
yfcc-batch8/5887.mp4, -1, -1, 73.7837837837838
yfcc-batch8/5890.mp4, -1, -1, 66.3684210526316
yfcc-batch8/5902.mp4, -1, -1, 51.7027027027027
yfcc-batch8/5906.mp4, -1, -1, 64.89473684210529
yfcc-batch8/5907.mp4, -1, -1, 61.485714285714295
yfcc-batch8/5911.mp4, -1, -1, 53.44117647058821
yfcc-batch8/5915.mp4, -1, -1, 63.5625
yfcc-batch8/5918.mp4, -1, -1, 75.3611111111111
yfcc-batch8/5923.mp4, -1, -1, 59.3888888888889
yfcc-batch8/5933.mp4, -1, -1, 57.6111111111111
yfcc-batch8/5936.mp4, -1, -1, 61.3783783783784
yfcc-batch8/5949.mp4, -1, -1, 68.4166666666667
yfcc-batch8/5951.mp4, -1, -1, 53.1666666666667
yfcc-batch8/5955.mp4, -1, -1, 62.540540540540505
yfcc-batch8/5958.mp4, -1, -1, 50.189189189189214
yfcc-batch8/5966.mp4, -1, -1, 59.0810810810811
yfcc-batch8/5969.mp4, -1, -1, 55.0526315789474
yfcc-batch8/5970.mp4, -1, -1, 68.1388888888889
yfcc-batch8/5975.mp4, -1, -1, 72.6571428571429
yfcc-batch8/5981.mp4, -1, -1, 67.3888888888889
yfcc-batch8/5983.mp4, -1, -1, 64.945945945946
yfcc-batch8/5991.mp4, -1, -1, 54.8823529411765
yfcc-batch8/5994.mp4, -1, -1, 55.263157894736786
yfcc-batch8/5995.mp4, -1, -1, 64.92307692307689
yfcc-batch8/5996.mp4, -1, -1, 79.6571428571429
yfcc-batch8/6010.mp4, -1, -1, 66.972972972973
yfcc-batch8/6018.mp4, -1, -1, 70.23076923076921
yfcc-batch8/6019.mp4, -1, -1, 50.675675675675706
yfcc-batch8/6025.mp4, -1, -1, 73.08571428571429
yfcc-batch8/6027.mp4, -1, -1, 52.972222222222214
yfcc-batch8/6033.mp4, -1, -1, 67.8611111111111
yfcc-batch8/6037.mp4, -1, -1, 68.7777777777778
yfcc-batch8/6041.mp4, -1, -1, 67.969696969697
yfcc-batch8/6045.mp4, -1, -1, 62.263157894736786
yfcc-batch8/6046.mp4, -1, -1, 67.91891891891889
yfcc-batch8/6052.mp4, -1, -1, 56.60526315789479
yfcc-batch8/6053.mp4, -1, -1, 69.6756756756757
yfcc-batch8/6054.mp4, -1, -1, 53.2162162162162
yfcc-batch8/6057.mp4, -1, -1, 66.027027027027
yfcc-batch8/6058.mp4, -1, -1, 62.8571428571429
yfcc-batch8/6061.mp4, -1, -1, 70.2894736842105
yfcc-batch8/6063.mp4, -1, -1, 67.7222222222222
yfcc-batch8/6064.mp4, -1, -1, 44.236842105263214
yfcc-batch8/6068.mp4, -1, -1, 67.6829268292683
yfcc-batch8/6069.mp4, -1, -1, 52.743589743589794
yfcc-batch8/6072.mp4, -1, -1, 73.7058823529412
yfcc-batch8/6076.mp4, -1, -1, 72.45714285714291
yfcc-batch8/6078.mp4, -1, -1, 65.3611111111111
yfcc-batch8/6080.mp4, -1, -1, 64.1944444444444
yfcc-batch8/6081.mp4, -1, -1, 36.1842105263158
yfcc-batch8/6082.mp4, -1, -1, 48.5
yfcc-batch9/6932.mp4, -1, -1, 77.0
yfcc-batch9/6936.mp4, -1, -1, 32.9189189189189
yfcc-batch9/6940.mp4, -1, -1, 29.282051282051306
yfcc-batch9/6943.mp4, -1, -1, 55.1463414634146
yfcc-batch9/6944.mp4, -1, -1, 66.945945945946
yfcc-batch9/6947.mp4, -1, -1, 62.0540540540541
yfcc-batch9/6949.mp4, -1, -1, 52.4571428571429
yfcc-batch9/6956.mp4, -1, -1, 57.0
yfcc-batch9/6958.mp4, -1, -1, 51.769230769230795
yfcc-batch9/6957.mp4, -1, -1, 57.0
yfcc-batch9/6961.mp4, -1, -1, 59.526315789473706
yfcc-batch9/6971.mp4, -1, -1, 67.18918918918922
yfcc-batch9/6970.mp4, -1, -1, 66.0
yfcc-batch9/6973.mp4, -1, -1, 48.222222222222214
yfcc-batch9/6972.mp4, -1, -1, 58.027777777777786
yfcc-batch9/6976.mp4, -1, -1, 57.0285714285714
yfcc-batch9/6978.mp4, -1, -1, 66.75
yfcc-batch9/6982.mp4, -1, -1, 73.5277777777778
yfcc-batch9/6986.mp4, -1, -1, 60.97368421052629
yfcc-batch9/6987.mp4, -1, -1, 66.5142857142857
yfcc-batch9/6992.mp4, -1, -1, 54.125
yfcc-batch9/6994.mp4, -1, -1, 54.1388888888889
yfcc-batch9/7002.mp4, -1, -1, 61.25
yfcc-batch9/7005.mp4, -1, -1, 60.29411764705879
yfcc-batch9/7010.mp4, -1, -1, 64.2222222222222
yfcc-batch9/7013.mp4, -1, -1, 62.97368421052629
yfcc-batch9/7016.mp4, -1, -1, 55.82857142857139
yfcc-batch9/7019.mp4, -1, -1, 66.375
yfcc-batch9/7021.mp4, -1, -1, 63.189189189189214
yfcc-batch9/7024.mp4, -1, -1, 57.3714285714286
yfcc-batch9/7025.mp4, -1, -1, 68.8536585365854
yfcc-batch9/7028.mp4, -1, -1, 56.7567567567568
yfcc-batch9/7029.mp4, -1, -1, 65.8421052631579
yfcc-batch9/7031.mp4, -1, -1, 70.5714285714286
yfcc-batch9/7035.mp4, -1, -1, 74.6756756756757
yfcc-batch9/7038.mp4, -1, -1, 60.6666666666667
yfcc-batch9/7048.mp4, -1, -1, 65.5135135135135
yfcc-batch9/7051.mp4, -1, -1, 56.39473684210521
yfcc-batch9/7054.mp4, -1, -1, 59.25
yfcc-batch9/7055.mp4, -1, -1, 53.657142857142894
yfcc-batch9/7063.mp4, -1, -1, 54.921052631579
yfcc-batch9/7069.mp4, -1, -1, 40.7105263157895
yfcc-batch9/7071.mp4, -1, -1, 61.3513513513514
yfcc-batch9/7073.mp4, -1, -1, 64.4
yfcc-batch9/7075.mp4, -1, -1, 66.1944444444444
yfcc-batch9/7077.mp4, -1, -1, 54.257142857142895
yfcc-batch9/7076.mp4, -1, -1, 63.10526315789479
yfcc-batch9/7081.mp4, -1, -1, 68.6176470588235
yfcc-batch9/7084.mp4, -1, -1, 50.31578947368421
yfcc-batch9/7085.mp4, -1, -1, 68.8888888888889
yfcc-batch9/7087.mp4, -1, -1, 69.0833333333333
yfcc-batch9/7091.mp4, -1, -1, 64.4864864864865
yfcc-batch9/7092.mp4, -1, -1, 62.1315789473684
yfcc-batch9/7094.mp4, -1, -1, 62.25641025641029
yfcc-batch9/7096.mp4, -1, -1, 59.405405405405396
yfcc-batch9/7097.mp4, -1, -1, 69.7941176470588
yfcc-batch9/7107.mp4, -1, -1, 31.4166666666667
yfcc-batch9/7110.mp4, -1, -1, 33.742857142857105
yfcc-batch9/7112.mp4, -1, -1, 42.8333333333333
yfcc-batch9/7113.mp4, -1, -1, 61.44117647058821
yfcc-batch9/7116.mp4, -1, -1, 76.0588235294118
yfcc-batch9/7119.mp4, -1, -1, 54.475
yfcc-batch9/7128.mp4, -1, -1, 56.0540540540541
yfcc-batch9/7133.mp4, -1, -1, 54.6470588235294
yfcc-batch9/7138.mp4, -1, -1, 62.459459459459495
yfcc-batch9/7137.mp4, -1, -1, 70.9722222222222
yfcc-batch9/7141.mp4, -1, -1, 67.0
yfcc-batch9/7144.mp4, -1, -1, 61.8055555555556
yfcc-batch9/7147.mp4, -1, -1, 55.6285714285714
yfcc-batch9/7148.mp4, -1, -1, 55.8333333333333
yfcc-batch9/7152.mp4, -1, -1, 56.735294117647115
yfcc-batch9/7156.mp4, -1, -1, 73.1315789473684
yfcc-batch9/7165.mp4, -1, -1, 57.9189189189189
yfcc-batch9/7167.mp4, -1, -1, 81.87804878048779
yfcc-batch9/7169.mp4, -1, -1, 38.837837837837895
yfcc-batch9/7170.mp4, -1, -1, 64.7631578947369
yfcc-batch9/7171.mp4, -1, -1, 66.25
yfcc-batch9/7174.mp4, -1, -1, 66.9210526315789
yfcc-batch9/7177.mp4, -1, -1, 42.75
yfcc-batch9/7176.mp4, -1, -1, 69.5882352941177
yfcc-batch9/7179.mp4, -1, -1, 58.777777777777786
yfcc-batch9/7178.mp4, -1, -1, 64.7222222222222
yfcc-batch9/7182.mp4, -1, -1, 60.4864864864865
yfcc-batch9/7188.mp4, -1, -1, 69.275
yfcc-batch9/7190.mp4, -1, -1, 73.1578947368421
yfcc-batch9/7193.mp4, -1, -1, 61.236842105263214
yfcc-batch9/7195.mp4, -1, -1, 63.325
yfcc-batch9/7209.mp4, -1, -1, 65.9166666666667
yfcc-batch9/7212.mp4, -1, -1, 47.527777777777786
yfcc-batch9/7214.mp4, -1, -1, 51.3030303030303
yfcc-batch9/7216.mp4, -1, -1, 70.14285714285711
yfcc-batch9/7224.mp4, -1, -1, 54.9459459459459
yfcc-batch9/7238.mp4, -1, -1, 65.2058823529412
yfcc-batch9/7243.mp4, -1, -1, 48.74285714285711
yfcc-batch9/7244.mp4, -1, -1, 60.0540540540541
yfcc-batch9/7246.mp4, -1, -1, 46.810810810810786
yfcc-batch9/7245.mp4, -1, -1, 43.0
yfcc-batch9/7251.mp4, -1, -1, 39.3157894736842
yfcc-batch9/7271.mp4, -1, -1, 64.1111111111111
yfcc-batch9/7279.mp4, -1, -1, 32.5
yfcc-batch9/7281.mp4, -1, -1, 71.3529411764706
yfcc-batch9/7283.mp4, -1, -1, 54.8205128205128
yfcc-batch9/7287.mp4, -1, -1, 67.97435897435899
yfcc-batch9/7288.mp4, -1, -1, 64.89473684210529
yfcc-batch9/7292.mp4, -1, -1, 56.7894736842105
yfcc-batch9/7295.mp4, -1, -1, 67.1842105263158
yfcc-batch9/7297.mp4, -1, -1, 61.9393939393939
yfcc-batch9/7301.mp4, -1, -1, 59.8684210526316
yfcc-batch9/7302.mp4, -1, -1, 59.948717948718006
yfcc-batch9/7312.mp4, -1, -1, 57.027777777777786
yfcc-batch9/7314.mp4, -1, -1, 50.6315789473684
yfcc-batch9/7313.mp4, -1, -1, 58.1944444444444
yfcc-batch9/7319.mp4, -1, -1, 63.4864864864865
yfcc-batch9/7326.mp4, -1, -1, 80.2702702702703
yfcc-batch9/7327.mp4, -1, -1, 80.71428571428571
yfcc-batch9/7328.mp4, -1, -1, 49.3888888888889
yfcc-batch9/7342.mp4, -1, -1, 69.2777777777778
yfcc-batch9/7345.mp4, -1, -1, 61.17142857142861
yfcc-batch9/7355.mp4, -1, -1, 29.5405405405405
yfcc-batch9/7356.mp4, -1, -1, 54.9189189189189
yfcc-batch9/7359.mp4, -1, -1, 57.2
yfcc-batch9/7360.mp4, -1, -1, 51.6486486486487
yfcc-batch9/7367.mp4, -1, -1, 61.264705882352885
yfcc-batch9/7368.mp4, -1, -1, 48.56756756756761
yfcc-batch9/7371.mp4, -1, -1, 55.3714285714286
yfcc-batch9/7375.mp4, -1, -1, 60.277777777777786
yfcc-batch9/6967.mp4, -1, -1, 70.5
yfcc-batch9/6561.mp4, -1, -1, 79.3823529411764
yfcc-batch9/6563.mp4, -1, -1, 63.9459459459459
yfcc-batch9/6568.mp4, -1, -1, 58.6111111111111
yfcc-batch9/6572.mp4, -1, -1, 75.6388888888889
yfcc-batch9/6578.mp4, -1, -1, 63.2972972972973
yfcc-batch9/6584.mp4, -1, -1, 65.89473684210529
yfcc-batch9/6591.mp4, -1, -1, 70.2105263157895
yfcc-batch9/6594.mp4, -1, -1, 67.0833333333333
yfcc-batch9/6599.mp4, -1, -1, 72.45714285714291
yfcc-batch9/6598.mp4, -1, -1, 73.28571428571429
yfcc-batch9/6603.mp4, -1, -1, 63.84375
yfcc-batch9/6605.mp4, -1, -1, 56.79411764705879
yfcc-batch9/6606.mp4, -1, -1, 68.0277777777778
yfcc-batch9/6608.mp4, -1, -1, 71.26315789473679
yfcc-batch9/6609.mp4, -1, -1, 65.7297297297297
yfcc-batch9/6617.mp4, -1, -1, 66.67647058823529
yfcc-batch9/6625.mp4, -1, -1, 62.657142857142894
yfcc-batch9/6626.mp4, -1, -1, 73.45714285714291
yfcc-batch9/6628.mp4, -1, -1, 77.7222222222222
yfcc-batch9/6629.mp4, -1, -1, 57.5526315789474
yfcc-batch9/6632.mp4, -1, -1, 71.02941176470591
yfcc-batch9/6635.mp4, -1, -1, 45.842105263157904
yfcc-batch9/6637.mp4, -1, -1, 74.78125
yfcc-batch9/6638.mp4, -1, -1, 50.722222222222214
yfcc-batch9/6643.mp4, -1, -1, 79.44736842105259
yfcc-batch9/6649.mp4, -1, -1, 47.3684210526316
yfcc-batch9/6655.mp4, -1, -1, 56.5
yfcc-batch9/6659.mp4, -1, -1, 70.18918918918922
yfcc-batch9/6661.mp4, -1, -1, 59.4473684210526
yfcc-batch9/6664.mp4, -1, -1, 55.31578947368421
yfcc-batch9/6673.mp4, -1, -1, 68.7894736842105
yfcc-batch9/6677.mp4, -1, -1, 67.88571428571429
yfcc-batch9/6683.mp4, -1, -1, 63.0555555555556
yfcc-batch9/6684.mp4, -1, -1, 47.657894736842096
yfcc-batch9/6686.mp4, -1, -1, 50.10526315789479
yfcc-batch9/6687.mp4, -1, -1, 73.8611111111111
yfcc-batch9/6688.mp4, -1, -1, 69.6756756756757
yfcc-batch9/6693.mp4, -1, -1, 56.7567567567568
yfcc-batch9/6696.mp4, -1, -1, 55.972222222222214
yfcc-batch9/6701.mp4, -1, -1, 54.25
yfcc-batch9/6704.mp4, -1, -1, 63.75
yfcc-batch9/6708.mp4, -1, -1, 68.4166666666667
yfcc-batch9/6710.mp4, -1, -1, 72.88571428571429
yfcc-batch9/6709.mp4, -1, -1, 71.8378378378378
yfcc-batch9/6711.mp4, -1, -1, 72.5945945945946
yfcc-batch9/6719.mp4, -1, -1, 67.7222222222222
yfcc-batch9/6723.mp4, -1, -1, 73.0
yfcc-batch9/6722.mp4, -1, -1, 64.18918918918922
yfcc-batch9/6725.mp4, -1, -1, 67.29729729729729
yfcc-batch9/6727.mp4, -1, -1, 70.9285714285714
yfcc-batch9/6741.mp4, -1, -1, 74.7894736842105
yfcc-batch9/6742.mp4, -1, -1, 68.4571428571429
yfcc-batch9/6748.mp4, -1, -1, 70.875
yfcc-batch9/6749.mp4, -1, -1, 65.3243243243243
yfcc-batch9/6754.mp4, -1, -1, 54.1111111111111
yfcc-batch9/6755.mp4, -1, -1, 68.945945945946
yfcc-batch9/6762.mp4, -1, -1, 70.6857142857143
yfcc-batch9/6765.mp4, -1, -1, 71.6666666666667
yfcc-batch9/6770.mp4, -1, -1, 63.514285714285705
yfcc-batch9/6771.mp4, -1, -1, 49.3333333333333
yfcc-batch9/6774.mp4, -1, -1, 66.7575757575758
yfcc-batch9/6791.mp4, -1, -1, 62.6944444444444
yfcc-batch9/6800.mp4, -1, -1, 49.2972972972973
yfcc-batch9/6801.mp4, -1, -1, 65.1944444444444
yfcc-batch9/6802.mp4, -1, -1, 61.7073170731707
yfcc-batch9/6808.mp4, -1, -1, 71.2105263157895
yfcc-batch9/6817.mp4, -1, -1, 62.45
yfcc-batch9/6821.mp4, -1, -1, 67.1578947368421
yfcc-batch9/6825.mp4, -1, -1, 49.4864864864865
yfcc-batch9/6826.mp4, -1, -1, 59.3333333333333
yfcc-batch9/6829.mp4, -1, -1, 51.277777777777786
yfcc-batch9/6834.mp4, -1, -1, 65.1621621621622
yfcc-batch9/6835.mp4, -1, -1, 68.5
yfcc-batch9/6839.mp4, -1, -1, 70.8157894736842
yfcc-batch9/6844.mp4, -1, -1, 65.3333333333333
yfcc-batch9/6846.mp4, -1, -1, 32.2368421052632
yfcc-batch9/6850.mp4, -1, -1, 65.5
yfcc-batch9/6856.mp4, -1, -1, 63.472222222222214
yfcc-batch9/6860.mp4, -1, -1, 71.8157894736842
yfcc-batch9/6863.mp4, -1, -1, 57.3888888888889
yfcc-batch9/6866.mp4, -1, -1, 68.8378378378378
yfcc-batch9/6868.mp4, -1, -1, 72.1621621621622
yfcc-batch9/6867.mp4, -1, -1, 55.4166666666667
yfcc-batch9/6874.mp4, -1, -1, 63.1351351351352
yfcc-batch9/6876.mp4, -1, -1, 78.8648648648649
yfcc-batch9/6877.mp4, -1, -1, 67.027027027027
yfcc-batch9/6878.mp4, -1, -1, 54.1081081081081
yfcc-batch9/6888.mp4, -1, -1, 64.6486486486487
yfcc-batch9/6889.mp4, -1, -1, 58.7297297297297
yfcc-batch9/6893.mp4, -1, -1, 54.2702702702703
yfcc-batch9/6899.mp4, -1, -1, 73.2820512820513
yfcc-batch9/6905.mp4, -1, -1, 64.08108108108111
yfcc-batch9/6904.mp4, -1, -1, 70.925
yfcc-batch9/6910.mp4, -1, -1, 76.7179487179487
yfcc-batch9/6913.mp4, -1, -1, 47.5
yfcc-batch9/6914.mp4, -1, -1, 81.45714285714291
yfcc-batch9/6916.mp4, -1, -1, 72.1081081081081
yfcc-batch9/6920.mp4, -1, -1, 61.324324324324294
yfcc-batch10/7749.mp4, -1, -1, 60.6923076923077
yfcc-batch10/7753.mp4, -1, -1, 79.46875
yfcc-batch10/7752.mp4, -1, -1, 64.5263157894737
yfcc-batch10/7756.mp4, -1, -1, 61.17142857142861
yfcc-batch10/7761.mp4, -1, -1, 73.7058823529412
yfcc-batch10/7768.mp4, -1, -1, 66.67647058823529
yfcc-batch10/7769.mp4, -1, -1, 45.864864864864906
yfcc-batch10/7770.mp4, -1, -1, 78.6578947368421
yfcc-batch10/7772.mp4, -1, -1, 61.135135135135094
yfcc-batch10/7771.mp4, -1, -1, 79.6129032258065
yfcc-batch10/7777.mp4, -1, -1, 43.684210526315795
yfcc-batch10/7780.mp4, -1, -1, 69.9736842105263
yfcc-batch10/7781.mp4, -1, -1, 60.3333333333333
yfcc-batch10/7784.mp4, -1, -1, 70.6666666666667
yfcc-batch10/7788.mp4, -1, -1, 55.6315789473684
yfcc-batch10/7798.mp4, -1, -1, 64.5428571428571
yfcc-batch10/7806.mp4, -1, -1, 67.7297297297297
yfcc-batch10/7807.mp4, -1, -1, 63.405405405405396
yfcc-batch10/7811.mp4, -1, -1, 49.9189189189189
yfcc-batch10/7819.mp4, -1, -1, 58.405405405405396
yfcc-batch10/7828.mp4, -1, -1, 57.1111111111111
yfcc-batch10/7831.mp4, -1, -1, 72.7105263157895
yfcc-batch10/7836.mp4, -1, -1, 61.59459459459461
yfcc-batch10/7838.mp4, -1, -1, 66.3611111111111
yfcc-batch10/7840.mp4, -1, -1, 49.027777777777786
yfcc-batch10/7841.mp4, -1, -1, 53.7179487179487
yfcc-batch10/7842.mp4, -1, -1, 73.7297297297297
yfcc-batch10/7845.mp4, -1, -1, 45.1111111111111
yfcc-batch10/7844.mp4, -1, -1, 67.125
yfcc-batch10/7861.mp4, -1, -1, 63.0
yfcc-batch10/7864.mp4, -1, -1, 50.9444444444444
yfcc-batch10/7867.mp4, -1, -1, 63.236842105263214
yfcc-batch10/7873.mp4, -1, -1, 68.5
yfcc-batch10/7876.mp4, -1, -1, 68.6216216216216
yfcc-batch10/7880.mp4, -1, -1, 66.85714285714289
yfcc-batch10/7890.mp4, -1, -1, 69.4864864864865
yfcc-batch10/7897.mp4, -1, -1, 53.17142857142861
yfcc-batch10/7896.mp4, -1, -1, 61.4444444444444
yfcc-batch10/7898.mp4, -1, -1, 56.027777777777786
yfcc-batch10/7901.mp4, -1, -1, 71.75
yfcc-batch10/7903.mp4, -1, -1, 56.47368421052629
yfcc-batch10/7906.mp4, -1, -1, 52.777777777777786
yfcc-batch10/7914.mp4, -1, -1, 50.1612903225807
yfcc-batch10/7915.mp4, -1, -1, 70.2162162162162
yfcc-batch10/7919.mp4, -1, -1, 73.8888888888889
yfcc-batch10/7920.mp4, -1, -1, 64.3611111111111
yfcc-batch10/7923.mp4, -1, -1, 69.8378378378378
yfcc-batch10/7925.mp4, -1, -1, 58.8684210526316
yfcc-batch10/7927.mp4, -1, -1, 81.1818181818182
yfcc-batch10/7932.mp4, -1, -1, 46.324324324324294
yfcc-batch10/7943.mp4, -1, -1, 72.7631578947369
yfcc-batch10/7951.mp4, -1, -1, 50.74285714285711
yfcc-batch10/7959.mp4, -1, -1, 54.9714285714286
yfcc-batch10/7963.mp4, -1, -1, 69.1315789473684
yfcc-batch10/7967.mp4, -1, -1, 48.743589743589794
yfcc-batch10/7968.mp4, -1, -1, 67.6578947368421
yfcc-batch10/7979.mp4, -1, -1, 72.2631578947369
yfcc-batch10/7984.mp4, -1, -1, 64.5
yfcc-batch10/7985.mp4, -1, -1, 76.7272727272727
yfcc-batch10/7994.mp4, -1, -1, 49.722222222222214
yfcc-batch10/8006.mp4, -1, -1, 72.4210526315789
yfcc-batch10/8010.mp4, -1, -1, 73.7222222222222
yfcc-batch10/8014.mp4, -1, -1, 64.4722222222222
yfcc-batch10/8016.mp4, -1, -1, 62.6315789473684
yfcc-batch10/8023.mp4, -1, -1, 53.3783783783784
yfcc-batch10/8026.mp4, -1, -1, 79.2222222222222
yfcc-batch10/8030.mp4, -1, -1, 75.6388888888889
yfcc-batch10/8032.mp4, -1, -1, 67.6315789473684
yfcc-batch10/8031.mp4, -1, -1, 44.10526315789479
yfcc-batch10/8034.mp4, -1, -1, 48.222222222222214
yfcc-batch10/8037.mp4, -1, -1, 64.5641025641026
yfcc-batch10/8038.mp4, -1, -1, 43.222222222222214
yfcc-batch10/8044.mp4, -1, -1, 59.5526315789474
yfcc-batch10/8045.mp4, -1, -1, 67.28571428571429
yfcc-batch10/8046.mp4, -1, -1, 77.0882352941177
yfcc-batch10/8051.mp4, -1, -1, 55.7567567567568
yfcc-batch10/8056.mp4, -1, -1, 71.3684210526316
yfcc-batch10/8055.mp4, -1, -1, 60.89473684210521
yfcc-batch10/8057.mp4, -1, -1, 50.24324324324329
yfcc-batch10/8062.mp4, -1, -1, 67.62857142857139
yfcc-batch10/8063.mp4, -1, -1, 69.5135135135135
yfcc-batch10/8064.mp4, -1, -1, 60.8378378378378
yfcc-batch10/8066.mp4, -1, -1, 62.57142857142861
yfcc-batch10/8069.mp4, -1, -1, 34.2631578947368
yfcc-batch10/8077.mp4, -1, -1, 63.3611111111111
yfcc-batch10/8086.mp4, -1, -1, 76.6578947368421
yfcc-batch10/8088.mp4, -1, -1, 73.39473684210529
yfcc-batch10/8090.mp4, -1, -1, 57.794871794871796
yfcc-batch10/8097.mp4, -1, -1, 55.2972972972973
yfcc-batch10/8098.mp4, -1, -1, 70.2647058823529
yfcc-batch10/8099.mp4, -1, -1, 49.472222222222214
yfcc-batch10/8101.mp4, -1, -1, 50.4117647058824
yfcc-batch10/8102.mp4, -1, -1, 53.6410256410256
yfcc-batch10/8106.mp4, -1, -1, 75.1428571428571
yfcc-batch10/8114.mp4, -1, -1, 65.5
yfcc-batch10/8115.mp4, -1, -1, 71.7428571428572
yfcc-batch10/8119.mp4, -1, -1, 66.5641025641026
yfcc-batch10/8122.mp4, -1, -1, 64.28571428571429
yfcc-batch10/8121.mp4, -1, -1, 63.0555555555556
yfcc-batch10/8123.mp4, -1, -1, 34.7575757575758
yfcc-batch10/8126.mp4, -1, -1, 75.21428571428571
yfcc-batch10/8130.mp4, -1, -1, 66.1282051282051
yfcc-batch10/8138.mp4, -1, -1, 73.69444444444441
yfcc-batch10/8140.mp4, -1, -1, 79.8157894736842
yfcc-batch10/8143.mp4, -1, -1, 72.8529411764706
yfcc-batch10/8145.mp4, -1, -1, 57.763157894736786
yfcc-batch10/8149.mp4, -1, -1, 68.2564102564102
yfcc-batch10/8148.mp4, -1, -1, 59.31578947368421
yfcc-batch10/8152.mp4, -1, -1, 63.1944444444444
yfcc-batch10/8153.mp4, -1, -1, 45.222222222222214
yfcc-batch10/8159.mp4, -1, -1, 36.8055555555556
yfcc-batch10/8165.mp4, -1, -1, 71.7
yfcc-batch10/8169.mp4, -1, -1, 54.722222222222214
yfcc-batch10/8170.mp4, -1, -1, 78.10344827586209
yfcc-batch10/8172.mp4, -1, -1, 77.2285714285714
yfcc-batch10/8181.mp4, -1, -1, 64.7222222222222
yfcc-batch10/8184.mp4, -1, -1, 51.35
yfcc-batch10/8183.mp4, -1, -1, 66.0526315789474
yfcc-batch10/8186.mp4, -1, -1, 36.5675675675676
yfcc-batch10/8187.mp4, -1, -1, 69.91428571428571
yfcc-batch10/8200.mp4, -1, -1, 64.96875
yfcc-batch10/8199.mp4, -1, -1, 49.0
yfcc-batch10/8004.mp4, -1, -1, 31.2352941176471
yfcc-batch10/7480.mp4, -1, -1, 63.89473684210521
yfcc-batch10/8146.mp4, -1, -1, 56.7297297297297
yfcc-batch10/8195.mp4, -1, -1, 57.2972972972973
yfcc-batch10/7666.mp4, -1, -1, 70.3
yfcc-batch10/7382.mp4, -1, -1, 71.3529411764706
yfcc-batch10/7385.mp4, -1, -1, 68.6363636363636
yfcc-batch10/7389.mp4, -1, -1, 47.7272727272727
yfcc-batch10/7397.mp4, -1, -1, 67.7222222222222
yfcc-batch10/7401.mp4, -1, -1, 72.425
yfcc-batch10/7402.mp4, -1, -1, 66.4736842105263
yfcc-batch10/7411.mp4, -1, -1, 65.0277777777778
yfcc-batch10/7413.mp4, -1, -1, 50.6486486486487
yfcc-batch10/7417.mp4, -1, -1, 67.3513513513513
yfcc-batch10/7429.mp4, -1, -1, 45.540540540540505
yfcc-batch10/7430.mp4, -1, -1, 55.9230769230769
yfcc-batch10/7432.mp4, -1, -1, 68.7837837837838
yfcc-batch10/7437.mp4, -1, -1, 59.0285714285714
yfcc-batch10/7439.mp4, -1, -1, 48.459459459459495
yfcc-batch10/7441.mp4, -1, -1, 71.9189189189189
yfcc-batch10/7440.mp4, -1, -1, 70.90243902439029
yfcc-batch10/7442.mp4, -1, -1, 67.6666666666667
yfcc-batch10/7448.mp4, -1, -1, 65.0555555555556
yfcc-batch10/7455.mp4, -1, -1, 72.2894736842105
yfcc-batch10/7454.mp4, -1, -1, 57.4473684210526
yfcc-batch10/7461.mp4, -1, -1, 55.0
yfcc-batch10/7469.mp4, -1, -1, 68.5609756097561
yfcc-batch10/7474.mp4, -1, -1, 69.0555555555556
yfcc-batch10/7481.mp4, -1, -1, 68.2162162162162
yfcc-batch10/7483.mp4, -1, -1, 43.2285714285714
yfcc-batch10/7484.mp4, -1, -1, 68.7941176470588
yfcc-batch10/7498.mp4, -1, -1, 66.69230769230771
yfcc-batch10/7499.mp4, -1, -1, 57.1621621621622
yfcc-batch10/7501.mp4, -1, -1, 53.7837837837838
yfcc-batch10/7503.mp4, -1, -1, 60.9714285714286
yfcc-batch10/7505.mp4, -1, -1, 63.5789473684211
yfcc-batch10/7506.mp4, -1, -1, 65.5
yfcc-batch10/7507.mp4, -1, -1, 65.6388888888889
yfcc-batch10/7509.mp4, -1, -1, 61.722222222222214
yfcc-batch10/7512.mp4, -1, -1, 65.8378378378378
yfcc-batch10/7513.mp4, -1, -1, 47.5526315789474
yfcc-batch10/7515.mp4, -1, -1, 58.3333333333333
yfcc-batch10/7519.mp4, -1, -1, 62.153846153846104
yfcc-batch10/7522.mp4, -1, -1, 59.540540540540505
yfcc-batch10/7523.mp4, -1, -1, 57.0
yfcc-batch10/7531.mp4, -1, -1, 65.2352941176471
yfcc-batch10/7534.mp4, -1, -1, 44.57142857142861
yfcc-batch10/7536.mp4, -1, -1, 64.97435897435899
yfcc-batch10/7539.mp4, -1, -1, 67.0512820512821
yfcc-batch10/7541.mp4, -1, -1, 65.6111111111111
yfcc-batch10/7549.mp4, -1, -1, 66.6666666666667
yfcc-batch10/7559.mp4, -1, -1, 71.0
yfcc-batch10/7558.mp4, -1, -1, 74.4857142857143
yfcc-batch10/7560.mp4, -1, -1, 61.3333333333333
yfcc-batch10/7562.mp4, -1, -1, 59.0810810810811
yfcc-batch10/7567.mp4, -1, -1, 66.0
yfcc-batch10/7581.mp4, -1, -1, 43.5
yfcc-batch10/7589.mp4, -1, -1, 65.8
yfcc-batch10/7588.mp4, -1, -1, 62.526315789473706
yfcc-batch10/7592.mp4, -1, -1, 33.9189189189189
yfcc-batch10/7593.mp4, -1, -1, 72.08571428571429
yfcc-batch10/7597.mp4, -1, -1, 61.89473684210521
yfcc-batch10/7602.mp4, -1, -1, 67.4705882352941
yfcc-batch10/7608.mp4, -1, -1, 75.29729729729729
yfcc-batch10/7614.mp4, -1, -1, 70.81081081081079
yfcc-batch10/7617.mp4, -1, -1, 59.972222222222214
yfcc-batch10/7620.mp4, -1, -1, 63.68571428571429
yfcc-batch10/7622.mp4, -1, -1, 70.6756756756757
yfcc-batch10/7629.mp4, -1, -1, 66.7777777777778
yfcc-batch10/7634.mp4, -1, -1, 77.0810810810811
yfcc-batch10/7640.mp4, -1, -1, 62.8378378378378
yfcc-batch10/7646.mp4, -1, -1, 67.4722222222222
yfcc-batch10/7649.mp4, -1, -1, 63.8378378378378
yfcc-batch10/7651.mp4, -1, -1, 55.10526315789479
yfcc-batch10/7652.mp4, -1, -1, 64.5277777777778
yfcc-batch10/7654.mp4, -1, -1, 62.7837837837838
yfcc-batch10/7656.mp4, -1, -1, 68.5
yfcc-batch10/7661.mp4, -1, -1, 50.6111111111111
yfcc-batch10/7668.mp4, -1, -1, 61.085714285714296
yfcc-batch10/7672.mp4, -1, -1, 66.23684210526321
yfcc-batch10/7680.mp4, -1, -1, 67.7567567567568
yfcc-batch10/7685.mp4, -1, -1, 53.405405405405396
yfcc-batch10/7687.mp4, -1, -1, 63.6923076923077
yfcc-batch10/7696.mp4, -1, -1, 61.2702702702703
yfcc-batch10/7711.mp4, -1, -1, 53.763157894736786
yfcc-batch10/7719.mp4, -1, -1, 57.540540540540505
yfcc-batch10/7720.mp4, -1, -1, 56.6
yfcc-batch10/7722.mp4, -1, -1, 74.3888888888889
yfcc-batch10/7725.mp4, -1, -1, 59.6944444444444
yfcc-batch10/7730.mp4, -1, -1, 70.5714285714286
yfcc-batch10/7732.mp4, -1, -1, 65.3243243243243
yfcc-batch10/7735.mp4, -1, -1, 46.25
yfcc-batch10/7738.mp4, -1, -1, 46.5555555555556
yfcc-batch10/7740.mp4, -1, -1, 66.4285714285714
yfcc-batch10/7742.mp4, -1, -1, 65.4864864864865
yfcc-batch10/7746.mp4, -1, -1, 75.2941176470588
yfcc-batch11/8556.mp4, -1, -1, 50.10526315789479
yfcc-batch11/8557.mp4, -1, -1, 70.05405405405409
yfcc-batch11/8559.mp4, -1, -1, 54.7105263157895
yfcc-batch11/8573.mp4, -1, -1, 66.8055555555556
yfcc-batch11/8577.mp4, -1, -1, 69.3421052631579
yfcc-batch11/8579.mp4, -1, -1, 69.0
yfcc-batch11/8582.mp4, -1, -1, 22.057142857142896
yfcc-batch11/8587.mp4, -1, -1, 66.5294117647059
yfcc-batch11/8590.mp4, -1, -1, 66.945945945946
yfcc-batch11/8591.mp4, -1, -1, 60.4705882352941
yfcc-batch11/8593.mp4, -1, -1, 65.9166666666667
yfcc-batch11/8596.mp4, -1, -1, 49.675675675675706
yfcc-batch11/8599.mp4, -1, -1, 73.6666666666667
yfcc-batch11/8600.mp4, -1, -1, 62.7567567567568
yfcc-batch11/8609.mp4, -1, -1, 71.4736842105263
yfcc-batch11/8612.mp4, -1, -1, 57.030303030303
yfcc-batch11/8615.mp4, -1, -1, 62.9714285714286
yfcc-batch11/8617.mp4, -1, -1, 78.6666666666667
yfcc-batch11/8618.mp4, -1, -1, 49.57142857142861
yfcc-batch11/8619.mp4, -1, -1, 61.9428571428571
yfcc-batch11/8621.mp4, -1, -1, 75.9393939393939
yfcc-batch11/8635.mp4, -1, -1, 58.81578947368421
yfcc-batch11/8636.mp4, -1, -1, 66.17647058823529
yfcc-batch11/8638.mp4, -1, -1, 60.89473684210521
yfcc-batch11/8646.mp4, -1, -1, 70.08108108108111
yfcc-batch11/8648.mp4, -1, -1, 67.3142857142857
yfcc-batch11/8651.mp4, -1, -1, 68.2702702702703
yfcc-batch11/8656.mp4, -1, -1, 64.2571428571429
yfcc-batch11/8657.mp4, -1, -1, 62.7105263157895
yfcc-batch11/8660.mp4, -1, -1, 56.79411764705879
yfcc-batch11/8659.mp4, -1, -1, 62.0294117647059
yfcc-batch11/8663.mp4, -1, -1, 72.7575757575758
yfcc-batch11/8665.mp4, -1, -1, 64.0588235294118
yfcc-batch11/8669.mp4, -1, -1, 57.0833333333333
yfcc-batch11/8670.mp4, -1, -1, 63.56756756756761
yfcc-batch11/8675.mp4, -1, -1, 50.189189189189214
yfcc-batch11/8674.mp4, -1, -1, 75.125
yfcc-batch11/8683.mp4, -1, -1, 45.2972972972973
yfcc-batch11/8690.mp4, -1, -1, 57.405405405405396
yfcc-batch11/8697.mp4, -1, -1, 61.6176470588235
yfcc-batch11/8703.mp4, -1, -1, 62.461538461538495
yfcc-batch11/8707.mp4, -1, -1, 58.1470588235294
yfcc-batch11/8714.mp4, -1, -1, 63.257142857142895
yfcc-batch11/8719.mp4, -1, -1, 45.675675675675706
yfcc-batch11/8728.mp4, -1, -1, 66.4864864864865
yfcc-batch11/8734.mp4, -1, -1, 38.6944444444444
yfcc-batch11/8745.mp4, -1, -1, 45.512820512820504
yfcc-batch11/8749.mp4, -1, -1, 45.1666666666667
yfcc-batch11/8755.mp4, -1, -1, 59.31428571428571
yfcc-batch11/8757.mp4, -1, -1, 63.7272727272727
yfcc-batch11/8760.mp4, -1, -1, 72.17142857142859
yfcc-batch11/8761.mp4, -1, -1, 63.4864864864865
yfcc-batch11/8762.mp4, -1, -1, 61.67647058823529
yfcc-batch11/8763.mp4, -1, -1, 69.1714285714286
yfcc-batch11/8768.mp4, -1, -1, 59.0555555555556
yfcc-batch11/8767.mp4, -1, -1, 68.3888888888889
yfcc-batch11/8769.mp4, -1, -1, 55.8888888888889
yfcc-batch11/8772.mp4, -1, -1, 42.3589743589744
yfcc-batch11/8777.mp4, -1, -1, 51.684210526315795
yfcc-batch11/8790.mp4, -1, -1, 60.7714285714286
yfcc-batch11/8793.mp4, -1, -1, 32.5
yfcc-batch11/8796.mp4, -1, -1, 45.6060606060606
yfcc-batch11/8802.mp4, -1, -1, 63.74285714285711
yfcc-batch11/8804.mp4, -1, -1, 67.6060606060606
yfcc-batch11/8810.mp4, -1, -1, 60.6486486486487
yfcc-batch11/8812.mp4, -1, -1, 73.05263157894741
yfcc-batch11/8815.mp4, -1, -1, 73.2222222222222
yfcc-batch11/8822.mp4, -1, -1, 40.6857142857143
yfcc-batch11/8826.mp4, -1, -1, 67.5945945945946
yfcc-batch11/8827.mp4, -1, -1, 55.5833333333333
yfcc-batch11/8831.mp4, -1, -1, 71.08571428571429
yfcc-batch11/8832.mp4, -1, -1, 64.0263157894737
yfcc-batch11/8835.mp4, -1, -1, 74.3421052631579
yfcc-batch11/8836.mp4, -1, -1, 52.71428571428571
yfcc-batch11/8838.mp4, -1, -1, 42.63636363636361
yfcc-batch11/8840.mp4, -1, -1, 78.6857142857143
yfcc-batch11/8842.mp4, -1, -1, 52.9459459459459
yfcc-batch11/8841.mp4, -1, -1, 65.6111111111111
yfcc-batch11/8849.mp4, -1, -1, 61.9705882352941
yfcc-batch11/8851.mp4, -1, -1, 44.612903225806505
yfcc-batch11/8852.mp4, -1, -1, 43.948717948718006
yfcc-batch11/8854.mp4, -1, -1, 75.1388888888889
yfcc-batch11/8855.mp4, -1, -1, 68.6756756756757
yfcc-batch11/8858.mp4, -1, -1, 69.9444444444444
yfcc-batch11/8874.mp4, -1, -1, 63.1621621621622
yfcc-batch11/8875.mp4, -1, -1, 66.5833333333333
yfcc-batch11/8879.mp4, -1, -1, 67.94285714285711
yfcc-batch11/8883.mp4, -1, -1, 67.5789473684211
yfcc-batch11/8898.mp4, -1, -1, 44.871794871794904
yfcc-batch11/8907.mp4, -1, -1, 60.363636363636395
yfcc-batch11/8909.mp4, -1, -1, 58.2424242424242
yfcc-batch11/8912.mp4, -1, -1, 66.1818181818182
yfcc-batch11/8914.mp4, -1, -1, 65.3142857142857
yfcc-batch11/8915.mp4, -1, -1, 58.9459459459459
yfcc-batch11/8918.mp4, -1, -1, 58.44117647058821
yfcc-batch11/8919.mp4, -1, -1, 57.085714285714296
yfcc-batch11/8921.mp4, -1, -1, 68.5714285714286
yfcc-batch11/8937.mp4, -1, -1, 63.82857142857139
yfcc-batch11/8940.mp4, -1, -1, 72.3428571428571
yfcc-batch11/8954.mp4, -1, -1, 79.17142857142859
yfcc-batch11/8956.mp4, -1, -1, 70.8571428571429
yfcc-batch11/8957.mp4, -1, -1, 57.0
yfcc-batch11/8959.mp4, -1, -1, 67.25
yfcc-batch11/8960.mp4, -1, -1, 60.28571428571429
yfcc-batch11/8961.mp4, -1, -1, 79.3243243243243
yfcc-batch11/8964.mp4, -1, -1, 77.11428571428571
yfcc-batch11/8966.mp4, -1, -1, 58.8055555555556
yfcc-batch11/8971.mp4, -1, -1, 74.0571428571429
yfcc-batch11/8975.mp4, -1, -1, 42.75
yfcc-batch11/8976.mp4, -1, -1, 62.9166666666667
yfcc-batch11/8980.mp4, -1, -1, 58.44117647058821
yfcc-batch11/8979.mp4, -1, -1, 67.32352941176471
yfcc-batch11/8981.mp4, -1, -1, 67.2121212121212
yfcc-batch11/8984.mp4, -1, -1, 62.8709677419355
yfcc-batch11/8985.mp4, -1, -1, 63.914285714285704
yfcc-batch11/8990.mp4, -1, -1, 51.8
yfcc-batch11/8993.mp4, -1, -1, 67.2105263157895
yfcc-batch11/8994.mp4, -1, -1, 69.4054054054054
yfcc-batch11/9001.mp4, -1, -1, 72.4285714285714
yfcc-batch11/9002.mp4, -1, -1, 63.29411764705879
yfcc-batch11/9005.mp4, -1, -1, 41.028571428571404
yfcc-batch11/9006.mp4, -1, -1, 68.6486486486487
yfcc-batch11/9007.mp4, -1, -1, 68.475
yfcc-batch11/9011.mp4, -1, -1, 68.21428571428571
yfcc-batch11/9012.mp4, -1, -1, 65.4
yfcc-batch11/9017.mp4, -1, -1, 60.3055555555556
yfcc-batch11/9019.mp4, -1, -1, 66.09375
yfcc-batch11/8270.mp4, -1, -1, 60.540540540540505
yfcc-batch11/9008.mp4, -1, -1, 55.1
yfcc-batch11/8216.mp4, -1, -1, 61.5833333333333
yfcc-batch11/8224.mp4, -1, -1, 62.387096774193495
yfcc-batch11/8226.mp4, -1, -1, 29.941176470588196
yfcc-batch11/8228.mp4, -1, -1, 48.0606060606061
yfcc-batch11/8231.mp4, -1, -1, 57.763157894736786
yfcc-batch11/8234.mp4, -1, -1, 73.74358974358971
yfcc-batch11/8242.mp4, -1, -1, 66.7941176470588
yfcc-batch11/8247.mp4, -1, -1, 68.0588235294118
yfcc-batch11/8249.mp4, -1, -1, 60.222222222222214
yfcc-batch11/8256.mp4, -1, -1, 54.3055555555556
yfcc-batch11/8257.mp4, -1, -1, 49.74285714285711
yfcc-batch11/8260.mp4, -1, -1, 30.657142857142897
yfcc-batch11/8268.mp4, -1, -1, 58.3888888888889
yfcc-batch11/8277.mp4, -1, -1, 53.44117647058821
yfcc-batch11/8276.mp4, -1, -1, 72.0277777777778
yfcc-batch11/8278.mp4, -1, -1, 58.6944444444444
yfcc-batch11/8284.mp4, -1, -1, 39.59375
yfcc-batch11/8294.mp4, -1, -1, 56.7027027027027
yfcc-batch11/8297.mp4, -1, -1, 64.85714285714289
yfcc-batch11/8307.mp4, -1, -1, 72.2777777777778
yfcc-batch11/8324.mp4, -1, -1, 66.11428571428571
yfcc-batch11/8329.mp4, -1, -1, 67.5588235294118
yfcc-batch11/8333.mp4, -1, -1, 71.4722222222222
yfcc-batch11/8334.mp4, -1, -1, 71.88571428571429
yfcc-batch11/8338.mp4, -1, -1, 76.45714285714291
yfcc-batch11/8341.mp4, -1, -1, 60.387096774193495
yfcc-batch11/8348.mp4, -1, -1, 54.9166666666667
yfcc-batch11/8353.mp4, -1, -1, 69.0
yfcc-batch11/8354.mp4, -1, -1, 68.1842105263158
yfcc-batch11/8357.mp4, -1, -1, 56.74285714285711
yfcc-batch11/8361.mp4, -1, -1, 62.540540540540505
yfcc-batch11/8363.mp4, -1, -1, 59.82352941176471
yfcc-batch11/8369.mp4, -1, -1, 65.4736842105263
yfcc-batch11/8374.mp4, -1, -1, 72.08571428571429
yfcc-batch11/8377.mp4, -1, -1, 63.94117647058821
yfcc-batch11/8379.mp4, -1, -1, 73.96875
yfcc-batch11/8390.mp4, -1, -1, 62.4166666666667
yfcc-batch11/8394.mp4, -1, -1, 57.0540540540541
yfcc-batch11/8397.mp4, -1, -1, 67.5945945945946
yfcc-batch11/8398.mp4, -1, -1, 63.0
yfcc-batch11/8400.mp4, -1, -1, 72.30555555555559
yfcc-batch11/8403.mp4, -1, -1, 65.7567567567568
yfcc-batch11/8405.mp4, -1, -1, 55.157894736842096
yfcc-batch11/8408.mp4, -1, -1, 49.9189189189189
yfcc-batch11/8409.mp4, -1, -1, 60.59375
yfcc-batch11/8419.mp4, -1, -1, 60.3055555555556
yfcc-batch11/8423.mp4, -1, -1, 65.18918918918922
yfcc-batch11/8431.mp4, -1, -1, 65.0294117647059
yfcc-batch11/8435.mp4, -1, -1, 43.264705882352885
yfcc-batch11/8452.mp4, -1, -1, 65.5882352941177
yfcc-batch11/8459.mp4, -1, -1, 66.88571428571429
yfcc-batch11/8469.mp4, -1, -1, 58.3823529411765
yfcc-batch11/8476.mp4, -1, -1, 63.6666666666667
yfcc-batch11/8477.mp4, -1, -1, 52.5833333333333
yfcc-batch11/8479.mp4, -1, -1, 57.25
yfcc-batch11/8487.mp4, -1, -1, 68.46875
yfcc-batch11/8493.mp4, -1, -1, 60.6388888888889
yfcc-batch11/8511.mp4, -1, -1, 64.2162162162162
yfcc-batch11/8519.mp4, -1, -1, 65.3055555555556
yfcc-batch11/8522.mp4, -1, -1, 49.459459459459495
yfcc-batch11/8525.mp4, -1, -1, 38.2424242424242
yfcc-batch11/8537.mp4, -1, -1, 66.6969696969697
yfcc-batch11/8536.mp4, -1, -1, 67.2571428571429
yfcc-batch11/8546.mp4, -1, -1, 70.2777777777778
yfcc-batch11/8547.mp4, -1, -1, 63.55882352941179
yfcc-batch11/8553.mp4, -1, -1, 65.5882352941177
yfcc-batch12/9379.mp4, -1, -1, 63.7714285714286
yfcc-batch12/9381.mp4, -1, -1, 68.8888888888889
yfcc-batch12/9382.mp4, -1, -1, 58.4
yfcc-batch12/9396.mp4, -1, -1, 61.57142857142861
yfcc-batch12/9399.mp4, -1, -1, 61.6944444444444
yfcc-batch12/9401.mp4, -1, -1, 55.0
yfcc-batch12/9402.mp4, -1, -1, 59.527777777777786
yfcc-batch12/9408.mp4, -1, -1, 63.7027027027027
yfcc-batch12/9411.mp4, -1, -1, 62.5428571428571
yfcc-batch12/9412.mp4, -1, -1, 59.2727272727273
yfcc-batch12/9414.mp4, -1, -1, 71.4857142857143
yfcc-batch12/9416.mp4, -1, -1, 59.32352941176471
yfcc-batch12/9419.mp4, -1, -1, 52.657894736842096
yfcc-batch12/9426.mp4, -1, -1, 67.0285714285714
yfcc-batch12/9430.mp4, -1, -1, 71.7567567567568
yfcc-batch12/9431.mp4, -1, -1, 73.91428571428571
yfcc-batch12/9434.mp4, -1, -1, 59.5294117647059
yfcc-batch12/9435.mp4, -1, -1, 66.6388888888889
yfcc-batch12/9438.mp4, -1, -1, 75.0277777777778
yfcc-batch12/9439.mp4, -1, -1, 55.31428571428571
yfcc-batch12/9451.mp4, -1, -1, 42.77777777777779
yfcc-batch12/9453.mp4, -1, -1, 67.64285714285711
yfcc-batch12/9455.mp4, -1, -1, 53.5
yfcc-batch12/9462.mp4, -1, -1, 57.75
yfcc-batch12/9463.mp4, -1, -1, 69.28571428571429
yfcc-batch12/9465.mp4, -1, -1, 55.184210526315795
yfcc-batch12/9466.mp4, -1, -1, 79.5
yfcc-batch12/9473.mp4, -1, -1, 79.8529411764706
yfcc-batch12/9480.mp4, -1, -1, 64.2285714285714
yfcc-batch12/9483.mp4, -1, -1, 53.3823529411765
yfcc-batch12/9485.mp4, -1, -1, 70.14285714285711
yfcc-batch12/9490.mp4, -1, -1, 67.8378378378378
yfcc-batch12/9494.mp4, -1, -1, 47.57142857142861
yfcc-batch12/9509.mp4, -1, -1, 65.0588235294118
yfcc-batch12/9518.mp4, -1, -1, 70.0833333333333
yfcc-batch12/9533.mp4, -1, -1, 38.4102564102564
yfcc-batch12/9534.mp4, -1, -1, 61.5428571428572
yfcc-batch12/9536.mp4, -1, -1, 59.4444444444444
yfcc-batch12/9550.mp4, -1, -1, 64.1176470588235
yfcc-batch12/9552.mp4, -1, -1, 64.4210526315789
yfcc-batch12/9551.mp4, -1, -1, 64.2222222222222
yfcc-batch12/9553.mp4, -1, -1, 69.8333333333333
yfcc-batch12/9555.mp4, -1, -1, 52.3714285714286
yfcc-batch12/9558.mp4, -1, -1, 46.82857142857139
yfcc-batch12/9557.mp4, -1, -1, 46.735294117647115
yfcc-batch12/9559.mp4, -1, -1, 45.68571428571429
yfcc-batch12/9563.mp4, -1, -1, 62.90625
yfcc-batch12/9574.mp4, -1, -1, 58.9166666666667
yfcc-batch12/9585.mp4, -1, -1, 63.67647058823529
yfcc-batch12/9584.mp4, -1, -1, 44.7297297297297
yfcc-batch12/9589.mp4, -1, -1, 59.8571428571429
yfcc-batch12/9591.mp4, -1, -1, 71.55263157894741
yfcc-batch12/9592.mp4, -1, -1, 77.8181818181818
yfcc-batch12/9594.mp4, -1, -1, 58.459459459459495
yfcc-batch12/9597.mp4, -1, -1, 73.8787878787879
yfcc-batch12/9598.mp4, -1, -1, 67.6486486486487
yfcc-batch12/9600.mp4, -1, -1, 80.875
yfcc-batch12/9601.mp4, -1, -1, 66.8333333333333
yfcc-batch12/9603.mp4, -1, -1, 55.0882352941177
yfcc-batch12/9608.mp4, -1, -1, 56.277777777777786
yfcc-batch12/9614.mp4, -1, -1, 82.3823529411765
yfcc-batch12/9617.mp4, -1, -1, 49.82352941176471
yfcc-batch12/9624.mp4, -1, -1, 71.24242424242429
yfcc-batch12/9634.mp4, -1, -1, 75.027027027027
yfcc-batch12/9640.mp4, -1, -1, 64.2058823529412
yfcc-batch12/9645.mp4, -1, -1, 68.3589743589744
yfcc-batch12/9647.mp4, -1, -1, 65.8
yfcc-batch12/9650.mp4, -1, -1, 59.24324324324329
yfcc-batch12/9652.mp4, -1, -1, 68.6857142857143
yfcc-batch12/9653.mp4, -1, -1, 61.3529411764706
yfcc-batch12/9654.mp4, -1, -1, 50.0285714285714
yfcc-batch12/9655.mp4, -1, -1, 55.74285714285711
yfcc-batch12/9664.mp4, -1, -1, 70.8
yfcc-batch12/9670.mp4, -1, -1, 50.722222222222214
yfcc-batch12/9672.mp4, -1, -1, 64.6666666666667
yfcc-batch12/9676.mp4, -1, -1, 71.7567567567568
yfcc-batch12/9677.mp4, -1, -1, 57.6388888888889
yfcc-batch12/9680.mp4, -1, -1, 68.7714285714286
yfcc-batch12/9685.mp4, -1, -1, 60.657142857142894
yfcc-batch12/9686.mp4, -1, -1, 61.485714285714295
yfcc-batch12/9687.mp4, -1, -1, 59.9705882352941
yfcc-batch12/9689.mp4, -1, -1, 37.085714285714296
yfcc-batch12/9693.mp4, -1, -1, 64.91428571428571
yfcc-batch12/9696.mp4, -1, -1, 51.085714285714296
yfcc-batch12/9704.mp4, -1, -1, 51.4
yfcc-batch12/9706.mp4, -1, -1, 72.3448275862069
yfcc-batch12/9716.mp4, -1, -1, 70.44444444444441
yfcc-batch12/9719.mp4, -1, -1, 71.7714285714286
yfcc-batch12/9720.mp4, -1, -1, 72.62162162162159
yfcc-batch12/9729.mp4, -1, -1, 59.3333333333333
yfcc-batch12/9732.mp4, -1, -1, 66.42424242424241
yfcc-batch12/9745.mp4, -1, -1, 46.0571428571429
yfcc-batch12/9753.mp4, -1, -1, 38.1351351351351
yfcc-batch12/9754.mp4, -1, -1, 68.9444444444444
yfcc-batch12/9760.mp4, -1, -1, 61.5625
yfcc-batch12/9763.mp4, -1, -1, 70.6
yfcc-batch12/9768.mp4, -1, -1, 68.2
yfcc-batch12/9769.mp4, -1, -1, 71.3513513513513
yfcc-batch12/9772.mp4, -1, -1, 63.1315789473684
yfcc-batch12/9777.mp4, -1, -1, 67.32352941176471
yfcc-batch12/9782.mp4, -1, -1, 63.675675675675706
yfcc-batch12/9786.mp4, -1, -1, 62.24324324324329
yfcc-batch12/9791.mp4, -1, -1, 58.972972972973004
yfcc-batch12/9797.mp4, -1, -1, 64.3939393939394
yfcc-batch12/9799.mp4, -1, -1, 71.3428571428571
yfcc-batch12/9801.mp4, -1, -1, 62.20588235294121
yfcc-batch12/9802.mp4, -1, -1, 39.77777777777779
yfcc-batch12/9804.mp4, -1, -1, 56.6176470588235
yfcc-batch12/9810.mp4, -1, -1, 54.0
yfcc-batch12/9815.mp4, -1, -1, 55.3333333333333
yfcc-batch12/9817.mp4, -1, -1, 52.70588235294121
yfcc-batch12/9821.mp4, -1, -1, 67.9615384615385
yfcc-batch12/9822.mp4, -1, -1, 61.1666666666667
yfcc-batch12/9825.mp4, -1, -1, 67.8181818181818
yfcc-batch12/9829.mp4, -1, -1, 64.71428571428571
yfcc-batch12/9835.mp4, -1, -1, 62.1315789473684
yfcc-batch12/9839.mp4, -1, -1, 57.0
yfcc-batch12/9840.mp4, -1, -1, 66.3333333333333
yfcc-batch12/9446.mp4, -1, -1, 49.6285714285714
yfcc-batch12/9024.mp4, -1, -1, 65.14285714285711
yfcc-batch12/9027.mp4, -1, -1, 59.82857142857139
yfcc-batch12/9028.mp4, -1, -1, 61.264705882352885
yfcc-batch12/9035.mp4, -1, -1, 77.6578947368421
yfcc-batch12/9047.mp4, -1, -1, 55.9714285714286
yfcc-batch12/9051.mp4, -1, -1, 57.31428571428571
yfcc-batch12/9052.mp4, -1, -1, 67.4411764705882
yfcc-batch12/9054.mp4, -1, -1, 75.7575757575758
yfcc-batch12/9055.mp4, -1, -1, 74.11428571428571
yfcc-batch12/9060.mp4, -1, -1, 70.0882352941177
yfcc-batch12/9064.mp4, -1, -1, 68.6111111111111
yfcc-batch12/9066.mp4, -1, -1, 47.40625
yfcc-batch12/9069.mp4, -1, -1, 51.9473684210526
yfcc-batch12/9071.mp4, -1, -1, 64.8823529411765
yfcc-batch12/9072.mp4, -1, -1, 63.8823529411765
yfcc-batch12/9076.mp4, -1, -1, 78.8181818181818
yfcc-batch12/9075.mp4, -1, -1, 65.7714285714286
yfcc-batch12/9081.mp4, -1, -1, 57.09375
yfcc-batch12/9082.mp4, -1, -1, 58.1666666666667
yfcc-batch12/9095.mp4, -1, -1, 54.5454545454546
yfcc-batch12/9102.mp4, -1, -1, 69.4
yfcc-batch12/9108.mp4, -1, -1, 60.857142857142804
yfcc-batch12/9109.mp4, -1, -1, 60.7567567567568
yfcc-batch12/9112.mp4, -1, -1, 54.0810810810811
yfcc-batch12/9115.mp4, -1, -1, 74.3428571428571
yfcc-batch12/9122.mp4, -1, -1, 56.55882352941179
yfcc-batch12/9127.mp4, -1, -1, 54.43243243243239
yfcc-batch12/9128.mp4, -1, -1, 82.1944444444445
yfcc-batch12/9132.mp4, -1, -1, 71.57575757575759
yfcc-batch12/9135.mp4, -1, -1, 45.3783783783784
yfcc-batch12/9142.mp4, -1, -1, 53.735294117647115
yfcc-batch12/9143.mp4, -1, -1, 65.9444444444444
yfcc-batch12/9150.mp4, -1, -1, 50.6923076923077
yfcc-batch12/9152.mp4, -1, -1, 78.5945945945946
yfcc-batch12/9156.mp4, -1, -1, 68.91176470588239
yfcc-batch12/9154.mp4, -1, -1, 73.6486486486487
yfcc-batch12/9157.mp4, -1, -1, 39.3333333333333
yfcc-batch12/9158.mp4, -1, -1, 60.70588235294121
yfcc-batch12/9168.mp4, -1, -1, 68.7647058823529
yfcc-batch12/9172.mp4, -1, -1, 68.48275862068971
yfcc-batch12/9174.mp4, -1, -1, 74.6315789473684
yfcc-batch12/9184.mp4, -1, -1, 54.74285714285711
yfcc-batch12/9189.mp4, -1, -1, 56.70588235294121
yfcc-batch12/9194.mp4, -1, -1, 60.9090909090909
yfcc-batch12/9196.mp4, -1, -1, 73.0810810810811
yfcc-batch12/9201.mp4, -1, -1, 75.78125
yfcc-batch12/9203.mp4, -1, -1, 64.1111111111111
yfcc-batch12/9204.mp4, -1, -1, 72.54285714285709
yfcc-batch12/9208.mp4, -1, -1, 66.0555555555556
yfcc-batch12/9212.mp4, -1, -1, 62.324324324324294
yfcc-batch12/9215.mp4, -1, -1, 71.67647058823529
yfcc-batch12/9217.mp4, -1, -1, 71.52941176470591
yfcc-batch12/9218.mp4, -1, -1, 61.5
yfcc-batch12/9223.mp4, -1, -1, 61.4848484848485
yfcc-batch12/9225.mp4, -1, -1, 66.0
yfcc-batch12/9235.mp4, -1, -1, 40.02777777777779
yfcc-batch12/9246.mp4, -1, -1, 72.6857142857143
yfcc-batch12/9249.mp4, -1, -1, 62.212121212121204
yfcc-batch12/9258.mp4, -1, -1, 74.0
yfcc-batch12/9265.mp4, -1, -1, 66.5294117647059
yfcc-batch12/9266.mp4, -1, -1, 64.5277777777778
yfcc-batch12/9268.mp4, -1, -1, 42.7027027027027
yfcc-batch12/9271.mp4, -1, -1, 52.0
yfcc-batch12/9276.mp4, -1, -1, 67.2285714285714
yfcc-batch12/9281.mp4, -1, -1, 50.0606060606061
yfcc-batch12/9282.mp4, -1, -1, 69.7297297297297
yfcc-batch12/9286.mp4, -1, -1, 38.5
yfcc-batch12/9291.mp4, -1, -1, 55.1
yfcc-batch12/9295.mp4, -1, -1, 61.264705882352885
yfcc-batch12/9297.mp4, -1, -1, 63.514285714285705
yfcc-batch12/9299.mp4, -1, -1, 69.5294117647059
yfcc-batch12/9304.mp4, -1, -1, 65.0526315789474
yfcc-batch12/9307.mp4, -1, -1, 64.5142857142857
yfcc-batch12/9310.mp4, -1, -1, 61.6153846153846
yfcc-batch12/9315.mp4, -1, -1, 70.6363636363636
yfcc-batch12/9317.mp4, -1, -1, 61.969696969697
yfcc-batch12/9327.mp4, -1, -1, 66.29729729729729
yfcc-batch12/9333.mp4, -1, -1, 73.3636363636364
yfcc-batch12/9335.mp4, -1, -1, 42.7272727272727
yfcc-batch12/9340.mp4, -1, -1, 69.3428571428571
yfcc-batch12/9342.mp4, -1, -1, 67.1818181818182
yfcc-batch12/9343.mp4, -1, -1, 60.6470588235294
yfcc-batch12/9344.mp4, -1, -1, 71.7272727272727
yfcc-batch12/9345.mp4, -1, -1, 38.028571428571404
yfcc-batch12/9353.mp4, -1, -1, 60.921052631579
yfcc-batch12/9368.mp4, -1, -1, 66.1388888888889
yfcc-batch12/9370.mp4, -1, -1, 54.7272727272727
yfcc-batch13/10361.mp4, -1, -1, 59.461538461538495
yfcc-batch13/10362.mp4, -1, -1, 62.5
yfcc-batch13/10367.mp4, -1, -1, 66.2162162162162
yfcc-batch13/10368.mp4, -1, -1, 70.1621621621622
yfcc-batch13/10370.mp4, -1, -1, 46.9473684210526
yfcc-batch13/10371.mp4, -1, -1, 66.2285714285714
yfcc-batch13/10372.mp4, -1, -1, 63.44117647058821
yfcc-batch13/10376.mp4, -1, -1, 54.6486486486487
yfcc-batch13/10392.mp4, -1, -1, 60.0285714285714
yfcc-batch13/10396.mp4, -1, -1, 68.0
yfcc-batch13/10395.mp4, -1, -1, 62.9459459459459
yfcc-batch13/10404.mp4, -1, -1, 70.1081081081081
yfcc-batch13/10406.mp4, -1, -1, 64.5263157894737
yfcc-batch13/10414.mp4, -1, -1, 70.2162162162162
yfcc-batch13/10418.mp4, -1, -1, 63.0
yfcc-batch13/10434.mp4, -1, -1, 66.5945945945946
yfcc-batch13/10437.mp4, -1, -1, 64.2777777777778
yfcc-batch13/10440.mp4, -1, -1, 69.8378378378378
yfcc-batch13/10441.mp4, -1, -1, 44.526315789473706
yfcc-batch13/10443.mp4, -1, -1, 68.4871794871795
yfcc-batch13/10448.mp4, -1, -1, 63.5
yfcc-batch13/10449.mp4, -1, -1, 60.34285714285711
yfcc-batch13/10470.mp4, -1, -1, 61.28571428571429
yfcc-batch13/10472.mp4, -1, -1, 36.971428571428596
yfcc-batch13/10474.mp4, -1, -1, 57.71428571428571
yfcc-batch13/10477.mp4, -1, -1, 58.9459459459459
yfcc-batch13/10483.mp4, -1, -1, 49.9189189189189
yfcc-batch13/10500.mp4, -1, -1, 64.2432432432432
yfcc-batch13/10502.mp4, -1, -1, 66.29729729729729
yfcc-batch13/10504.mp4, -1, -1, 69.3170731707317
yfcc-batch13/10509.mp4, -1, -1, 71.7894736842105
yfcc-batch13/10511.mp4, -1, -1, 65.525
yfcc-batch13/10515.mp4, -1, -1, 55.5
yfcc-batch13/10519.mp4, -1, -1, 57.44117647058821
yfcc-batch13/10521.mp4, -1, -1, 63.864864864864906
yfcc-batch13/10524.mp4, -1, -1, 54.7105263157895
yfcc-batch13/10528.mp4, -1, -1, 41.394736842105296
yfcc-batch13/10530.mp4, -1, -1, 63.1794871794872
yfcc-batch13/10544.mp4, -1, -1, 61.6315789473684
yfcc-batch13/10547.mp4, -1, -1, 70.82352941176471
yfcc-batch13/10546.mp4, -1, -1, 66.6578947368421
yfcc-batch13/10548.mp4, -1, -1, 61.5
yfcc-batch13/10562.mp4, -1, -1, 81.62162162162159
yfcc-batch13/10563.mp4, -1, -1, 75.0882352941177
yfcc-batch13/10572.mp4, -1, -1, 66.8055555555556
yfcc-batch13/10578.mp4, -1, -1, 72.5
yfcc-batch13/10582.mp4, -1, -1, 66.6486486486487
yfcc-batch13/10581.mp4, -1, -1, 48.921052631579
yfcc-batch13/10589.mp4, -1, -1, 63.9714285714286
yfcc-batch13/10591.mp4, -1, -1, 46.81578947368421
yfcc-batch13/10594.mp4, -1, -1, 59.487179487179496
yfcc-batch13/10593.mp4, -1, -1, 61.864864864864906
yfcc-batch13/10592.mp4, -1, -1, 56.027027027026996
yfcc-batch13/10597.mp4, -1, -1, 62.97368421052629
yfcc-batch13/10598.mp4, -1, -1, 45.842105263157904
yfcc-batch13/10599.mp4, -1, -1, 64.2162162162162
yfcc-batch13/10602.mp4, -1, -1, 64.5142857142857
yfcc-batch13/10603.mp4, -1, -1, 57.0526315789474
yfcc-batch13/10621.mp4, -1, -1, 60.4473684210526
yfcc-batch13/10622.mp4, -1, -1, 63.540540540540505
yfcc-batch13/10623.mp4, -1, -1, 54.68571428571429
yfcc-batch13/10631.mp4, -1, -1, 66.945945945946
yfcc-batch13/10632.mp4, -1, -1, 64.8285714285714
yfcc-batch13/10634.mp4, -1, -1, 57.8
yfcc-batch13/10639.mp4, -1, -1, 72.25
yfcc-batch13/10640.mp4, -1, -1, 44.1081081081081
yfcc-batch13/10642.mp4, -1, -1, 75.28571428571429
yfcc-batch13/10645.mp4, -1, -1, 68.8648648648649
yfcc-batch13/10660.mp4, -1, -1, 73.3636363636364
yfcc-batch13/9841.mp4, -1, -1, 55.6111111111111
yfcc-batch13/9844.mp4, -1, -1, 67.027027027027
yfcc-batch13/9846.mp4, -1, -1, 48.0
yfcc-batch13/9849.mp4, -1, -1, 57.4444444444444
yfcc-batch13/9860.mp4, -1, -1, 41.8421052631579
yfcc-batch13/9869.mp4, -1, -1, 61.2
yfcc-batch13/9875.mp4, -1, -1, 76.0571428571429
yfcc-batch13/9876.mp4, -1, -1, 69.6857142857143
yfcc-batch13/9883.mp4, -1, -1, 63.4
yfcc-batch13/9885.mp4, -1, -1, 73.3333333333333
yfcc-batch13/9895.mp4, -1, -1, 61.6216216216216
yfcc-batch13/9897.mp4, -1, -1, 66.4444444444444
yfcc-batch13/9903.mp4, -1, -1, 79.1081081081081
yfcc-batch13/9908.mp4, -1, -1, 71.44736842105259
yfcc-batch13/9912.mp4, -1, -1, 56.6944444444444
yfcc-batch13/9914.mp4, -1, -1, 70.0277777777778
yfcc-batch13/9920.mp4, -1, -1, 87.62857142857142
yfcc-batch13/9921.mp4, -1, -1, 72.30555555555559
yfcc-batch13/9927.mp4, -1, -1, 58.3030303030303
yfcc-batch13/9928.mp4, -1, -1, 55.475
yfcc-batch13/9930.mp4, -1, -1, 71.027027027027
yfcc-batch13/9933.mp4, -1, -1, 65.7878787878788
yfcc-batch13/9936.mp4, -1, -1, 60.684210526315795
yfcc-batch13/9937.mp4, -1, -1, 73.4864864864865
yfcc-batch13/9938.mp4, -1, -1, 70.2051282051282
yfcc-batch13/9940.mp4, -1, -1, 78.11428571428571
yfcc-batch13/9942.mp4, -1, -1, 60.684210526315795
yfcc-batch13/9945.mp4, -1, -1, 62.5
yfcc-batch13/9946.mp4, -1, -1, 67.14705882352939
yfcc-batch13/9952.mp4, -1, -1, 61.2894736842105
yfcc-batch13/9958.mp4, -1, -1, 57.027777777777786
yfcc-batch13/9960.mp4, -1, -1, 77.8684210526316
yfcc-batch13/9965.mp4, -1, -1, 62.842105263157904
yfcc-batch13/9971.mp4, -1, -1, 82.28571428571429
yfcc-batch13/9974.mp4, -1, -1, 62.0285714285714
yfcc-batch13/9979.mp4, -1, -1, 47.3888888888889
yfcc-batch13/9980.mp4, -1, -1, 62.17647058823529
yfcc-batch13/9992.mp4, -1, -1, 52.8055555555556
yfcc-batch13/9994.mp4, -1, -1, 58.972972972973004
yfcc-batch13/10001.mp4, -1, -1, 74.6388888888889
yfcc-batch13/10003.mp4, -1, -1, 63.11428571428571
yfcc-batch13/10004.mp4, -1, -1, 71.875
yfcc-batch13/10007.mp4, -1, -1, 62.2894736842105
yfcc-batch13/10008.mp4, -1, -1, 76.7297297297297
yfcc-batch13/10146.mp4, -1, -1, 64.08108108108111
yfcc-batch13/10379.mp4, -1, -1, 57.25
yfcc-batch13/10407.mp4, -1, -1, 30.914285714285693
yfcc-batch13/10652.mp4, -1, -1, 58.3783783783784
yfcc-batch13/10030.mp4, -1, -1, 82.6666666666667
yfcc-batch13/10036.mp4, -1, -1, 69.05405405405409
yfcc-batch13/10040.mp4, -1, -1, 69.70270270270271
yfcc-batch13/10043.mp4, -1, -1, 53.3513513513514
yfcc-batch13/10046.mp4, -1, -1, 79.8421052631579
yfcc-batch13/10048.mp4, -1, -1, 68.8666666666667
yfcc-batch13/10053.mp4, -1, -1, 71.28571428571429
yfcc-batch13/10052.mp4, -1, -1, 62.3888888888889
yfcc-batch13/10054.mp4, -1, -1, 62.3783783783784
yfcc-batch13/10055.mp4, -1, -1, 58.35
yfcc-batch13/10060.mp4, -1, -1, 75.2702702702703
yfcc-batch13/10063.mp4, -1, -1, 47.81578947368421
yfcc-batch13/10067.mp4, -1, -1, 67.2432432432432
yfcc-batch13/10068.mp4, -1, -1, 69.4444444444444
yfcc-batch13/10072.mp4, -1, -1, 83.05405405405409
yfcc-batch13/10074.mp4, -1, -1, 65.97435897435899
yfcc-batch13/10076.mp4, -1, -1, 66.7837837837838
yfcc-batch13/10088.mp4, -1, -1, 46.9166666666667
yfcc-batch13/10093.mp4, -1, -1, 53.842105263157904
yfcc-batch13/10097.mp4, -1, -1, 49.4444444444444
yfcc-batch13/10099.mp4, -1, -1, 56.24324324324329
yfcc-batch13/10103.mp4, -1, -1, 48.257142857142895
yfcc-batch13/10112.mp4, -1, -1, 50.9189189189189
yfcc-batch13/10115.mp4, -1, -1, 62.914285714285704
yfcc-batch13/10116.mp4, -1, -1, 68.225
yfcc-batch13/10123.mp4, -1, -1, 33.2352941176471
yfcc-batch13/10132.mp4, -1, -1, 73.1470588235294
yfcc-batch13/10131.mp4, -1, -1, 55.097560975609795
yfcc-batch13/10138.mp4, -1, -1, 58.10526315789479
yfcc-batch13/10149.mp4, -1, -1, 54.0789473684211
yfcc-batch13/10150.mp4, -1, -1, 66.6578947368421
yfcc-batch13/10163.mp4, -1, -1, 49.894736842105296
yfcc-batch13/10165.mp4, -1, -1, 75.11428571428571
yfcc-batch13/10169.mp4, -1, -1, 69.1351351351351
yfcc-batch13/10170.mp4, -1, -1, 64.43243243243239
yfcc-batch13/10174.mp4, -1, -1, 65.1842105263158
yfcc-batch13/10175.mp4, -1, -1, 79.58974358974359
yfcc-batch13/10180.mp4, -1, -1, 72.3846153846154
yfcc-batch13/10186.mp4, -1, -1, 61.4444444444444
yfcc-batch13/10187.mp4, -1, -1, 69.0833333333333
yfcc-batch13/10214.mp4, -1, -1, 64.5714285714286
yfcc-batch13/10213.mp4, -1, -1, 70.3428571428571
yfcc-batch13/10217.mp4, -1, -1, 58.342105263157904
yfcc-batch13/10220.mp4, -1, -1, 77.23684210526321
yfcc-batch13/10222.mp4, -1, -1, 66.70270270270271
yfcc-batch13/10223.mp4, -1, -1, 67.03125
yfcc-batch13/10229.mp4, -1, -1, 73.9230769230769
yfcc-batch13/10230.mp4, -1, -1, 76.8648648648649
yfcc-batch13/10231.mp4, -1, -1, 54.88571428571429
yfcc-batch13/10233.mp4, -1, -1, 47.8611111111111
yfcc-batch13/10242.mp4, -1, -1, 55.657894736842096
yfcc-batch13/10247.mp4, -1, -1, 56.3888888888889
yfcc-batch13/10249.mp4, -1, -1, 55.9714285714286
yfcc-batch13/10250.mp4, -1, -1, 45.0
yfcc-batch13/10253.mp4, -1, -1, 60.94117647058821
yfcc-batch13/10255.mp4, -1, -1, 76.94736842105259
yfcc-batch13/10262.mp4, -1, -1, 79.82857142857141
yfcc-batch13/10266.mp4, -1, -1, 57.0
yfcc-batch13/10278.mp4, -1, -1, 67.7179487179487
yfcc-batch13/10284.mp4, -1, -1, 71.5277777777778
yfcc-batch13/10286.mp4, -1, -1, 55.657894736842096
yfcc-batch13/10287.mp4, -1, -1, 67.6315789473684
yfcc-batch13/10289.mp4, -1, -1, 34.6666666666667
yfcc-batch13/10290.mp4, -1, -1, 69.0
yfcc-batch13/10296.mp4, -1, -1, 63.56410256410261
yfcc-batch13/10299.mp4, -1, -1, 66.9375
yfcc-batch13/10308.mp4, -1, -1, 40.7837837837838
yfcc-batch13/10309.mp4, -1, -1, 63.842105263157904
yfcc-batch13/10310.mp4, -1, -1, 48.921052631579
yfcc-batch13/10311.mp4, -1, -1, 59.135135135135094
yfcc-batch13/10317.mp4, -1, -1, 63.6153846153846
yfcc-batch13/10322.mp4, -1, -1, 65.1944444444444
yfcc-batch13/10323.mp4, -1, -1, 74.6111111111111
yfcc-batch13/10330.mp4, -1, -1, 76.1351351351351
yfcc-batch13/10332.mp4, -1, -1, 69.23684210526321
yfcc-batch13/10337.mp4, -1, -1, 55.9444444444444
yfcc-batch13/10338.mp4, -1, -1, 76.775
yfcc-batch13/10341.mp4, -1, -1, 42.6486486486486
yfcc-batch13/10342.mp4, -1, -1, 71.3888888888889
yfcc-batch13/10345.mp4, -1, -1, 56.4
yfcc-batch13/10351.mp4, -1, -1, 82.5277777777778
yfcc-batch13/10353.mp4, -1, -1, 66.29729729729729
yfcc-batch13/10356.mp4, -1, -1, 66.8918918918919
yfcc-batch14/11016.mp4, -1, -1, 74.4166666666667
yfcc-batch14/11021.mp4, -1, -1, 79.0277777777778
yfcc-batch14/11023.mp4, -1, -1, 55.7297297297297
yfcc-batch14/11026.mp4, -1, -1, 55.2727272727273
yfcc-batch14/11029.mp4, -1, -1, 61.0
yfcc-batch14/11031.mp4, -1, -1, 61.0
yfcc-batch14/11032.mp4, -1, -1, 70.7428571428572
yfcc-batch14/11035.mp4, -1, -1, 80.1282051282051
yfcc-batch14/11037.mp4, -1, -1, 50.9090909090909
yfcc-batch14/11041.mp4, -1, -1, 69.7647058823529
yfcc-batch14/11043.mp4, -1, -1, 80.4333333333333
yfcc-batch14/11047.mp4, -1, -1, 74.3428571428571
yfcc-batch14/11048.mp4, -1, -1, 54.2162162162162
yfcc-batch14/11053.mp4, -1, -1, 56.0
yfcc-batch14/11058.mp4, -1, -1, 61.6486486486487
yfcc-batch14/11059.mp4, -1, -1, 61.3055555555556
yfcc-batch14/11064.mp4, -1, -1, 81.0588235294118
yfcc-batch14/11069.mp4, -1, -1, 63.0
yfcc-batch14/11073.mp4, -1, -1, 62.6944444444444
yfcc-batch14/11074.mp4, -1, -1, 57.6285714285714
yfcc-batch14/11080.mp4, -1, -1, 76.9210526315789
yfcc-batch14/11083.mp4, -1, -1, 58.59459459459461
yfcc-batch14/11096.mp4, -1, -1, 62.8529411764706
yfcc-batch14/11106.mp4, -1, -1, 70.28571428571429
yfcc-batch14/11117.mp4, -1, -1, 76.7575757575758
yfcc-batch14/11118.mp4, -1, -1, 66.975
yfcc-batch14/11119.mp4, -1, -1, 69.8285714285714
yfcc-batch14/11121.mp4, -1, -1, 63.2972972972973
yfcc-batch14/11123.mp4, -1, -1, 77.4722222222222
yfcc-batch14/11130.mp4, -1, -1, 71.1538461538462
yfcc-batch14/11132.mp4, -1, -1, 43.428571428571395
yfcc-batch14/11137.mp4, -1, -1, 69.8611111111111
yfcc-batch14/11139.mp4, -1, -1, 56.59459459459461
yfcc-batch14/11144.mp4, -1, -1, 34.6756756756757
yfcc-batch14/11146.mp4, -1, -1, 54.589743589743605
yfcc-batch14/11151.mp4, -1, -1, 56.21875
yfcc-batch14/11157.mp4, -1, -1, 69.3783783783784
yfcc-batch14/11169.mp4, -1, -1, 66.3157894736842
yfcc-batch14/11172.mp4, -1, -1, 80.55555555555559
yfcc-batch14/11177.mp4, -1, -1, 62.9444444444444
yfcc-batch14/11179.mp4, -1, -1, 69.18918918918922
yfcc-batch14/11181.mp4, -1, -1, 65.2647058823529
yfcc-batch14/11185.mp4, -1, -1, 67.2631578947369
yfcc-batch14/11201.mp4, -1, -1, 63.6206896551724
yfcc-batch14/11209.mp4, -1, -1, 69.0
yfcc-batch14/11210.mp4, -1, -1, 58.4878048780488
yfcc-batch14/11219.mp4, -1, -1, 63.5151515151515
yfcc-batch14/11220.mp4, -1, -1, 40.8055555555556
yfcc-batch14/11226.mp4, -1, -1, 59.2972972972973
yfcc-batch14/11228.mp4, -1, -1, 59.3783783783784
yfcc-batch14/11230.mp4, -1, -1, 47.969696969697
yfcc-batch14/11245.mp4, -1, -1, 56.151515151515206
yfcc-batch14/11250.mp4, -1, -1, 65.6486486486487
yfcc-batch14/11256.mp4, -1, -1, 65.17647058823529
yfcc-batch14/11260.mp4, -1, -1, 77.2941176470588
yfcc-batch14/11265.mp4, -1, -1, 54.8333333333333
yfcc-batch14/11267.mp4, -1, -1, 67.5428571428571
yfcc-batch14/11270.mp4, -1, -1, 79.03125
yfcc-batch14/11271.mp4, -1, -1, 60.24324324324329
yfcc-batch14/11285.mp4, -1, -1, 59.184210526315795
yfcc-batch14/11287.mp4, -1, -1, 80.8571428571429
yfcc-batch14/11286.mp4, -1, -1, 68.45
yfcc-batch14/11294.mp4, -1, -1, 66.4473684210526
yfcc-batch14/11295.mp4, -1, -1, 55.75
yfcc-batch14/11299.mp4, -1, -1, 57.0
yfcc-batch14/11300.mp4, -1, -1, 48.684210526315795
yfcc-batch14/11303.mp4, -1, -1, 70.73684210526321
yfcc-batch14/11306.mp4, -1, -1, 35.1290322580645
yfcc-batch14/11308.mp4, -1, -1, 57.921052631579
yfcc-batch14/11313.mp4, -1, -1, 44.8055555555556
yfcc-batch14/11319.mp4, -1, -1, 49.3333333333333
yfcc-batch14/11321.mp4, -1, -1, 74.81081081081079
yfcc-batch14/11328.mp4, -1, -1, 65.7948717948718
yfcc-batch14/11337.mp4, -1, -1, 69.9714285714286
yfcc-batch14/11345.mp4, -1, -1, 59.675675675675706
yfcc-batch14/11349.mp4, -1, -1, 67.32352941176471
yfcc-batch14/11350.mp4, -1, -1, 65.9166666666667
yfcc-batch14/11352.mp4, -1, -1, 73.969696969697
yfcc-batch14/11355.mp4, -1, -1, 43.3333333333333
yfcc-batch14/11360.mp4, -1, -1, 54.9166666666667
yfcc-batch14/11361.mp4, -1, -1, 80.2647058823529
yfcc-batch14/11363.mp4, -1, -1, 60.0789473684211
yfcc-batch14/11366.mp4, -1, -1, 75.8157894736842
yfcc-batch14/11373.mp4, -1, -1, 54.8333333333333
yfcc-batch14/11376.mp4, -1, -1, 69.82352941176471
yfcc-batch14/11383.mp4, -1, -1, 70.35
yfcc-batch14/11387.mp4, -1, -1, 61.70588235294121
yfcc-batch14/11393.mp4, -1, -1, 67.18918918918922
yfcc-batch14/11396.mp4, -1, -1, 59.8888888888889
yfcc-batch14/11395.mp4, -1, -1, 67.7894736842105
yfcc-batch14/11397.mp4, -1, -1, 53.3823529411765
yfcc-batch14/11403.mp4, -1, -1, 69.14705882352939
yfcc-batch14/11405.mp4, -1, -1, 58.57142857142861
yfcc-batch14/11408.mp4, -1, -1, 58.735294117647115
yfcc-batch14/11412.mp4, -1, -1, 64.2941176470588
yfcc-batch14/11415.mp4, -1, -1, 73.7741935483871
yfcc-batch14/11416.mp4, -1, -1, 64.8285714285714
yfcc-batch14/11418.mp4, -1, -1, 79.4358974358974
yfcc-batch14/11426.mp4, -1, -1, 62.722222222222214
yfcc-batch14/11432.mp4, -1, -1, 64.1212121212121
yfcc-batch14/11434.mp4, -1, -1, 75.75
yfcc-batch14/11433.mp4, -1, -1, 78.19444444444441
yfcc-batch14/11436.mp4, -1, -1, 60.0810810810811
yfcc-batch14/11438.mp4, -1, -1, 52.538461538461505
yfcc-batch14/11440.mp4, -1, -1, 65.8205128205128
yfcc-batch14/11442.mp4, -1, -1, 72.8205128205128
yfcc-batch14/11448.mp4, -1, -1, 62.0
yfcc-batch14/11455.mp4, -1, -1, 57.0810810810811
yfcc-batch14/11460.mp4, -1, -1, 52.57142857142861
yfcc-batch14/11461.mp4, -1, -1, 64.3030303030303
yfcc-batch14/11465.mp4, -1, -1, 63.5789473684211
yfcc-batch14/11476.mp4, -1, -1, 56.8529411764706
yfcc-batch14/10665.mp4, -1, -1, 52.969696969697
yfcc-batch14/10673.mp4, -1, -1, 64.25
yfcc-batch14/10678.mp4, -1, -1, 70.25
yfcc-batch14/10987.mp4, -1, -1, 60.3333333333333
yfcc-batch14/11067.mp4, -1, -1, 55.8611111111111
yfcc-batch14/10690.mp4, -1, -1, 59.0555555555556
yfcc-batch14/11330.mp4, -1, -1, 56.5
yfcc-batch14/10704.mp4, -1, -1, 72.1621621621622
yfcc-batch14/10705.mp4, -1, -1, 50.472222222222214
yfcc-batch14/10707.mp4, -1, -1, 59.6388888888889
yfcc-batch14/10710.mp4, -1, -1, 44.263157894736786
yfcc-batch14/10711.mp4, -1, -1, 52.97368421052629
yfcc-batch14/10713.mp4, -1, -1, 73.1538461538462
yfcc-batch14/10715.mp4, -1, -1, 64.8378378378378
yfcc-batch14/10714.mp4, -1, -1, 52.4444444444444
yfcc-batch14/10716.mp4, -1, -1, 68.7837837837838
yfcc-batch14/10720.mp4, -1, -1, 35.7027027027027
yfcc-batch14/10724.mp4, -1, -1, 74.2432432432432
yfcc-batch14/10723.mp4, -1, -1, 66.64705882352939
yfcc-batch14/10730.mp4, -1, -1, 62.5151515151515
yfcc-batch14/10732.mp4, -1, -1, 43.189189189189214
yfcc-batch14/10733.mp4, -1, -1, 71.8888888888889
yfcc-batch14/10736.mp4, -1, -1, 65.91176470588239
yfcc-batch14/10746.mp4, -1, -1, 68.1944444444444
yfcc-batch14/10752.mp4, -1, -1, 65.4102564102564
yfcc-batch14/10755.mp4, -1, -1, 68.7567567567568
yfcc-batch14/10759.mp4, -1, -1, 58.9473684210526
yfcc-batch14/10760.mp4, -1, -1, 66.75
yfcc-batch14/10763.mp4, -1, -1, 56.657142857142894
yfcc-batch14/10766.mp4, -1, -1, 69.3888888888889
yfcc-batch14/10780.mp4, -1, -1, 71.5142857142857
yfcc-batch14/10783.mp4, -1, -1, 69.2820512820513
yfcc-batch14/10789.mp4, -1, -1, 63.82857142857139
yfcc-batch14/10787.mp4, -1, -1, 68.972972972973
yfcc-batch14/10794.mp4, -1, -1, 67.21875
yfcc-batch14/10795.mp4, -1, -1, 64.1714285714286
yfcc-batch14/10797.mp4, -1, -1, 70.7894736842105
yfcc-batch14/10798.mp4, -1, -1, 69.0
yfcc-batch14/10801.mp4, -1, -1, 71.47058823529409
yfcc-batch14/10804.mp4, -1, -1, 52.540540540540505
yfcc-batch14/10806.mp4, -1, -1, 52.540540540540505
yfcc-batch14/10826.mp4, -1, -1, 72.972972972973
yfcc-batch14/10830.mp4, -1, -1, 32.2051282051282
yfcc-batch14/10831.mp4, -1, -1, 48.9459459459459
yfcc-batch14/10854.mp4, -1, -1, 63.3
yfcc-batch14/10857.mp4, -1, -1, 69.8181818181818
yfcc-batch14/10858.mp4, -1, -1, 77.7428571428572
yfcc-batch14/10870.mp4, -1, -1, 59.0833333333333
yfcc-batch14/10873.mp4, -1, -1, 62.7297297297297
yfcc-batch14/10890.mp4, -1, -1, 53.9444444444444
yfcc-batch14/10892.mp4, -1, -1, 63.9459459459459
yfcc-batch14/10899.mp4, -1, -1, 74.0909090909091
yfcc-batch14/10901.mp4, -1, -1, 73.0
yfcc-batch14/10915.mp4, -1, -1, 48.3076923076923
yfcc-batch14/10913.mp4, -1, -1, 69.5
yfcc-batch14/10919.mp4, -1, -1, 72.5454545454546
yfcc-batch14/10926.mp4, -1, -1, 60.3684210526316
yfcc-batch14/10927.mp4, -1, -1, 75.76923076923079
yfcc-batch14/10935.mp4, -1, -1, 62.410256410256395
yfcc-batch14/10936.mp4, -1, -1, 50.4848484848485
yfcc-batch14/10938.mp4, -1, -1, 53.0526315789474
yfcc-batch14/10942.mp4, -1, -1, 34.6923076923077
yfcc-batch14/10948.mp4, -1, -1, 66.7741935483871
yfcc-batch14/10949.mp4, -1, -1, 60.7837837837838
yfcc-batch14/10951.mp4, -1, -1, 56.8888888888889
yfcc-batch14/10962.mp4, -1, -1, 57.4242424242424
yfcc-batch14/10964.mp4, -1, -1, 61.722222222222214
yfcc-batch14/10969.mp4, -1, -1, 47.6060606060606
yfcc-batch14/10974.mp4, -1, -1, 52.0833333333333
yfcc-batch14/10975.mp4, -1, -1, 73.5454545454545
yfcc-batch14/10984.mp4, -1, -1, 70.1351351351351
yfcc-batch14/10988.mp4, -1, -1, 62.810810810810786
yfcc-batch14/10992.mp4, -1, -1, 76.0
yfcc-batch14/10996.mp4, -1, -1, 70.1351351351351
yfcc-batch14/10998.mp4, -1, -1, 57.0789473684211
yfcc-batch14/11007.mp4, -1, -1, 64.69230769230771
yfcc-batch14/11011.mp4, -1, -1, 54.421052631579
yfcc-batch14/11014.mp4, -1, -1, 46.6060606060606
yfcc-batch14/11015.mp4, -1, -1, 50.20512820512821
yfcc-batch15/11842.mp4, -1, -1, 65.64705882352939
yfcc-batch15/11843.mp4, -1, -1, 64.6666666666667
yfcc-batch15/11845.mp4, -1, -1, 66.6363636363636
yfcc-batch15/11847.mp4, -1, -1, 56.5294117647059
yfcc-batch15/11853.mp4, -1, -1, 66.14285714285711
yfcc-batch15/11852.mp4, -1, -1, 62.0294117647059
yfcc-batch15/11855.mp4, -1, -1, 63.9444444444444
yfcc-batch15/11858.mp4, -1, -1, 78.0
yfcc-batch15/11864.mp4, -1, -1, 46.027027027026996
yfcc-batch15/11866.mp4, -1, -1, 61.31578947368421
yfcc-batch15/11875.mp4, -1, -1, 74.2105263157895
yfcc-batch15/11876.mp4, -1, -1, 70.11428571428571
yfcc-batch15/11884.mp4, -1, -1, 74.2162162162162
yfcc-batch15/11886.mp4, -1, -1, 67.1875
yfcc-batch15/11885.mp4, -1, -1, 64.1944444444444
yfcc-batch15/11892.mp4, -1, -1, 77.945945945946
yfcc-batch15/11894.mp4, -1, -1, 71.5833333333333
yfcc-batch15/11896.mp4, -1, -1, 71.9166666666667
yfcc-batch15/11898.mp4, -1, -1, 66.7428571428571
yfcc-batch15/11905.mp4, -1, -1, 64.3142857142857
yfcc-batch15/11921.mp4, -1, -1, 68.6111111111111
yfcc-batch15/11928.mp4, -1, -1, 79.7777777777778
yfcc-batch15/11931.mp4, -1, -1, 64.8648648648649
yfcc-batch15/11939.mp4, -1, -1, 71.4864864864865
yfcc-batch15/11948.mp4, -1, -1, 54.5428571428571
yfcc-batch15/11953.mp4, -1, -1, 73.3888888888889
yfcc-batch15/11956.mp4, -1, -1, 62.0
yfcc-batch15/11958.mp4, -1, -1, 58.0285714285714
yfcc-batch15/11962.mp4, -1, -1, 58.0
yfcc-batch15/11964.mp4, -1, -1, 69.82352941176471
yfcc-batch15/11963.mp4, -1, -1, 39.131578947368396
yfcc-batch15/11974.mp4, -1, -1, 49.2285714285714
yfcc-batch15/11979.mp4, -1, -1, 67.5714285714286
yfcc-batch15/11984.mp4, -1, -1, 63.421052631579
yfcc-batch15/11985.mp4, -1, -1, 74.75
yfcc-batch15/11991.mp4, -1, -1, 60.43243243243239
yfcc-batch15/11992.mp4, -1, -1, 62.75
yfcc-batch15/11994.mp4, -1, -1, 57.9444444444444
yfcc-batch15/11995.mp4, -1, -1, 69.91428571428571
yfcc-batch15/11998.mp4, -1, -1, 64.11428571428571
yfcc-batch15/12000.mp4, -1, -1, 71.82857142857141
yfcc-batch15/12002.mp4, -1, -1, 70.80555555555559
yfcc-batch15/12005.mp4, -1, -1, 47.3055555555556
yfcc-batch15/12009.mp4, -1, -1, 68.2727272727273
yfcc-batch15/12011.mp4, -1, -1, 45.5833333333333
yfcc-batch15/12017.mp4, -1, -1, 72.0588235294118
yfcc-batch15/12021.mp4, -1, -1, 63.6060606060606
yfcc-batch15/12029.mp4, -1, -1, 55.0
yfcc-batch15/12033.mp4, -1, -1, 70.8
yfcc-batch15/12035.mp4, -1, -1, 67.1714285714286
yfcc-batch15/12037.mp4, -1, -1, 69.2222222222222
yfcc-batch15/12049.mp4, -1, -1, 71.5
yfcc-batch15/12053.mp4, -1, -1, 64.64705882352939
yfcc-batch15/12058.mp4, -1, -1, 59.75
yfcc-batch15/12068.mp4, -1, -1, 61.3333333333333
yfcc-batch15/12076.mp4, -1, -1, 67.4117647058823
yfcc-batch15/12086.mp4, -1, -1, 40.4848484848485
yfcc-batch15/12093.mp4, -1, -1, 57.472222222222214
yfcc-batch15/12094.mp4, -1, -1, 58.5
yfcc-batch15/12096.mp4, -1, -1, 58.2972972972973
yfcc-batch15/12102.mp4, -1, -1, 76.44736842105259
yfcc-batch15/12106.mp4, -1, -1, 60.79411764705879
yfcc-batch15/12108.mp4, -1, -1, 72.9189189189189
yfcc-batch15/12112.mp4, -1, -1, 43.857142857142804
yfcc-batch15/12125.mp4, -1, -1, 63.6923076923077
yfcc-batch15/12129.mp4, -1, -1, 71.71428571428571
yfcc-batch15/12133.mp4, -1, -1, 68.6111111111111
yfcc-batch15/12134.mp4, -1, -1, 67.1351351351351
yfcc-batch15/12136.mp4, -1, -1, 68.945945945946
yfcc-batch15/12140.mp4, -1, -1, 51.125
yfcc-batch15/12146.mp4, -1, -1, 70.1081081081081
yfcc-batch15/12151.mp4, -1, -1, 71.6129032258065
yfcc-batch15/12156.mp4, -1, -1, 57.5833333333333
yfcc-batch15/12164.mp4, -1, -1, 63.44117647058821
yfcc-batch15/12168.mp4, -1, -1, 56.0
yfcc-batch15/12169.mp4, -1, -1, 58.9189189189189
yfcc-batch15/12176.mp4, -1, -1, 68.7352941176471
yfcc-batch15/12178.mp4, -1, -1, 61.184210526315795
yfcc-batch15/12177.mp4, -1, -1, 57.9166666666667
yfcc-batch15/12179.mp4, -1, -1, 36.8571428571429
yfcc-batch15/12180.mp4, -1, -1, 54.60526315789479
yfcc-batch15/12188.mp4, -1, -1, 59.6944444444444
yfcc-batch15/12187.mp4, -1, -1, 64.2162162162162
yfcc-batch15/12197.mp4, -1, -1, 60.0285714285714
yfcc-batch15/12200.mp4, -1, -1, 54.03225806451611
yfcc-batch15/12204.mp4, -1, -1, 50.485714285714295
yfcc-batch15/12205.mp4, -1, -1, 70.030303030303
yfcc-batch15/12209.mp4, -1, -1, 44.3030303030303
yfcc-batch15/12215.mp4, -1, -1, 56.3548387096774
yfcc-batch15/12221.mp4, -1, -1, 63.6944444444444
yfcc-batch15/12222.mp4, -1, -1, 52.55882352941179
yfcc-batch15/12227.mp4, -1, -1, 70.0285714285714
yfcc-batch15/12232.mp4, -1, -1, 74.1081081081081
yfcc-batch15/12231.mp4, -1, -1, 61.212121212121204
yfcc-batch15/12234.mp4, -1, -1, 61.0540540540541
yfcc-batch15/12235.mp4, -1, -1, 53.3055555555556
yfcc-batch15/12239.mp4, -1, -1, 51.030303030303
yfcc-batch15/12248.mp4, -1, -1, 70.05405405405409
yfcc-batch15/12254.mp4, -1, -1, 79.1111111111111
yfcc-batch15/12259.mp4, -1, -1, 60.8611111111111
yfcc-batch15/12260.mp4, -1, -1, 46.17142857142861
yfcc-batch15/12269.mp4, -1, -1, 51.4444444444444
yfcc-batch15/12274.mp4, -1, -1, 48.6969696969697
yfcc-batch15/12275.mp4, -1, -1, 70.5588235294118
yfcc-batch15/12277.mp4, -1, -1, 62.4571428571429
yfcc-batch15/12276.mp4, -1, -1, 67.3611111111111
yfcc-batch15/12278.mp4, -1, -1, 63.7105263157895
yfcc-batch15/12284.mp4, -1, -1, 68.70270270270271
yfcc-batch15/12289.mp4, -1, -1, 50.921052631579
yfcc-batch15/12295.mp4, -1, -1, 68.2571428571429
yfcc-batch15/12294.mp4, -1, -1, 75.8205128205128
yfcc-batch15/11487.mp4, -1, -1, 64.69230769230771
yfcc-batch15/11490.mp4, -1, -1, 44.864864864864906
yfcc-batch15/11499.mp4, -1, -1, 79.8823529411765
yfcc-batch15/11506.mp4, -1, -1, 63.6111111111111
yfcc-batch15/11508.mp4, -1, -1, 73.2222222222222
yfcc-batch15/11509.mp4, -1, -1, 44.6486486486487
yfcc-batch15/11511.mp4, -1, -1, 72.4285714285714
yfcc-batch15/11513.mp4, -1, -1, 64.2352941176471
yfcc-batch15/11516.mp4, -1, -1, 66.9166666666667
yfcc-batch15/11517.mp4, -1, -1, 77.1470588235294
yfcc-batch15/11519.mp4, -1, -1, 50.514285714285705
yfcc-batch15/12144.mp4, -1, -1, 33.2972972972973
yfcc-batch15/11524.mp4, -1, -1, 66.972972972973
yfcc-batch15/11527.mp4, -1, -1, 65.2352941176471
yfcc-batch15/11530.mp4, -1, -1, 55.135135135135094
yfcc-batch15/12283.mp4, -1, -1, 52.972972972973004
yfcc-batch15/11533.mp4, -1, -1, 71.875
yfcc-batch15/11532.mp4, -1, -1, 61.9714285714286
yfcc-batch15/11534.mp4, -1, -1, 68.60526315789471
yfcc-batch15/11538.mp4, -1, -1, 63.857142857142804
yfcc-batch15/11548.mp4, -1, -1, 66.0
yfcc-batch15/11550.mp4, -1, -1, 48.3888888888889
yfcc-batch15/11553.mp4, -1, -1, 56.1388888888889
yfcc-batch15/11561.mp4, -1, -1, 54.1944444444444
yfcc-batch15/11562.mp4, -1, -1, 36.85
yfcc-batch15/11566.mp4, -1, -1, 65.0833333333333
yfcc-batch15/11578.mp4, -1, -1, 80.5
yfcc-batch15/11580.mp4, -1, -1, 58.3684210526316
yfcc-batch15/11581.mp4, -1, -1, 68.0
yfcc-batch15/11589.mp4, -1, -1, 51.05
yfcc-batch15/11590.mp4, -1, -1, 55.1666666666667
yfcc-batch15/11592.mp4, -1, -1, 57.4864864864865
yfcc-batch15/11604.mp4, -1, -1, 70.94444444444441
yfcc-batch15/11608.mp4, -1, -1, 70.55555555555559
yfcc-batch15/11614.mp4, -1, -1, 68.29729729729729
yfcc-batch15/11615.mp4, -1, -1, 66.7837837837838
yfcc-batch15/11618.mp4, -1, -1, 60.0
yfcc-batch15/11621.mp4, -1, -1, 78.5882352941177
yfcc-batch15/11624.mp4, -1, -1, 69.2
yfcc-batch15/11632.mp4, -1, -1, 79.7714285714286
yfcc-batch15/11633.mp4, -1, -1, 67.2222222222222
yfcc-batch15/11640.mp4, -1, -1, 72.28571428571429
yfcc-batch15/11643.mp4, -1, -1, 76.9428571428571
yfcc-batch15/11647.mp4, -1, -1, 62.1944444444444
yfcc-batch15/11648.mp4, -1, -1, 60.82857142857139
yfcc-batch15/11653.mp4, -1, -1, 66.6363636363636
yfcc-batch15/11656.mp4, -1, -1, 72.1428571428571
yfcc-batch15/11665.mp4, -1, -1, 54.3055555555556
yfcc-batch15/11666.mp4, -1, -1, 71.80555555555559
yfcc-batch15/11671.mp4, -1, -1, 32.0857142857143
yfcc-batch15/11673.mp4, -1, -1, 50.277777777777786
yfcc-batch15/11674.mp4, -1, -1, 60.722222222222214
yfcc-batch15/11676.mp4, -1, -1, 65.7222222222222
yfcc-batch15/11681.mp4, -1, -1, 72.82857142857141
yfcc-batch15/11688.mp4, -1, -1, 59.9705882352941
yfcc-batch15/11689.mp4, -1, -1, 64.1666666666667
yfcc-batch15/11690.mp4, -1, -1, 57.3513513513514
yfcc-batch15/11692.mp4, -1, -1, 64.7837837837838
yfcc-batch15/11694.mp4, -1, -1, 60.454545454545496
yfcc-batch15/11696.mp4, -1, -1, 79.7058823529412
yfcc-batch15/11698.mp4, -1, -1, 49.4
yfcc-batch15/11703.mp4, -1, -1, 61.3513513513514
yfcc-batch15/11707.mp4, -1, -1, 74.5454545454546
yfcc-batch15/11714.mp4, -1, -1, 62.34285714285711
yfcc-batch15/11715.mp4, -1, -1, 76.945945945946
yfcc-batch15/11716.mp4, -1, -1, 59.25
yfcc-batch15/11723.mp4, -1, -1, 72.37837837837841
yfcc-batch15/11729.mp4, -1, -1, 70.8571428571429
yfcc-batch15/11731.mp4, -1, -1, 68.1818181818182
yfcc-batch15/11740.mp4, -1, -1, 69.71428571428571
yfcc-batch15/11742.mp4, -1, -1, 62.0909090909091
yfcc-batch15/11750.mp4, -1, -1, 63.514285714285705
yfcc-batch15/11760.mp4, -1, -1, 71.5277777777778
yfcc-batch15/11761.mp4, -1, -1, 67.5428571428571
yfcc-batch15/11766.mp4, -1, -1, 71.2162162162162
yfcc-batch15/11770.mp4, -1, -1, 77.7105263157895
yfcc-batch15/11768.mp4, -1, -1, 57.7567567567568
yfcc-batch15/11778.mp4, -1, -1, 66.7222222222222
yfcc-batch15/11790.mp4, -1, -1, 65.40625
yfcc-batch15/11792.mp4, -1, -1, 64.7631578947369
yfcc-batch15/11791.mp4, -1, -1, 48.540540540540505
yfcc-batch15/11799.mp4, -1, -1, 56.05882352941179
yfcc-batch15/11800.mp4, -1, -1, 77.5
yfcc-batch15/11812.mp4, -1, -1, 71.19444444444441
yfcc-batch15/11813.mp4, -1, -1, 57.472222222222214
yfcc-batch15/11815.mp4, -1, -1, 68.2702702702703
yfcc-batch15/11822.mp4, -1, -1, 73.6388888888889
yfcc-batch15/11828.mp4, -1, -1, 54.0555555555556
yfcc-batch15/11830.mp4, -1, -1, 53.8333333333333
yfcc-batch15/11831.mp4, -1, -1, 64.84375
yfcc-batch15/11833.mp4, -1, -1, 70.45714285714291
yfcc-batch16/12658.mp4, -1, -1, 63.3055555555556
yfcc-batch16/12659.mp4, -1, -1, 65.9722222222222
yfcc-batch16/12661.mp4, -1, -1, 54.4117647058824
yfcc-batch16/12663.mp4, -1, -1, 71.0263157894737
yfcc-batch16/12665.mp4, -1, -1, 61.8125
yfcc-batch16/12671.mp4, -1, -1, 60.857142857142804
yfcc-batch16/12674.mp4, -1, -1, 46.324324324324294
yfcc-batch16/12686.mp4, -1, -1, 69.8333333333333
yfcc-batch16/12694.mp4, -1, -1, 70.6388888888889
yfcc-batch16/12698.mp4, -1, -1, 67.1944444444444
yfcc-batch16/12697.mp4, -1, -1, 60.1176470588235
yfcc-batch16/12704.mp4, -1, -1, 68.3428571428571
yfcc-batch16/12706.mp4, -1, -1, 68.5833333333333
yfcc-batch16/12709.mp4, -1, -1, 62.405405405405396
yfcc-batch16/12711.mp4, -1, -1, 57.3513513513514
yfcc-batch16/12714.mp4, -1, -1, 51.9459459459459
yfcc-batch16/12715.mp4, -1, -1, 58.47368421052629
yfcc-batch16/12717.mp4, -1, -1, 67.8787878787879
yfcc-batch16/12724.mp4, -1, -1, 81.44736842105259
yfcc-batch16/12726.mp4, -1, -1, 48.6470588235294
yfcc-batch16/12730.mp4, -1, -1, 58.722222222222214
yfcc-batch16/12734.mp4, -1, -1, 62.7027027027027
yfcc-batch16/12736.mp4, -1, -1, 48.57142857142861
yfcc-batch16/12739.mp4, -1, -1, 41.59459459459461
yfcc-batch16/12740.mp4, -1, -1, 61.1818181818182
yfcc-batch16/12742.mp4, -1, -1, 53.9166666666667
yfcc-batch16/12743.mp4, -1, -1, 61.2162162162162
yfcc-batch16/12748.mp4, -1, -1, 70.1212121212121
yfcc-batch16/12766.mp4, -1, -1, 59.435897435897395
yfcc-batch16/12769.mp4, -1, -1, 73.1388888888889
yfcc-batch16/12778.mp4, -1, -1, 51.1212121212121
yfcc-batch16/12783.mp4, -1, -1, 47.2972972972973
yfcc-batch16/12788.mp4, -1, -1, 60.0555555555556
yfcc-batch16/12798.mp4, -1, -1, 49.1470588235294
yfcc-batch16/12799.mp4, -1, -1, 47.027777777777786
yfcc-batch16/12801.mp4, -1, -1, 61.9166666666667
yfcc-batch16/12807.mp4, -1, -1, 67.1621621621622
yfcc-batch16/12808.mp4, -1, -1, 56.8787878787879
yfcc-batch16/12809.mp4, -1, -1, 53.9473684210526
yfcc-batch16/12810.mp4, -1, -1, 47.1944444444444
yfcc-batch16/12814.mp4, -1, -1, 67.0
yfcc-batch16/12820.mp4, -1, -1, 68.7272727272727
yfcc-batch16/12821.mp4, -1, -1, 34.8888888888889
yfcc-batch16/12823.mp4, -1, -1, 57.6470588235294
yfcc-batch16/12827.mp4, -1, -1, 65.2571428571429
yfcc-batch16/12833.mp4, -1, -1, 36.4411764705882
yfcc-batch16/12835.mp4, -1, -1, 62.28571428571429
yfcc-batch16/12841.mp4, -1, -1, 59.128205128205096
yfcc-batch16/12846.mp4, -1, -1, 63.487179487179496
yfcc-batch16/12848.mp4, -1, -1, 70.21875
yfcc-batch16/12849.mp4, -1, -1, 67.8285714285714
yfcc-batch16/12850.mp4, -1, -1, 58.20588235294121
yfcc-batch16/12859.mp4, -1, -1, 56.1315789473684
yfcc-batch16/12869.mp4, -1, -1, 30.0810810810811
yfcc-batch16/12870.mp4, -1, -1, 60.5555555555556
yfcc-batch16/12872.mp4, -1, -1, 70.40625
yfcc-batch16/12873.mp4, -1, -1, 53.9393939393939
yfcc-batch16/12876.mp4, -1, -1, 64.9444444444444
yfcc-batch16/12883.mp4, -1, -1, 61.20588235294121
yfcc-batch16/12884.mp4, -1, -1, 64.71428571428571
yfcc-batch16/12882.mp4, -1, -1, 61.56756756756761
yfcc-batch16/12886.mp4, -1, -1, 76.9166666666667
yfcc-batch16/12889.mp4, -1, -1, 60.1944444444444
yfcc-batch16/12900.mp4, -1, -1, 63.6486486486487
yfcc-batch16/12908.mp4, -1, -1, 72.45714285714291
yfcc-batch16/12917.mp4, -1, -1, 64.7272727272727
yfcc-batch16/12927.mp4, -1, -1, 75.11428571428571
yfcc-batch16/12944.mp4, -1, -1, 58.59459459459461
yfcc-batch16/12946.mp4, -1, -1, 59.6285714285714
yfcc-batch16/12949.mp4, -1, -1, 68.85294117647061
yfcc-batch16/12951.mp4, -1, -1, 71.71428571428571
yfcc-batch16/12952.mp4, -1, -1, 48.82352941176471
yfcc-batch16/12956.mp4, -1, -1, 76.7575757575758
yfcc-batch16/12959.mp4, -1, -1, 61.55882352941179
yfcc-batch16/12963.mp4, -1, -1, 70.3428571428571
yfcc-batch16/12971.mp4, -1, -1, 55.88571428571429
yfcc-batch16/12972.mp4, -1, -1, 42.4864864864865
yfcc-batch16/12977.mp4, -1, -1, 52.257142857142895
yfcc-batch16/12982.mp4, -1, -1, 40.212121212121204
yfcc-batch16/12985.mp4, -1, -1, 65.3823529411765
yfcc-batch16/12989.mp4, -1, -1, 55.1944444444444
yfcc-batch16/12990.mp4, -1, -1, 39.3611111111111
yfcc-batch16/12993.mp4, -1, -1, 68.475
yfcc-batch16/12999.mp4, -1, -1, 68.7428571428571
yfcc-batch16/13000.mp4, -1, -1, 53.2105263157895
yfcc-batch16/13003.mp4, -1, -1, 55.6388888888889
yfcc-batch16/13007.mp4, -1, -1, 67.7428571428572
yfcc-batch16/13012.mp4, -1, -1, 51.8888888888889
yfcc-batch16/13013.mp4, -1, -1, 64.0882352941177
yfcc-batch16/13022.mp4, -1, -1, 75.3243243243243
yfcc-batch16/13023.mp4, -1, -1, 78.2647058823529
yfcc-batch16/13024.mp4, -1, -1, 63.2285714285714
yfcc-batch16/13027.mp4, -1, -1, 41.72222222222221
yfcc-batch16/13030.mp4, -1, -1, 63.527777777777786
yfcc-batch16/13029.mp4, -1, -1, 65.4722222222222
yfcc-batch16/13035.mp4, -1, -1, 52.3714285714286
yfcc-batch16/13036.mp4, -1, -1, 69.5151515151515
yfcc-batch16/13038.mp4, -1, -1, 70.5882352941177
yfcc-batch16/13040.mp4, -1, -1, 49.4166666666667
yfcc-batch16/13042.mp4, -1, -1, 67.0277777777778
yfcc-batch16/13044.mp4, -1, -1, 60.514285714285705
yfcc-batch16/13048.mp4, -1, -1, 43.1212121212121
yfcc-batch16/13051.mp4, -1, -1, 40.9428571428571
yfcc-batch16/13057.mp4, -1, -1, 67.2285714285714
yfcc-batch16/13060.mp4, -1, -1, 70.3333333333333
yfcc-batch16/13058.mp4, -1, -1, 52.8055555555556
yfcc-batch16/13066.mp4, -1, -1, 61.35
yfcc-batch16/13067.mp4, -1, -1, 64.2352941176471
yfcc-batch16/13070.mp4, -1, -1, 55.5294117647059
yfcc-batch16/13072.mp4, -1, -1, 74.3333333333333
yfcc-batch16/13075.mp4, -1, -1, 67.35294117647061
yfcc-batch16/13080.mp4, -1, -1, 49.485714285714295
yfcc-batch16/13083.mp4, -1, -1, 60.030303030303
yfcc-batch16/13085.mp4, -1, -1, 29.594594594594607
yfcc-batch16/13088.mp4, -1, -1, 58.0
yfcc-batch16/13090.mp4, -1, -1, 48.2162162162162
yfcc-batch16/13094.mp4, -1, -1, 69.03125
yfcc-batch16/13105.mp4, -1, -1, 63.1176470588235
yfcc-batch16/13108.mp4, -1, -1, 70.2222222222222
yfcc-batch16/13110.mp4, -1, -1, 60.3055555555556
yfcc-batch16/13117.mp4, -1, -1, 56.7567567567568
yfcc-batch16/13120.mp4, -1, -1, 61.57142857142861
yfcc-batch16/12373.mp4, -1, -1, 65.6
yfcc-batch16/12301.mp4, -1, -1, 55.94117647058821
yfcc-batch16/12303.mp4, -1, -1, 56.684210526315795
yfcc-batch16/12304.mp4, -1, -1, 40.026315789473706
yfcc-batch16/12308.mp4, -1, -1, 49.189189189189214
yfcc-batch16/12312.mp4, -1, -1, 61.0909090909091
yfcc-batch16/12609.mp4, -1, -1, 62.7105263157895
yfcc-batch16/12318.mp4, -1, -1, 76.44736842105259
yfcc-batch16/12319.mp4, -1, -1, 57.684210526315795
yfcc-batch16/12795.mp4, -1, -1, 67.2162162162162
yfcc-batch16/12329.mp4, -1, -1, 65.5142857142857
yfcc-batch16/12331.mp4, -1, -1, 73.1428571428571
yfcc-batch16/12334.mp4, -1, -1, 50.428571428571395
yfcc-batch16/12340.mp4, -1, -1, 73.82352941176471
yfcc-batch16/12346.mp4, -1, -1, 59.189189189189214
yfcc-batch16/12348.mp4, -1, -1, 56.6285714285714
yfcc-batch16/12352.mp4, -1, -1, 52.2162162162162
yfcc-batch16/12355.mp4, -1, -1, 64.0555555555556
yfcc-batch16/12354.mp4, -1, -1, 59.94117647058821
yfcc-batch16/12358.mp4, -1, -1, 53.454545454545496
yfcc-batch16/12360.mp4, -1, -1, 82.945945945946
yfcc-batch16/12361.mp4, -1, -1, 59.264705882352885
yfcc-batch16/12362.mp4, -1, -1, 70.8157894736842
yfcc-batch16/12365.mp4, -1, -1, 61.70588235294121
yfcc-batch16/12370.mp4, -1, -1, 58.0294117647059
yfcc-batch16/12372.mp4, -1, -1, 58.82352941176471
yfcc-batch16/12382.mp4, -1, -1, 64.39473684210529
yfcc-batch16/12393.mp4, -1, -1, 53.8529411764706
yfcc-batch16/12401.mp4, -1, -1, 68.9487179487179
yfcc-batch16/12405.mp4, -1, -1, 67.4411764705882
yfcc-batch16/12406.mp4, -1, -1, 62.2702702702703
yfcc-batch16/12412.mp4, -1, -1, 70.7058823529412
yfcc-batch16/12422.mp4, -1, -1, 80.70270270270271
yfcc-batch16/12425.mp4, -1, -1, 60.222222222222214
yfcc-batch16/12424.mp4, -1, -1, 65.3846153846154
yfcc-batch16/12431.mp4, -1, -1, 41.5294117647059
yfcc-batch16/12436.mp4, -1, -1, 61.9230769230769
yfcc-batch16/12441.mp4, -1, -1, 56.3333333333333
yfcc-batch16/12445.mp4, -1, -1, 65.4444444444444
yfcc-batch16/12455.mp4, -1, -1, 64.88571428571429
yfcc-batch16/12459.mp4, -1, -1, 67.0909090909091
yfcc-batch16/12463.mp4, -1, -1, 54.7714285714286
yfcc-batch16/12466.mp4, -1, -1, 67.7777777777778
yfcc-batch16/12468.mp4, -1, -1, 58.3030303030303
yfcc-batch16/12470.mp4, -1, -1, 54.8787878787879
yfcc-batch16/12472.mp4, -1, -1, 52.428571428571395
yfcc-batch16/12477.mp4, -1, -1, 74.7272727272727
yfcc-batch16/12478.mp4, -1, -1, 68.25
yfcc-batch16/12487.mp4, -1, -1, 65.1875
yfcc-batch16/12492.mp4, -1, -1, 68.5135135135135
yfcc-batch16/12495.mp4, -1, -1, 45.4
yfcc-batch16/12498.mp4, -1, -1, 65.8205128205128
yfcc-batch16/12500.mp4, -1, -1, 50.29411764705879
yfcc-batch16/12512.mp4, -1, -1, 52.212121212121204
yfcc-batch16/12513.mp4, -1, -1, 55.44117647058821
yfcc-batch16/12515.mp4, -1, -1, 59.0
yfcc-batch16/12516.mp4, -1, -1, 54.9428571428571
yfcc-batch16/12517.mp4, -1, -1, 69.85714285714289
yfcc-batch16/12519.mp4, -1, -1, 40.16216216216221
yfcc-batch16/12522.mp4, -1, -1, 68.6666666666667
yfcc-batch16/12526.mp4, -1, -1, 61.4117647058824
yfcc-batch16/12527.mp4, -1, -1, 57.82352941176471
yfcc-batch16/12528.mp4, -1, -1, 67.2105263157895
yfcc-batch16/12535.mp4, -1, -1, 54.2285714285714
yfcc-batch16/12538.mp4, -1, -1, 62.128205128205096
yfcc-batch16/12541.mp4, -1, -1, 59.67647058823529
yfcc-batch16/12544.mp4, -1, -1, 61.8
yfcc-batch16/12546.mp4, -1, -1, 72.80555555555559
yfcc-batch16/12547.mp4, -1, -1, 61.39473684210521
yfcc-batch16/12550.mp4, -1, -1, 77.82857142857141
yfcc-batch16/12551.mp4, -1, -1, 70.7941176470588
yfcc-batch16/12554.mp4, -1, -1, 58.74285714285711
yfcc-batch16/12562.mp4, -1, -1, 72.28571428571429
yfcc-batch16/12563.mp4, -1, -1, 70.3055555555556
yfcc-batch16/12565.mp4, -1, -1, 70.6176470588236
yfcc-batch16/12566.mp4, -1, -1, 49.4
yfcc-batch16/12567.mp4, -1, -1, 61.8571428571429
yfcc-batch16/12569.mp4, -1, -1, 51.9090909090909
yfcc-batch16/12571.mp4, -1, -1, 60.3888888888889
yfcc-batch16/12577.mp4, -1, -1, 70.7894736842105
yfcc-batch16/12582.mp4, -1, -1, 72.2
yfcc-batch16/12592.mp4, -1, -1, 67.1111111111111
yfcc-batch16/12599.mp4, -1, -1, 64.35294117647061
yfcc-batch16/12600.mp4, -1, -1, 69.56756756756761
yfcc-batch16/12602.mp4, -1, -1, 69.3823529411765
yfcc-batch16/12604.mp4, -1, -1, 54.027777777777786
yfcc-batch16/12606.mp4, -1, -1, 58.10256410256411
yfcc-batch16/12608.mp4, -1, -1, 47.1081081081081
yfcc-batch16/12613.mp4, -1, -1, 72.54285714285709
yfcc-batch16/12614.mp4, -1, -1, 70.2162162162162
yfcc-batch16/12617.mp4, -1, -1, 46.7105263157895
yfcc-batch16/12619.mp4, -1, -1, 66.0588235294118
yfcc-batch16/12622.mp4, -1, -1, 60.2702702702703
yfcc-batch16/12623.mp4, -1, -1, 66.2285714285714
yfcc-batch16/12625.mp4, -1, -1, 68.0333333333333
yfcc-batch16/12624.mp4, -1, -1, 67.6388888888889
yfcc-batch16/12626.mp4, -1, -1, 53.735294117647115
yfcc-batch16/12627.mp4, -1, -1, 71.6756756756757
yfcc-batch16/12630.mp4, -1, -1, 73.1842105263158
yfcc-batch16/12632.mp4, -1, -1, 57.9117647058824
yfcc-batch16/12634.mp4, -1, -1, 60.921052631579
yfcc-batch16/12641.mp4, -1, -1, 76.5277777777778
yfcc-batch16/12654.mp4, -1, -1, 68.0909090909091
yfcc-batch17/13486.mp4, -1, -1, 60.74285714285711
yfcc-batch17/13490.mp4, -1, -1, 76.7428571428572
yfcc-batch17/13494.mp4, -1, -1, 49.70588235294121
yfcc-batch17/13496.mp4, -1, -1, 57.34285714285711
yfcc-batch17/13501.mp4, -1, -1, 53.7027027027027
yfcc-batch17/13508.mp4, -1, -1, 66.15151515151521
yfcc-batch17/13511.mp4, -1, -1, 64.9736842105263
yfcc-batch17/13513.mp4, -1, -1, 58.777777777777786
yfcc-batch17/13514.mp4, -1, -1, 64.25
yfcc-batch17/13524.mp4, -1, -1, 57.8571428571429
yfcc-batch17/13527.mp4, -1, -1, 69.3333333333333
yfcc-batch17/13530.mp4, -1, -1, 50.5789473684211
yfcc-batch17/13543.mp4, -1, -1, 71.4166666666667
yfcc-batch17/13544.mp4, -1, -1, 66.8387096774194
yfcc-batch17/13551.mp4, -1, -1, 75.0571428571429
yfcc-batch17/13560.mp4, -1, -1, 52.82857142857139
yfcc-batch17/13561.mp4, -1, -1, 61.864864864864906
yfcc-batch17/13569.mp4, -1, -1, 68.43243243243239
yfcc-batch17/13575.mp4, -1, -1, 69.7647058823529
yfcc-batch17/13574.mp4, -1, -1, 52.8333333333333
yfcc-batch17/13578.mp4, -1, -1, 71.26923076923079
yfcc-batch17/13579.mp4, -1, -1, 64.05714285714289
yfcc-batch17/13581.mp4, -1, -1, 61.3333333333333
yfcc-batch17/13586.mp4, -1, -1, 59.96774193548389
yfcc-batch17/13588.mp4, -1, -1, 71.0
yfcc-batch17/13591.mp4, -1, -1, 59.5
yfcc-batch17/13596.mp4, -1, -1, 79.97058823529409
yfcc-batch17/13598.mp4, -1, -1, 61.47368421052629
yfcc-batch17/13604.mp4, -1, -1, 64.75
yfcc-batch17/13605.mp4, -1, -1, 73.7222222222222
yfcc-batch17/13614.mp4, -1, -1, 60.128205128205096
yfcc-batch17/13620.mp4, -1, -1, 50.5
yfcc-batch17/13621.mp4, -1, -1, 61.9444444444444
yfcc-batch17/13623.mp4, -1, -1, 45.29411764705879
yfcc-batch17/13625.mp4, -1, -1, 64.96875
yfcc-batch17/13638.mp4, -1, -1, 67.9714285714286
yfcc-batch17/13640.mp4, -1, -1, 62.6176470588235
yfcc-batch17/13643.mp4, -1, -1, 51.6666666666667
yfcc-batch17/13645.mp4, -1, -1, 69.0789473684211
yfcc-batch17/13646.mp4, -1, -1, 52.263157894736786
yfcc-batch17/13650.mp4, -1, -1, 61.39473684210521
yfcc-batch17/13659.mp4, -1, -1, 61.7297297297297
yfcc-batch17/13665.mp4, -1, -1, 64.67647058823529
yfcc-batch17/13666.mp4, -1, -1, 62.17142857142861
yfcc-batch17/13676.mp4, -1, -1, 60.2894736842105
yfcc-batch17/13688.mp4, -1, -1, 69.1842105263158
yfcc-batch17/13693.mp4, -1, -1, 57.527777777777786
yfcc-batch17/13694.mp4, -1, -1, 44.026315789473706
yfcc-batch17/13699.mp4, -1, -1, 66.0
yfcc-batch17/13700.mp4, -1, -1, 65.9090909090909
yfcc-batch17/13701.mp4, -1, -1, 57.4166666666667
yfcc-batch17/13706.mp4, -1, -1, 62.485714285714295
yfcc-batch17/13708.mp4, -1, -1, 26.181818181818198
yfcc-batch17/13710.mp4, -1, -1, 63.969696969697
yfcc-batch17/13709.mp4, -1, -1, 46.257142857142895
yfcc-batch17/13712.mp4, -1, -1, 69.30769230769229
yfcc-batch17/13714.mp4, -1, -1, 45.55882352941179
yfcc-batch17/13723.mp4, -1, -1, 49.81578947368421
yfcc-batch17/13728.mp4, -1, -1, 54.6486486486487
yfcc-batch17/13731.mp4, -1, -1, 55.472222222222214
yfcc-batch17/13734.mp4, -1, -1, 57.67647058823529
yfcc-batch17/13735.mp4, -1, -1, 59.0
yfcc-batch17/13740.mp4, -1, -1, 56.135135135135094
yfcc-batch17/13742.mp4, -1, -1, 72.54285714285709
yfcc-batch17/13744.mp4, -1, -1, 70.1111111111111
yfcc-batch17/13746.mp4, -1, -1, 64.9722222222222
yfcc-batch17/13748.mp4, -1, -1, 54.925
yfcc-batch17/13749.mp4, -1, -1, 61.6666666666667
yfcc-batch17/13751.mp4, -1, -1, 65.5555555555556
yfcc-batch17/13753.mp4, -1, -1, 62.74285714285711
yfcc-batch17/13755.mp4, -1, -1, 59.9473684210526
yfcc-batch17/13756.mp4, -1, -1, 76.8
yfcc-batch17/13759.mp4, -1, -1, 55.70588235294121
yfcc-batch17/13761.mp4, -1, -1, 68.41176470588239
yfcc-batch17/13764.mp4, -1, -1, 59.82857142857139
yfcc-batch17/13768.mp4, -1, -1, 51.0
yfcc-batch17/13770.mp4, -1, -1, 61.6486486486487
yfcc-batch17/13772.mp4, -1, -1, 63.5555555555556
yfcc-batch17/13789.mp4, -1, -1, 64.6388888888889
yfcc-batch17/13788.mp4, -1, -1, 69.0285714285714
yfcc-batch17/13790.mp4, -1, -1, 54.277777777777786
yfcc-batch17/13792.mp4, -1, -1, 56.189189189189214
yfcc-batch17/13804.mp4, -1, -1, 37.5384615384615
yfcc-batch17/13807.mp4, -1, -1, 52.2285714285714
yfcc-batch17/13820.mp4, -1, -1, 71.79310344827591
yfcc-batch17/13838.mp4, -1, -1, 64.8333333333333
yfcc-batch17/13845.mp4, -1, -1, 62.3055555555556
yfcc-batch17/13848.mp4, -1, -1, 74.17142857142859
yfcc-batch17/13849.mp4, -1, -1, 59.212121212121204
yfcc-batch17/13854.mp4, -1, -1, 72.375
yfcc-batch17/13855.mp4, -1, -1, 58.67647058823529
yfcc-batch17/13864.mp4, -1, -1, 71.3888888888889
yfcc-batch17/13866.mp4, -1, -1, 75.5405405405405
yfcc-batch17/13873.mp4, -1, -1, 60.363636363636395
yfcc-batch17/13874.mp4, -1, -1, 65.0
yfcc-batch17/13875.mp4, -1, -1, 79.7837837837838
yfcc-batch17/13877.mp4, -1, -1, 58.5294117647059
yfcc-batch17/13885.mp4, -1, -1, 39.2972972972973
yfcc-batch17/13896.mp4, -1, -1, 64.3225806451613
yfcc-batch17/13903.mp4, -1, -1, 56.8823529411765
yfcc-batch17/13909.mp4, -1, -1, 70.5405405405405
yfcc-batch17/13911.mp4, -1, -1, 59.8888888888889
yfcc-batch17/13914.mp4, -1, -1, 76.5
yfcc-batch17/13917.mp4, -1, -1, 73.2
yfcc-batch17/13919.mp4, -1, -1, 60.4864864864865
yfcc-batch17/13920.mp4, -1, -1, 42.76315789473679
yfcc-batch17/13922.mp4, -1, -1, 72.2285714285714
yfcc-batch17/13924.mp4, -1, -1, 59.4
yfcc-batch17/13925.mp4, -1, -1, 43.6111111111111
yfcc-batch17/13926.mp4, -1, -1, 68.8285714285714
yfcc-batch17/13932.mp4, -1, -1, 70.97142857142859
yfcc-batch17/13931.mp4, -1, -1, 58.8709677419355
yfcc-batch17/13935.mp4, -1, -1, 45.74285714285711
yfcc-batch17/13122.mp4, -1, -1, 46.5
yfcc-batch17/13132.mp4, -1, -1, 47.8055555555556
yfcc-batch17/13133.mp4, -1, -1, 50.842105263157904
yfcc-batch17/13136.mp4, -1, -1, 58.4117647058824
yfcc-batch17/13138.mp4, -1, -1, 62.8
yfcc-batch17/13143.mp4, -1, -1, 70.4054054054054
yfcc-batch17/13145.mp4, -1, -1, 58.864864864864906
yfcc-batch17/13532.mp4, -1, -1, 60.5135135135135
yfcc-batch17/13149.mp4, -1, -1, 49.3055555555556
yfcc-batch17/13150.mp4, -1, -1, 60.764705882352885
yfcc-batch17/13164.mp4, -1, -1, 63.7567567567568
yfcc-batch17/13166.mp4, -1, -1, 38.0
yfcc-batch17/13178.mp4, -1, -1, 43.030303030303
yfcc-batch17/13187.mp4, -1, -1, 63.1621621621622
yfcc-batch17/13191.mp4, -1, -1, 63.236842105263214
yfcc-batch17/13194.mp4, -1, -1, 67.70270270270271
yfcc-batch17/13196.mp4, -1, -1, 68.8918918918919
yfcc-batch17/13203.mp4, -1, -1, 70.82857142857141
yfcc-batch17/13202.mp4, -1, -1, 65.5588235294118
yfcc-batch17/13206.mp4, -1, -1, 72.0769230769231
yfcc-batch17/13208.mp4, -1, -1, 79.3823529411764
yfcc-batch17/13214.mp4, -1, -1, 69.8055555555556
yfcc-batch17/13215.mp4, -1, -1, 58.5135135135135
yfcc-batch17/13217.mp4, -1, -1, 73.7894736842105
yfcc-batch17/13221.mp4, -1, -1, 73.82857142857141
yfcc-batch17/13231.mp4, -1, -1, 43.6388888888889
yfcc-batch17/13232.mp4, -1, -1, 57.17142857142861
yfcc-batch17/13239.mp4, -1, -1, 43.4571428571429
yfcc-batch17/13237.mp4, -1, -1, 69.3055555555556
yfcc-batch17/13242.mp4, -1, -1, 68.07692307692311
yfcc-batch17/13254.mp4, -1, -1, 71.5277777777778
yfcc-batch17/13266.mp4, -1, -1, 77.05263157894741
yfcc-batch17/13277.mp4, -1, -1, 68.28571428571429
yfcc-batch17/13278.mp4, -1, -1, 50.15625
yfcc-batch17/13283.mp4, -1, -1, 70.2571428571429
yfcc-batch17/13288.mp4, -1, -1, 43.6285714285714
yfcc-batch17/13298.mp4, -1, -1, 53.82857142857139
yfcc-batch17/13300.mp4, -1, -1, 44.28125
yfcc-batch17/13301.mp4, -1, -1, 64.23684210526321
yfcc-batch17/13305.mp4, -1, -1, 74.62162162162159
yfcc-batch17/13308.mp4, -1, -1, 62.84375
yfcc-batch17/13314.mp4, -1, -1, 70.8
yfcc-batch17/13317.mp4, -1, -1, 70.55555555555559
yfcc-batch17/13321.mp4, -1, -1, 75.6
yfcc-batch17/13324.mp4, -1, -1, 72.0
yfcc-batch17/13329.mp4, -1, -1, 64.4571428571429
yfcc-batch17/13333.mp4, -1, -1, 65.37142857142861
yfcc-batch17/13337.mp4, -1, -1, 67.1111111111111
yfcc-batch17/13338.mp4, -1, -1, 69.4444444444444
yfcc-batch17/13347.mp4, -1, -1, 74.1666666666667
yfcc-batch17/13351.mp4, -1, -1, 55.1944444444444
yfcc-batch17/13354.mp4, -1, -1, 50.9375
yfcc-batch17/13360.mp4, -1, -1, 51.3333333333333
yfcc-batch17/13363.mp4, -1, -1, 72.97142857142859
yfcc-batch17/13362.mp4, -1, -1, 73.8888888888889
yfcc-batch17/13376.mp4, -1, -1, 44.5757575757576
yfcc-batch17/13382.mp4, -1, -1, 56.2727272727273
yfcc-batch17/13384.mp4, -1, -1, 61.82352941176471
yfcc-batch17/13386.mp4, -1, -1, 71.53125
yfcc-batch17/13388.mp4, -1, -1, 68.6666666666667
yfcc-batch17/13392.mp4, -1, -1, 68.8918918918919
yfcc-batch17/13393.mp4, -1, -1, 50.324324324324294
yfcc-batch17/13401.mp4, -1, -1, 44.1315789473684
yfcc-batch17/13402.mp4, -1, -1, 32.3421052631579
yfcc-batch17/13431.mp4, -1, -1, 59.4571428571429
yfcc-batch17/13432.mp4, -1, -1, 71.6486486486487
yfcc-batch17/13433.mp4, -1, -1, 50.25
yfcc-batch17/13434.mp4, -1, -1, 62.8055555555556
yfcc-batch17/13439.mp4, -1, -1, 47.527777777777786
yfcc-batch17/13437.mp4, -1, -1, 52.6176470588235
yfcc-batch17/13438.mp4, -1, -1, 71.1621621621622
yfcc-batch17/13447.mp4, -1, -1, 55.3055555555556
yfcc-batch17/13448.mp4, -1, -1, 67.1842105263158
yfcc-batch17/13451.mp4, -1, -1, 66.2777777777778
yfcc-batch17/13453.mp4, -1, -1, 56.222222222222214
yfcc-batch17/13455.mp4, -1, -1, 67.8648648648649
yfcc-batch17/13456.mp4, -1, -1, 49.3611111111111
yfcc-batch17/13458.mp4, -1, -1, 57.0789473684211
yfcc-batch17/13460.mp4, -1, -1, 46.135135135135094
yfcc-batch17/13463.mp4, -1, -1, 67.0294117647059
yfcc-batch17/13464.mp4, -1, -1, 68.2
yfcc-batch17/13470.mp4, -1, -1, 38.2352941176471
yfcc-batch17/13471.mp4, -1, -1, 69.84848484848479
yfcc-batch17/13475.mp4, -1, -1, 51.6666666666667
yfcc-batch17/13479.mp4, -1, -1, 63.2424242424242
yfcc-batch18/14302.mp4, -1, -1, 75.0
yfcc-batch18/14308.mp4, -1, -1, 56.8055555555556
yfcc-batch18/14311.mp4, -1, -1, 69.3055555555556
yfcc-batch18/14317.mp4, -1, -1, 63.70588235294121
yfcc-batch18/14319.mp4, -1, -1, 62.9714285714286
yfcc-batch18/14322.mp4, -1, -1, 57.2727272727273
yfcc-batch18/14323.mp4, -1, -1, 75.1111111111111
yfcc-batch18/14331.mp4, -1, -1, 63.1388888888889
yfcc-batch18/14334.mp4, -1, -1, 75.6571428571429
yfcc-batch18/14336.mp4, -1, -1, 66.14285714285711
yfcc-batch18/14342.mp4, -1, -1, 62.0285714285714
yfcc-batch18/14343.mp4, -1, -1, 65.3333333333333
yfcc-batch18/14344.mp4, -1, -1, 65.4705882352941
yfcc-batch18/14345.mp4, -1, -1, 45.2
yfcc-batch18/14352.mp4, -1, -1, 76.625
yfcc-batch18/14354.mp4, -1, -1, 61.125
yfcc-batch18/14355.mp4, -1, -1, 57.9512195121951
yfcc-batch18/14356.mp4, -1, -1, 63.9428571428571
yfcc-batch18/14357.mp4, -1, -1, 53.3529411764706
yfcc-batch18/14371.mp4, -1, -1, 64.6176470588235
yfcc-batch18/14372.mp4, -1, -1, 64.6857142857143
yfcc-batch18/14375.mp4, -1, -1, 70.6111111111111
yfcc-batch18/14376.mp4, -1, -1, 53.68571428571429
yfcc-batch18/14377.mp4, -1, -1, 60.5
yfcc-batch18/14378.mp4, -1, -1, 52.8378378378378
yfcc-batch18/14380.mp4, -1, -1, 64.9705882352941
yfcc-batch18/14387.mp4, -1, -1, 58.5135135135135
yfcc-batch18/14391.mp4, -1, -1, 73.6176470588236
yfcc-batch18/14396.mp4, -1, -1, 58.1315789473684
yfcc-batch18/14404.mp4, -1, -1, 62.6944444444444
yfcc-batch18/14405.mp4, -1, -1, 51.24324324324329
yfcc-batch18/14406.mp4, -1, -1, 53.39473684210521
yfcc-batch18/14409.mp4, -1, -1, 69.2777777777778
yfcc-batch18/14410.mp4, -1, -1, 49.3714285714286
yfcc-batch18/14412.mp4, -1, -1, 50.3529411764706
yfcc-batch18/14419.mp4, -1, -1, 66.8974358974359
yfcc-batch18/14424.mp4, -1, -1, 54.485714285714295
yfcc-batch18/14429.mp4, -1, -1, 42.9473684210526
yfcc-batch18/14435.mp4, -1, -1, 82.70270270270271
yfcc-batch18/14436.mp4, -1, -1, 63.70588235294121
yfcc-batch18/14438.mp4, -1, -1, 62.8888888888889
yfcc-batch18/14442.mp4, -1, -1, 68.2
yfcc-batch18/14443.mp4, -1, -1, 63.657142857142894
yfcc-batch18/14445.mp4, -1, -1, 70.4166666666667
yfcc-batch18/14451.mp4, -1, -1, 61.05882352941179
yfcc-batch18/14460.mp4, -1, -1, 62.6
yfcc-batch18/14464.mp4, -1, -1, 70.8181818181818
yfcc-batch18/14467.mp4, -1, -1, 72.80555555555559
yfcc-batch18/14465.mp4, -1, -1, 59.71428571428571
yfcc-batch18/14477.mp4, -1, -1, 48.57142857142861
yfcc-batch18/14481.mp4, -1, -1, 68.35294117647061
yfcc-batch18/14484.mp4, -1, -1, 64.0285714285714
yfcc-batch18/14488.mp4, -1, -1, 64.8055555555556
yfcc-batch18/14495.mp4, -1, -1, 51.6285714285714
yfcc-batch18/14497.mp4, -1, -1, 67.0606060606061
yfcc-batch18/14507.mp4, -1, -1, 64.5555555555556
yfcc-batch18/14510.mp4, -1, -1, 56.9705882352941
yfcc-batch18/14518.mp4, -1, -1, 59.32352941176471
yfcc-batch18/14525.mp4, -1, -1, 41.4594594594595
yfcc-batch18/14527.mp4, -1, -1, 58.6176470588235
yfcc-batch18/14532.mp4, -1, -1, 61.5833333333333
yfcc-batch18/14539.mp4, -1, -1, 53.3714285714286
yfcc-batch18/14545.mp4, -1, -1, 37.8285714285714
yfcc-batch18/14549.mp4, -1, -1, 68.3636363636364
yfcc-batch18/14554.mp4, -1, -1, 67.88571428571429
yfcc-batch18/14557.mp4, -1, -1, 62.6285714285714
yfcc-batch18/14558.mp4, -1, -1, 62.8055555555556
yfcc-batch18/14561.mp4, -1, -1, 70.5945945945946
yfcc-batch18/14563.mp4, -1, -1, 63.722222222222214
yfcc-batch18/14573.mp4, -1, -1, 55.085714285714296
yfcc-batch18/14574.mp4, -1, -1, 68.41176470588239
yfcc-batch18/14590.mp4, -1, -1, 62.4166666666667
yfcc-batch18/14591.mp4, -1, -1, 64.1621621621622
yfcc-batch18/14595.mp4, -1, -1, 57.9714285714286
yfcc-batch18/14596.mp4, -1, -1, 67.7777777777778
yfcc-batch18/14598.mp4, -1, -1, 44.684210526315795
yfcc-batch18/14607.mp4, -1, -1, 67.5
yfcc-batch18/14614.mp4, -1, -1, 65.4594594594595
yfcc-batch18/14615.mp4, -1, -1, 47.4864864864865
yfcc-batch18/14623.mp4, -1, -1, 64.8055555555556
yfcc-batch18/14626.mp4, -1, -1, 67.18918918918922
yfcc-batch18/14639.mp4, -1, -1, 58.485714285714295
yfcc-batch18/14641.mp4, -1, -1, 70.2352941176471
yfcc-batch18/14648.mp4, -1, -1, 67.08571428571429
yfcc-batch18/14657.mp4, -1, -1, 55.71428571428571
yfcc-batch18/14664.mp4, -1, -1, 55.257142857142895
yfcc-batch18/14669.mp4, -1, -1, 65.5405405405405
yfcc-batch18/14670.mp4, -1, -1, 56.0
yfcc-batch18/14673.mp4, -1, -1, 52.9459459459459
yfcc-batch18/14675.mp4, -1, -1, 65.3428571428571
yfcc-batch18/14681.mp4, -1, -1, 60.74285714285711
yfcc-batch18/14683.mp4, -1, -1, 62.2105263157895
yfcc-batch18/14684.mp4, -1, -1, 62.6486486486487
yfcc-batch18/14685.mp4, -1, -1, 62.1111111111111
yfcc-batch18/14689.mp4, -1, -1, 52.6285714285714
yfcc-batch18/14690.mp4, -1, -1, 56.5555555555556
yfcc-batch18/14693.mp4, -1, -1, 71.8529411764706
yfcc-batch18/14700.mp4, -1, -1, 69.9090909090909
yfcc-batch18/14705.mp4, -1, -1, 56.8823529411765
yfcc-batch18/14713.mp4, -1, -1, 69.3636363636364
yfcc-batch18/14714.mp4, -1, -1, 54.9117647058824
yfcc-batch18/14717.mp4, -1, -1, 41.675675675675706
yfcc-batch18/14720.mp4, -1, -1, 64.91428571428571
yfcc-batch18/14721.mp4, -1, -1, 74.82857142857141
yfcc-batch18/14730.mp4, -1, -1, 57.94117647058821
yfcc-batch18/14732.mp4, -1, -1, 49.28571428571429
yfcc-batch18/14734.mp4, -1, -1, 52.56410256410261
yfcc-batch18/14735.mp4, -1, -1, 64.0
yfcc-batch18/14736.mp4, -1, -1, 75.11428571428571
yfcc-batch18/14743.mp4, -1, -1, 67.71428571428571
yfcc-batch18/14748.mp4, -1, -1, 71.3333333333333
yfcc-batch18/14757.mp4, -1, -1, 64.1714285714286
yfcc-batch18/14758.mp4, -1, -1, 65.8918918918919
yfcc-batch18/13941.mp4, -1, -1, 64.7428571428572
yfcc-batch18/13944.mp4, -1, -1, 68.6388888888889
yfcc-batch18/13945.mp4, -1, -1, 62.11428571428571
yfcc-batch18/13948.mp4, -1, -1, 71.94444444444441
yfcc-batch18/13950.mp4, -1, -1, 68.9393939393939
yfcc-batch18/13952.mp4, -1, -1, 59.74285714285711
yfcc-batch18/13960.mp4, -1, -1, 70.82857142857141
yfcc-batch18/13966.mp4, -1, -1, 54.1315789473684
yfcc-batch18/13973.mp4, -1, -1, 62.657142857142894
yfcc-batch18/13978.mp4, -1, -1, 30.054054054054
yfcc-batch18/13979.mp4, -1, -1, 46.7567567567568
yfcc-batch18/14487.mp4, -1, -1, 33.0
yfcc-batch18/13982.mp4, -1, -1, 62.3783783783784
yfcc-batch18/13986.mp4, -1, -1, 56.5294117647059
yfcc-batch18/13993.mp4, -1, -1, 67.6857142857143
yfcc-batch18/13998.mp4, -1, -1, 69.8157894736842
yfcc-batch18/14007.mp4, -1, -1, 60.3030303030303
yfcc-batch18/14006.mp4, -1, -1, 60.9117647058824
yfcc-batch18/14012.mp4, -1, -1, 65.0277777777778
yfcc-batch18/14013.mp4, -1, -1, 65.2162162162162
yfcc-batch18/14018.mp4, -1, -1, 70.55263157894741
yfcc-batch18/14021.mp4, -1, -1, 56.7837837837838
yfcc-batch18/14024.mp4, -1, -1, 65.62857142857139
yfcc-batch18/14023.mp4, -1, -1, 51.32352941176471
yfcc-batch18/14030.mp4, -1, -1, 68.6756756756757
yfcc-batch18/14033.mp4, -1, -1, 47.2105263157895
yfcc-batch18/14039.mp4, -1, -1, 66.2258064516129
yfcc-batch18/14043.mp4, -1, -1, 67.84848484848479
yfcc-batch18/14054.mp4, -1, -1, 72.0833333333333
yfcc-batch18/14059.mp4, -1, -1, 60.1388888888889
yfcc-batch18/14062.mp4, -1, -1, 62.454545454545496
yfcc-batch18/14063.mp4, -1, -1, 68.8285714285714
yfcc-batch18/14080.mp4, -1, -1, 42.6857142857143
yfcc-batch18/14082.mp4, -1, -1, 60.71428571428571
yfcc-batch18/14095.mp4, -1, -1, 67.3428571428571
yfcc-batch18/14096.mp4, -1, -1, 82.2702702702703
yfcc-batch18/14097.mp4, -1, -1, 59.82857142857139
yfcc-batch18/14103.mp4, -1, -1, 59.1176470588235
yfcc-batch18/14108.mp4, -1, -1, 68.9722222222222
yfcc-batch18/14110.mp4, -1, -1, 67.4722222222222
yfcc-batch18/14112.mp4, -1, -1, 66.5588235294118
yfcc-batch18/14113.mp4, -1, -1, 69.85714285714289
yfcc-batch18/14116.mp4, -1, -1, 49.5428571428571
yfcc-batch18/14118.mp4, -1, -1, 60.1470588235294
yfcc-batch18/14123.mp4, -1, -1, 47.70588235294121
yfcc-batch18/14124.mp4, -1, -1, 57.74285714285711
yfcc-batch18/14129.mp4, -1, -1, 45.3888888888889
yfcc-batch18/14134.mp4, -1, -1, 70.88571428571429
yfcc-batch18/14141.mp4, -1, -1, 56.777777777777786
yfcc-batch18/14142.mp4, -1, -1, 61.88571428571429
yfcc-batch18/14144.mp4, -1, -1, 64.2777777777778
yfcc-batch18/14153.mp4, -1, -1, 63.57142857142861
yfcc-batch18/14156.mp4, -1, -1, 58.3783783783784
yfcc-batch18/14160.mp4, -1, -1, 67.6388888888889
yfcc-batch18/14161.mp4, -1, -1, 51.085714285714296
yfcc-batch18/14166.mp4, -1, -1, 62.9714285714286
yfcc-batch18/14168.mp4, -1, -1, 52.2285714285714
yfcc-batch18/14174.mp4, -1, -1, 66.84848484848479
yfcc-batch18/14181.mp4, -1, -1, 63.2285714285714
yfcc-batch18/14182.mp4, -1, -1, 63.0
yfcc-batch18/14184.mp4, -1, -1, 48.0285714285714
yfcc-batch18/14186.mp4, -1, -1, 56.1388888888889
yfcc-batch18/14189.mp4, -1, -1, 54.189189189189214
yfcc-batch18/14197.mp4, -1, -1, 64.1081081081081
yfcc-batch18/14196.mp4, -1, -1, 74.5
yfcc-batch18/14201.mp4, -1, -1, 64.8285714285714
yfcc-batch18/14202.mp4, -1, -1, 71.71428571428571
yfcc-batch18/14207.mp4, -1, -1, 53.5
yfcc-batch18/14211.mp4, -1, -1, 64.43243243243239
yfcc-batch18/14218.mp4, -1, -1, 70.4864864864865
yfcc-batch18/14219.mp4, -1, -1, 57.6666666666667
yfcc-batch18/14227.mp4, -1, -1, 40.657142857142894
yfcc-batch18/14226.mp4, -1, -1, 52.75
yfcc-batch18/14233.mp4, -1, -1, 69.62857142857139
yfcc-batch18/14234.mp4, -1, -1, 61.972222222222214
yfcc-batch18/14235.mp4, -1, -1, 39.52777777777779
yfcc-batch18/14237.mp4, -1, -1, 60.70588235294121
yfcc-batch18/14242.mp4, -1, -1, 68.6388888888889
yfcc-batch18/14246.mp4, -1, -1, 66.4166666666667
yfcc-batch18/14247.mp4, -1, -1, 41.25
yfcc-batch18/14252.mp4, -1, -1, 62.57142857142861
yfcc-batch18/14254.mp4, -1, -1, 63.5526315789474
yfcc-batch18/14266.mp4, -1, -1, 70.6571428571429
yfcc-batch18/14267.mp4, -1, -1, 52.9354838709677
yfcc-batch18/14270.mp4, -1, -1, 61.9705882352941
yfcc-batch18/14271.mp4, -1, -1, 61.428571428571395
yfcc-batch18/14275.mp4, -1, -1, 76.6470588235294
yfcc-batch18/14276.mp4, -1, -1, 51.0810810810811
yfcc-batch18/14277.mp4, -1, -1, 70.5
yfcc-batch18/14279.mp4, -1, -1, 59.8918918918919
yfcc-batch18/14284.mp4, -1, -1, 53.6470588235294
yfcc-batch18/14286.mp4, -1, -1, 62.5294117647059
yfcc-batch18/14289.mp4, -1, -1, 63.0285714285714
yfcc-batch18/14294.mp4, -1, -1, 63.4705882352941
yfcc-batch19/15116.mp4, -1, -1, 61.74285714285711
yfcc-batch19/15123.mp4, -1, -1, 62.5
yfcc-batch19/15124.mp4, -1, -1, 68.7894736842105
yfcc-batch19/15126.mp4, -1, -1, 36.0
yfcc-batch19/15127.mp4, -1, -1, 40.756756756756786
yfcc-batch19/15131.mp4, -1, -1, 75.29729729729729
yfcc-batch19/15132.mp4, -1, -1, 37.3611111111111
yfcc-batch19/15134.mp4, -1, -1, 69.7575757575758
yfcc-batch19/15133.mp4, -1, -1, 60.736842105263214
yfcc-batch19/15135.mp4, -1, -1, 62.085714285714296
yfcc-batch19/15136.mp4, -1, -1, 65.2727272727273
yfcc-batch19/15149.mp4, -1, -1, 64.6571428571429
yfcc-batch19/15162.mp4, -1, -1, 58.472222222222214
yfcc-batch19/15165.mp4, -1, -1, 44.3333333333333
yfcc-batch19/15166.mp4, -1, -1, 78.08571428571429
yfcc-batch19/15170.mp4, -1, -1, 65.4571428571429
yfcc-batch19/15171.mp4, -1, -1, 62.736842105263214
yfcc-batch19/15184.mp4, -1, -1, 67.57575757575759
yfcc-batch19/15182.mp4, -1, -1, 77.1081081081081
yfcc-batch19/15186.mp4, -1, -1, 74.1621621621622
yfcc-batch19/15189.mp4, -1, -1, 60.212121212121204
yfcc-batch19/15193.mp4, -1, -1, 65.8918918918919
yfcc-batch19/15195.mp4, -1, -1, 67.05714285714289
yfcc-batch19/15197.mp4, -1, -1, 62.410256410256395
yfcc-batch19/15200.mp4, -1, -1, 37.7714285714286
yfcc-batch19/15207.mp4, -1, -1, 68.0285714285714
yfcc-batch19/15209.mp4, -1, -1, 63.25
yfcc-batch19/15210.mp4, -1, -1, 70.5151515151515
yfcc-batch19/15215.mp4, -1, -1, 54.1612903225807
yfcc-batch19/15220.mp4, -1, -1, 66.17647058823529
yfcc-batch19/15222.mp4, -1, -1, 43.68571428571429
yfcc-batch19/15228.mp4, -1, -1, 68.11428571428571
yfcc-batch19/15233.mp4, -1, -1, 61.972222222222214
yfcc-batch19/15236.mp4, -1, -1, 45.75
yfcc-batch19/15242.mp4, -1, -1, 50.25
yfcc-batch19/15243.mp4, -1, -1, 58.0
yfcc-batch19/15245.mp4, -1, -1, 30.2777777777778
yfcc-batch19/15252.mp4, -1, -1, 58.485714285714295
yfcc-batch19/15253.mp4, -1, -1, 51.9459459459459
yfcc-batch19/15259.mp4, -1, -1, 64.1351351351351
yfcc-batch19/15260.mp4, -1, -1, 59.9444444444444
yfcc-batch19/15262.mp4, -1, -1, 74.6285714285714
yfcc-batch19/15261.mp4, -1, -1, 75.6111111111111
yfcc-batch19/15266.mp4, -1, -1, 62.75
yfcc-batch19/15268.mp4, -1, -1, 66.1111111111111
yfcc-batch19/15271.mp4, -1, -1, 61.0833333333333
yfcc-batch19/15273.mp4, -1, -1, 74.41025641025641
yfcc-batch19/15275.mp4, -1, -1, 46.263157894736786
yfcc-batch19/15279.mp4, -1, -1, 61.11428571428571
yfcc-batch19/15278.mp4, -1, -1, 69.4864864864865
yfcc-batch19/15283.mp4, -1, -1, 67.5277777777778
yfcc-batch19/15286.mp4, -1, -1, 49.4
yfcc-batch19/15292.mp4, -1, -1, 69.57575757575759
yfcc-batch19/15293.mp4, -1, -1, 72.05405405405409
yfcc-batch19/15301.mp4, -1, -1, 44.88571428571429
yfcc-batch19/15312.mp4, -1, -1, 68.4166666666667
yfcc-batch19/15326.mp4, -1, -1, 71.0645161290323
yfcc-batch19/15337.mp4, -1, -1, 67.8611111111111
yfcc-batch19/15339.mp4, -1, -1, 75.30555555555559
yfcc-batch19/15341.mp4, -1, -1, 60.5151515151515
yfcc-batch19/15343.mp4, -1, -1, 56.7714285714286
yfcc-batch19/15346.mp4, -1, -1, 67.972972972973
yfcc-batch19/15347.mp4, -1, -1, 63.9459459459459
yfcc-batch19/15349.mp4, -1, -1, 64.4166666666667
yfcc-batch19/15353.mp4, -1, -1, 68.9473684210526
yfcc-batch19/15355.mp4, -1, -1, 63.657894736842096
yfcc-batch19/15362.mp4, -1, -1, 65.18918918918922
yfcc-batch19/15369.mp4, -1, -1, 55.6451612903226
yfcc-batch19/15368.mp4, -1, -1, 54.67647058823529
yfcc-batch19/15372.mp4, -1, -1, 49.0882352941177
yfcc-batch19/15374.mp4, -1, -1, 44.948717948718006
yfcc-batch19/15377.mp4, -1, -1, 46.7272727272727
yfcc-batch19/15378.mp4, -1, -1, 62.0810810810811
yfcc-batch19/15388.mp4, -1, -1, 54.28571428571429
yfcc-batch19/15390.mp4, -1, -1, 53.421052631579
yfcc-batch19/15395.mp4, -1, -1, 65.7428571428572
yfcc-batch19/15394.mp4, -1, -1, 72.5142857142857
yfcc-batch19/15397.mp4, -1, -1, 61.20588235294121
yfcc-batch19/15398.mp4, -1, -1, 66.5714285714286
yfcc-batch19/15399.mp4, -1, -1, 62.263157894736786
yfcc-batch19/15401.mp4, -1, -1, 68.5714285714286
yfcc-batch19/15403.mp4, -1, -1, 67.1111111111111
yfcc-batch19/15411.mp4, -1, -1, 43.0833333333333
yfcc-batch19/15413.mp4, -1, -1, 69.8888888888889
yfcc-batch19/15415.mp4, -1, -1, 71.0882352941177
yfcc-batch19/15418.mp4, -1, -1, 55.459459459459495
yfcc-batch19/15422.mp4, -1, -1, 61.0
yfcc-batch19/15424.mp4, -1, -1, 68.29729729729729
yfcc-batch19/15427.mp4, -1, -1, 58.5666666666667
yfcc-batch19/15428.mp4, -1, -1, 67.5277777777778
yfcc-batch19/15438.mp4, -1, -1, 56.45
yfcc-batch19/15441.mp4, -1, -1, 63.5757575757576
yfcc-batch19/15443.mp4, -1, -1, 53.70588235294121
yfcc-batch19/15446.mp4, -1, -1, 63.5
yfcc-batch19/15448.mp4, -1, -1, 70.24242424242429
yfcc-batch19/15453.mp4, -1, -1, 62.526315789473706
yfcc-batch19/15459.mp4, -1, -1, 68.91428571428571
yfcc-batch19/15461.mp4, -1, -1, 37.5526315789474
yfcc-batch19/15466.mp4, -1, -1, 49.5428571428571
yfcc-batch19/15465.mp4, -1, -1, 65.0277777777778
yfcc-batch19/15471.mp4, -1, -1, 60.96875
yfcc-batch19/15472.mp4, -1, -1, 65.5294117647059
yfcc-batch19/15480.mp4, -1, -1, 62.31428571428571
yfcc-batch19/15481.mp4, -1, -1, 64.3823529411765
yfcc-batch19/15486.mp4, -1, -1, 62.810810810810786
yfcc-batch19/15488.mp4, -1, -1, 56.17142857142861
yfcc-batch19/15493.mp4, -1, -1, 42.514285714285705
yfcc-batch19/15496.mp4, -1, -1, 63.0540540540541
yfcc-batch19/15504.mp4, -1, -1, 53.810810810810786
yfcc-batch19/15507.mp4, -1, -1, 64.71428571428571
yfcc-batch19/15513.mp4, -1, -1, 45.871794871794904
yfcc-batch19/15514.mp4, -1, -1, 78.97142857142859
yfcc-batch19/15518.mp4, -1, -1, 72.40625
yfcc-batch19/15521.mp4, -1, -1, 62.8484848484849
yfcc-batch19/15524.mp4, -1, -1, 60.75
yfcc-batch19/15527.mp4, -1, -1, 56.1666666666667
yfcc-batch19/15528.mp4, -1, -1, 67.25
yfcc-batch19/15532.mp4, -1, -1, 54.6216216216216
yfcc-batch19/15533.mp4, -1, -1, 68.25
yfcc-batch19/15539.mp4, -1, -1, 74.2647058823529
yfcc-batch19/15546.mp4, -1, -1, 69.64705882352939
yfcc-batch19/15548.mp4, -1, -1, 59.9714285714286
yfcc-batch19/15551.mp4, -1, -1, 57.4705882352941
yfcc-batch19/15557.mp4, -1, -1, 69.1
yfcc-batch19/15558.mp4, -1, -1, 50.65625
yfcc-batch19/15561.mp4, -1, -1, 40.3157894736842
yfcc-batch19/15565.mp4, -1, -1, 50.0
yfcc-batch19/15569.mp4, -1, -1, 71.60526315789471
yfcc-batch19/15571.mp4, -1, -1, 75.20689655172409
yfcc-batch19/15573.mp4, -1, -1, 48.94117647058821
yfcc-batch19/15574.mp4, -1, -1, 65.5833333333333
yfcc-batch19/15579.mp4, -1, -1, 82.3823529411765
yfcc-batch19/14761.mp4, -1, -1, 71.3888888888889
yfcc-batch19/14764.mp4, -1, -1, 52.878048780487795
yfcc-batch19/14768.mp4, -1, -1, 46.9428571428571
yfcc-batch19/14772.mp4, -1, -1, 59.5555555555556
yfcc-batch19/14779.mp4, -1, -1, 79.73684210526321
yfcc-batch19/14786.mp4, -1, -1, 68.3636363636364
yfcc-batch19/14788.mp4, -1, -1, 35.3823529411765
yfcc-batch19/15360.mp4, -1, -1, 58.6666666666667
yfcc-batch19/15376.mp4, -1, -1, 59.8823529411765
yfcc-batch19/14797.mp4, -1, -1, 69.8888888888889
yfcc-batch19/14798.mp4, -1, -1, 52.0540540540541
yfcc-batch19/14799.mp4, -1, -1, 58.3611111111111
yfcc-batch19/14805.mp4, -1, -1, 73.70270270270271
yfcc-batch19/14806.mp4, -1, -1, 67.14285714285711
yfcc-batch19/14812.mp4, -1, -1, 64.6571428571429
yfcc-batch19/14817.mp4, -1, -1, 59.3611111111111
yfcc-batch19/14820.mp4, -1, -1, 61.1176470588235
yfcc-batch19/14827.mp4, -1, -1, 59.4375
yfcc-batch19/14825.mp4, -1, -1, 74.8717948717949
yfcc-batch19/14828.mp4, -1, -1, 58.0882352941177
yfcc-batch19/14832.mp4, -1, -1, 48.31428571428571
yfcc-batch19/14838.mp4, -1, -1, 67.5882352941177
yfcc-batch19/14841.mp4, -1, -1, 54.8
yfcc-batch19/14846.mp4, -1, -1, 82.1351351351351
yfcc-batch19/14848.mp4, -1, -1, 64.0909090909091
yfcc-batch19/14855.mp4, -1, -1, 67.5945945945946
yfcc-batch19/14858.mp4, -1, -1, 57.1428571428571
yfcc-batch19/14867.mp4, -1, -1, 58.2285714285714
yfcc-batch19/14868.mp4, -1, -1, 63.78125
yfcc-batch19/14871.mp4, -1, -1, 51.34285714285711
yfcc-batch19/14877.mp4, -1, -1, 48.027777777777786
yfcc-batch19/14881.mp4, -1, -1, 57.257142857142895
yfcc-batch19/14885.mp4, -1, -1, 66.8648648648649
yfcc-batch19/14887.mp4, -1, -1, 16.4375
yfcc-batch19/14895.mp4, -1, -1, 65.030303030303
yfcc-batch19/14899.mp4, -1, -1, 52.3333333333333
yfcc-batch19/14904.mp4, -1, -1, 59.68571428571429
yfcc-batch19/14908.mp4, -1, -1, 69.7837837837838
yfcc-batch19/14909.mp4, -1, -1, 64.37142857142861
yfcc-batch19/14912.mp4, -1, -1, 59.0
yfcc-batch19/14914.mp4, -1, -1, 33.0833333333333
yfcc-batch19/14916.mp4, -1, -1, 60.264705882352885
yfcc-batch19/14922.mp4, -1, -1, 46.085714285714296
yfcc-batch19/14926.mp4, -1, -1, 71.9428571428571
yfcc-batch19/14929.mp4, -1, -1, 73.11428571428571
yfcc-batch19/14931.mp4, -1, -1, 41.67741935483871
yfcc-batch19/14933.mp4, -1, -1, 37.8571428571429
yfcc-batch19/14936.mp4, -1, -1, 36.65625
yfcc-batch19/14938.mp4, -1, -1, 72.97142857142859
yfcc-batch19/14941.mp4, -1, -1, 56.5428571428572
yfcc-batch19/14945.mp4, -1, -1, 53.2
yfcc-batch19/14947.mp4, -1, -1, 65.7714285714286
yfcc-batch19/14952.mp4, -1, -1, 58.1111111111111
yfcc-batch19/14957.mp4, -1, -1, 55.1666666666667
yfcc-batch19/14965.mp4, -1, -1, 59.675675675675706
yfcc-batch19/14968.mp4, -1, -1, 61.6944444444444
yfcc-batch19/14970.mp4, -1, -1, 61.9444444444444
yfcc-batch19/14973.mp4, -1, -1, 71.2
yfcc-batch19/14977.mp4, -1, -1, 60.3939393939394
yfcc-batch19/14979.mp4, -1, -1, 69.25
yfcc-batch19/14980.mp4, -1, -1, 44.67647058823529
yfcc-batch19/14981.mp4, -1, -1, 80.1176470588236
yfcc-batch19/14995.mp4, -1, -1, 75.8888888888889
yfcc-batch19/15000.mp4, -1, -1, 61.15625
yfcc-batch19/15003.mp4, -1, -1, 63.7105263157895
yfcc-batch19/15006.mp4, -1, -1, 40.1428571428571
yfcc-batch19/15010.mp4, -1, -1, 60.1875
yfcc-batch19/15012.mp4, -1, -1, 70.8
yfcc-batch19/15014.mp4, -1, -1, 65.5666666666667
yfcc-batch19/15016.mp4, -1, -1, 50.485714285714295
yfcc-batch19/15020.mp4, -1, -1, 50.5151515151515
yfcc-batch19/15022.mp4, -1, -1, 55.2162162162162
yfcc-batch19/15035.mp4, -1, -1, 56.212121212121204
yfcc-batch19/15037.mp4, -1, -1, 54.264705882352885
yfcc-batch19/15039.mp4, -1, -1, 61.03125
yfcc-batch19/15042.mp4, -1, -1, 58.20588235294121
yfcc-batch19/15043.mp4, -1, -1, 66.1351351351351
yfcc-batch19/15045.mp4, -1, -1, 64.6216216216216
yfcc-batch19/15046.mp4, -1, -1, 65.0689655172414
yfcc-batch19/15050.mp4, -1, -1, 47.8484848484849
yfcc-batch19/15052.mp4, -1, -1, 67.3142857142857
yfcc-batch19/15074.mp4, -1, -1, 71.51612903225809
yfcc-batch19/15075.mp4, -1, -1, 58.8
yfcc-batch19/15083.mp4, -1, -1, 69.8181818181818
yfcc-batch19/15084.mp4, -1, -1, 71.6486486486487
yfcc-batch19/15091.mp4, -1, -1, 51.79411764705879
yfcc-batch19/15092.mp4, -1, -1, 50.472222222222214
yfcc-batch19/15097.mp4, -1, -1, 48.914285714285704
yfcc-batch19/15102.mp4, -1, -1, 75.6857142857143
yfcc-batch19/15109.mp4, -1, -1, 65.7428571428572
yfcc-batch20/15951.mp4, -1, -1, 60.4444444444444
yfcc-batch20/15953.mp4, -1, -1, 64.0263157894737
yfcc-batch20/15955.mp4, -1, -1, 65.1794871794872
yfcc-batch20/15960.mp4, -1, -1, 64.1621621621622
yfcc-batch20/15964.mp4, -1, -1, 70.1176470588235
yfcc-batch20/15965.mp4, -1, -1, 52.5
yfcc-batch20/15968.mp4, -1, -1, 65.972972972973
yfcc-batch20/15967.mp4, -1, -1, 70.3157894736842
yfcc-batch20/15969.mp4, -1, -1, 62.55882352941179
yfcc-batch20/15970.mp4, -1, -1, 61.1944444444444
yfcc-batch20/15976.mp4, -1, -1, 57.1428571428571
yfcc-batch20/15975.mp4, -1, -1, 59.4864864864865
yfcc-batch20/15977.mp4, -1, -1, 75.3846153846154
yfcc-batch20/15980.mp4, -1, -1, 61.6666666666667
yfcc-batch20/15982.mp4, -1, -1, 69.8888888888889
yfcc-batch20/15983.mp4, -1, -1, 63.725
yfcc-batch20/15987.mp4, -1, -1, 75.5
yfcc-batch20/15991.mp4, -1, -1, 57.7894736842105
yfcc-batch20/15993.mp4, -1, -1, 66.7428571428571
yfcc-batch20/15995.mp4, -1, -1, 63.7714285714286
yfcc-batch20/16006.mp4, -1, -1, 64.8055555555556
yfcc-batch20/16014.mp4, -1, -1, 60.8918918918919
yfcc-batch20/16017.mp4, -1, -1, 68.075
yfcc-batch20/16019.mp4, -1, -1, 58.57142857142861
yfcc-batch20/16020.mp4, -1, -1, 68.5833333333333
yfcc-batch20/16043.mp4, -1, -1, 65.2058823529412
yfcc-batch20/16047.mp4, -1, -1, 50.027777777777786
yfcc-batch20/16053.mp4, -1, -1, 68.4864864864865
yfcc-batch20/16055.mp4, -1, -1, 72.6111111111111
yfcc-batch20/16057.mp4, -1, -1, 64.6486486486487
yfcc-batch20/16059.mp4, -1, -1, 54.3846153846154
yfcc-batch20/16064.mp4, -1, -1, 54.864864864864906
yfcc-batch20/16071.mp4, -1, -1, 65.0277777777778
yfcc-batch20/16080.mp4, -1, -1, 35.6216216216216
yfcc-batch20/16082.mp4, -1, -1, 66.6666666666667
yfcc-batch20/16083.mp4, -1, -1, 55.0
yfcc-batch20/16085.mp4, -1, -1, 69.9444444444444
yfcc-batch20/16093.mp4, -1, -1, 46.70588235294121
yfcc-batch20/16099.mp4, -1, -1, 61.81578947368421
yfcc-batch20/16103.mp4, -1, -1, 58.0
yfcc-batch20/16106.mp4, -1, -1, 70.18918918918922
yfcc-batch20/16108.mp4, -1, -1, 61.2162162162162
yfcc-batch20/16110.mp4, -1, -1, 79.2105263157895
yfcc-batch20/16116.mp4, -1, -1, 42.794871794871796
yfcc-batch20/16125.mp4, -1, -1, 47.075
yfcc-batch20/16126.mp4, -1, -1, 51.39473684210521
yfcc-batch20/16127.mp4, -1, -1, 71.525
yfcc-batch20/16133.mp4, -1, -1, 76.0833333333333
yfcc-batch20/16134.mp4, -1, -1, 67.5135135135135
yfcc-batch20/16146.mp4, -1, -1, 72.44444444444441
yfcc-batch20/16149.mp4, -1, -1, 72.0810810810811
yfcc-batch20/16154.mp4, -1, -1, 54.275
yfcc-batch20/16153.mp4, -1, -1, 46.871794871794904
yfcc-batch20/16156.mp4, -1, -1, 51.3333333333333
yfcc-batch20/16158.mp4, -1, -1, 61.3714285714286
yfcc-batch20/16159.mp4, -1, -1, 75.75
yfcc-batch20/16173.mp4, -1, -1, 57.7179487179487
yfcc-batch20/16174.mp4, -1, -1, 77.0571428571429
yfcc-batch20/16184.mp4, -1, -1, 66.18918918918922
yfcc-batch20/16186.mp4, -1, -1, 77.46875
yfcc-batch20/16190.mp4, -1, -1, 72.9428571428571
yfcc-batch20/16196.mp4, -1, -1, 57.8611111111111
yfcc-batch20/16199.mp4, -1, -1, 75.0277777777778
yfcc-batch20/16200.mp4, -1, -1, 62.263157894736786
yfcc-batch20/16206.mp4, -1, -1, 67.3142857142857
yfcc-batch20/16213.mp4, -1, -1, 61.5833333333333
yfcc-batch20/16219.mp4, -1, -1, 53.526315789473706
yfcc-batch20/16220.mp4, -1, -1, 40.4166666666667
yfcc-batch20/16224.mp4, -1, -1, 64.3684210526316
yfcc-batch20/16226.mp4, -1, -1, 55.7894736842105
yfcc-batch20/16239.mp4, -1, -1, 65.7878787878788
yfcc-batch20/16249.mp4, -1, -1, 49.9166666666667
yfcc-batch20/16250.mp4, -1, -1, 53.5833333333333
yfcc-batch20/16254.mp4, -1, -1, 49.405405405405396
yfcc-batch20/16262.mp4, -1, -1, 57.525
yfcc-batch20/16263.mp4, -1, -1, 75.2702702702703
yfcc-batch20/16265.mp4, -1, -1, 71.0277777777778
yfcc-batch20/16268.mp4, -1, -1, 69.8918918918919
yfcc-batch20/16277.mp4, -1, -1, 64.1081081081081
yfcc-batch20/16278.mp4, -1, -1, 70.2820512820513
yfcc-batch20/16280.mp4, -1, -1, 64.8684210526316
yfcc-batch20/16285.mp4, -1, -1, 70.2777777777778
yfcc-batch20/16286.mp4, -1, -1, 68.1212121212121
yfcc-batch20/16293.mp4, -1, -1, 54.777777777777786
yfcc-batch20/16298.mp4, -1, -1, 46.0
yfcc-batch20/16304.mp4, -1, -1, 64.3611111111111
yfcc-batch20/16320.mp4, -1, -1, 64.6857142857143
yfcc-batch20/16328.mp4, -1, -1, 54.39473684210521
yfcc-batch20/16331.mp4, -1, -1, 66.84375
yfcc-batch20/16334.mp4, -1, -1, 77.875
yfcc-batch20/16335.mp4, -1, -1, 52.9705882352941
yfcc-batch20/16337.mp4, -1, -1, 58.921052631579
yfcc-batch20/16338.mp4, -1, -1, 50.264705882352885
yfcc-batch20/16342.mp4, -1, -1, 66.5135135135135
yfcc-batch20/16356.mp4, -1, -1, 64.5714285714286
yfcc-batch20/16359.mp4, -1, -1, 42.1388888888889
yfcc-batch20/16363.mp4, -1, -1, 53.236842105263214
yfcc-batch20/16374.mp4, -1, -1, 70.3684210526316
yfcc-batch20/16377.mp4, -1, -1, 64.56756756756761
yfcc-batch20/16378.mp4, -1, -1, 62.9714285714286
yfcc-batch20/16382.mp4, -1, -1, 60.4473684210526
yfcc-batch20/16385.mp4, -1, -1, 61.8055555555556
yfcc-batch20/16388.mp4, -1, -1, 57.8823529411765
yfcc-batch20/16392.mp4, -1, -1, 44.56756756756761
yfcc-batch20/16393.mp4, -1, -1, 70.3142857142857
yfcc-batch20/16396.mp4, -1, -1, 73.17142857142859
yfcc-batch20/16397.mp4, -1, -1, 60.7105263157895
yfcc-batch20/16400.mp4, -1, -1, 50.3939393939394
yfcc-batch20/15843.mp4, -1, -1, 59.459459459459495
yfcc-batch20/15702.mp4, -1, -1, 64.9722222222222
yfcc-batch20/15581.mp4, -1, -1, 64.6666666666667
yfcc-batch20/15585.mp4, -1, -1, 67.56756756756761
yfcc-batch20/15594.mp4, -1, -1, 69.8333333333333
yfcc-batch20/15600.mp4, -1, -1, 44.0810810810811
yfcc-batch20/15602.mp4, -1, -1, 71.26315789473679
yfcc-batch20/15606.mp4, -1, -1, 55.527777777777786
yfcc-batch20/15611.mp4, -1, -1, 61.526315789473706
yfcc-batch20/15615.mp4, -1, -1, 61.0789473684211
yfcc-batch20/15616.mp4, -1, -1, 46.0
yfcc-batch20/15618.mp4, -1, -1, 57.1388888888889
yfcc-batch20/15621.mp4, -1, -1, 58.0
yfcc-batch20/15622.mp4, -1, -1, 40.525
yfcc-batch20/15627.mp4, -1, -1, 70.6111111111111
yfcc-batch20/15630.mp4, -1, -1, 64.43243243243239
yfcc-batch20/15637.mp4, -1, -1, 61.277777777777786
yfcc-batch20/15640.mp4, -1, -1, 69.0
yfcc-batch20/15644.mp4, -1, -1, 56.864864864864906
yfcc-batch20/15646.mp4, -1, -1, 74.18918918918921
yfcc-batch20/15654.mp4, -1, -1, 60.56410256410261
yfcc-batch20/15661.mp4, -1, -1, 37.4166666666667
yfcc-batch20/15664.mp4, -1, -1, 56.82857142857139
yfcc-batch20/15666.mp4, -1, -1, 60.8684210526316
yfcc-batch20/15670.mp4, -1, -1, 66.39473684210529
yfcc-batch20/15676.mp4, -1, -1, 49.8823529411765
yfcc-batch20/15679.mp4, -1, -1, 63.60526315789479
yfcc-batch20/15681.mp4, -1, -1, 71.1176470588236
yfcc-batch20/15683.mp4, -1, -1, 82.45714285714291
yfcc-batch20/15686.mp4, -1, -1, 51.1463414634146
yfcc-batch20/15688.mp4, -1, -1, 70.89473684210529
yfcc-batch20/15693.mp4, -1, -1, 56.63636363636361
yfcc-batch20/15694.mp4, -1, -1, 50.8888888888889
yfcc-batch20/15706.mp4, -1, -1, 50.7837837837838
yfcc-batch20/15709.mp4, -1, -1, 46.9189189189189
yfcc-batch20/15717.mp4, -1, -1, 62.0789473684211
yfcc-batch20/15716.mp4, -1, -1, 75.5263157894737
yfcc-batch20/15721.mp4, -1, -1, 78.6666666666667
yfcc-batch20/15722.mp4, -1, -1, 74.4054054054054
yfcc-batch20/15723.mp4, -1, -1, 68.2352941176471
yfcc-batch20/15727.mp4, -1, -1, 61.3684210526316
yfcc-batch20/15731.mp4, -1, -1, 55.30952380952379
yfcc-batch20/15735.mp4, -1, -1, 65.6
yfcc-batch20/15744.mp4, -1, -1, 62.7027027027027
yfcc-batch20/15749.mp4, -1, -1, 71.94871794871791
yfcc-batch20/15752.mp4, -1, -1, 57.394736842105296
yfcc-batch20/15763.mp4, -1, -1, 69.0882352941177
yfcc-batch20/15771.mp4, -1, -1, 66.5135135135135
yfcc-batch20/15773.mp4, -1, -1, 75.2222222222222
yfcc-batch20/15783.mp4, -1, -1, 62.6666666666667
yfcc-batch20/15792.mp4, -1, -1, 64.7428571428572
yfcc-batch20/15795.mp4, -1, -1, 57.11428571428571
yfcc-batch20/15796.mp4, -1, -1, 68.0
yfcc-batch20/15801.mp4, -1, -1, 52.657894736842096
yfcc-batch20/15805.mp4, -1, -1, 58.8888888888889
yfcc-batch20/15808.mp4, -1, -1, 55.20512820512821
yfcc-batch20/15819.mp4, -1, -1, 74.80555555555559
yfcc-batch20/15821.mp4, -1, -1, 58.0571428571429
yfcc-batch20/15825.mp4, -1, -1, 58.421052631579
yfcc-batch20/15836.mp4, -1, -1, 63.277777777777786
yfcc-batch20/15844.mp4, -1, -1, 86.7352941176471
yfcc-batch20/15847.mp4, -1, -1, 69.1944444444444
yfcc-batch20/15848.mp4, -1, -1, 63.1428571428571
yfcc-batch20/15850.mp4, -1, -1, 55.3333333333333
yfcc-batch20/15858.mp4, -1, -1, 54.2105263157895
yfcc-batch20/15862.mp4, -1, -1, 77.8611111111111
yfcc-batch20/15864.mp4, -1, -1, 55.6486486486487
yfcc-batch20/15865.mp4, -1, -1, 45.675675675675706
yfcc-batch20/15869.mp4, -1, -1, 69.3611111111111
yfcc-batch20/15868.mp4, -1, -1, 60.4166666666667
yfcc-batch20/15871.mp4, -1, -1, 82.02857142857141
yfcc-batch20/15877.mp4, -1, -1, 61.410256410256395
yfcc-batch20/15879.mp4, -1, -1, 67.8918918918919
yfcc-batch20/15882.mp4, -1, -1, 74.3529411764706
yfcc-batch20/15885.mp4, -1, -1, 67.6666666666667
yfcc-batch20/15888.mp4, -1, -1, 46.5
yfcc-batch20/15893.mp4, -1, -1, 69.8055555555556
yfcc-batch20/15896.mp4, -1, -1, 47.0
yfcc-batch20/15897.mp4, -1, -1, 66.91428571428571
yfcc-batch20/15902.mp4, -1, -1, 57.189189189189214
yfcc-batch20/15910.mp4, -1, -1, 58.1428571428571
yfcc-batch20/15915.mp4, -1, -1, 45.5
yfcc-batch20/15922.mp4, -1, -1, 69.55
yfcc-batch20/15928.mp4, -1, -1, 52.32352941176471
yfcc-batch21/16765.mp4, -1, -1, 66.7352941176471
yfcc-batch21/16771.mp4, -1, -1, 58.7894736842105
yfcc-batch21/16776.mp4, -1, -1, 66.0789473684211
yfcc-batch21/16777.mp4, -1, -1, 65.8918918918919
yfcc-batch21/16778.mp4, -1, -1, 46.6216216216216
yfcc-batch21/16780.mp4, -1, -1, 80.9428571428571
yfcc-batch21/16786.mp4, -1, -1, 62.7105263157895
yfcc-batch21/16797.mp4, -1, -1, 70.7105263157895
yfcc-batch21/16800.mp4, -1, -1, 69.8157894736842
yfcc-batch21/16799.mp4, -1, -1, 63.0540540540541
yfcc-batch21/16801.mp4, -1, -1, 65.5789473684211
yfcc-batch21/16804.mp4, -1, -1, 28.105263157894697
yfcc-batch21/16807.mp4, -1, -1, 67.972972972973
yfcc-batch21/16831.mp4, -1, -1, 72.3513513513513
yfcc-batch21/16835.mp4, -1, -1, 64.6756756756757
yfcc-batch21/16847.mp4, -1, -1, 75.9117647058823
yfcc-batch21/16874.mp4, -1, -1, 76.8205128205128
yfcc-batch21/16875.mp4, -1, -1, 62.6216216216216
yfcc-batch21/16881.mp4, -1, -1, 64.6578947368421
yfcc-batch21/16888.mp4, -1, -1, 45.81578947368421
yfcc-batch21/16890.mp4, -1, -1, 68.76923076923079
yfcc-batch21/16894.mp4, -1, -1, 49.027777777777786
yfcc-batch21/16897.mp4, -1, -1, 54.7714285714286
yfcc-batch21/16899.mp4, -1, -1, 67.15625
yfcc-batch21/16913.mp4, -1, -1, 50.1944444444444
yfcc-batch21/16915.mp4, -1, -1, 57.6666666666667
yfcc-batch21/16916.mp4, -1, -1, 71.3421052631579
yfcc-batch21/16920.mp4, -1, -1, 53.0540540540541
yfcc-batch21/16922.mp4, -1, -1, 52.4864864864865
yfcc-batch21/16925.mp4, -1, -1, 51.9714285714286
yfcc-batch21/16924.mp4, -1, -1, 70.88571428571429
yfcc-batch21/16933.mp4, -1, -1, 74.0263157894737
yfcc-batch21/16938.mp4, -1, -1, 64.8823529411765
yfcc-batch21/16941.mp4, -1, -1, 54.3055555555556
yfcc-batch21/16942.mp4, -1, -1, 68.8888888888889
yfcc-batch21/16949.mp4, -1, -1, 67.6486486486487
yfcc-batch21/16952.mp4, -1, -1, 57.9
yfcc-batch21/16954.mp4, -1, -1, 52.871794871794904
yfcc-batch21/16960.mp4, -1, -1, 47.1081081081081
yfcc-batch21/16962.mp4, -1, -1, 59.3611111111111
yfcc-batch21/16978.mp4, -1, -1, 57.135135135135094
yfcc-batch21/16979.mp4, -1, -1, 60.0
yfcc-batch21/16980.mp4, -1, -1, 53.81578947368421
yfcc-batch21/16981.mp4, -1, -1, 55.342105263157904
yfcc-batch21/16992.mp4, -1, -1, 67.89473684210529
yfcc-batch21/16993.mp4, -1, -1, 73.8333333333333
yfcc-batch21/16997.mp4, -1, -1, 70.4358974358974
yfcc-batch21/17001.mp4, -1, -1, 71.9166666666667
yfcc-batch21/17003.mp4, -1, -1, 49.527777777777786
yfcc-batch21/17004.mp4, -1, -1, 66.8181818181818
yfcc-batch21/17011.mp4, -1, -1, 53.9459459459459
yfcc-batch21/17014.mp4, -1, -1, 72.6578947368421
yfcc-batch21/17018.mp4, -1, -1, 67.6216216216216
yfcc-batch21/17019.mp4, -1, -1, 72.4864864864865
yfcc-batch21/17021.mp4, -1, -1, 65.5454545454546
yfcc-batch21/17023.mp4, -1, -1, 56.2894736842105
yfcc-batch21/17025.mp4, -1, -1, 72.9428571428571
yfcc-batch21/17033.mp4, -1, -1, 72.6578947368421
yfcc-batch21/17042.mp4, -1, -1, 64.6756756756757
yfcc-batch21/17046.mp4, -1, -1, 67.91428571428571
yfcc-batch21/17047.mp4, -1, -1, 56.0285714285714
yfcc-batch21/17055.mp4, -1, -1, 68.3142857142857
yfcc-batch21/17059.mp4, -1, -1, 75.60526315789471
yfcc-batch21/17062.mp4, -1, -1, 69.67647058823529
yfcc-batch21/17065.mp4, -1, -1, 58.864864864864906
yfcc-batch21/17069.mp4, -1, -1, 68.1666666666667
yfcc-batch21/17070.mp4, -1, -1, 56.277777777777786
yfcc-batch21/17077.mp4, -1, -1, 63.6944444444444
yfcc-batch21/17080.mp4, -1, -1, 53.085714285714296
yfcc-batch21/17085.mp4, -1, -1, 54.82857142857139
yfcc-batch21/17090.mp4, -1, -1, 55.4166666666667
yfcc-batch21/17094.mp4, -1, -1, 58.05882352941179
yfcc-batch21/17102.mp4, -1, -1, 68.3888888888889
yfcc-batch21/17103.mp4, -1, -1, 72.29729729729729
yfcc-batch21/17112.mp4, -1, -1, 72.3888888888889
yfcc-batch21/17117.mp4, -1, -1, 62.0571428571429
yfcc-batch21/17121.mp4, -1, -1, 71.6486486486487
yfcc-batch21/17124.mp4, -1, -1, 77.9722222222222
yfcc-batch21/17138.mp4, -1, -1, 56.8378378378378
yfcc-batch21/17140.mp4, -1, -1, 59.135135135135094
yfcc-batch21/17141.mp4, -1, -1, 66.7714285714286
yfcc-batch21/17142.mp4, -1, -1, 64.8918918918919
yfcc-batch21/17146.mp4, -1, -1, 70.15
yfcc-batch21/17148.mp4, -1, -1, 64.17647058823529
yfcc-batch21/17149.mp4, -1, -1, 64.4857142857143
yfcc-batch21/17164.mp4, -1, -1, 52.25
yfcc-batch21/17167.mp4, -1, -1, 71.7352941176471
yfcc-batch21/17179.mp4, -1, -1, 23.2285714285714
yfcc-batch21/17186.mp4, -1, -1, 65.4166666666667
yfcc-batch21/17189.mp4, -1, -1, 69.02564102564101
yfcc-batch21/17190.mp4, -1, -1, 44.8918918918919
yfcc-batch21/17193.mp4, -1, -1, 46.8888888888889
yfcc-batch21/17196.mp4, -1, -1, 82.7631578947369
yfcc-batch21/17199.mp4, -1, -1, 57.0526315789474
yfcc-batch21/17202.mp4, -1, -1, 61.769230769230795
yfcc-batch21/17204.mp4, -1, -1, 62.2894736842105
yfcc-batch21/17209.mp4, -1, -1, 66.4411764705882
yfcc-batch21/17208.mp4, -1, -1, 51.6216216216216
yfcc-batch21/17213.mp4, -1, -1, 54.657142857142894
yfcc-batch21/17219.mp4, -1, -1, 70.6470588235294
yfcc-batch21/17220.mp4, -1, -1, 48.875
yfcc-batch21/16848.mp4, -1, -1, 57.184210526315795
yfcc-batch21/16403.mp4, -1, -1, 44.026315789473706
yfcc-batch21/16407.mp4, -1, -1, 23.3055555555556
yfcc-batch21/16410.mp4, -1, -1, 65.0882352941177
yfcc-batch21/16411.mp4, -1, -1, 57.8055555555556
yfcc-batch21/16413.mp4, -1, -1, 64.43243243243239
yfcc-batch21/16415.mp4, -1, -1, 63.3589743589744
yfcc-batch21/16418.mp4, -1, -1, 54.0
yfcc-batch21/16435.mp4, -1, -1, 76.5128205128205
yfcc-batch21/16438.mp4, -1, -1, 56.81578947368421
yfcc-batch21/16439.mp4, -1, -1, 50.44117647058821
yfcc-batch21/16443.mp4, -1, -1, 62.8333333333333
yfcc-batch21/16447.mp4, -1, -1, 72.8333333333333
yfcc-batch21/16449.mp4, -1, -1, 64.88571428571429
yfcc-batch21/16453.mp4, -1, -1, 74.94444444444441
yfcc-batch21/16454.mp4, -1, -1, 79.10526315789471
yfcc-batch21/16455.mp4, -1, -1, 42.8421052631579
yfcc-batch21/16469.mp4, -1, -1, 57.3684210526316
yfcc-batch21/16476.mp4, -1, -1, 65.56756756756761
yfcc-batch21/16481.mp4, -1, -1, 65.2051282051282
yfcc-batch21/16486.mp4, -1, -1, 34.0555555555556
yfcc-batch21/16489.mp4, -1, -1, 66.1944444444444
yfcc-batch21/16495.mp4, -1, -1, 63.3055555555556
yfcc-batch21/16498.mp4, -1, -1, 73.37837837837841
yfcc-batch21/16502.mp4, -1, -1, 64.3846153846154
yfcc-batch21/16504.mp4, -1, -1, 59.1666666666667
yfcc-batch21/16505.mp4, -1, -1, 63.024390243902396
yfcc-batch21/16514.mp4, -1, -1, 76.6666666666667
yfcc-batch21/16513.mp4, -1, -1, 73.30555555555559
yfcc-batch21/16518.mp4, -1, -1, 44.675675675675706
yfcc-batch21/16526.mp4, -1, -1, 51.7297297297297
yfcc-batch21/16528.mp4, -1, -1, 62.026315789473706
yfcc-batch21/16529.mp4, -1, -1, 66.4594594594595
yfcc-batch21/16532.mp4, -1, -1, 76.3888888888889
yfcc-batch21/16538.mp4, -1, -1, 53.657142857142894
yfcc-batch21/16539.mp4, -1, -1, 58.675675675675706
yfcc-batch21/16542.mp4, -1, -1, 57.236842105263214
yfcc-batch21/16549.mp4, -1, -1, 43.56756756756761
yfcc-batch21/16556.mp4, -1, -1, 71.6756756756757
yfcc-batch21/16560.mp4, -1, -1, 61.5833333333333
yfcc-batch21/16561.mp4, -1, -1, 74.44736842105259
yfcc-batch21/16570.mp4, -1, -1, 69.2222222222222
yfcc-batch21/16573.mp4, -1, -1, 52.3
yfcc-batch21/16576.mp4, -1, -1, 63.8333333333333
yfcc-batch21/16577.mp4, -1, -1, 59.589743589743605
yfcc-batch21/16583.mp4, -1, -1, 65.1111111111111
yfcc-batch21/16586.mp4, -1, -1, 52.526315789473706
yfcc-batch21/16587.mp4, -1, -1, 71.2352941176471
yfcc-batch21/16589.mp4, -1, -1, 70.6756756756757
yfcc-batch21/16594.mp4, -1, -1, 61.39473684210521
yfcc-batch21/16597.mp4, -1, -1, 63.864864864864906
yfcc-batch21/16596.mp4, -1, -1, 58.277777777777786
yfcc-batch21/16601.mp4, -1, -1, 62.31578947368421
yfcc-batch21/16604.mp4, -1, -1, 76.17142857142859
yfcc-batch21/16614.mp4, -1, -1, 79.02941176470591
yfcc-batch21/16620.mp4, -1, -1, 76.70270270270271
yfcc-batch21/16629.mp4, -1, -1, 71.25
yfcc-batch21/16633.mp4, -1, -1, 51.0
yfcc-batch21/16637.mp4, -1, -1, 62.4571428571429
yfcc-batch21/16642.mp4, -1, -1, 64.5555555555556
yfcc-batch21/16652.mp4, -1, -1, 68.4444444444444
yfcc-batch21/16654.mp4, -1, -1, 76.26315789473679
yfcc-batch21/16656.mp4, -1, -1, 82.7222222222222
yfcc-batch21/16660.mp4, -1, -1, 73.6571428571429
yfcc-batch21/16664.mp4, -1, -1, 69.0
yfcc-batch21/16668.mp4, -1, -1, 66.4166666666667
yfcc-batch21/16670.mp4, -1, -1, 67.25
yfcc-batch21/16678.mp4, -1, -1, 53.43243243243239
yfcc-batch21/16685.mp4, -1, -1, 66.8055555555556
yfcc-batch21/16688.mp4, -1, -1, 67.0588235294118
yfcc-batch21/16690.mp4, -1, -1, 49.024390243902396
yfcc-batch21/16693.mp4, -1, -1, 62.5428571428571
yfcc-batch21/16701.mp4, -1, -1, 47.3333333333333
yfcc-batch21/16706.mp4, -1, -1, 64.37142857142861
yfcc-batch21/16707.mp4, -1, -1, 55.485714285714295
yfcc-batch21/16708.mp4, -1, -1, 70.5675675675676
yfcc-batch21/16716.mp4, -1, -1, 64.4166666666667
yfcc-batch21/16726.mp4, -1, -1, 73.6666666666667
yfcc-batch21/16728.mp4, -1, -1, 62.3333333333333
yfcc-batch21/16733.mp4, -1, -1, 36.9444444444444
yfcc-batch21/16739.mp4, -1, -1, 57.59459459459461
yfcc-batch21/16740.mp4, -1, -1, 68.2222222222222
yfcc-batch21/16743.mp4, -1, -1, 50.43243243243239
yfcc-batch21/16746.mp4, -1, -1, 36.4444444444444
yfcc-batch21/16747.mp4, -1, -1, 56.1081081081081
yfcc-batch21/16749.mp4, -1, -1, 64.8285714285714
yfcc-batch21/16750.mp4, -1, -1, 62.1470588235294
yfcc-batch21/16755.mp4, -1, -1, 50.540540540540505
yfcc-batch21/16757.mp4, -1, -1, 53.5135135135135
yfcc-batch21/16760.mp4, -1, -1, 71.8125
yfcc-batch22/17586.mp4, -1, -1, 60.28571428571429
yfcc-batch22/17587.mp4, -1, -1, 55.20588235294121
yfcc-batch22/17588.mp4, -1, -1, 66.5
yfcc-batch22/17591.mp4, -1, -1, 70.9411764705882
yfcc-batch22/17595.mp4, -1, -1, 52.6388888888889
yfcc-batch22/17607.mp4, -1, -1, 75.3939393939394
yfcc-batch22/17609.mp4, -1, -1, 64.7941176470588
yfcc-batch22/17611.mp4, -1, -1, 68.2058823529412
yfcc-batch22/17617.mp4, -1, -1, 59.894736842105296
yfcc-batch22/17626.mp4, -1, -1, 69.3421052631579
yfcc-batch22/17632.mp4, -1, -1, 78.6857142857143
yfcc-batch22/17635.mp4, -1, -1, 66.0
yfcc-batch22/17634.mp4, -1, -1, 58.6969696969697
yfcc-batch22/17640.mp4, -1, -1, 53.11428571428571
yfcc-batch22/17646.mp4, -1, -1, 64.3888888888889
yfcc-batch22/17659.mp4, -1, -1, 66.1212121212121
yfcc-batch22/17668.mp4, -1, -1, 64.8611111111111
yfcc-batch22/17671.mp4, -1, -1, 52.4166666666667
yfcc-batch22/17670.mp4, -1, -1, 65.62857142857139
yfcc-batch22/17680.mp4, -1, -1, 65.60526315789471
yfcc-batch22/17683.mp4, -1, -1, 63.9428571428571
yfcc-batch22/17687.mp4, -1, -1, 66.81081081081078
yfcc-batch22/17689.mp4, -1, -1, 56.6285714285714
yfcc-batch22/17690.mp4, -1, -1, 70.3428571428571
yfcc-batch22/17694.mp4, -1, -1, 72.9375
yfcc-batch22/17695.mp4, -1, -1, 54.735294117647115
yfcc-batch22/17699.mp4, -1, -1, 45.3888888888889
yfcc-batch22/17703.mp4, -1, -1, 58.6875
yfcc-batch22/17706.mp4, -1, -1, 41.4705882352941
yfcc-batch22/17708.mp4, -1, -1, 47.68571428571429
yfcc-batch22/17707.mp4, -1, -1, 43.6216216216216
yfcc-batch22/17710.mp4, -1, -1, 67.0909090909091
yfcc-batch22/17714.mp4, -1, -1, 57.487179487179496
yfcc-batch22/17716.mp4, -1, -1, 41.729729729729705
yfcc-batch22/17717.mp4, -1, -1, 26.0810810810811
yfcc-batch22/17720.mp4, -1, -1, 55.921052631579
yfcc-batch22/17724.mp4, -1, -1, 61.28571428571429
yfcc-batch22/17727.mp4, -1, -1, 34.8611111111111
yfcc-batch22/17729.mp4, -1, -1, 61.28571428571429
yfcc-batch22/17728.mp4, -1, -1, 63.31428571428571
yfcc-batch22/17738.mp4, -1, -1, 73.609756097561
yfcc-batch22/17750.mp4, -1, -1, 35.8823529411765
yfcc-batch22/17749.mp4, -1, -1, 57.3125
yfcc-batch22/17752.mp4, -1, -1, 69.4375
yfcc-batch22/17754.mp4, -1, -1, 59.9714285714286
yfcc-batch22/17761.mp4, -1, -1, 53.05882352941179
yfcc-batch22/17773.mp4, -1, -1, 64.4571428571429
yfcc-batch22/17775.mp4, -1, -1, 47.914285714285704
yfcc-batch22/17776.mp4, -1, -1, 26.25
yfcc-batch22/17778.mp4, -1, -1, 44.8571428571429
yfcc-batch22/17780.mp4, -1, -1, 49.9444444444444
yfcc-batch22/17783.mp4, -1, -1, 54.17647058823529
yfcc-batch22/17784.mp4, -1, -1, 70.0
yfcc-batch22/17786.mp4, -1, -1, 57.8611111111111
yfcc-batch22/17798.mp4, -1, -1, 61.4705882352941
yfcc-batch22/17802.mp4, -1, -1, 47.540540540540505
yfcc-batch22/17807.mp4, -1, -1, 60.914285714285704
yfcc-batch22/17817.mp4, -1, -1, 44.94117647058821
yfcc-batch22/17819.mp4, -1, -1, 67.6944444444444
yfcc-batch22/17823.mp4, -1, -1, 67.82352941176471
yfcc-batch22/17824.mp4, -1, -1, 59.79411764705879
yfcc-batch22/17825.mp4, -1, -1, 74.4
yfcc-batch22/17826.mp4, -1, -1, 52.5526315789474
yfcc-batch22/17827.mp4, -1, -1, 68.85714285714289
yfcc-batch22/17828.mp4, -1, -1, 60.085714285714296
yfcc-batch22/17840.mp4, -1, -1, 51.914285714285704
yfcc-batch22/17839.mp4, -1, -1, 63.1081081081081
yfcc-batch22/17841.mp4, -1, -1, 42.4571428571429
yfcc-batch22/17844.mp4, -1, -1, 56.68571428571429
yfcc-batch22/17854.mp4, -1, -1, 77.52941176470591
yfcc-batch22/17858.mp4, -1, -1, 64.82352941176471
yfcc-batch22/17870.mp4, -1, -1, 48.5625
yfcc-batch22/17874.mp4, -1, -1, 54.236842105263214
yfcc-batch22/17875.mp4, -1, -1, 65.3243243243243
yfcc-batch22/17881.mp4, -1, -1, 66.14705882352939
yfcc-batch22/17899.mp4, -1, -1, 50.8484848484849
yfcc-batch22/17898.mp4, -1, -1, 54.57142857142861
yfcc-batch22/17903.mp4, -1, -1, 64.5151515151515
yfcc-batch22/17911.mp4, -1, -1, 59.1944444444444
yfcc-batch22/17915.mp4, -1, -1, 49.0
yfcc-batch22/17927.mp4, -1, -1, 70.3055555555556
yfcc-batch22/17929.mp4, -1, -1, 57.5555555555556
yfcc-batch22/17931.mp4, -1, -1, 67.8285714285714
yfcc-batch22/17940.mp4, -1, -1, 57.3611111111111
yfcc-batch22/17947.mp4, -1, -1, 54.24324324324329
yfcc-batch22/17950.mp4, -1, -1, 60.264705882352885
yfcc-batch22/17960.mp4, -1, -1, 53.25
yfcc-batch22/17967.mp4, -1, -1, 52.9090909090909
yfcc-batch22/17970.mp4, -1, -1, 64.4722222222222
yfcc-batch22/17981.mp4, -1, -1, 69.2162162162162
yfcc-batch22/17980.mp4, -1, -1, 51.1621621621622
yfcc-batch22/17986.mp4, -1, -1, 53.764705882352885
yfcc-batch22/17997.mp4, -1, -1, 67.5151515151515
yfcc-batch22/18002.mp4, -1, -1, 64.2631578947369
yfcc-batch22/18003.mp4, -1, -1, 66.1621621621622
yfcc-batch22/18004.mp4, -1, -1, 59.0
yfcc-batch22/18009.mp4, -1, -1, 60.0
yfcc-batch22/18010.mp4, -1, -1, 57.6470588235294
yfcc-batch22/18027.mp4, -1, -1, 66.3888888888889
yfcc-batch22/18029.mp4, -1, -1, 57.264705882352885
yfcc-batch22/18032.mp4, -1, -1, 64.2352941176471
yfcc-batch22/18037.mp4, -1, -1, 56.8333333333333
yfcc-batch22/18039.mp4, -1, -1, 70.80555555555559
yfcc-batch22/17442.mp4, -1, -1, 51.3684210526316
yfcc-batch22/17223.mp4, -1, -1, 73.5
yfcc-batch22/17229.mp4, -1, -1, 57.75
yfcc-batch22/17231.mp4, -1, -1, 85.69230769230771
yfcc-batch22/17236.mp4, -1, -1, 59.6216216216216
yfcc-batch22/17237.mp4, -1, -1, 59.4242424242424
yfcc-batch22/17239.mp4, -1, -1, 57.6944444444444
yfcc-batch22/17241.mp4, -1, -1, 70.7575757575758
yfcc-batch22/17251.mp4, -1, -1, 69.6176470588235
yfcc-batch22/17256.mp4, -1, -1, 51.5757575757576
yfcc-batch22/17259.mp4, -1, -1, 60.2
yfcc-batch22/17272.mp4, -1, -1, 63.4864864864865
yfcc-batch22/17276.mp4, -1, -1, 59.514285714285705
yfcc-batch22/17277.mp4, -1, -1, 70.15151515151521
yfcc-batch22/17278.mp4, -1, -1, 65.972972972973
yfcc-batch22/17280.mp4, -1, -1, 71.5277777777778
yfcc-batch22/17281.mp4, -1, -1, 64.4285714285714
yfcc-batch22/17282.mp4, -1, -1, 63.222222222222214
yfcc-batch22/17288.mp4, -1, -1, 66.1666666666667
yfcc-batch22/17291.mp4, -1, -1, 42.3589743589744
yfcc-batch22/17295.mp4, -1, -1, 67.0285714285714
yfcc-batch22/17305.mp4, -1, -1, 67.9393939393939
yfcc-batch22/17312.mp4, -1, -1, 71.4545454545455
yfcc-batch22/17311.mp4, -1, -1, 54.35
yfcc-batch22/17315.mp4, -1, -1, 78.37837837837841
yfcc-batch22/17316.mp4, -1, -1, 57.17142857142861
yfcc-batch22/17322.mp4, -1, -1, 64.6
yfcc-batch22/17324.mp4, -1, -1, 66.46875
yfcc-batch22/17338.mp4, -1, -1, 55.1081081081081
yfcc-batch22/17353.mp4, -1, -1, 61.82857142857139
yfcc-batch22/17360.mp4, -1, -1, 60.2894736842105
yfcc-batch22/17366.mp4, -1, -1, 60.1621621621622
yfcc-batch22/17367.mp4, -1, -1, 68.91176470588239
yfcc-batch22/17368.mp4, -1, -1, 75.3333333333333
yfcc-batch22/17370.mp4, -1, -1, 42.3142857142857
yfcc-batch22/17399.mp4, -1, -1, 67.0277777777778
yfcc-batch22/17405.mp4, -1, -1, 62.8378378378378
yfcc-batch22/17408.mp4, -1, -1, 65.6756756756757
yfcc-batch22/17414.mp4, -1, -1, 55.969696969697
yfcc-batch22/17421.mp4, -1, -1, 68.0
yfcc-batch22/17424.mp4, -1, -1, 74.70270270270271
yfcc-batch22/17425.mp4, -1, -1, 71.6857142857143
yfcc-batch22/17426.mp4, -1, -1, 56.864864864864906
yfcc-batch22/17429.mp4, -1, -1, 47.5428571428571
yfcc-batch22/17436.mp4, -1, -1, 52.3055555555556
yfcc-batch22/17447.mp4, -1, -1, 56.8
yfcc-batch22/17453.mp4, -1, -1, 63.5161290322581
yfcc-batch22/17455.mp4, -1, -1, 53.5862068965517
yfcc-batch22/17460.mp4, -1, -1, 58.9166666666667
yfcc-batch22/17470.mp4, -1, -1, 59.9705882352941
yfcc-batch22/17471.mp4, -1, -1, 68.7428571428571
yfcc-batch22/17479.mp4, -1, -1, 62.777777777777786
yfcc-batch22/17488.mp4, -1, -1, 51.6216216216216
yfcc-batch22/17487.mp4, -1, -1, 60.2727272727273
yfcc-batch22/17491.mp4, -1, -1, 58.6176470588235
yfcc-batch22/17492.mp4, -1, -1, 59.222222222222214
yfcc-batch22/17498.mp4, -1, -1, 81.75
yfcc-batch22/17499.mp4, -1, -1, 60.0555555555556
yfcc-batch22/17503.mp4, -1, -1, 54.8333333333333
yfcc-batch22/17510.mp4, -1, -1, 70.7941176470588
yfcc-batch22/17517.mp4, -1, -1, 42.6111111111111
yfcc-batch22/17518.mp4, -1, -1, 64.42424242424241
yfcc-batch22/17519.mp4, -1, -1, 68.0285714285714
yfcc-batch22/17521.mp4, -1, -1, 75.78125
yfcc-batch22/17533.mp4, -1, -1, 70.425
yfcc-batch22/17536.mp4, -1, -1, 59.4705882352941
yfcc-batch22/17538.mp4, -1, -1, 57.1666666666667
yfcc-batch22/17542.mp4, -1, -1, 68.075
yfcc-batch22/17548.mp4, -1, -1, 70.2352941176471
yfcc-batch22/17555.mp4, -1, -1, 69.4
yfcc-batch22/17561.mp4, -1, -1, 65.6571428571429
yfcc-batch22/17567.mp4, -1, -1, 69.4
yfcc-batch22/17572.mp4, -1, -1, 47.461538461538495
yfcc-batch22/17573.mp4, -1, -1, 61.3823529411765
yfcc-batch22/17583.mp4, -1, -1, 56.2894736842105
yfcc-batch23/18413.mp4, -1, -1, 61.363636363636395
yfcc-batch23/18419.mp4, -1, -1, 58.88571428571429
yfcc-batch23/18420.mp4, -1, -1, 55.428571428571395
yfcc-batch23/18424.mp4, -1, -1, 56.8529411764706
yfcc-batch23/18425.mp4, -1, -1, 46.0
yfcc-batch23/18429.mp4, -1, -1, 48.0
yfcc-batch23/18432.mp4, -1, -1, 66.6666666666667
yfcc-batch23/18434.mp4, -1, -1, 62.4117647058824
yfcc-batch23/18435.mp4, -1, -1, 69.8823529411765
yfcc-batch23/18443.mp4, -1, -1, 61.3513513513514
yfcc-batch23/18445.mp4, -1, -1, 46.735294117647115
yfcc-batch23/18449.mp4, -1, -1, 54.5428571428571
yfcc-batch23/18452.mp4, -1, -1, 76.67647058823529
yfcc-batch23/18454.mp4, -1, -1, 51.0555555555556
yfcc-batch23/18459.mp4, -1, -1, 41.2972972972973
yfcc-batch23/18461.mp4, -1, -1, 47.0789473684211
yfcc-batch23/18471.mp4, -1, -1, 68.28125
yfcc-batch23/18472.mp4, -1, -1, 54.6666666666667
yfcc-batch23/18475.mp4, -1, -1, 60.05882352941179
yfcc-batch23/18478.mp4, -1, -1, 54.3055555555556
yfcc-batch23/18480.mp4, -1, -1, 69.0526315789474
yfcc-batch23/18487.mp4, -1, -1, 58.264705882352885
yfcc-batch23/18500.mp4, -1, -1, 44.9705882352941
yfcc-batch23/18501.mp4, -1, -1, 71.05555555555559
yfcc-batch23/18508.mp4, -1, -1, 69.2702702702703
yfcc-batch23/18511.mp4, -1, -1, 70.7428571428572
yfcc-batch23/18513.mp4, -1, -1, 70.1176470588235
yfcc-batch23/18516.mp4, -1, -1, 59.0909090909091
yfcc-batch23/18515.mp4, -1, -1, 74.2285714285714
yfcc-batch23/18520.mp4, -1, -1, 71.1212121212121
yfcc-batch23/18523.mp4, -1, -1, 63.1428571428571
yfcc-batch23/18524.mp4, -1, -1, 62.222222222222214
yfcc-batch23/18527.mp4, -1, -1, 74.7714285714286
yfcc-batch23/18534.mp4, -1, -1, 57.8611111111111
yfcc-batch23/18541.mp4, -1, -1, 67.2432432432432
yfcc-batch23/18542.mp4, -1, -1, 70.6756756756757
yfcc-batch23/18546.mp4, -1, -1, 70.28571428571429
yfcc-batch23/18555.mp4, -1, -1, 36.969696969697
yfcc-batch23/18558.mp4, -1, -1, 70.8888888888889
yfcc-batch23/18562.mp4, -1, -1, 65.2432432432432
yfcc-batch23/18574.mp4, -1, -1, 62.9428571428571
yfcc-batch23/18583.mp4, -1, -1, 58.5833333333333
yfcc-batch23/18589.mp4, -1, -1, 66.7222222222222
yfcc-batch23/18590.mp4, -1, -1, 60.472222222222214
yfcc-batch23/18595.mp4, -1, -1, 72.0571428571429
yfcc-batch23/18604.mp4, -1, -1, 53.0
yfcc-batch23/18618.mp4, -1, -1, 68.4705882352941
yfcc-batch23/18624.mp4, -1, -1, 59.6060606060606
yfcc-batch23/18625.mp4, -1, -1, 65.9722222222222
yfcc-batch23/18628.mp4, -1, -1, 72.45714285714291
yfcc-batch23/18629.mp4, -1, -1, 56.1111111111111
yfcc-batch23/18630.mp4, -1, -1, 38.485714285714295
yfcc-batch23/18634.mp4, -1, -1, 57.2424242424242
yfcc-batch23/18636.mp4, -1, -1, 59.914285714285704
yfcc-batch23/18638.mp4, -1, -1, 68.5277777777778
yfcc-batch23/18639.mp4, -1, -1, 56.4117647058824
yfcc-batch23/18643.mp4, -1, -1, 58.027777777777786
yfcc-batch23/18650.mp4, -1, -1, 53.125
yfcc-batch23/18653.mp4, -1, -1, 65.8888888888889
yfcc-batch23/18657.mp4, -1, -1, 56.5833333333333
yfcc-batch23/18658.mp4, -1, -1, 58.1428571428571
yfcc-batch23/18660.mp4, -1, -1, 68.9210526315789
yfcc-batch23/18662.mp4, -1, -1, 68.3333333333333
yfcc-batch23/18683.mp4, -1, -1, 69.7297297297297
yfcc-batch23/18685.mp4, -1, -1, 74.3030303030303
yfcc-batch23/18687.mp4, -1, -1, 67.3888888888889
yfcc-batch23/18695.mp4, -1, -1, 53.8529411764706
yfcc-batch23/18701.mp4, -1, -1, 66.5
yfcc-batch23/18705.mp4, -1, -1, 58.7714285714286
yfcc-batch23/18711.mp4, -1, -1, 54.11428571428571
yfcc-batch23/18712.mp4, -1, -1, 72.4117647058823
yfcc-batch23/18716.mp4, -1, -1, 58.9117647058824
yfcc-batch23/18718.mp4, -1, -1, 48.4117647058824
yfcc-batch23/18720.mp4, -1, -1, 63.4878048780488
yfcc-batch23/18727.mp4, -1, -1, 53.846153846153896
yfcc-batch23/18726.mp4, -1, -1, 72.4166666666667
yfcc-batch23/18732.mp4, -1, -1, 75.8823529411765
yfcc-batch23/18735.mp4, -1, -1, 58.68571428571429
yfcc-batch23/18744.mp4, -1, -1, 70.2
yfcc-batch23/18749.mp4, -1, -1, 62.3513513513514
yfcc-batch23/18752.mp4, -1, -1, 77.35483870967741
yfcc-batch23/18754.mp4, -1, -1, 62.4705882352941
yfcc-batch23/18758.mp4, -1, -1, 68.08571428571429
yfcc-batch23/18772.mp4, -1, -1, 53.3823529411765
yfcc-batch23/18780.mp4, -1, -1, 65.9722222222222
yfcc-batch23/18779.mp4, -1, -1, 60.2972972972973
yfcc-batch23/18783.mp4, -1, -1, 73.030303030303
yfcc-batch23/18798.mp4, -1, -1, 72.88571428571429
yfcc-batch23/18804.mp4, -1, -1, 71.3888888888889
yfcc-batch23/18805.mp4, -1, -1, 67.4705882352941
yfcc-batch23/18810.mp4, -1, -1, 54.675675675675706
yfcc-batch23/18812.mp4, -1, -1, 69.2702702702703
yfcc-batch23/18813.mp4, -1, -1, 60.6285714285714
yfcc-batch23/18816.mp4, -1, -1, 34.5294117647059
yfcc-batch23/18820.mp4, -1, -1, 76.8611111111111
yfcc-batch23/18821.mp4, -1, -1, 70.0
yfcc-batch23/18826.mp4, -1, -1, 63.5428571428571
yfcc-batch23/18834.mp4, -1, -1, 59.6
yfcc-batch23/18840.mp4, -1, -1, 42.5
yfcc-batch23/18841.mp4, -1, -1, 68.6
yfcc-batch23/18842.mp4, -1, -1, 76.18918918918921
yfcc-batch23/18843.mp4, -1, -1, 85.8529411764706
yfcc-batch23/18849.mp4, -1, -1, 67.3428571428571
yfcc-batch23/18852.mp4, -1, -1, 59.75
yfcc-batch23/18854.mp4, -1, -1, 66.5151515151515
yfcc-batch23/18858.mp4, -1, -1, 67.0
yfcc-batch23/18859.mp4, -1, -1, 66.8709677419355
yfcc-batch23/18041.mp4, -1, -1, 69.3636363636364
yfcc-batch23/18055.mp4, -1, -1, 52.4
yfcc-batch23/18061.mp4, -1, -1, 80.4722222222222
yfcc-batch23/18062.mp4, -1, -1, 68.2058823529412
yfcc-batch23/18065.mp4, -1, -1, 72.075
yfcc-batch23/18066.mp4, -1, -1, 65.10526315789471
yfcc-batch23/18067.mp4, -1, -1, 65.5428571428571
yfcc-batch23/18079.mp4, -1, -1, 53.222222222222214
yfcc-batch23/18089.mp4, -1, -1, 54.17647058823529
yfcc-batch23/18091.mp4, -1, -1, 71.8529411764706
yfcc-batch23/18093.mp4, -1, -1, 67.6944444444444
yfcc-batch23/18097.mp4, -1, -1, 64.3823529411765
yfcc-batch23/18106.mp4, -1, -1, 64.5
yfcc-batch23/18110.mp4, -1, -1, 52.11428571428571
yfcc-batch23/18112.mp4, -1, -1, 59.6944444444444
yfcc-batch23/18113.mp4, -1, -1, 78.75
yfcc-batch23/18120.mp4, -1, -1, 48.675675675675706
yfcc-batch23/18119.mp4, -1, -1, 53.8378378378378
yfcc-batch23/18123.mp4, -1, -1, 70.0285714285714
yfcc-batch23/18127.mp4, -1, -1, 61.17142857142861
yfcc-batch23/18129.mp4, -1, -1, 68.8333333333333
yfcc-batch23/18134.mp4, -1, -1, 63.1818181818182
yfcc-batch23/18140.mp4, -1, -1, 43.44117647058821
yfcc-batch23/18143.mp4, -1, -1, 57.25
yfcc-batch23/18146.mp4, -1, -1, 70.8
yfcc-batch23/18147.mp4, -1, -1, 63.736842105263214
yfcc-batch23/18148.mp4, -1, -1, 69.4166666666667
yfcc-batch23/18152.mp4, -1, -1, 34.4117647058824
yfcc-batch23/18155.mp4, -1, -1, 60.7837837837838
yfcc-batch23/18160.mp4, -1, -1, 57.71428571428571
yfcc-batch23/18162.mp4, -1, -1, 61.4166666666667
yfcc-batch23/18171.mp4, -1, -1, 45.6285714285714
yfcc-batch23/18174.mp4, -1, -1, 57.5555555555556
yfcc-batch23/18191.mp4, -1, -1, 61.1388888888889
yfcc-batch23/18193.mp4, -1, -1, 62.4
yfcc-batch23/18196.mp4, -1, -1, 47.78125
yfcc-batch23/18197.mp4, -1, -1, 72.28571428571429
yfcc-batch23/18204.mp4, -1, -1, 60.88571428571429
yfcc-batch23/18206.mp4, -1, -1, 58.972972972973004
yfcc-batch23/18207.mp4, -1, -1, 68.2571428571429
yfcc-batch23/18208.mp4, -1, -1, 71.6857142857143
yfcc-batch23/18217.mp4, -1, -1, 64.4571428571429
yfcc-batch23/18233.mp4, -1, -1, 61.71428571428571
yfcc-batch23/18234.mp4, -1, -1, 78.18918918918921
yfcc-batch23/18237.mp4, -1, -1, 63.34285714285711
yfcc-batch23/18244.mp4, -1, -1, 59.0294117647059
yfcc-batch23/18247.mp4, -1, -1, 45.3783783783784
yfcc-batch23/18249.mp4, -1, -1, 70.5
yfcc-batch23/18258.mp4, -1, -1, 63.3513513513514
yfcc-batch23/18260.mp4, -1, -1, 49.67647058823529
yfcc-batch23/18263.mp4, -1, -1, 57.0
yfcc-batch23/18267.mp4, -1, -1, 71.82857142857141
yfcc-batch23/18271.mp4, -1, -1, 66.08571428571429
yfcc-batch23/18272.mp4, -1, -1, 62.3888888888889
yfcc-batch23/18276.mp4, -1, -1, 53.57142857142861
yfcc-batch23/18277.mp4, -1, -1, 63.1111111111111
yfcc-batch23/18286.mp4, -1, -1, 69.5142857142857
yfcc-batch23/18289.mp4, -1, -1, 83.0810810810811
yfcc-batch23/18293.mp4, -1, -1, 48.82352941176471
yfcc-batch23/18305.mp4, -1, -1, 61.4444444444444
yfcc-batch23/18307.mp4, -1, -1, 57.527777777777786
yfcc-batch23/18313.mp4, -1, -1, 65.6451612903226
yfcc-batch23/18317.mp4, -1, -1, 66.91428571428571
yfcc-batch23/18325.mp4, -1, -1, 65.9736842105263
yfcc-batch23/18329.mp4, -1, -1, 63.8918918918919
yfcc-batch23/18338.mp4, -1, -1, 61.8484848484849
yfcc-batch23/18339.mp4, -1, -1, 27.375
yfcc-batch23/18340.mp4, -1, -1, 55.0
yfcc-batch23/18347.mp4, -1, -1, 75.05405405405409
yfcc-batch23/18351.mp4, -1, -1, 69.4848484848485
yfcc-batch23/18363.mp4, -1, -1, 76.82352941176471
yfcc-batch23/18365.mp4, -1, -1, 61.6111111111111
yfcc-batch23/18366.mp4, -1, -1, 62.0
yfcc-batch23/18368.mp4, -1, -1, 63.43243243243239
yfcc-batch23/18369.mp4, -1, -1, 55.4571428571429
yfcc-batch23/18372.mp4, -1, -1, 65.2777777777778
yfcc-batch23/18373.mp4, -1, -1, 55.8823529411765
yfcc-batch23/18378.mp4, -1, -1, 69.24242424242429
yfcc-batch23/18379.mp4, -1, -1, 68.4545454545455
yfcc-batch23/18383.mp4, -1, -1, 60.7272727272727
yfcc-batch23/18386.mp4, -1, -1, 67.2285714285714
yfcc-batch23/18391.mp4, -1, -1, 67.5
yfcc-batch23/18393.mp4, -1, -1, 73.94444444444441
yfcc-batch23/18398.mp4, -1, -1, 41.47222222222221
yfcc-batch24/19226.mp4, -1, -1, 77.975
yfcc-batch24/19229.mp4, -1, -1, 53.9512195121951
yfcc-batch24/19236.mp4, -1, -1, 70.4736842105263
yfcc-batch24/19238.mp4, -1, -1, 72.2820512820513
yfcc-batch24/19237.mp4, -1, -1, 72.5
yfcc-batch24/19242.mp4, -1, -1, 65.5789473684211
yfcc-batch24/19243.mp4, -1, -1, 70.30769230769229
yfcc-batch24/19246.mp4, -1, -1, 69.8461538461538
yfcc-batch24/19248.mp4, -1, -1, 59.846153846153896
yfcc-batch24/19256.mp4, -1, -1, 70.325
yfcc-batch24/19260.mp4, -1, -1, 62.540540540540505
yfcc-batch24/19271.mp4, -1, -1, 73.1794871794872
yfcc-batch24/19284.mp4, -1, -1, 56.9473684210526
yfcc-batch24/19290.mp4, -1, -1, 60.324324324324294
yfcc-batch24/19297.mp4, -1, -1, 68.2162162162162
yfcc-batch24/19299.mp4, -1, -1, 58.8684210526316
yfcc-batch24/19306.mp4, -1, -1, 64.525
yfcc-batch24/19311.mp4, -1, -1, 63.1315789473684
yfcc-batch24/19312.mp4, -1, -1, 69.21428571428571
yfcc-batch24/19314.mp4, -1, -1, 67.8157894736842
yfcc-batch24/19318.mp4, -1, -1, 53.4047619047619
yfcc-batch24/19323.mp4, -1, -1, 58.97368421052629
yfcc-batch24/19324.mp4, -1, -1, 59.9
yfcc-batch24/19329.mp4, -1, -1, 66.725
yfcc-batch24/19331.mp4, -1, -1, 70.3333333333333
yfcc-batch24/19330.mp4, -1, -1, 70.725
yfcc-batch24/19334.mp4, -1, -1, 62.1794871794872
yfcc-batch24/19336.mp4, -1, -1, 70.23076923076921
yfcc-batch24/19344.mp4, -1, -1, 63.1
yfcc-batch24/19346.mp4, -1, -1, 71.65
yfcc-batch24/19345.mp4, -1, -1, 58.6666666666667
yfcc-batch24/19352.mp4, -1, -1, 62.89743589743589
yfcc-batch24/19367.mp4, -1, -1, 58.2439024390244
yfcc-batch24/19368.mp4, -1, -1, 60.63414634146339
yfcc-batch24/19369.mp4, -1, -1, 47.9230769230769
yfcc-batch24/19376.mp4, -1, -1, 43.097560975609795
yfcc-batch24/19377.mp4, -1, -1, 72.6585365853658
yfcc-batch24/19380.mp4, -1, -1, 64.2702702702703
yfcc-batch24/19382.mp4, -1, -1, 68.421052631579
yfcc-batch24/19386.mp4, -1, -1, 60.30952380952379
yfcc-batch24/19387.mp4, -1, -1, 59.926829268292714
yfcc-batch24/19389.mp4, -1, -1, 61.3076923076923
yfcc-batch24/19392.mp4, -1, -1, 57.1794871794872
yfcc-batch24/19399.mp4, -1, -1, 68.275
yfcc-batch24/19413.mp4, -1, -1, 67.25641025641029
yfcc-batch24/19415.mp4, -1, -1, 69.7222222222222
yfcc-batch24/19416.mp4, -1, -1, 66.9
yfcc-batch24/19417.mp4, -1, -1, 76.6842105263158
yfcc-batch24/19418.mp4, -1, -1, 77.05263157894741
yfcc-batch24/19419.mp4, -1, -1, 69.5789473684211
yfcc-batch24/19422.mp4, -1, -1, 64.9047619047619
yfcc-batch24/19427.mp4, -1, -1, 61.4
yfcc-batch24/19428.mp4, -1, -1, 59.926829268292714
yfcc-batch24/19430.mp4, -1, -1, 83.0
yfcc-batch24/19432.mp4, -1, -1, 58.435897435897395
yfcc-batch24/19436.mp4, -1, -1, 69.4736842105263
yfcc-batch24/19438.mp4, -1, -1, 65.14285714285711
yfcc-batch24/19441.mp4, -1, -1, 62.95
yfcc-batch24/19445.mp4, -1, -1, 58.153846153846104
yfcc-batch24/19451.mp4, -1, -1, 62.487179487179496
yfcc-batch24/19454.mp4, -1, -1, 62.5
yfcc-batch24/19453.mp4, -1, -1, 57.428571428571395
yfcc-batch24/19458.mp4, -1, -1, 68.6756756756757
yfcc-batch24/19461.mp4, -1, -1, 74.325
yfcc-batch24/19462.mp4, -1, -1, 71.7948717948718
yfcc-batch24/19463.mp4, -1, -1, 66.25641025641029
yfcc-batch24/19466.mp4, -1, -1, 50.3333333333333
yfcc-batch24/19468.mp4, -1, -1, 54.2
yfcc-batch24/19469.mp4, -1, -1, 68.4473684210526
yfcc-batch24/19476.mp4, -1, -1, 67.1136363636364
yfcc-batch24/19477.mp4, -1, -1, 58.7727272727273
yfcc-batch24/19479.mp4, -1, -1, 65.3589743589744
yfcc-batch24/19486.mp4, -1, -1, 61.512820512820504
yfcc-batch24/19488.mp4, -1, -1, 67.5789473684211
yfcc-batch24/19491.mp4, -1, -1, 62.1081081081081
yfcc-batch24/19501.mp4, -1, -1, 55.435897435897395
yfcc-batch24/19519.mp4, -1, -1, 70.075
yfcc-batch24/19521.mp4, -1, -1, 67.9473684210526
yfcc-batch24/19524.mp4, -1, -1, 62.0540540540541
yfcc-batch24/19525.mp4, -1, -1, 56.878048780487795
yfcc-batch24/19527.mp4, -1, -1, 65.8157894736842
yfcc-batch24/19534.mp4, -1, -1, 76.9069767441861
yfcc-batch24/19537.mp4, -1, -1, 56.9473684210526
yfcc-batch24/19544.mp4, -1, -1, 66.5
yfcc-batch24/19554.mp4, -1, -1, 64.0789473684211
yfcc-batch24/19560.mp4, -1, -1, 60.525
yfcc-batch24/19563.mp4, -1, -1, 60.125
yfcc-batch24/19564.mp4, -1, -1, 75.1842105263158
yfcc-batch24/19568.mp4, -1, -1, 64.29729729729729
yfcc-batch24/19571.mp4, -1, -1, 68.85
yfcc-batch24/19573.mp4, -1, -1, 69.2631578947369
yfcc-batch24/19578.mp4, -1, -1, 59.263157894736786
yfcc-batch24/19580.mp4, -1, -1, 49.0
yfcc-batch24/19584.mp4, -1, -1, 55.0789473684211
yfcc-batch24/19583.mp4, -1, -1, 74.8717948717949
yfcc-batch24/19585.mp4, -1, -1, 59.5116279069767
yfcc-batch24/19587.mp4, -1, -1, 65.65
yfcc-batch24/19590.mp4, -1, -1, 63.97368421052629
yfcc-batch24/19592.mp4, -1, -1, 60.6216216216216
yfcc-batch24/19596.mp4, -1, -1, 78.3157894736842
yfcc-batch24/19598.mp4, -1, -1, 64.475
yfcc-batch24/19608.mp4, -1, -1, 71.925
yfcc-batch24/19610.mp4, -1, -1, 55.7
yfcc-batch24/19611.mp4, -1, -1, 60.3
yfcc-batch24/19615.mp4, -1, -1, 71.075
yfcc-batch24/19621.mp4, -1, -1, 67.2894736842105
yfcc-batch24/19622.mp4, -1, -1, 47.575
yfcc-batch24/19627.mp4, -1, -1, 59.425
yfcc-batch24/19631.mp4, -1, -1, 61.421052631579
yfcc-batch24/19640.mp4, -1, -1, 65.2105263157895
yfcc-batch24/19648.mp4, -1, -1, 65.9512195121951
yfcc-batch24/19650.mp4, -1, -1, 68.1842105263158
yfcc-batch24/19651.mp4, -1, -1, 74.76190476190479
yfcc-batch24/19652.mp4, -1, -1, 64.0512820512821
yfcc-batch24/19668.mp4, -1, -1, 65.1025641025641
yfcc-batch24/19674.mp4, -1, -1, 74.35897435897441
yfcc-batch24/19676.mp4, -1, -1, 65.9736842105263
yfcc-batch24/19499.mp4, -1, -1, 69.1794871794872
yfcc-batch24/19058.mp4, -1, -1, 71.8918918918919
yfcc-batch24/18865.mp4, -1, -1, 73.5675675675676
yfcc-batch24/18876.mp4, -1, -1, 71.76190476190479
yfcc-batch24/18878.mp4, -1, -1, 74.11904761904759
yfcc-batch24/18883.mp4, -1, -1, 69.2
yfcc-batch24/18884.mp4, -1, -1, 80.6153846153846
yfcc-batch24/18888.mp4, -1, -1, 66.8421052631579
yfcc-batch24/18889.mp4, -1, -1, 50.0
yfcc-batch24/18907.mp4, -1, -1, 73.9285714285714
yfcc-batch24/18909.mp4, -1, -1, 82.675
yfcc-batch24/18913.mp4, -1, -1, 66.9772727272727
yfcc-batch24/18918.mp4, -1, -1, 64.36585365853661
yfcc-batch24/18921.mp4, -1, -1, 71.8095238095238
yfcc-batch24/18922.mp4, -1, -1, 70.9069767441861
yfcc-batch24/18924.mp4, -1, -1, 64.2272727272727
yfcc-batch24/18926.mp4, -1, -1, 70.87804878048779
yfcc-batch24/18930.mp4, -1, -1, 78.7179487179487
yfcc-batch24/18934.mp4, -1, -1, 48.390243902439
yfcc-batch24/18937.mp4, -1, -1, 64.6904761904762
yfcc-batch24/18947.mp4, -1, -1, 78.05263157894741
yfcc-batch24/18957.mp4, -1, -1, 67.4090909090909
yfcc-batch24/18964.mp4, -1, -1, 66.1025641025641
yfcc-batch24/18966.mp4, -1, -1, 62.4878048780488
yfcc-batch24/18968.mp4, -1, -1, 61.725
yfcc-batch24/18976.mp4, -1, -1, 75.425
yfcc-batch24/18978.mp4, -1, -1, 72.6486486486487
yfcc-batch24/18990.mp4, -1, -1, 64.45238095238089
yfcc-batch24/18991.mp4, -1, -1, 70.67441860465121
yfcc-batch24/18992.mp4, -1, -1, 51.7317073170732
yfcc-batch24/18994.mp4, -1, -1, 63.1463414634146
yfcc-batch24/18999.mp4, -1, -1, 55.7105263157895
yfcc-batch24/19006.mp4, -1, -1, 72.10526315789471
yfcc-batch24/19013.mp4, -1, -1, 63.6111111111111
yfcc-batch24/19015.mp4, -1, -1, 76.74358974358971
yfcc-batch24/19014.mp4, -1, -1, 66.425
yfcc-batch24/19019.mp4, -1, -1, 66.2
yfcc-batch24/19027.mp4, -1, -1, 74.1315789473684
yfcc-batch24/19029.mp4, -1, -1, 65.0714285714286
yfcc-batch24/19030.mp4, -1, -1, 62.56410256410261
yfcc-batch24/19032.mp4, -1, -1, 58.4878048780488
yfcc-batch24/19039.mp4, -1, -1, 71.97435897435899
yfcc-batch24/19042.mp4, -1, -1, 70.1951219512195
yfcc-batch24/19045.mp4, -1, -1, 66.9473684210526
yfcc-batch24/19060.mp4, -1, -1, 65.8461538461538
yfcc-batch24/19066.mp4, -1, -1, 61.90243902439021
yfcc-batch24/19069.mp4, -1, -1, 66.5789473684211
yfcc-batch24/19072.mp4, -1, -1, 71.1428571428571
yfcc-batch24/19085.mp4, -1, -1, 71.9230769230769
yfcc-batch24/19097.mp4, -1, -1, 74.775
yfcc-batch24/19099.mp4, -1, -1, 61.575
yfcc-batch24/19102.mp4, -1, -1, 71.7105263157895
yfcc-batch24/19106.mp4, -1, -1, 62.880952380952394
yfcc-batch24/19110.mp4, -1, -1, 68.1666666666667
yfcc-batch24/19112.mp4, -1, -1, 60.342105263157904
yfcc-batch24/19120.mp4, -1, -1, 60.6315789473684
yfcc-batch24/19137.mp4, -1, -1, 74.97674418604649
yfcc-batch24/19139.mp4, -1, -1, 64.91428571428571
yfcc-batch24/19143.mp4, -1, -1, 75.4871794871795
yfcc-batch24/19146.mp4, -1, -1, 65.1
yfcc-batch24/19148.mp4, -1, -1, 44.125
yfcc-batch24/19149.mp4, -1, -1, 69.7105263157895
yfcc-batch24/19151.mp4, -1, -1, 63.487179487179496
yfcc-batch24/19155.mp4, -1, -1, 57.0
yfcc-batch24/19160.mp4, -1, -1, 66.8
yfcc-batch24/19161.mp4, -1, -1, 65.5365853658537
yfcc-batch24/19163.mp4, -1, -1, 66.71428571428571
yfcc-batch24/19162.mp4, -1, -1, 44.6046511627907
yfcc-batch24/19164.mp4, -1, -1, 66.5833333333333
yfcc-batch24/19167.mp4, -1, -1, 66.5
yfcc-batch24/19171.mp4, -1, -1, 60.875
yfcc-batch24/19172.mp4, -1, -1, 67.625
yfcc-batch24/19176.mp4, -1, -1, 61.2558139534884
yfcc-batch24/19182.mp4, -1, -1, 60.2105263157895
yfcc-batch24/19181.mp4, -1, -1, 38.4
yfcc-batch24/19190.mp4, -1, -1, 57.7179487179487
yfcc-batch24/19189.mp4, -1, -1, 72.609756097561
yfcc-batch24/19196.mp4, -1, -1, 64.2
yfcc-batch24/19197.mp4, -1, -1, 69.5526315789474
yfcc-batch24/19200.mp4, -1, -1, 69.3243243243243
yfcc-batch24/19206.mp4, -1, -1, 52.4864864864865
yfcc-batch24/19209.mp4, -1, -1, 71.6486486486487
yfcc-batch24/19211.mp4, -1, -1, 69.0243902439025
yfcc-batch24/19217.mp4, -1, -1, 61.775
yfcc-batch24/19221.mp4, -1, -1, 75.0
yfcc-batch24/19222.mp4, -1, -1, 68.9210526315789
yfcc-batch25/19681.mp4, -1, -1, 51.0487804878049
yfcc-batch25/19692.mp4, -1, -1, 61.0
yfcc-batch25/19694.mp4, -1, -1, 67.075
yfcc-batch25/19695.mp4, -1, -1, 64.1538461538462
yfcc-batch25/19696.mp4, -1, -1, 70.21951219512201
yfcc-batch25/19703.mp4, -1, -1, 56.89473684210521
yfcc-batch25/19716.mp4, -1, -1, 72.3658536585366
yfcc-batch25/19722.mp4, -1, -1, 46.9428571428571
yfcc-batch25/19732.mp4, -1, -1, 57.277777777777786
yfcc-batch25/19735.mp4, -1, -1, 65.8421052631579
yfcc-batch25/19736.mp4, -1, -1, 67.0487804878049
yfcc-batch25/19737.mp4, -1, -1, 61.89743589743589
yfcc-batch25/19745.mp4, -1, -1, 72.0487804878049
yfcc-batch25/19748.mp4, -1, -1, 75.84848484848479
yfcc-batch25/19757.mp4, -1, -1, 70.4146341463415
yfcc-batch25/19762.mp4, -1, -1, 60.85
yfcc-batch25/19767.mp4, -1, -1, 67.94285714285711
yfcc-batch25/19766.mp4, -1, -1, 69.3513513513513
yfcc-batch25/19768.mp4, -1, -1, 62.3414634146342
yfcc-batch25/19771.mp4, -1, -1, 47.526315789473706
yfcc-batch25/19773.mp4, -1, -1, 68.4102564102564
yfcc-batch25/19776.mp4, -1, -1, 74.35
yfcc-batch25/19781.mp4, -1, -1, 71.28571428571429
yfcc-batch25/19788.mp4, -1, -1, 74.175
yfcc-batch25/19789.mp4, -1, -1, 49.972972972973004
yfcc-batch25/19808.mp4, -1, -1, 71.3243243243243
yfcc-batch25/19812.mp4, -1, -1, 53.15
yfcc-batch25/19817.mp4, -1, -1, 57.463414634146396
yfcc-batch25/19822.mp4, -1, -1, 76.8974358974359
yfcc-batch25/19826.mp4, -1, -1, 74.1578947368421
yfcc-batch25/19825.mp4, -1, -1, 79.1794871794872
yfcc-batch25/19830.mp4, -1, -1, 80.32352941176471
yfcc-batch25/19838.mp4, -1, -1, 78.14634146341459
yfcc-batch25/19843.mp4, -1, -1, 76.9210526315789
yfcc-batch25/19845.mp4, -1, -1, 70.5
yfcc-batch25/19849.mp4, -1, -1, 67.4545454545455
yfcc-batch25/19862.mp4, -1, -1, 68.76923076923079
yfcc-batch25/19864.mp4, -1, -1, 68.2926829268293
yfcc-batch25/19863.mp4, -1, -1, 71.23684210526321
yfcc-batch25/19867.mp4, -1, -1, 60.05
yfcc-batch25/19869.mp4, -1, -1, 66.6666666666667
yfcc-batch25/19870.mp4, -1, -1, 73.3
yfcc-batch25/19872.mp4, -1, -1, 44.0769230769231
yfcc-batch25/19876.mp4, -1, -1, 58.4146341463415
yfcc-batch25/19880.mp4, -1, -1, 55.5853658536585
yfcc-batch25/19883.mp4, -1, -1, 58.9512195121951
yfcc-batch25/19886.mp4, -1, -1, 75.5
yfcc-batch25/19888.mp4, -1, -1, 76.97142857142859
yfcc-batch25/19887.mp4, -1, -1, 70.7674418604651
backup/24981.mp4, -1, -1, 63.545454545454504
backup/24954.mp4, -1, -1, 75.58974358974359
backup/24991.mp4, -1, -1, 73.5454545454545
backup/24940.mp4, -1, -1, 68.3406593406593
backup/24941.mp4, -1, -1, 71.1694915254237
backup/24949.mp4, -1, -1, 44.5
backup/24955.mp4, -1, -1, 62.5798816568048
backup/24933.mp4, -1, -1, 48.4444444444444
backup/24918.mp4, -1, -1, 63.531746031745996
backup/24942.mp4, -1, -1, 73.4583333333333
backup/24957.mp4, -1, -1, 70.2641509433962
backup/24990.mp4, -1, -1, 63.9090909090909
backup/24952.mp4, -1, -1, 40.3170731707317
backup/24932.mp4, -1, -1, 67.30769230769229
backup/24960.mp4, -1, -1, 57.6533333333333
backup/24920.mp4, -1, -1, 69.7714285714286
backup2/b2.mp4, -1, -1, 60.3448275862069
backup2/b3.mp4, -1, -1, 60.28571428571429
backup2/b4.mp4, -1, -1, 60.5810810810811
backup2/b6.mp4, -1, -1, 66.39285714285711
backup2/b9.mp4, -1, -1, 50.7666666666667
backup2/b10.mp4, -1, -1, 52.514285714285705
backup2/b17.mp4, -1, -1, 51.1612903225807
backup2/b18.mp4, -1, -1, 71.7714285714286
backup2/b19.mp4, -1, -1, 71.6969696969697
backup2/b24.mp4, -1, -1, 71.775
backup2/b30.mp4, -1, -1, 68.14285714285711
backup2/b43.mp4, -1, -1, 62.0
backup2/b46.mp4, -1, -1, 65.98076923076921
backup2/b47.mp4, -1, -1, 72.8709677419355
backup2/b52.mp4, -1, -1, 41.86
backup2/b54.mp4, -1, -1, 35.238095238095205
backup2/b55.mp4, -1, -1, 58.0137614678899
backup2/b58.mp4, -1, -1, 71.9152542372881
backup2/b65.mp4, -1, -1, 66.79807692307689
backup2/b66.mp4, -1, -1, 60.6206896551724
backup2/b69.mp4, -1, -1, 72.6
backup2/b70.mp4, -1, -1, 70.85263157894741
backup2/b74.mp4, -1, -1, 70.078431372549
backup2/b75.mp4, -1, -1, 72.5208333333333
ia-batch1/youtube-rfCA3lBPXDk.mp4, -1, -1, 44.96875
ia-batch1/StudentsBeingTaughtToWriteSameSexLoveLettersInBritishSchool.mp4, -1, -1, 49.2333333333333
ia-batch1/XcorpsMotorSports3CruisinGrandSeg.3.mp4, -1, -1, 53.461538461538495
ia-batch1/dkc2-tas-comicalflop.mp4, -1, -1, 62.375
ia-batch1/SCVTV.com_1_8_2011_President_Barack_Obama_s_Weekly_Address.mp4, -1, -1, 73.4545454545455
ia-batch1/dayoh-Dayton_City_Commission_Meeting_12-26-18.mp4, -1, -1, 59.75
ia-batch1/youtube-evmHTYz5bAw.mp4, -1, -1, 52.5555555555556
ia-batch1/youtube-xZoH2oztnU.mp4, -1, -1, 43.8064516129032
ia-batch1/coeor-City_Council_Meeting_02-23-2015.mp4, -1, -1, 44.7272727272727
ia-batch1/youtube-MFA8IwwUv1k.mp4, -1, -1, 75.03125
ia-batch1/World_Beat_2012_OK2Botay_11.mp4, -1, -1, 49.0
ia-batch1/Wayzata_girls_claim_state_Nordic_ski_title.mp4, -1, -1, 60.4838709677419
ia-batch1/Play_of_the_Game_Volleyball_-_Prior_Lake_vs._Burnsville_10_17_17.mp4, -1, -1, 59.096774193548406
ia-batch1/Community_Connection_September_2017_Fridley_MN.mp4, -1, -1, 83.5882352941177
ia-batch1/youtube-4d2nmlXcN3w.mp4, -1, -1, 74.0606060606061
ia-batch1/Tempe_Transit.mp4, -1, -1, 66.6
ia-batch1/cornv-No_snow_means_more_time_for_street_preventive_maintenance..mp4, -1, -1, 52.46875
ia-batch1/QACTV_Sports_-_Heron_Cup.mp4, -1, -1, 78.6969696969697
ia-batch1/bratt2vt-Neighbor_B_Hansson.mp4, -1, -1, 55.8181818181818
ia-batch1/youtube-bvlJp2y7c70.mp4, -1, -1, 61.53571428571429
ia-batch1/Fall_Street_Sweeping.mp4, -1, -1, 72.5945945945946
ia-batch1/youtube-vyXZzT5RHYw.mp4, -1, -1, 50.3030303030303
ia-batch1/youtube-2N6MmYalkLg.mp4, -1, -1, 67.5
ia-batch1/youtube-x2YFteoveAY.mp4, -1, -1, 52.290322580645196
ia-batch1/youtube-dCoMzlmiuQ8.mp4, -1, -1, 73.9310344827586
ia-batch1/North_Reading_School_Committee_6_14_10_Part_3.mp4, -1, -1, 44.322580645161295
ia-batch1/Sychronized_Swimming_Championship.mp4, -1, -1, 48.9375
ia-batch1/Board_of_Commissioners_and_CRA_October_17_2017.mp4, -1, -1, 51.764705882352885
ia-batch1/The_Aerial_Arborist.mp4, -1, -1, 50.65625
ia-batch1/nwctc-Maple_Grove_Softball_Blanks_Osseo_In_Playoff_Opener.mp4, -1, -1, 51.3333333333333
ia-batch1/Farming_in_Torrance_a_Farming_Legacy_-_Torrance_Centennial.mp4, -1, -1, 42.8235294117647
ia-batch1/The_A-List_-_Wendy_Snyder_Jimmy_Mac.mp4, -1, -1, 51.8484848484849
ia-batch1/The_Schooner_Lynx_Visits_Marblehead.mp4, -1, -1, 62.625
ia-batch1/CMNtv_NEWS_-_Royal_Oak_in_Bloom.mp4, -1, -1, 60.842105263157904
ia-batch1/cosmic_center_VJLoops.mp4, -1, -1, 48.20588235294121
ia-batch1/The_Bridge_Cape_Ann_Weekend_Calendar_8_19_2016.mp4, -1, -1, 68.14705882352939
ia-batch1/vf_persona4_73_panda_3500.mp4, -1, -1, 49.125
ia-batch1/coasc-Aiken_Design_Review_Board_-_February_6_2018.mp4, -1, -1, 40.551724137931
ia-batch1/Shoreline_Economic_Strategic_Planning_Summit.mp4, -1, -1, 50.4074074074074
ia-batch1/youtube-wgO7r53SV3M.mp4, -1, -1, 34.405405405405396
ia-batch1/youtube-0y0ffj__R4g.mp4, -1, -1, 45.6666666666667
ia-batch1/The_SportsDesk_38.12_-_Torrance_CitiCABLE_-_November_13-19_2012.mp4, -1, -1, 46.9090909090909
ia-batch1/wtvnj-School_29_Spring_Concert_-_2019.mp4, -1, -1, 53.5294117647059
ia-batch1/Voice_of_Oceanside_CERT.mp4, -1, -1, 32.0555555555556
ia-batch1/Federated_Church_Service_October_13_2012.mp4, -1, -1, 63.3333333333333
ia-batch1/Blaine_vs_Centennial_Football_Post_Game_Interviews.mp4, -1, -1, 64.0645161290323
ia-batch1/Public_Works_Construction_Update.mp4, -1, -1, 39.3333333333333
ia-batch1/rectvma-RSO_2019_Final.mp4, -1, -1, 35.27027027027029
ia-batch1/SandersonFamilyHomeMoviesVol03.mp4, -1, -1, 30.3235294117647
ia-batch1/caatvia-ST_JOHN_JULY_23.mp4, -1, -1, 57.48275862068971
ia-batch1/youtube-9v_y-Vws0hw.mp4, -1, -1, 58.17647058823529
ia-batch1/ucberkeley_webcast_i0VxNnvgnxQ.mp4, -1, -1, 42.1923076923077
ia-batch1/blmtwpmiv-The_Reluctant_Networker.mp4, -1, -1, 56.7333333333333
ia-batch1/Columbus_Day_Curbside_Collection_Daylate.mp4, -1, -1, 35.4
ia-batch1/You_re_Kind_of_a_Big_Deal_-_Episode_01.mp4, -1, -1, 79.1111111111111
ia-batch1/slctvma-Cathy_Neptune_s_Kitchen_-_Ep_5_Reuben_Ring.mp4, -1, -1, 61.875
ia-batch1/youtube-ZkeGse0zw90.mp4, -1, -1, 38.6388888888889
ia-batch1/MWIR_6_27_2013_Brad_Stewart.mp4, -1, -1, 76.875
ia-batch1/youtube-e1M2oMlXUqA.mp4, -1, -1, 31.851851851851894
ia-batch1/Bloomington_Today_-_The_BUZZ_November_2_-_8.mp4, -1, -1, 65.5862068965517
ia-batch1/ccmky-CCMS_May_2_Newscast.mp4, -1, -1, 63.09375
ia-batch1/Sussex_School_Investigates_Paper_Usage_At_City_Hall.mp4, -1, -1, 40.91428571428569
ia-batch1/dni.ncaa.CVI-SUR_R_988-UMHB.mp4, -1, -1, 55.8125
ia-batch1/Should_the_Wizards_breakup_Wall_and_Beal_-_The_Roundball_Report.mp4, -1, -1, 40.3529411764706
ia-batch1/okcok-Oklahoma_City_City_Council_-_May_14_2013.mp4, -1, -1, 56.15625
ia-batch1/youtube-cuSMWuNxH10.mp4, -1, -1, 70.125
ia-batch1/Tuba_Christmas.mp4, -1, -1, 57.1621621621622
ia-batch1/youtube-hjHCemFdmxw.mp4, -1, -1, 55.09375
ia-batch1/sfcoca-Jon_Axis_and_Leo_Apollon_-_Open_Mic_4_22_16.mp4, -1, -1, 56.8529411764706
ia-batch1/ytchannel-valkiriforce.mp4, -1, -1, 33.7142857142857
ia-batch1/bigclivedotcom-638_20120824.mp4, -1, -1, 52.05882352941179
ia-batch1/youtube-OhWlvRlKd98.mp4, -1, -1, 33.6285714285714
ia-batch1/NewYorkCityUpsSecurityAfterBlastNearTimesSquare.mp4, -1, -1, 37.4166666666667
ia-batch1/youtube-81cEyHPr6Nw.mp4, -1, -1, 55.4571428571429
ia-batch1/Camping_Ban.mp4, -1, -1, 62.903225806451594
ia-batch1/Dude_Where_s_My_Mailbox.mp4, -1, -1, 55.63636363636361
ia-batch1/San_Benito_Student_Digital_Media_Festival_7_11.mp4, -1, -1, 35.5806451612903
ia-batch1/youtube-ofdQLRpFvXk.mp4, -1, -1, 47.1153846153846
ia-batch1/vsctvct-Pete_Mezzetti_Show_-_Jim_Crawford_June_2019.mp4, -1, -1, 82.97142857142859
ia-batch1/ucberkeley_webcast_K2K69nEXi90.mp4, -1, -1, 38.7142857142857
ia-batch1/Be_the_First_to_Know_-_No_Matter_Where_You_Are.mp4, -1, -1, 50.9375
ia-batch1/bliptv-20131014-221603-Canessa-March42011EditionOfKCIn60810.mp4, -1, -1, 52.3125
ia-batch1/vf_splice_ql_061812_3500.mp4, -1, -1, 68.5833333333333
ia-batch1/youtube-zBSEi-522A.mp4, -1, -1, 59.9428571428571
ia-batch1/Mississippi_Lime_Accident_4_11_14.mp4, -1, -1, 49.0
ia-batch1/Buildings_Climate_Change_-_Can_Building_Energy_Use_Go_To_Zero_Part_1.mp4, -1, -1, 47.777777777777786
ia-batch1/pegtvvt-Firehouse.mp4, -1, -1, 70.030303030303
ia-batch1/wccctvtx-Alico_ID_The_Waco_City_Cable_Channel.mp4, -1, -1, 72.9393939393939
ia-batch1/David_Miller.mp4, -1, -1, 53.764705882352885
ia-batch1/Flickr-24305510567.mp4, -1, -1, 63.25
ia-batch1/Santa_Parade_Teaser.mp4, -1, -1, 79.8666666666667
ia-batch1/Willmar_City_Council_Meeting_-_October_17_2011.mp4, -1, -1, 38.6470588235294
ia-batch1/NRHS_Space_Needs_04feb16.mp4, -1, -1, 44.1935483870968
ia-batch1/bratt2vt-Conversations_with_Daryl_-_In_Case_of_Emergency_6_30_11.mp4, -1, -1, 42.0
ia-batch1/ucberkeley_webcast_POjtcfFsGEQ.mp4, -1, -1, 45.527777777777786
ia-batch1/Every_Movie_Ever_-_Nancy_Drew_Detective.mp4, -1, -1, 74.4375
ia-batch1/Pownal_Select_Board_-_9_12_13.mp4, -1, -1, 56.741935483871
ia-batch1/corrtx-Veterans_Day_Ceremony.mp4, -1, -1, 74.2413793103448
ia-batch1/yorkmba99_hotmail_Mon.mp4, -1, -1, 38.2903225806451
ia-batch1/Polk_Place_7_Rivers_Water_Festival_and_Cardboard_Cutout_Challenge.mp4, -1, -1, 76.1612903225806
ia-batch1/Wareham_Selectmen_Meeting_5-7-2013.mp4, -1, -1, 40.06666666666671
ia-batch1/ncgvtvca-On_The_Town_Feb_2018.mp4, -1, -1, 51.21875
ia-batch1/Edmond_Public_Safety_Center_PSC_Ribbon_Cutting_Ceremony.mp4, -1, -1, 65.625
ia-batch1/Bloomington_Police_Share_Tips_to_Prevent_Scams.mp4, -1, -1, 71.9722222222222
ia-batch1/bctvpa-Lions_Club_at_the_Boyertown_Museum_of_Historic_Vehicles.mp4, -1, -1, 57.40625
ia-batch1/youtube-z8GmR69SXY0.mp4, -1, -1, 43.0
ia-batch1/Rubik_s_Cube.mp4, -1, -1, 37.7272727272727
ia-batch1/youtube-zzokN7Dptho.mp4, -1, -1, 65.5882352941177
ia-batch1/ccgnc-Successful_Gardener_-_Shiitake_Mushrooms.mp4, -1, -1, 44.6666666666667
ia-batch1/V016_ExamplesFromAnimationLab.mp4, -1, -1, 30.419354838709694
ia-batch1/codtx-Denton_Ventures_-_Hickory_Street_-_Mellow_Mushroom.mp4, -1, -1, 70.5
ia-batch1/SlenderLastPage.mp4, -1, -1, 35.375
ia-batch1/coatv-Truxton_Park_Demolition_Part_4.mp4, -1, -1, 43.9375
ia-batch1/bratt2vt-Leland_and_Gray_School_Board_Meeting_12_10_14.mp4, -1, -1, 52.241379310344804
ia-batch1/nasa-and-optimus-prime-team-up-ANwlI_zKe3k.mp4, -1, -1, 81.82857142857141
ia-batch1/youtube-5FHdyuvgpA8.mp4, -1, -1, 40.6060606060606
ia-batch1/Show_Off_Talent_Contest_2014.mp4, -1, -1, 74.9032258064516
ia-batch1/The_SportsDesk_14.15_-_Torrance_CitiCABLE_-April_7-14_2015.mp4, -1, -1, 43.8709677419355
ia-batch1/bliptv-20131031-022004-Black5video-FarmerMovingSouthBR1952566.mp4, -1, -1, 60.6388888888889
ia-batch1/Winchester_Academy_-_What_s_In_The_Air_Around_Frac_Sand_Plants.mp4, -1, -1, 60.7272727272727
ia-batch1/youtube-zlbdZNYFPXI.mp4, -1, -1, 75.3846153846154
ia-batch1/City_Commission_Meeting_4-6-16.mp4, -1, -1, 59.866666666666696
ia-batch1/Currently_in_Quincy_-_Montclair_PTO.mp4, -1, -1, 65.21875
ia-batch1/tshg1qc-Travaux_termine_s_au_pont_du_chemin_de_la_rivie_re_a_Gros-Morne.mp4, -1, -1, 72.5666666666667
ia-batch1/The_Path_Forward_Full_Session.mp4, -1, -1, 63.0909090909091
ia-batch1/whctvct-Shalom_Hartford_-_Interview_with_Walter_Harrison_July_2017.mp4, -1, -1, 60.5
ia-batch1/You_and_the_Law_with_Bob_Lally_Steven_Cilente_20_Traffic_Stop.mp4, -1, -1, 60.8484848484849
ia-batch1/DMPS_Board_Members_Sworn_In_-_DMPS-TV_News.mp4, -1, -1, 79.1785714285714
ia-batch1/youtube-J81HZaD7xP4.mp4, -1, -1, 46.741935483871
ia-batch1/cattvvt-Bennington_Development_Review_Board_-_6_19_18.mp4, -1, -1, 68.0740740740741
ia-batch1/Michael_Baker_s_Flick_of_the_Wrist_Exhibit.mp4, -1, -1, 45.3548387096774
ia-batch1/ucberkeley_webcast_NXrQ6RqN-K4.mp4, -1, -1, 61.8484848484849
ia-batch1/Board_of_Education_-_January_12_2012.mp4, -1, -1, 53.0
ia-batch1/STL_TV_Live_--_Innovative_Concept_Academy_-_Part_1.mp4, -1, -1, 58.4137931034483
ia-batch1/datvsma-Community_Chorus_Spring_Concert_2016.mp4, -1, -1, 64.4
ia-batch1/cobmd-CH_Rm_201.mp4, -1, -1, 60.7837837837838
ia-batch1/Champlin_Park_wins_5AA_gymnastics.mp4, -1, -1, 57.7272727272727
ia-batch1/youtube-JT_d0Eqxro4.mp4, -1, -1, 43.8333333333333
ia-batch1/Moby_Dick_Marathon_January_5th_2013.mp4, -1, -1, 62.0
ia-batch1/bctvpa-Poetry_in_Berks_10-09-19.mp4, -1, -1, 63.363636363636395
ia-batch1/Festival_Folklorico_Eucurtro_Latino_-_7_4_12.mp4, -1, -1, 56.1388888888889
ia-batch1/youtube-gM_FAZYiAr8.mp4, -1, -1, 30.178571428571402
ia-batch1/MoveOverDollyScientistsCloneTwoMonkeys.mp4, -1, -1, 66.65517241379311
ia-batch1/Flickr-2543599350.mp4, -1, -1, 64.5483870967742
ia-batch1/youtube-pLVifTC5WTs.mp4, -1, -1, 81.0909090909091
ia-batch1/Crescent_City_Council_2012-04-02.mp4, -1, -1, 50.8275862068966
ia-batch1/youtube-yqHZifPnMyo.mp4, -1, -1, 52.5
ia-batch1/youtube-rj1ERwZs11o.mp4, -1, -1, 54.40625
ia-batch1/youtube-KsAYWOZ5lZI.mp4, -1, -1, 73.0
ia-batch1/RideMeToHeaven.mp4, -1, -1, 61.1621621621622
ia-batch1/youtube-zxIaBzGzI_A.mp4, -1, -1, 23.0
ia-batch1/SPONSORS_of_the_2012_National_Speech_and_Debate_Tournament.mp4, -1, -1, 59.741935483871
ia-batch1/youtube-BLtcb4gw5EY.mp4, -1, -1, 71.3666666666667
ia-batch1/What_s_New_2_26_13.mp4, -1, -1, 47.774193548387096
ia-batch1/Community_Journal_October_1st.mp4, -1, -1, 49.03125
ia-batch1/youtube-YEqd8iUm2PA.mp4, -1, -1, 35.058823529411804
ia-batch1/youtube_UCshPybKGgiQ4IsLLBCGkT2g.mp4, -1, -1, 66.23684210526321
ia-batch1/Recorder_of_Deeds_-_Mortgage_Foreclosure_Mediation.mp4, -1, -1, 59.10256410256411
ia-batch1/Buckthorn_Removal.mp4, -1, -1, 66.7272727272727
ia-batch1/scatvca-El_Dorado_County_Artist_of_the_stars.mp4, -1, -1, 57.375
ia-batch1/ucberkeley_webcast_smJ4BdzejKw.mp4, -1, -1, 41.9285714285714
ia-batch1/youtube-2GfQ3mcJq5Y.mp4, -1, -1, 68.1666666666667
ia-batch1/Board_of_Aldermen_November_17_2017_10_00_32_AM.mp4, -1, -1, 50.5151515151515
ia-batch1/coasc-Aiken_City_Council_Meeting_-_June_26_2017.mp4, -1, -1, 43.8
ia-batch1/Wilmington_Pop_Warner_Homecoming.mp4, -1, -1, 46.03125
ia-batch1/Polk_Today_Tuesday_20140909.mp4, -1, -1, 58.25
ia-batch1/youtube-m3SMnex6AFU.mp4, -1, -1, 39.1666666666667
ia-batch1/Triple_P_-_Provider_Profile_-_Vashti_Kittrell.mp4, -1, -1, 88.8620689655172
ia-batch1/NEWS_-_Shelby_Township_Clean_up_day_coming_up_April_29th_-_4.24.2017.mp4, -1, -1, 76.0
ia-batch1/Dagpieter-dagPieterFlash149159.mp4, -1, -1, 54.774193548387096
ia-batch1/Conservation_Commission_-_11_20_2013.mp4, -1, -1, 27.961538461538506
ia-batch1/Common_Council_Meeting_10_15_2013.mp4, -1, -1, 42.085714285714296
ia-batch1/End_of_Mosquito_Season_No_Cases_Reported.mp4, -1, -1, 74.3636363636364
ia-batch1/youtube-hWBytsdc7f4.mp4, -1, -1, 54.9655172413793
ia-batch1/News_From_Neptune_-_Episode_169.mp4, -1, -1, 62.71875
ia-batch1/youtube-epL5gxLw22M.mp4, -1, -1, 55.7575757575758
ia-batch1/creatv-Signature_Silicon_Valley_-_March_2016.mp4, -1, -1, 83.3870967741935
ia-batch1/SCVTV.com_5_17_2011_Amgen_Tour_of_California_-_Stage_3_Recap.mp4, -1, -1, 39.78125
ia-batch1/STL_TV_LIVE_--_Handmade_Happy_Hour_BellaStyle_part_1_of_2.mp4, -1, -1, 58.375
ia-batch1/Story_Extravaganza_2012.mp4, -1, -1, 68.2162162162162
ia-batch1/CDRC_Event_in_Wood_County_on_Oct._26_2014..mp4, -1, -1, 59.03225806451611
ia-batch1/York_News_-_August_15_2012.mp4, -1, -1, 51.0833333333333
ia-batch1/Somerville_MA_s_All-America_City_Winning_Presentation_-_6.18.09.mp4, -1, -1, 25.678571428571402
ia-batch1/Zombie_Lands_Boys_and_Girls_Club_Missoula.mp4, -1, -1, 66.5151515151515
ia-batch1/School_Committee_-_July_21st_2016.mp4, -1, -1, 57.59375
ia-batch1/The_CHIC_Chat_November_14_2017.mp4, -1, -1, 50.074074074074105
ia-batch1/SMC_SpeakUP_Somerville_LIVE_Telethon_-_Dave_Ortega.mp4, -1, -1, 72.0
ia-batch1/youtube-7XuSNHtcV4s.mp4, -1, -1, 66.64705882352939
ia-batch1/PSA_-_Hazardous_Waste.mp4, -1, -1, 55.0
ia-batch1/Community_Journal_January_11_2018.mp4, -1, -1, 73.21875
ia-batch1/sttvmi-Shelby_TV_Sports_Break_-_Eisenhower_vs._Rochester_Adams_Boys_Basketball_Districts.mp4, -1, -1, 65.4
ia-batch1/Troop_136_Open_House.mp4, -1, -1, 79.7777777777778
ia-batch1/bptvpa-Down_on_the_Homestead_A_Frontier_Thanksgiving.mp4, -1, -1, 52.375
ia-batch1/MegaDriveLongplay417IndianaJonesAndTheLastCrusade.mp4, -1, -1, 53.1428571428571
ia-batch1/youtube-39RI0jP2ZKU.mp4, -1, -1, 34.1111111111111
ia-batch1/Reading_Tails_-_Rockingham_K9.mp4, -1, -1, 71.17142857142859
ia-batch1/BmxShowByMasterRobAlton.mp4, -1, -1, 59.1034482758621
ia-batch1/Every_Movie_Ever_-_Demons.mp4, -1, -1, 73.8
ia-batch1/bliptv-20131011-105338-Amandacongdon-TheBisbee100WillBustYourButt679.mp4, -1, -1, 79.7428571428572
ia-batch1/youtube-ggskYcM-U3A.mp4, -1, -1, 50.53125
ia-batch1/Champlin_Park_vs._Park_Center_Boys_Section_5AA_Soccer.mp4, -1, -1, 49.6875
ia-batch1/Sarasota_County_2012_Annual_Report_Video_-_Community_Services.mp4, -1, -1, 54.0
ia-batch1/Special_Needs_Shelters_-_Prepare_to_Survive.mp4, -1, -1, 77.4516129032258
ia-batch1/youtube-p-9WkBFhuOM.mp4, -1, -1, 43.678571428571395
ia-batch1/punkcast95717.mp4, -1, -1, 50.875
ia-batch1/Felix_Witkowicz_Memorial.mp4, -1, -1, 64.5151515151515
ia-batch1/Dark_2_Dawn_Trail_Run_-_June_4_2016_-_St_Charles_County_Government.mp4, -1, -1, 67.5
ia-batch1/Wareham_Planning_Board_Meeting_8-24-2016.mp4, -1, -1, 46.842105263157904
ia-batch1/PerEnfrentamientosConLaPolicaDuranteHuelgaGeneralPorReformasLaborales.mp4, -1, -1, 43.51724137931029
ia-batch1/cnbma-Memorial_Day_City_Hall_Vietnam_Veterans_Honor_Roll.mp4, -1, -1, 67.7222222222222
ia-batch1/Sports_Den_Top_50_Plays_2014-15.mp4, -1, -1, 48.65625
ia-batch1/theCITY_EP55_City_Engineer_Russell_Pehl.mp4, -1, -1, 80.9411764705882
ia-batch1/blmtwpmiv-Holiday_and_Divorce.mp4, -1, -1, 44.6470588235294
ia-batch1/Missouri_City_Second_Annual_Doubles_Tennis_Tournament.mp4, -1, -1, 60.969696969697
ia-batch1/Common_Council_Meeting_07_24_2012.mp4, -1, -1, 48.9444444444444
ia-batch1/Officer_Involved_Shootings_Final_Report_from_ep._244_of_City_Hall_This_Week.mp4, -1, -1, 59.8125
ia-batch2/Anoka_County_Marks_Law_Day.mp4, -1, -1, 49.745098039215705
ia-batch2/comid-This_week_in_Meridian_April_21st.mp4, -1, -1, 77.3
ia-batch2/THe_Local_Live_148_Pet_of_the_week_Praline.mp4, -1, -1, 75.4285714285714
ia-batch2/NickelodeonBreaks2005.mp4, -1, -1, 54.04255319148941
ia-batch2/Firefighters_Fighting_Hunger.mp4, -1, -1, 70.0
ia-batch2/Anastasia_the_Tortoise_Returned_to_Menominee_Park_Zoo.mp4, -1, -1, 81.98076923076921
ia-batch2/Wounded_Warrior_Marathon.mp4, -1, -1, 43.3541666666667
ia-batch2/youtube-EPN3PHBqQb8.mp4, -1, -1, 38.7358490566038
ia-batch2/Selectmen_-_06-14-2012.mp4, -1, -1, 54.1730769230769
ia-batch2/Wareham_Finance_Committee_Meeting_3-18-2015.mp4, -1, -1, 43.745098039215705
ia-batch2/whpama-WWII_Veterans_Of_Hubbardston.mp4, -1, -1, 58.862745098039206
ia-batch2/Compassion_Speaks_June_2017.mp4, -1, -1, 80.6382978723405
ia-batch2/Planning_Commission_-_May_24_2010.mp4, -1, -1, 58.4074074074074
ia-batch2/youtube-XCLSaMJWLBg.mp4, -1, -1, 34.448979591836704
ia-batch2/Donate_To_VA_Vets.mp4, -1, -1, 51.6545454545455
ia-batch2/blmtwpmiv-Technology_and_Life.mp4, -1, -1, 52.2641509433962
ia-batch2/01.19.2016_Marshall_Public_Schools_Board_Meeting.mp4, -1, -1, 45.9166666666667
ia-batch2/bratt2vt-The_Boys_Who_Would_be_Priests.mp4, -1, -1, 43.7333333333333
ia-batch2/Nature_Sounds_19_by_Penpa_Tsering.mp4, -1, -1, 65.07692307692311
ia-batch2/Woburn_Kiwanis_Club_Ice_Bucket_Challenge_2015.mp4, -1, -1, 56.1698113207547
ia-batch2/Barfield_Crescent_Park.mp4, -1, -1, 60.3269230769231
ia-batch2/youtube-4u8abGQF_mw.mp4, -1, -1, 49.6326530612245
ia-batch2/Philly_Play_Part_2.mp4, -1, -1, 72.75
ia-batch2/Selectmen_-_08-12-2010.mp4, -1, -1, 44.961538461538495
ia-batch2/youtube-JckiHZbYLAA.mp4, -1, -1, 54.23076923076921
ia-batch2/DrZakirNaikWhyYouCouldHaveFourWivesAndOneHusbandPolygamyInIslam.mp4, -1, -1, 59.6153846153846
ia-batch2/Burritoelectricotv-BurritoElectricoTV28458-2.mp4, -1, -1, 47.2452830188679
ia-batch2/youtube-0prAP9Atx3g.mp4, -1, -1, 62.6938775510204
ia-batch2/RajeshNagpalUAE_201511.mp4, -1, -1, 63.8076923076923
ia-batch2/bratt2vt-BUHS-TV_5_10_12.mp4, -1, -1, 42.1607142857143
ia-batch2/youtube-G3TxsHXJ9i0.mp4, -1, -1, 45.8039215686275
ia-batch2/AliceInWonderland1903.mp4, -1, -1, 23.3207547169811
ia-batch2/wacamav-Badges.mp4, -1, -1, 53.1132075471698
ia-batch2/aggwmn-2017.01.03_Arlington_City_Council_Meeting.mp4, -1, -1, 56.4444444444444
ia-batch2/youtube-3iSKz66ufbs.mp4, -1, -1, 37.964912280701796
ia-batch2/Polk_Place_Career_Sournce_Polk_Job_Fair.mp4, -1, -1, 54.46
ia-batch2/Drowning_Prevention_Classes.mp4, -1, -1, 70.98148148148151
ia-batch2/yt-ghonszah.mp4, -1, -1, 57.078431372549
ia-batch2/Rock_Valley_Quilter_s_Guild_2013_Quilt_Show_-_A_Symphony_of_Quilts.mp4, -1, -1, 74.94230769230771
ia-batch2/Brooklyn_Park_Lions_Smelt_Fry_-_April_2013.mp4, -1, -1, 50.2592592592593
ia-batch2/youtube-zUAlSc2mkZ4.mp4, -1, -1, 59.19565217391301
ia-batch2/Successful_Gardener_-_Landscape_Design.mp4, -1, -1, 44.96226415094339
ia-batch2/archiveteam_videobot_twitter_com_830950567488978944.mp4, -1, -1, 38.574074074074105
ia-batch2/whctvct-Inspired_Success_-_Empowered_Women_of_Greatness_March_2014.mp4, -1, -1, 74.5769230769231
ia-batch2/The_Dalai_Lama_s_Millennial_Ethic_of_Intelligent_Nonviolence.mp4, -1, -1, 46.3846153846154
ia-batch2/Discussion_Part_1_080911.mp4, -1, -1, 50.7826086956522
ia-batch2/youtube-QdyECIevMB8.mp4, -1, -1, 78.0714285714286
ia-batch2/wtvma-Wareham_Conservation_Commission_Meeting_4-18-2018.mp4, -1, -1, 43.68518518518521
ia-batch2/tasNesRoadFighterIn0436.4ByMechakoopaRevolution.mp4, -1, -1, 63.6470588235294
ia-batch2/bliptv-20131012-083350-AlternativeMindz-AlmightyHeroes973.mp4, -1, -1, 54.05882352941179
ia-batch2/youtube-aZp8ne3G39E.mp4, -1, -1, 36.9433962264151
ia-batch2/Needham_Fireworks_and_Parade_2010.mov.mp4, -1, -1, 48.3265306122449
ia-batch2/TheCrystalBall1943.mp4, -1, -1, 70.0
ia-batch2/TV23_s_Coverage_of_the_Marietta_Veterans_Day_Parade_2012.mp4, -1, -1, 44.6122448979592
ia-batch2/youtube-lOprK5w23cc.mp4, -1, -1, 39.58181818181821
ia-batch2/TheLastAshokapromo.mp4, -1, -1, 54.1666666666667
ia-batch2/Parks_and_Recreation_Commission_Meeting_1_13_16.mp4, -1, -1, 47.372549019607895
ia-batch2/TimDat.mp4, -1, -1, 47.7758620689655
ia-batch2/Bull_City_Today_-_Oct_14_2019_ep._705_Hybrid_Police_Vehicles.mp4, -1, -1, 80.30909090909091
ia-batch2/12-28-11_Church_Fire.mp4, -1, -1, 52.1730769230769
ia-batch2/Present_-_Dreaming_with_Robert_Moss_part_one.mp4, -1, -1, 61.5
ia-batch2/youtube-xTZASWquNiU.mp4, -1, -1, 40.6470588235294
ia-batch2/cocva-2017_CPS_Student_Teacher_Job_Fair.mp4, -1, -1, 65.4081632653061
ia-batch2/Norfolk_s_Adoptive_Families_Recognized_at_Tides_Game.mp4, -1, -1, 49.1698113207547
ia-batch2/Atlantic_Supermarket_Reading_MA.mp4, -1, -1, 52.5660377358491
ia-batch2/Varsity_Wrestling_vs._Clarkston_1-11-17.mp4, -1, -1, 63.962962962963
ia-batch2/Best_Investment_Advisor.mp4, -1, -1, 59.454545454545496
ia-batch2/Board_of_Works_Feb_18th_2015.mp4, -1, -1, 76.2105263157895
ia-batch2/nwctc-2018_Turkey_Trot_Boys_Hockey_Promo.mp4, -1, -1, 66.9622641509434
ia-batch2/Demetrious_Johnson_Golf_Tournament_2012.mp4, -1, -1, 63.3673469387755
ia-batch2/BigManFromTheNorthCartoon.mp4, -1, -1, 58.9230769230769
ia-batch2/youtube-eg_VtpQLlQM.mp4, -1, -1, 44.788461538461505
ia-batch2/codco-Council_Connection_for_April_7_2015.mp4, -1, -1, 70.94736842105259
ia-batch2/f20110413mad.mp4, -1, -1, 52.8301886792453
ia-batch2/The_Exeter_Weekly_Report_-_June_28th_2018.mp4, -1, -1, 73.7291666666667
ia-batch2/ytchannelfoghornscorpio.mp4, -1, -1, 58.288135593220304
ia-batch2/Park_Lane_Elementary_Library_Upgrade.mp4, -1, -1, 42.7647058823529
ia-batch2/Mystic_Vibrations_at_ScanSource_Reedy_River_Concerts.mp4, -1, -1, 82.16
ia-batch2/STL_TV_LIVE_-_Glo_on_the_Go_1_of_2.mp4, -1, -1, 62.75
ia-batch2/4183_1_FLHS_Girls_Basketball_vs.mp4, -1, -1, 58.5660377358491
ia-batch2/DeKalb_International_Food_Music_Festival_PSA.mp4, -1, -1, 53.09803921568629
ia-batch2/Monona_Grove_High_School_Daily_Announcements_2_21_17.mp4, -1, -1, 77.10204081632659
ia-batch2/2016_WMTA_Forum_-_County_Council_Upcountry.mp4, -1, -1, 69.6545454545455
ia-batch2/Conservation_Commission_meeting_from_July_10_2013.mp4, -1, -1, 44.2641509433962
ia-batch2/Ohio_HS_State_Championship_Wrestling_106_lbs_Rodriguez_v_Assad.mp4, -1, -1, 65.78431372549021
ia-batch2/Wheat_Ridge_City_Council_01-20-2016.mp4, -1, -1, 45.224489795918394
ia-batch2/cobcav-20090720.mp4, -1, -1, 45.859649122807
ia-batch2/youtube-Ax3GkwTIHzQ.mp4, -1, -1, 65.48076923076921
ia-batch2/ucberkeley_webcast_RNZUrHBWuF0.mp4, -1, -1, 49.921568627451
ia-batch2/Eric_Lee_-_Miles_Above_the_Ground.mp4, -1, -1, 75.6595744680851
ia-batch2/Ray_Codey_describes_plans_for_the_Civic_Center_Elevator.mp4, -1, -1, 81.9166666666667
ia-batch2/youtube-7Nm7aC_dkx8.mp4, -1, -1, 35.625
ia-batch2/Tai_Chi_Offers_New_Way_To_Relax_In_Coral_Gables.mp4, -1, -1, 64.7391304347826
ia-batch2/North_Reading_MA_Board_of_Selectmen_Meeting_7_24_17.mp4, -1, -1, 53.24
ia-batch2/Cub_Scout_Pack_24_at_CCTV.mp4, -1, -1, 76.5833333333333
ia-batch2/Aurora_Buffington_s_Fitness_Minute.mp4, -1, -1, 54.096153846153896
ia-batch2/STL_TV_LIVE_--_Neighborhood_Houses_-_1_of_2_-_2012-07-31.mp4, -1, -1, 58.370370370370395
ia-batch2/corvav-Library_Holiday_Programs_-_Produced_by_RVTV-3.mp4, -1, -1, 66.60714285714289
ia-batch2/youtube-eYIAbc7V9oM.mp4, -1, -1, 56.32142857142861
ia-batch2/3026_348_HopefortheCitiesofHopelessness_EP348_MayorKarlDean.mp4, -1, -1, 57.551020408163296
ia-batch2/youtube-adYvyEwEwYU.mp4, -1, -1, 55.9183673469388
ia-batch2/archiveteam_videobot_twitter_com_914543061467877376.mp4, -1, -1, 47.0545454545455
ia-batch2/2014_Youth_Job_Fair_-_Full_Video.mp4, -1, -1, 66.82352941176471
ia-batch2/Mustafa_Hassain_Speaks_On_Muhammad_Ali.mp4, -1, -1, 67.4117647058823
ia-batch2/theforcesmostlycrpfpersonnelarebeingdeployedinvulnerablespotsinthecityandotherpa.mp4, -1, -1, 63.1320754716981
ia-batch2/Airport_Breaks_Ground_on_PSA_Expansion.mp4, -1, -1, 65.5
ia-batch2/Springfield_Township_Community_Senior_Center_Dedication.mp4, -1, -1, 39.924528301886795
ia-batch2/Dayton_Original_-_Hamilton_Dixon.mp4, -1, -1, 55.156862745097996
ia-batch2/spanishrevolution-Juglares_en_Biblio_Acampada_Sol_7_9-1YPywiNqON4.mp4.mp4, -1, -1, 62.3529411764706
ia-batch2/Discover_Convention_Visitors_4-26-2013.mp4, -1, -1, 67.72340425531921
ia-batch2/youtube-09jGqiisCgc.mp4, -1, -1, 36.537037037037
ia-batch2/dni.ncaa.IGRMS-2U_329-UMHB.mp4, -1, -1, 49.178571428571395
ia-batch2/cogco-Real_or_Rumor_-_Edition_28.mp4, -1, -1, 62.6122448979592
ia-batch2/stgenmo-Hope_Church_Ste._Genevieve_Mo._8_25_19.mp4, -1, -1, 71.76
ia-batch2/youtube-CFOcJ54PVd4.mp4, -1, -1, 44.8125
ia-batch2/tv4satx-The_Green_Connection_Bamboo_Show.mp4, -1, -1, 48.2363636363636
ia-batch2/North_Reading_Selectmen_Meeting_4_21_08_Part_7.mp4, -1, -1, 51.15384615384621
ia-batch2/The_10th_and_11th_Steps_9-23-15.mp4, -1, -1, 65.38
ia-batch2/100ThousandPoetsForChangeByShaheenWomensOrganizationPart012017Hyderabad.mp4, -1, -1, 51.8
ia-batch2/untvmi-Picnic_at_the_Opera_Season_2_Episode_1_Kellerville_s_first_song.mp4, -1, -1, 68.8909090909091
ia-batch2/ehmma-Easthampton_City_Council_1_2_2019.mp4, -1, -1, 48.5
ia-batch2/Artist_Marta_Chapa_Visits_Coral_Gables.mp4, -1, -1, 59.96428571428571
ia-batch2/Aspen_Words_Presents_-_Maria_Semple_at_Winter_Words_2014.mp4, -1, -1, 66.78431372549021
ia-batch2/Arrival_of_the_Post-Petroleum_Human.mp4, -1, -1, 66.6296296296296
ia-batch2/City_101_-_What_s_Happening_on_Spruce_Drive.mp4, -1, -1, 75.4782608695652
ia-batch2/What_s_Peace_to_Me_Episode_14.mp4, -1, -1, 71.0
ia-batch2/youtube-jCuoGg20UWs.mp4, -1, -1, 47.2
ia-batch2/El_Segundo_Girls_Lacrosse.mp4, -1, -1, 63.0
ia-batch2/corrtx-Round_Rock_PARD_2016_Annual_VIDEO_Report.mp4, -1, -1, 68.0384615384615
ia-batch2/Different_Look_with_Shujaa_Graham_Pt.3.mp4, -1, -1, 66.7962962962963
ia-batch2/youtube-hliTVn28iwI.mp4, -1, -1, 78.06
ia-batch2/Auction_Action_items_review_12-15-17.mp4, -1, -1, 49.3571428571429
ia-batch2/Oshkosh_Today_Intro_6_24_15.mp4, -1, -1, 58.1320754716981
ia-batch2/CEATEC2009-KDDICorp976.mp4, -1, -1, 70.17647058823529
ia-batch2/Flickr-25792312192.mp4, -1, -1, 85.7169811320755
ia-batch2/bkatwa-Conversation_With_-_Cary_Bozeman.mp4, -1, -1, 65.55769230769229
ia-batch2/Planning_Board_30_July_14.mp4, -1, -1, 30.407407407407398
ia-batch2/Parish_President_s_Report_for_September_18_2017.mp4, -1, -1, 48.54
ia-batch2/2015_West_Allis_Ala_Carte.mp4, -1, -1, 55.846153846153896
ia-batch2/PloxieNowosti30.08.2016.mp4, -1, -1, 61.1346153846154
ia-batch2/MiniPodcastEspecialElNuevoLibroDeDraxYSuOpinion.mp4, -1, -1, 66.7719298245614
ia-batch2/youtube-rFx76L-jSHY.mp4, -1, -1, 44.98076923076921
ia-batch2/BazuaFloods.mp4, -1, -1, 49.8333333333333
ia-batch2/Fire_Drill.mp4, -1, -1, 65.3958333333333
ia-batch2/nntvva-NNTV_Community_News_-_Juneteenth_Freedom_Festival_2019.mp4, -1, -1, 77.13725490196079
ia-batch2/2015_Spring_Clean_Up_Weekend_in_Greeley.mp4, -1, -1, 63.6923076923077
ia-batch2/archiveteam_videobot_UCSD_TV_20161216_1050.mp4, -1, -1, 63.346153846153896
ia-batch2/natma-TONIGHTS_SPECIAL_-_KC_s_Classic_Burger_Bar.mp4, -1, -1, 56.70588235294121
ia-batch2/youtube-0WTuphT73yU.mp4, -1, -1, 75.48
ia-batch2/BigSnowmusicVideo.mp4, -1, -1, 57.5416666666667
ia-batch2/Watch_the_83rd_Annual_Independence_Day_Parade.mp4, -1, -1, 60.454545454545496
ia-batch2/wilctvma-The_Water_is_Wide.mp4, -1, -1, 40.2
ia-batch2/Scituate_Board_of_Selectmen_Meeting_1-22-13.mp4, -1, -1, 57.16
ia-batch2/ctv3in-Frazee_Elementary_Christmas_2014.mp4, -1, -1, 51.9230769230769
ia-batch2/2017_Harrington_Healthcare_5K_Color_Run_Walk.mp4, -1, -1, 71.8333333333333
ia-batch2/waya23613.mp4, -1, -1, 43.7169811320755
ia-batch2/Flickr-35069934554.mp4, -1, -1, 75.4897959183674
ia-batch2/codoh-City_Council_Meeting_9_11_17.mp4, -1, -1, 38.34
ia-batch2/SCTV_Scituate_Heritage_Days_2013.mp4, -1, -1, 48.5636363636364
ia-batch2/youtube-ee9zceuUaV8.mp4, -1, -1, 43.30188679245279
ia-batch2/vf_mirrorsedgecatalyst_uf_04142016_1800.mp4, -1, -1, 77.0377358490566
ia-batch2/Cook_County_President_Toni_Preckwinkle_on_Sugar_Tax_Future_Agenda.mp4, -1, -1, 58.346153846153896
ia-batch2/youtube-wjViVIz_w0M.mp4, -1, -1, 48.5416666666667
ia-batch2/ucberkeley_webcast_d9ud4ABU_Aw.mp4, -1, -1, 45.5
ia-batch2/Cong_Aaron_Schock_R_talks_about_avoiding_Defense_Cuts_Coming_Debt_Ceiling_Fight.mp4, -1, -1, 49.5
ia-batch2/Nature_Story_Time_2.mp4, -1, -1, 54.7446808510638
ia-batch2/ccpania-5_27_19_BOE.mp4, -1, -1, 64.8245614035088
ia-batch2/yt-Dixiegurl56.mp4, -1, -1, 35.4716981132075
ia-batch2/RidersOfTheRockies.mp4, -1, -1, 46.19565217391301
ia-batch2/bptvpa-Community_Garden_Update_3.mp4, -1, -1, 50.7551020408163
ia-batch2/Common_Council_04-28-14.mp4, -1, -1, 48.153846153846104
ia-batch2/BronxAfricanExhibitionOpeningDesktop.mp4, -1, -1, 78.188679245283
ia-batch2/Self_Defense_Class.mp4, -1, -1, 59.1551724137931
ia-batch2/What_s_Happening_Waupaca_7_12_17_-_Teen_Library_Hand_Project.mp4, -1, -1, 65.0
ia-batch2/youtube-4JcCrweL5T8.mp4, -1, -1, 36.625
ia-batch2/Voter_Registration_Information.mp4, -1, -1, 74.1730769230769
ia-batch2/cactvmav-Anderson_Guichette_-_Da_Da_DaDaDa_Da_Da_-_30_Second_Film.mp4, -1, -1, 73.3818181818182
ia-batch2/EEE_warning.mp4, -1, -1, 41.425925925925895
ia-batch2/Present_-_Al_Farrow_in_His_Studio.mp4, -1, -1, 55.94117647058821
ia-batch2/1965_Shad_Derby_Parade.mp4, -1, -1, 37.58
ia-batch2/youtube-VEYDmESVuIM.mp4, -1, -1, 53.74
ia-batch2/youtube-vUdiiAeBRgk.mp4, -1, -1, 26.339285714285694
ia-batch2/Teresa_Ruhland_2006_Award_Winner.mp4, -1, -1, 34.5714285714286
ia-batch2/youtube-FRVAcS6AxKA.mp4, -1, -1, 47.32075471698111
ia-batch2/TheUrbanReporter-TalkingToBlackJournalists661.mp4, -1, -1, 65.0816326530612
ia-batch2/Board_of_Supervisors_8_20_2012.mp4, -1, -1, 31.52
ia-batch2/Pupia-AversaBarriereArchitettonicheEMarciapiedi250511289.mp4, -1, -1, 46.29411764705879
ia-batch2/Around_Athens_-_Women_s_Fest_Part_2.mp4, -1, -1, 51.875
ia-batch2/Mega-Drive-Longplay-128-Sailor-Moon.mp4, -1, -1, 59.450980392156886
ia-batch2/Stagg_High_School_-_Fine_and_Performing_Arts.mp4, -1, -1, 64.67307692307689
ia-batch2/PSX_Longplay_568_Bubble_Bobble_also_featuring_Rainbow_Islands.mp4, -1, -1, 66.57692307692311
ia-batch2/AnArcadianMaidPreview.mp4, -1, -1, 37.543859649122794
ia-batch2/youtube-ZOg8lQB5NRc.mp4, -1, -1, 49.6153846153846
ia-batch2/youtube-Twk29Z00NgE.mp4, -1, -1, 49.150943396226396
ia-batch2/Feed_Starving_Children_FIXED.mp4, -1, -1, 63.76
ia-batch2/Parks_and_Recreation_Commission_Meeting_06_10_2015.mp4, -1, -1, 48.178571428571395
ia-batch2/Street_Division_New_Brine_System_Newsbreak.mp4, -1, -1, 73.62962962962959
ia-batch2/3953_1_FLHS_Mock_Car_Crash_FINAL.mp4, -1, -1, 57.25
ia-batch2/f20100807mad.mp4, -1, -1, 52.7391304347826
ia-batch2/btvnj-Brookdale_s_Wall_Expansion_Project.mp4, -1, -1, 52.1320754716981
ia-batch2/Norfolk_Planning_Board_Meeting_-_January_24_2018.mp4, -1, -1, 46.1914893617021
ia-batch2/Nintendo_64_Longplay_054_Castlevania_Legacy_of_Darkness.mp4, -1, -1, 55.489795918367385
ia-batch2/Simsbury_Grange_Magic_Show_November_4_2013.mp4, -1, -1, 51.4081632653061
ia-batch2/Wyoming_resident_Lyle_Converse.mp4, -1, -1, 80.41818181818181
ia-batch2/Quincy_DPW_-_Day_Late_Curbside_Collection_-_Veterans_Day.mp4, -1, -1, 34.641509433962305
ia-batch2/North_Reading_Board_Of_Selectmen_Meeting_9_19_11_Part_1.mp4, -1, -1, 57.8269230769231
ia-batch2/ngtvma-Nantucket_Planning_Board_6_8_15.mp4, -1, -1, 47.5471698113208
ia-batch2/21_This_Week_Casey_Aiken_s_Opening_Monologue_June_22_2012.mp4, -1, -1, 60.038461538461505
ia-batch2/youtube-5ZlHbyHGMZ4.mp4, -1, -1, 19.2708333333333
ia-batch2/youtube-b3GoNAjEEw8.mp4, -1, -1, 50.3090909090909
ia-batch2/430390main_TWAN_02_25_10.mp4, -1, -1, 54.2037037037037
ia-batch2/Northern_Snakehead_at_Allen_Pond_Park.mp4, -1, -1, 61.7083333333333
ia-batch2/Roelherrera-35MMMCobraAnimoDiosEstaConNosotrosCarlosGuerra328.mp4, -1, -1, 36.4
ia-batch2/youtube-U4dyHreZ4os.mp4, -1, -1, 61.4716981132075
ia-batch2/Barbara_Rush.mp4, -1, -1, 66.5
ia-batch2/Cuentos_y_mas_Pet_Tales.mp4, -1, -1, 57.5454545454546
ia-batch2/drumlemble.mp4, -1, -1, 45.84
ia-batch2/cokin-We_Care_Park_Summer_Bash.mp4, -1, -1, 71.0545454545454
ia-batch2/SCVTV.com_2_2012_How_to_Read_Your_Santa_Clarita_Transit_Bus_Schedule.mp4, -1, -1, 44.2641509433962
ia-batch2/This_Month_at_the_Maser_Gallery_May_2015_-_Cricket_George.mp4, -1, -1, 56.9636363636364
ia-batch2/youtube-nTE6uox7CdM.mp4, -1, -1, 37.02
ia-batch2/youtube-5Vznl3OUqvQ.mp4, -1, -1, 60.30188679245279
ia-batch2/VIP_Dan_Shannon.mp4, -1, -1, 59.2105263157895
ia-batch2/21_This_Week_-_Later_School_Start_Time_for_Montgomery_County_Public_Schools.mp4, -1, -1, 65.0
ia-batch2/Wednesdays_with_Barbie_-_Episode_4.mp4, -1, -1, 50.04
ia-batch2/Every_Movie_Ever_-_Avengers_-_Infinity_War.mp4, -1, -1, 63.21568627450979
ia-batch2/Shannon_McNally_Can_t_Pin_a_Color_Live_at_KDHX_5_28_13.mp4, -1, -1, 60.8
ia-batch3/Babesofbaghdad-GeneralOrderNumber1643.mp4, -1, -1, 47.527777777777786
ia-batch3/cactvmav-Carpe_Kalendarium_-_The_Free_Episode_Nov_2018.mp4, -1, -1, 68.0740740740741
ia-batch3/School_Committee_Meeting_6_27_11_Part_10.mp4, -1, -1, 55.7894736842105
ia-batch3/youtube-GGYpKJlK0Co.mp4, -1, -1, 42.1707317073171
ia-batch3/Dungeness_River_Off_Channel_Reservoir_Project.mp4, -1, -1, 73.1578947368421
ia-batch3/VM11_Allagash_Main_Street.mp4, -1, -1, 75.0967741935484
ia-batch3/TheTreeCathedral.mp4, -1, -1, 67.25
ia-batch3/Barry_Mackerel_Show_Bed_Air_Live.mp4, -1, -1, 58.2424242424242
ia-batch3/sfcoca-Story_Circle_-_2016_Awards_Show_Submission.mp4, -1, -1, 46.4333333333333
ia-batch3/On_The_Road_With_Justin_bK3t4d-tsMM.mp4, -1, -1, 63.0
ia-batch3/VM24_St_Agatha_Pelletier_Island.mp4, -1, -1, 78.6666666666667
ia-batch3/cobma-Soak_Laundry_Grand_Opening.mp4, -1, -1, 66.2121212121212
ia-batch3/archiveteam_videobot_twitter_com_727622374439280640.mp4, -1, -1, 46.6451612903226
ia-batch3/sophia_mia_claymation_final.mp4, -1, -1, 52.3
ia-batch3/youtube-XDrJ0OY08rc.mp4, -1, -1, 64.14285714285711
ia-batch3/Priority_One_On_Your_Feet_S8_Ep5.mp4, -1, -1, 47.7391304347826
ia-batch3/uptv6il-The_Prairie_Monk_8-25-19.mp4, -1, -1, 53.774193548387096
ia-batch3/cornv-Special_Reno_City_CouncilRedevelopment_Agency_Meeting_5-21-13.mp4, -1, -1, 55.4166666666667
ia-batch3/Community_Hotline_2_16_12.mp4, -1, -1, 51.4333333333333
ia-batch3/youtube-iLwwAYJQSIg.mp4, -1, -1, 65.3030303030303
ia-batch3/Obama_Got_It_Entirely_Wrong_Says_Josh_Fox.mp4, -1, -1, 69.3793103448276
ia-batch3/youtube-09Ezh4rBDFY.mp4, -1, -1, 42.16129032258071
ia-batch3/3073_043_VietnameseandNashville_EP43_NewYears51712.mp4, -1, -1, 54.3928571428571
ia-batch3/nctvca-NUSD_Special_Meeting_1-24-2017.mp4, -1, -1, 59.75
ia-batch3/Will_County_Reorganization_2014.mp4, -1, -1, 60.864864864864906
ia-batch3/ccxnewsmn-Wayzata_Girls_Hockey_Preps_for_Big_Games.mp4, -1, -1, 62.8620689655173
ia-batch3/Fit_TV_Episode_3.mp4, -1, -1, 64.85714285714289
ia-batch3/stgenmo-A_Message_from_Holy_Cross_Lutheran_Church_Ste._Genevieve_Mo_9_2_18.mp4, -1, -1, 57.3529411764706
ia-batch3/youtube-pDcQFv96H_s.mp4, -1, -1, 70.0344827586207
ia-batch3/mhatca-MH_July_4th_1997_Galvan_Park_Festivities.mp4, -1, -1, 44.8529411764706
ia-batch3/Abington_Finance_Committee_3-15-12_-_Part_1.mp4, -1, -1, 61.8787878787879
ia-batch3/Cedric_The_Entertainer_Interview_with_Carol_Daniel.mp4, -1, -1, 80.8529411764706
ia-batch3/Spot_the_Fire_Dog_-_August_2016.mp4, -1, -1, 72.34375
ia-batch3/North_Reading_School_Committee_4_27_09_part_9.mp4, -1, -1, 52.8125
ia-batch3/Sports_with_Alex_Symonds_2011_05_06.mp4, -1, -1, 38.3448275862069
ia-batch3/youtube-glZV3Fi7b2U.mp4, -1, -1, 51.290322580645196
ia-batch3/youtube-LbqNkotZlxM.mp4, -1, -1, 61.45161290322579
ia-batch3/fctvma-Adoption_Spotlight_-_Orson.mp4, -1, -1, 72.09375
ia-batch3/youtube-PDJUdl9PXmg.mp4, -1, -1, 56.5925925925926
ia-batch3/ectvil-ECMC.mp4, -1, -1, 43.133333333333304
ia-batch3/Down_By_The_River_-_Sarah_Parks.mp4, -1, -1, 64.5862068965517
ia-batch3/Do_Go_Beginning_July_3_2014.mp4, -1, -1, 62.2333333333333
ia-batch3/Testimonials_Katie.mp4, -1, -1, 70.0
ia-batch3/youtube-smeBEw1kUfQ.mp4, -1, -1, 70.2258064516129
ia-batch3/youtube-Q-YpqaF9Li8.mp4, -1, -1, 54.6
ia-batch3/Bolton_Board_of_Selectmen_March_7_2017.mp4, -1, -1, 52.54838709677421
ia-batch3/Enfield_CT_USA_-_Magic_Carpet_Bus_Service_Kickoff_-_February_28_2013.mp4, -1, -1, 52.3103448275862
ia-batch3/Flag_Day_2016.mp4, -1, -1, 58.6969696969697
ia-batch3/Banishing_Hunger_-_Inventive_Strategies_to_Feed_the_World.mp4, -1, -1, 78.3225806451613
ia-batch3/archiveteam_videobot_twitter_com_881443383855763456.mp4, -1, -1, 55.241379310344804
ia-batch3/youtube-JpQ0_3OnOAQ.mp4, -1, -1, 80.2333333333333
ia-batch3/Waupaca_County_Board_2.12.16.mp4, -1, -1, 55.0416666666667
ia-batch3/SportsDesk_19.10_PART_2.mp4, -1, -1, 48.57142857142861
ia-batch3/youtube-7Mu7oeG9p1w.mp4, -1, -1, 71.3333333333333
ia-batch3/Where_We_Live_-_West_End.mp4, -1, -1, 43.9310344827586
ia-batch3/NextGenTactics-Portal2PortraitOfALadyTrophyAchievementGuide827.mp4, -1, -1, 67.0227272727273
ia-batch3/youtube-ZUkieX2_I1k.mp4, -1, -1, 69.0
ia-batch3/Cuckoo_PSA.mp4, -1, -1, 59.1612903225807
ia-batch3/Country_Club_of_Woodbridge_Commission_-_11_24_15.mp4, -1, -1, 52.5333333333333
ia-batch3/Bjarni-SourdougBreadAtTheGrillRestaurant266.mp4, -1, -1, 60.930232558139494
ia-batch3/Champlin_Park_vs._Maple_Grove_Girls_High_School_Lacrosse.mp4, -1, -1, 57.2333333333333
ia-batch3/Around_the_Parish_-_Tennis_Play_Day.mp4, -1, -1, 65.7906976744186
ia-batch3/youtube-zmLw5qm_FBQ.mp4, -1, -1, 69.0
ia-batch3/youtube-Mk23NxvHGxE.mp4, -1, -1, 43.037037037037
ia-batch3/St._Baldrick_s_Charity_for_Childhood_Cancer_Research.mp4, -1, -1, 42.67741935483871
ia-batch3/youtube-If3bw0CE_LE.mp4, -1, -1, 53.0689655172414
ia-batch3/10000b.mp4, -1, -1, 52.212121212121204
ia-batch3/Medfield_Selectmen_11-04-2014.mp4, -1, -1, 58.4333333333333
ia-batch3/At_The_Market_with_Bryan_Neiman_-_Angelo_Patsalis.mp4, -1, -1, 55.6176470588235
ia-batch3/bliptv-20131013-184702-Askaninja-WheresTheNinjaBeen391.mp4, -1, -1, 77.4032258064516
ia-batch3/cg_0740-Miami-Dade_Minute_-_Liberty_Square_Phase_1_Unveiling.mp4, -1, -1, 72.6666666666667
ia-batch3/youtube-HZl_3GRw99I.mp4, -1, -1, 55.8965517241379
ia-batch3/archiveteam_videobot_twitter_com_785590272608657408.mp4, -1, -1, 54.2424242424242
ia-batch3/youtube--5UaqJpRcIU.mp4, -1, -1, 60.2333333333333
ia-batch3/2012_SCV_High_School_Football_Preview_-_Trinity.mp4, -1, -1, 69.6333333333333
ia-batch3/youtube-FrMs2hKlJeE.mp4, -1, -1, 39.2058823529412
ia-batch3/Seiko5MilitaryAutomaticNylonMensWatchSNK807K2SNK807.mp4, -1, -1, 65.85714285714289
ia-batch3/Science_on_State_Street.mp4, -1, -1, 60.7666666666667
ia-batch3/Trojans_rally_late_to_beat_Hopkins.mp4, -1, -1, 52.5833333333333
ia-batch3/bptvpa-NAMS_Spring_Concert_5_5_16.mp4, -1, -1, 58.78125
ia-batch3/youtube-h8AKgeYLbCI.mp4, -1, -1, 45.5
ia-batch3/rchwi-2000_Pepper_Fest_Eating_Contests.mp4, -1, -1, 48.3548387096774
ia-batch3/Northwest_vs_Kings_Northwest_vs_Colerain_HS_Wrestling.mp4, -1, -1, 60.875
ia-batch3/WB2010_Pt_7e_-_Contessa.mp4, -1, -1, 49.82142857142861
ia-batch3/105940_WildWest_Forum_100306.mp4, -1, -1, 55.3103448275862
ia-batch3/archiveteam_videobot_twitter_com_793020770083536896.mp4, -1, -1, 70.1724137931034
ia-batch3/Scituate_Conservation_Commission_Meeting_June_18_2012.mp4, -1, -1, 61.25
ia-batch3/MikeBrownStrongArmRobberySurveillanceVideoTapeFull.mp4, -1, -1, 30.4
ia-batch3/youtube-s4dB19kOSS0.mp4, -1, -1, 51.6944444444444
ia-batch3/2015-10-08_Hingham_Historical_Districts_Commission.mp4, -1, -1, 47.4571428571429
ia-batch3/Parade_2014_Highlights_Reel_2.mp4, -1, -1, 37.322580645161295
ia-batch3/cg_0146-Hello_Baltimore_County-_Jan_5_2012_Part_3.mp4, -1, -1, 54.9393939393939
ia-batch3/New_Asst._Chief_of_Medical_Services_at_MFRD_Newsbreak.mp4, -1, -1, 58.53125
ia-batch3/The_Simsbury_Woman_-_Meet_Dominique_Avery.mp4, -1, -1, 64.7333333333333
ia-batch3/silentinning86.mp4, -1, -1, 40.1935483870968
ia-batch3/WUHS_Boy_s_Hockey_Vs._Brattleboro_-_December_12_2013.mp4, -1, -1, 51.903225806451594
ia-batch3/nppany-2020_01_08_New_Paltz_Joint_Village_Town_Board_meeting.mp4, -1, -1, 54.019607843137294
ia-batch3/tvc22on-Chronique_Communautaire_-_Les_4_saisons_de_l_humour_2018.mp4, -1, -1, 74.7586206896552
ia-batch3/youtube-dm5eCJp8-jk.mp4, -1, -1, 61.1034482758621
ia-batch3/cobtn-A_Ravenswood_Mansion_Wedding.mp4, -1, -1, 45.0666666666667
ia-batch3/TV-BU_interviste.mp4, -1, -1, 69.67647058823529
ia-batch3/Blight_Elimination_Program.mp4, -1, -1, 57.925925925925895
ia-batch3/coeor-City_Council_Work_Session_04-28-2014.mp4, -1, -1, 45.25
ia-batch3/1912DirectorUnknownPetticoatCampFlorenceLaBadieWilliamGarwood.mp4, -1, -1, 41.6666666666667
ia-batch3/9_3_15_Board_Of_Commission_Meeting.mp4, -1, -1, 57.322580645161295
ia-batch3/Spotlight_ep_11_-_Cost_of_Living.mp4, -1, -1, 55.0333333333333
ia-batch3/Eric_Carty_and_Peter_Mezitt_talk_Rain_Barrels.mp4, -1, -1, 71.64516129032259
ia-batch3/youtube-7INVsWTT1KE.mp4, -1, -1, 44.387096774193495
ia-batch3/Play_of_the_Game_-_Girls_Basketball_Eastview_vs._Burnsville_2_26_16.mp4, -1, -1, 60.5151515151515
ia-batch3/Phoenix_Human_Resources_Dept._Update.mp4, -1, -1, 65.2058823529412
ia-batch3/youtube-trIiFA23fOQ.mp4, -1, -1, 45.32142857142861
ia-batch3/youtube-A0L225tEWpk.mp4, -1, -1, 61.6666666666667
ia-batch3/07-24-2014_City_of_Franklin_TN_Municipal_Planning_Commission.mp4, -1, -1, 51.9333333333333
ia-batch3/30_Minutes_with_Special_Guest_Maestro_Valentin_Radu.mp4, -1, -1, 66.0333333333333
ia-batch3/StoneOnTheRiver.mp4, -1, -1, 41.5675675675676
ia-batch3/youtube-WcQq5Z5rypw.mp4, -1, -1, 57.7333333333333
ia-batch3/Men_Women_in_Ministry_3-18-17.mp4, -1, -1, 61.1428571428571
ia-batch3/NesBattletoads1pWarplessTasIn2733.38ByFoda.mp4, -1, -1, 68.6176470588235
ia-batch3/coatv-Coaches_Corner_-USNA_Volleyball.mp4, -1, -1, 66.71428571428571
ia-batch3/Taste_of_Calaveras_2008_-_10_12_2008.mp4, -1, -1, 55.8620689655173
ia-batch3/archiveteam_videobot_twitter_com_804807729395204096.mp4, -1, -1, 30.551724137931
ia-batch3/cmntv18-CMNtv_Sports_-_Girls_Soccer_-_Avondale_vs_Lutheran_Northwest_-_March_30_2015.mp4, -1, -1, 46.5333333333333
ia-batch3/trcma-Planning_Board_03_21_19.mp4, -1, -1, 50.875
ia-batch3/Wheres_Wilmington_Relay_for_life_2010.mp4, -1, -1, 47.96875
ia-batch3/bptvpa-BPHS_Band_Alma_Mater.mp4, -1, -1, 68.0689655172414
ia-batch3/Our_History_Our_Heroes_-_Ben_Hines.mp4, -1, -1, 67.9333333333333
ia-batch3/DropYolaFanetoFilmedByMackVisions.mp4, -1, -1, 50.5454545454546
ia-batch3/We_Are_Serious_About_Fun-_Presented_by_Concord_Parks_and_Rec.mp4, -1, -1, 63.6511627906977
ia-batch3/Part_2_Paul_Wice_speaks_at_FDU.mp4, -1, -1, 68.3225806451613
ia-batch3/archiveteam_videobot_twitter_com_832209930761469953.mp4, -1, -1, 51.2291666666667
ia-batch3/Boxing_Showcase_Police_Athletic_League_ICA_of_St._Louis.mp4, -1, -1, 46.1379310344828
ia-batch3/youtube-oYcrv-y5Tqo.mp4, -1, -1, 56.222222222222214
ia-batch3/btvnj-Big_Band_April_23_2016.mp4, -1, -1, 68.5
ia-batch3/Athens_City_Council_Meeting_04-30-07.mp4, -1, -1, 63.612903225806505
ia-batch3/youtube-Q_q_ZdDoTqk.mp4, -1, -1, 48.1666666666667
ia-batch3/youtube-zNxzJC6Z03I.mp4, -1, -1, 53.461538461538495
ia-batch3/Drone16_PappasFall.mp4, -1, -1, 69.7931034482759
ia-batch3/Civic_Events_-_Angelo_State_University_Choir_-_Halloween_Spooktacular_Concert_at_City_Hall_Auditorium.mp4, -1, -1, 50.0285714285714
ia-batch3/2016_The_Isaiah_Show_Ep11_Birthday.mp4, -1, -1, 75.8793103448276
ia-batch3/youtube-tkCsSp2cgww.mp4, -1, -1, 46.4333333333333
ia-batch3/youtube-PWy2F_VVAAQ.mp4, -1, -1, 60.366666666666696
ia-batch3/September_19_2017_City_Council.mp4, -1, -1, 51.8787878787879
ia-batch3/Mustang_Pee_Wee_Reds_vs_Homer.mp4, -1, -1, 49.0333333333333
ia-batch3/Arts_101_-_January_2013.mp4, -1, -1, 59.1290322580645
ia-batch3/1933DeadwoodPass.mp4, -1, -1, 43.625
ia-batch3/8_27_15_Board_Of_Commission_Meeting_-_Planning_Zoning.mp4, -1, -1, 69.10714285714289
ia-batch3/DebbieDoes21stCenturyArt2.mp4, -1, -1, 61.5666666666667
ia-batch3/Volunteer_South_Texas_Week_2016.mp4, -1, -1, 70.92592592592591
ia-batch3/Bloomington_Today_-_The_BUZZ_June_17-23.mp4, -1, -1, 66.3225806451613
ia-batch3/wbrtvmi-2009_Peachfest_Kidfest_-_Part_2_of_2.mp4, -1, -1, 55.709677419354804
ia-batch3/mltvpav-Rosemont_Writers_Retreat_-_Writers_Readers_Series_with_Charles_Holdefer_and_Carla_Spataro.mp4, -1, -1, 64.28571428571429
ia-batch3/Autumnfest.mp4, -1, -1, 53.4838709677419
ia-batch3/2018_Memorial_Day_Promo.mp4, -1, -1, 69.4838709677419
ia-batch3/PARK_UPDATE_May_30_2013_HD.mp4, -1, -1, 51.8484848484849
ia-batch3/avbcmi-In_The_Garden_52_The_Borgerson_Garden.mp4, -1, -1, 55.8064516129032
ia-batch3/youtube-vOIOX2uJEyo.mp4, -1, -1, 58.6388888888889
ia-batch3/Bedford_Coast_Guard_Housing_Charette.mp4, -1, -1, 48.8484848484849
ia-batch3/Medfield_Jazz_Night_2018_w_Grace_Kelly_-_Blake_MS_Jazz_Band.mp4, -1, -1, 64.7297297297297
ia-batch3/youtube-B9H8p4iPyHI.mp4, -1, -1, 67.0285714285714
ia-batch3/youtube-a8lfuXXYcOI.mp4, -1, -1, 48.6388888888889
ia-batch3/bliptv-20131014-094816-CageRadio-MikeJancaroleVSSteveMaclaughlin610.mp4, -1, -1, 56.6666666666667
ia-batch3/cocoh-Alum_Creek_Trail_-_Pumphouse_Park_to_I-70_Underpass.mp4, -1, -1, 63.6944444444444
ia-batch3/Ume_Barophobia_Live_at_KDHX_3-22-14.mp4, -1, -1, 72.58064516129029
ia-batch3/cobtn-Historic_Brentwood_-_A_2000_Production.mp4, -1, -1, 57.46428571428571
ia-batch3/An_Old_Naperville_House_Soon_to_be_History.mp4, -1, -1, 64.3666666666667
ia-batch3/The_Roundball_Report_11-19-12.mp4, -1, -1, 60.3513513513514
ia-batch3/csur1qc-CONSEIL_MUNICIPAL_DE_LA_VILLE_DE_VAUDREUIL-DORION_19_mars_2018.mp4, -1, -1, 72.5714285714286
ia-batch3/youtube-dMAPvyi6QH0.mp4, -1, -1, 81.0263157894737
ia-batch3/Death_at_Bridgewater_State_University.mp4, -1, -1, 66.84375
ia-batch3/On_the_Rise_with_Special_Guest_Amie_Potsic_Main_Line_Art_Center.mp4, -1, -1, 56.346153846153896
ia-batch3/03.26.2019_Marshall_City_Council_Meeting.mp4, -1, -1, 56.44117647058821
ia-batch3/youtube-M6pzXhO-rXg.mp4, -1, -1, 45.58064516129029
ia-batch3/youtube-pVxgIHlL8FU.mp4, -1, -1, 68.9310344827586
ia-batch3/DsrvFootage.mp4, -1, -1, 43.290322580645196
ia-batch3/archiveteam_videobot_twitter_com_796411507781222400.mp4, -1, -1, 56.370370370370395
ia-batch3/cmntv18-Troy_High_School_Orchestra_Winter_Concert_-_Dec_18_2017.mp4, -1, -1, 63.5161290322581
ia-batch3/archiveteam_videobot_twitter_com_629803206814466048.mp4, -1, -1, 66.8387096774194
ia-batch3/River_Falls_Public_Library_-_Elementary_my_dear_Watson.mp4, -1, -1, 56.551724137931004
ia-batch3/copefl-Mayor_s_Employee_Recognition_Awards_-_02242016.mp4, -1, -1, 60.45161290322579
ia-batch3/Woman_to_Woman_-_A_discussion_on_Feminism_and_Femininity.mp4, -1, -1, 58.6388888888889
ia-batch3/Video_Voice_Booth_Rock_the_Block_COMPILATION_2.mp4, -1, -1, 77.07407407407409
ia-batch3/Adopt_A_Pet_-_June_21_2013.mp4, -1, -1, 61.84375
ia-batch3/ttvct-Little_Class_-_07_17_2018.mp4, -1, -1, 64.96428571428571
ia-batch3/youtube-BRlWKkeYfx0.mp4, -1, -1, 69.0333333333333
ia-batch3/PKG_2011_8_3_SenatorCandidate_FINAL.mp4, -1, -1, 54.514285714285705
ia-batch3/bctvpa-Holiday_Fire_Safety_12-27-18.mp4, -1, -1, 65.7333333333333
ia-batch3/youtube-4bNoVVzX2OM.mp4, -1, -1, 66.6129032258065
ia-batch3/youtube-AAEEOlNAtr0.mp4, -1, -1, 39.6060606060606
ia-batch3/Valle_Catholic_High_School_Ste._Genevieve_Mo_Homecoming_Parade_10_11_13.mp4, -1, -1, 46.5625
ia-batch3/youtube-zY0znaoQ67Q.mp4, -1, -1, 65.1724137931034
ia-batch3/Sports_Jam_February_1_2016.mp4, -1, -1, 55.34375
ia-batch3/youtube-HJer30-Lj2s.mp4, -1, -1, 57.810810810810786
ia-batch3/youtube-6bmIWXsgKOQ.mp4, -1, -1, 70.3870967741935
ia-batch3/NuGalaxyPresentsSuperWoman.mp4, -1, -1, 66.65517241379311
ia-batch3/vf_ziggurat_ql_03272015_800.mp4, -1, -1, 65.8055555555556
ia-batch3/archiveteam_videobot_twitter_com_793380922515156992.mp4, -1, -1, 59.6944444444444
ia-batch3/SCVTV.com_2_2012_How_to_Use_Your_Santa_Clarita_Transit_TAP_Card.mp4, -1, -1, 69.46428571428571
ia-batch3/Miss_Bree_Hollis_Sings_the_National_Anthem.mp4, -1, -1, 66.8518518518519
ia-batch3/youtube-ceSSB3RlNnw.mp4, -1, -1, 53.794871794871796
ia-batch3/youtube-kynowDOC86s.mp4, -1, -1, 32.1071428571429
ia-batch3/youtube-sl7tX2vFXmE.mp4, -1, -1, 53.322580645161295
ia-batch3/youtube-A9BXq6kRiW0.mp4, -1, -1, 65.6129032258065
ia-batch3/blmtwpmiv-Sam_Riddle_Case.mp4, -1, -1, 47.4137931034483
ia-batch3/21_This_Week_-_Maryland_District_19_Delegate_Race.mp4, -1, -1, 60.59375
ia-batch3/youtube-RmpZ5yaVXrA.mp4, -1, -1, 42.7241379310345
ia-batch3/youtube-IzcoTdw0i58.mp4, -1, -1, 81.6428571428571
ia-batch3/ThroughTheBible-English-37Matthew-2ByZacPoonen.mp4, -1, -1, 57.03225806451611
ia-batch3/bliptv-20131014-172323-Bevnerd-CahabaBrewingCoAlabamaCraftBeerInterview726.mp4, -1, -1, 69.8214285714286
ia-batch3/Alan_Gresik.mp4, -1, -1, 57.6875
ia-batch3/Reign136.mp4, -1, -1, 49.4705882352941
ia-batch3/youtube-6Zw_IWy4Ehc.mp4, -1, -1, 68.625
ia-batch3/Present_-_Azar_Vaghefi.mp4, -1, -1, 60.633333333333304
ia-batch3/bratt2vt-Marty_On_The_Move_-_Shopping_Local_For_The_Holidays.mp4, -1, -1, 53.8387096774193
ia-batch3/Beloit_Today_July_2012.mp4, -1, -1, 58.9666666666667
ia-batch3/SwingYouSinners.mp4, -1, -1, 49.9166666666667
ia-batch3/Bull_City_Today_-_Nov_1_2017_ep._212.mp4, -1, -1, 73.6551724137931
ia-batch3/youtube-JFfs4I10lvw.mp4, -1, -1, 47.972222222222214
ia-batch3/youtube-cXU-JOm2Jwk.mp4, -1, -1, 61.8913043478261
ia-batch3/Archangel_Gabriel_Orthodox_Church_14B017.mp4, -1, -1, 60.46875
ia-batch3/TheBigU.mp4, -1, -1, 44.38636363636361
ia-batch3/ncgvtvca-Staci_on_the_Streets_-_Talking_with_Jason_Sussberg.mp4, -1, -1, 74.9393939393939
ia-batch3/coffeehouse_Lea_135.mp4, -1, -1, 52.8478260869565
ia-batch3/bptvpa-Oliver_Miller_Homestead_Gardens_Tour_June_11th_2017.mp4, -1, -1, 62.4375
ia-batch3/Conservation_Trust_Update_Sept_27.mp4, -1, -1, 64.4042553191489
ia-batch3/ehmma-Southampton_Select_Board_Meeting_10-8-15.mp4, -1, -1, 46.0
ia-batch3/Taste_of_the_Gables_2015.mp4, -1, -1, 58.625
ia-batch3/3D_Downtowns_Modeling_Video.mp4, -1, -1, 69.3225806451613
ia-batch4/Facilities_Use_Mass_Compliant_Committee_FUMP_Part_1.mp4, -1, -1, 54.0555555555556
ia-batch4/NRA_Lobbyist_Todd_Vandermyde.mp4, -1, -1, 54.2105263157895
ia-batch4/APN_Arlington_Public_News_-_August_16_2018.mp4, -1, -1, 62.135135135135094
ia-batch4/Steering_Committee_-_November_3_2014.mp4, -1, -1, 64.3055555555556
ia-batch4/Rolesville_Christmas_Parade_-_2011.mp4, -1, -1, 49.4571428571429
ia-batch4/Theater_of_the_Fantastic.mp4, -1, -1, 48.5428571428571
ia-batch4/fcgtvmd-Community_Conversations_Edie_Rinehart.mp4, -1, -1, 73.54285714285709
ia-batch4/bmn-Game_Highlights_MBL_Championship_-_TC_Elite_vs._Ft._Wayne_Vision_7_29_18.mp4, -1, -1, 52.914285714285704
ia-batch4/f20110703mad.mp4, -1, -1, 48.6666666666667
ia-batch4/cg_0258-Commissioner_Randy_Isenhower_-_Hurricane_Florence_9-15-18.mp4, -1, -1, 70.3611111111111
ia-batch4/Branding_Harwich_Announcement.mp4, -1, -1, 61.39473684210521
ia-batch4/Above_the_Influence_-_PSA_1.mp4, -1, -1, 56.9117647058824
ia-batch4/csdmd-Westminster_vs_Bel_Air_Girls_Volleyball_3A_North_Regional_Final_11-7-14.mp4, -1, -1, 48.5882352941177
ia-batch4/cctvfl-West_County_Annex_building.mp4, -1, -1, 71.4857142857143
ia-batch4/This_Week_In_Torrance_28.10_Part_2.mp4, -1, -1, 52.9444444444444
ia-batch4/Around_Athens_-_Kevin_Polk_s_Tiny_House_Chestnut_Tree_Planting.mp4, -1, -1, 47.5789473684211
ia-batch4/Technology_-_The_Human_Impact_1_of_2_2008.mp4, -1, -1, 56.4117647058824
ia-batch4/New_Ordinance_on_Plastic_Bags.mp4, -1, -1, 75.25
ia-batch4/youtube-OwyvoqFwmoQ.mp4, -1, -1, 73.71428571428571
ia-batch4/youtube-wBHGt97nqgU.mp4, -1, -1, 39.1470588235294
ia-batch4/youtube-VB4tFhNH9vc.mp4, -1, -1, 66.91428571428571
ia-batch4/Top_Plays_-_Sports_Den_10-4-16.mp4, -1, -1, 51.10526315789479
ia-batch4/What_s_New_4_24_13.mp4, -1, -1, 49.257142857142895
ia-batch4/Selectmen_Meeting_9_15_08_Part_1.mp4, -1, -1, 43.8
ia-batch4/Apron_Strings_and_The_Sum_of_Many_Parts_PSA.mp4, -1, -1, 62.235294117647115
ia-batch4/bliptv-20131013-210807-Blacktreetv-StarOfIWillFollowSalliRichardsonAtAFIFilmFestival949.mp4, -1, -1, 68.5
ia-batch4/TotalHalibut-1700_20111216.mp4, -1, -1, 65.5714285714286
ia-batch4/This_Week_in_Frederick_County_-_Monocacy_Catoctin_Watershed_Alliance.mp4, -1, -1, 58.8823529411765
ia-batch4/Cygnus-DragonFlySculptureByValxartcom749.mp4, -1, -1, 54.9705882352941
ia-batch4/scm-310550-funatthenwfolklifefestival201.mp4, -1, -1, 52.3513513513514
ia-batch4/Week_of_11_09_15_Harris_Hill_Elementary_Penfield_Morning_Show.mp4, -1, -1, 50.1176470588235
ia-batch4/2018_Fehlberg_Memorial_Veteran_s_Ride_Departure_from_New_London.mp4, -1, -1, 58.68571428571429
ia-batch4/youtube-3NOcn0idaII.mp4, -1, -1, 60.974358974359
ia-batch4/Beachwalks-BeachWalk513MyMotherTheArtist836.mp4, -1, -1, 54.6285714285714
ia-batch4/ucberkeley_webcast_NlN8Lwi8AaM.mp4, -1, -1, 40.5526315789474
ia-batch4/youtube-y-G2E0GFdpk.mp4, -1, -1, 62.864864864864906
ia-batch4/FatherHasToKeepSawing.mp4, -1, -1, 43.8055555555556
ia-batch4/2013_Norwood_Day_Parade.mp4, -1, -1, 49.11428571428571
ia-batch4/Stories_and_Stones_-_Kirby_Grant_Hoon.mp4, -1, -1, 40.15151515151521
ia-batch4/nwctc-Blake_Upsets_Totino-Grace_in_5A_Boys_Soccer_Final.mp4, -1, -1, 65.1714285714286
ia-batch4/NPTEL-CoreSciEngr-Water_and_Waste_Water_Enginee.mp4, -1, -1, 51.0285714285714
ia-batch4/youtube-h8UGoBBdkcE.mp4, -1, -1, 59.6216216216216
ia-batch4/spanishrevolution-Lapoliciasacaaunapersonadelamarchasuroesteel29N-Gje8OC0ouXI.mp4, -1, -1, 49.0555555555556
ia-batch4/Around_Towne_-_The_Red_Carpet_Party_Fundraiser_2016.mp4, -1, -1, 55.235294117647115
ia-batch4/stltvmo-STL_LIVE_St_Louis_Dental_Center_1_of_2.mp4, -1, -1, 59.277777777777786
ia-batch4/Tree_Lighting_Ceremony_Promo.mp4, -1, -1, 51.5555555555556
ia-batch4/youtube-1Q7R9Rety0I.mp4, -1, -1, 78.8205128205128
ia-batch4/ncgvtvca-Golden_Road_TV_Show_-_Episode_24.mp4, -1, -1, 57.3125
ia-batch4/DFW_Golf_Show.mp4, -1, -1, 58.31428571428571
ia-batch4/Will_the_Republicans_Prevail_in_2010_Seats_to_Watch_and_Why.mp4, -1, -1, 56.9428571428571
ia-batch4/BruceLeeFistofFearTouchofDeath.mp4, -1, -1, 45.4
ia-batch4/youtube-voKxhcAvikQ.mp4, -1, -1, 57.8571428571429
ia-batch4/The_Bone_Man_Presents_Bone_Man_s_Rhapsody_featuring_King_s_Offspring_HARBOR.mp4, -1, -1, 57.4444444444444
ia-batch4/bctvme-BERWICK_FARMERS_MKT_PSA_2018.mp4, -1, -1, 71.73684210526321
ia-batch4/Fall_River_Rotary_Auction_2012_Time_Lapse.mp4, -1, -1, 58.68571428571429
ia-batch4/bliptv-20131013-223958-BenClark-SkiTheHimalayasEpisode002999.mp4, -1, -1, 56.0606060606061
ia-batch4/TheLittleEngineThatCould.mp4, -1, -1, 48.0571428571429
ia-batch4/DreamerTraining_July_26_2016.mp4, -1, -1, 58.8888888888889
ia-batch4/comid-This_Week_in_Meridian_-_Sept._26_-_Oct._2.mp4, -1, -1, 62.527777777777786
ia-batch4/youtube-IjGvGTmsriE.mp4, -1, -1, 57.4
ia-batch4/Capital_Improvement_Committee_-_7_1_2010.mp4, -1, -1, 47.88571428571429
ia-batch4/Board_of_Selectmen_s_meeting_from_November_24_2014.mp4, -1, -1, 42.9117647058824
ia-batch4/Fairfax_County_s_Workhouse_Arts_Center.mp4, -1, -1, 47.3529411764706
ia-batch4/The_Beautiful_Heart_Show_-_Typhoon_Haiyan_Outreach.mp4, -1, -1, 50.2
ia-batch4/Flickr-29928376607.mp4, -1, -1, 69.1538461538462
ia-batch4/youtube-CHjsXD6m6Pk.mp4, -1, -1, 42.9411764705882
ia-batch4/blmtwpmiv-Science_Technology_Engineering_and_Math_for_Students.mp4, -1, -1, 60.657142857142894
ia-batch4/Tulalip_Matters_-_Week_of_06-03-13.mp4, -1, -1, 56.222222222222214
ia-batch4/cogtx-Waves_of_Information_-_April_2_2019.mp4, -1, -1, 71.6756756756757
ia-batch4/youtube-RBF86_zUA9k.mp4, -1, -1, 47.17647058823529
ia-batch4/wbrtvmi-County_Line_with_Don_Brown_Pt._2.mp4, -1, -1, 53.0571428571429
ia-batch4/rugosbrekekelive20200123.mp4, -1, -1, 52.6315789473684
ia-batch4/PARKS_AND_RECREATION_-_Baseball_and_Softball_signups_-_1.22.2018.mp4, -1, -1, 78.9117647058823
ia-batch4/youtube-kWwug4Lg_ZU.mp4, -1, -1, 52.2162162162162
ia-batch4/Exploring_Education_-_Road_Warriors_Track_Program.mp4, -1, -1, 61.222222222222214
ia-batch4/colcav-Youth_In_Government_2015_City_of_Lancaster.mp4, -1, -1, 66.5142857142857
ia-batch4/The_Sandwich_Chamber_Presents_Cape_Cod_Textile.mp4, -1, -1, 57.0810810810811
ia-batch4/2010_Gourmet_Alley.mp4, -1, -1, 59.257142857142895
ia-batch4/2005_Shad_Derby_Moments.mp4, -1, -1, 46.6111111111111
ia-batch4/tr_dbzfighter1_20170615_1800.mp4, -1, -1, 72.0571428571429
ia-batch4/youtube-v_Ahs3UKOO0.mp4, -1, -1, 80.69444444444441
ia-batch4/youtube-YazZuyCDyxM.mp4, -1, -1, 62.28571428571429
ia-batch4/YourselfThroughTheAgesYourself250.mp4, -1, -1, 48.0789473684211
ia-batch4/facebook-507406749814849.mp4, -1, -1, 49.3055555555556
ia-batch4/bliptv-20131031-051011-Beachwalks-beachwalk_357_070215675.mp4, -1, -1, 65.8611111111111
ia-batch4/youtube-_hPeTYwgbek.mp4, -1, -1, 59.0
ia-batch4/slpmn-Country_Music_Jam_pt1_9-4-2019_at_LenoxCC_--_ParkTV15.mp4, -1, -1, 65.25
ia-batch4/wrokmi-Dave_Hamilton_Band_2015_Echoes_of_Awesome.mp4, -1, -1, 55.11428571428571
ia-batch4/We_the_People_Regional_Champions.mp4, -1, -1, 69.5142857142857
ia-batch4/Finance_Committee_meeting_from_March_26_2014.mp4, -1, -1, 57.8055555555556
ia-batch4/youtube-eXUgOn5rwPA.mp4, -1, -1, 46.0
ia-batch4/cdaid-February_27_2017_Public_Works_Committee_Meeting.mp4, -1, -1, 53.2432432432432
ia-batch4/Art_Happens_EP_29_Dale_Dorlin.mp4, -1, -1, 75.3714285714286
ia-batch4/cobmd-Bowie_Fair_Housing_Roundtable.mp4, -1, -1, 56.3030303030303
ia-batch4/coeor-Budget_Committee_02-26-2014.mp4, -1, -1, 46.0810810810811
ia-batch4/Press_Availability_June_25_2014.mp4, -1, -1, 74.0
ia-batch4/Stoltzfus_House_Historic_Preservation_Trust_of_Berks_County_4-24-17.mp4, -1, -1, 60.527777777777786
ia-batch4/youtube-bMKiK_Ydv7g.mp4, -1, -1, 52.3030303030303
ia-batch4/cg_0258-Mayhem_-_Catawba_County_Public_Health_office_safety.mp4, -1, -1, 56.7714285714286
ia-batch4/Batesview_Drive_Sidewalk_Project.mp4, -1, -1, 57.31428571428571
ia-batch4/12_17_15_Abilene_City_Council_Meeting_-_Consent_Agenda_Items_-_6.5.mp4, -1, -1, 52.7027027027027
ia-batch4/2009_Athena_Award.mp4, -1, -1, 46.0882352941177
ia-batch4/youtube-mmTfpC4ogIc.mp4, -1, -1, 62.151515151515206
ia-batch4/SkyRiders.mp4, -1, -1, 37.1081081081081
ia-batch4/youtube-MjzVnOhILcQ.mp4, -1, -1, 63.28571428571429
ia-batch4/CHC_Dana_Ward_Larry_Cole_2001.mp4, -1, -1, 40.6285714285714
ia-batch4/America_s_Squre_Dance_-_Episode_7.mp4, -1, -1, 49.70588235294121
ia-batch4/youtube-PWYcIjoEEQo.mp4, -1, -1, 64.9117647058823
ia-batch4/youtube-1ds8Fylj5fM.mp4, -1, -1, 43.8333333333333
ia-batch4/bliptv-20131015-072129-Askaninja-AskANinjaSpecialDelivery24NinjasHelpingPirates844.mp4, -1, -1, 58.8205128205128
ia-batch4/bliptv-20131031-051837-1TakeTV-1TakeTVEpisode2TareqMystery920.mp4, -1, -1, 59.969696969697
ia-batch4/ccxnewsmn-Water_Treatment_Plant_Animation.mp4, -1, -1, 72.42424242424241
ia-batch4/This_Week_In_Torrance_42.10_Part_2.mp4, -1, -1, 63.82352941176471
ia-batch4/Disc._First_Avenue_Bike_Path_011315.mp4, -1, -1, 63.31428571428571
ia-batch4/Dinners_With_Love.mp4, -1, -1, 62.4
ia-batch4/youtube-cqwufvtVgDE.mp4, -1, -1, 44.0540540540541
ia-batch4/Pupia-TrentolaDucentaCEPresentazioneListaGriffo1210411121-2.mp4, -1, -1, 66.5
ia-batch4/WOW_PSA_2014.mp4, -1, -1, 68.6486486486487
ia-batch4/youtube-dB7oDURBPIc.mp4, -1, -1, 57.394736842105296
ia-batch4/411Show-RockGroupYoshimotoVideoNo3138-2.mp4, -1, -1, 46.1470588235294
ia-batch4/Wellesley_High_School_Sports_Report_-_5_29_15.mp4, -1, -1, 61.540540540540505
ia-batch4/The_Intersection_of_Poverty_and_Data_-_Part_1.mp4, -1, -1, 51.4166666666667
ia-batch4/am-Theological_Devotional_-_Being.mp4, -1, -1, 69.4411764705882
ia-batch4/What_s_Going_On_-_Children_s_Community_Healthcare_Plan_-_Part_Two.mp4, -1, -1, 50.4375
ia-batch4/Planning_11-13-12.mp4, -1, -1, 45.4444444444444
ia-batch4/Super_Storm_Sandy_Manasquan.mp4, -1, -1, 58.3611111111111
ia-batch4/SVC_2008_-_CCTV_Promo_featuring_Spider_Pigs.mp4, -1, -1, 59.68571428571429
ia-batch4/01_Going_Outta_the_Way_for_Youtube.mp4, -1, -1, 54.17142857142861
ia-batch4/SomewhereInDreamland_24.mp4, -1, -1, 41.0555555555556
ia-batch4/youtube-HQOJprZ-3w8.mp4, -1, -1, 66.88571428571429
ia-batch4/dscma-Dover_Selectmen_Meeting_November_29_2018.mp4, -1, -1, 61.1875
ia-batch4/caatvia-BOARD_OF_SUPERVISORS_MAY_7.mp4, -1, -1, 67.9090909090909
ia-batch4/quranarabicrussianmp4.mp4, -1, -1, 49.9189189189189
ia-batch4/cobma-Horizons_for_Homeless_Children_Groundbreaking_-_Promo.mp4, -1, -1, 63.514285714285705
ia-batch4/youtube-nS834b2Ful8.mp4, -1, -1, 43.5555555555556
ia-batch4/youtube-CE2wktItPAE.mp4, -1, -1, 71.7297297297297
ia-batch4/youtube-1NS15UOLUzo.mp4, -1, -1, 22.8
ia-batch4/Education_Matters_Interns.mp4, -1, -1, 74.2121212121212
ia-batch4/youtube-aEmvIJxphTs.mp4, -1, -1, 37.8823529411765
ia-batch4/Aspen_Challenge_Denver-_Highlights.mp4, -1, -1, 73.5135135135135
ia-batch4/youtube-SSKi1YaTfeU.mp4, -1, -1, 44.5
ia-batch4/electricsheep-flock-244-85000-4.mp4, -1, -1, 63.79411764705879
ia-batch4/Monona_Grove_High_School_Daily_Announcements_3_1_18.mp4, -1, -1, 74.62162162162159
ia-batch4/FightingBlood_201401.mp4, -1, -1, 33.971428571428596
ia-batch4/electricsheep-flock-244-80000-9.mp4, -1, -1, 60.3513513513514
ia-batch4/youtube-96ylcQUbs5E.mp4, -1, -1, 56.05882352941179
ia-batch4/MVI50542126.mp4, -1, -1, 67.25
ia-batch4/Sarasota_County_Phillippi_Farmhouse_Market.mp4, -1, -1, 61.0
ia-batch4/Milton_s_Restaurant_-_February_2013.mp4, -1, -1, 60.3333333333333
ia-batch4/youtube-WTdfJ1OeeZg.mp4, -1, -1, 38.054054054054106
ia-batch4/youtube-4PoVM6JDlSc.mp4, -1, -1, 64.7878787878788
ia-batch4/f20101103mad.mp4, -1, -1, 46.0285714285714
ia-batch4/Northeast_Journal_2016_Year_In_Review.mp4, -1, -1, 70.2702702702703
ia-batch4/pacmd-Rockin_Grandma_s_Story_Time_with_Wicomico_Public_Libraries.mp4, -1, -1, 75.8787878787879
ia-batch4/youtube-LinzWMkWlok.mp4, -1, -1, 43.2
ia-batch4/When_MBNA_Came_To_Belfast_And_Maine_And_Changed_Everything_Part1_of_8.mp4, -1, -1, 57.17647058823529
ia-batch4/26322NuremburgTrialsPart1.mp4, -1, -1, 48.05882352941179
ia-batch4/CartoonClassics_201601.mp4, -1, -1, 45.722222222222214
ia-batch4/vf_undergarden_ql_120710_3500.mp4, -1, -1, 69.3823529411765
ia-batch4/btvnj-Interior_Design_Laura_Spakowski.mp4, -1, -1, 72.7352941176471
ia-batch4/Our_World_Our_Choice_Show_1.10.mp4, -1, -1, 52.5428571428571
ia-batch4/youtube-yZlL4fYJdmI.mp4, -1, -1, 58.6666666666667
ia-batch4/youtube-VYn4Xu7MvOQ.mp4, -1, -1, 52.3333333333333
ia-batch4/cg_0740-La_septima_Feria_Internacional_Agricola_Ecuestre_y_Ganadera_de_Miami.mp4, -1, -1, 72.4722222222222
ia-batch4/corrtx-Sail_Away_With_Books.mp4, -1, -1, 64.43243243243239
ia-batch4/ShoutingBlueTiger-EmptinessAndFreedom200-2.mp4, -1, -1, 65.1351351351351
ia-batch4/mhatca-Live_Oak_Grad_Night_2006.mp4, -1, -1, 47.421052631579
ia-batch4/Student_Design_Awards_Commended_-_Curiosity_-_Active_Colours.mp4, -1, -1, 55.151515151515206
ia-batch4/youtube-ArbBX2CBY3c.mp4, -1, -1, 52.4705882352941
ia-batch4/More_Money_More_Problems.mp4, -1, -1, 82.1176470588236
ia-batch4/yt-rainbowpocky13.mp4, -1, -1, 43.085714285714296
ia-batch4/cg_0740-Miami-Dade_County_Beaches.mp4, -1, -1, 72.91428571428571
ia-batch4/DiggingUpThePastDavidDownEpisodes14_201811.mp4, -1, -1, 51.2285714285714
ia-batch4/youtube-Mmncpzyheh0.mp4, -1, -1, 58.2702702702703
ia-batch4/Scotty_McCreery_Concert_Anniversary.mp4, -1, -1, 56.485714285714295
ia-batch4/youtube-lnpH-4q64bk.mp4, -1, -1, 70.6571428571429
ia-batch4/archiveteam_videobot_RTV_Drenthe_20160914_1755.mp4, -1, -1, 75.24242424242429
ia-batch4/This_Week_Feb_19.mp4, -1, -1, 55.67647058823529
ia-batch4/Antonwithagen-HitTheRoadJack390.mp4, -1, -1, 45.9444444444444
ia-batch4/Adoptable_Dogs_in_Clackamas_County_-_Dec._28_-_Jan._3.mp4, -1, -1, 73.81081081081079
ia-batch4/Boys_and_Girls_Club.mp4, -1, -1, 38.4411764705882
ia-batch4/youtube-XjO0p0xjEHU.mp4, -1, -1, 47.74285714285711
ia-batch4/River_Tales_September_2012_-_Jane_Stephens_Honors_Program_at_Southeast_Missouri_State_University.mp4, -1, -1, 54.7714285714286
ia-batch4/MeetCleaverTheatreArena.mp4, -1, -1, 47.79411764705879
ia-batch4/youtube-V4acX1hCfGM.mp4, -1, -1, 64.7222222222222
ia-batch4/youtube-F1nAIzJeVXw.mp4, -1, -1, 64.9444444444444
ia-batch4/Roebling_Bridge_Pedestrian_Connector.mp4, -1, -1, 55.1428571428571
ia-batch4/sctvco-Summit_County_Animal_Shelter_Pets_of_the_Week_July_18_2018.mp4, -1, -1, 69.0909090909091
ia-batch4/First_piece_of_concrete_for_Harrison_Square_parking_garage.mp4, -1, -1, 54.324324324324294
ia-batch4/Olympics_and_The_Media.mp4, -1, -1, 43.7714285714286
ia-batch4/youtube-Q92ScyYbSFA.mp4, -1, -1, 37.5588235294118
ia-batch4/Cook_County_-_The_Permitting_Process_-_For_Home_and_Business_Owners.mp4, -1, -1, 63.0882352941177
ia-batch4/PATV_In_Your_Neighborhood_-_MC_Ginsberg_IC_Open_City_Street_Performers.mp4, -1, -1, 75.94444444444441
ia-batch4/coltx-State_of_the_City_Address_-_Laredo_Texas.mp4, -1, -1, 56.8888888888889
ia-batch4/Council_On_Aging_February_Update_2017.mp4, -1, -1, 59.57142857142861
ia-batch4/youtube-7brP1LOSRNk.mp4, -1, -1, 59.264705882352885
ia-batch4/youtube-e6MTM6FM0fk.mp4, -1, -1, 44.7567567567568
ia-batch4/youtube-_bouLYKJlys.mp4, -1, -1, 45.2
ia-batch4/Charter_Revision_Commission_Meeting_March_17_2016_part_1.mp4, -1, -1, 51.777777777777786
ia-batch4/Pet_of_the_Week_-_Goliath.mp4, -1, -1, 71.4117647058823
ia-batch4/0037_Gift_of_Green_13_00_46_00.mp4, -1, -1, 55.7714285714286
ia-batch4/youtube-83MZjDuZntI.mp4, -1, -1, 50.914285714285704
ia-batch4/tctvoh-The_2015_Troy_High_School_Holiday_Concert_Series_-_Symphonic_Concert_Band_Performance.mp4, -1, -1, 48.1388888888889
ia-batch4/tbcama-Summer_Concert_Series_-_The_Mudslide_R_B_Band_7-28-16.mp4, -1, -1, 62.32352941176471
ia-batch4/Prep_football_training_camp_report_-_Park_Center.mp4, -1, -1, 56.0285714285714
ia-batch4/youtube-Jm_TyrSMcwE.mp4, -1, -1, 72.5151515151515
ia-batch4/Talking_with_Henrietta_-_Preventing_Inhumane_Events_from_Occuring.mp4, -1, -1, 62.764705882352885
ia-batch4/archiveteam_videobot_twitter_com_885440048648384512.mp4, -1, -1, 52.74285714285711
ia-batch4/Backes_Physics_Class.mp4, -1, -1, 67.8333333333333
ia-batch4/youtube-QRcMl3UzMQk.mp4, -1, -1, 45.7297297297297
ia-batch4/Page_Park.mp4, -1, -1, 73.82857142857141
ia-batch4/Arts_Center_Presents_-_Taste_of_Lakeville.mp4, -1, -1, 61.5294117647059
ia-batch4/World_of_Speed_Museum_Summer_Camps.mp4, -1, -1, 72.6666666666667
ia-batch4/bratt2vt-Putney_Selectboard_Mtg_4_24_13.mp4, -1, -1, 53.527777777777786
ia-batch4/ncgvtvca-Just_Jan_Episode_13_-_Linda_Delair.mp4, -1, -1, 60.3611111111111
ia-batch4/youtube-OMconHntMo4.mp4, -1, -1, 51.2
ia-batch4/bratt2vt-5_45_Live_8_17_11.mp4, -1, -1, 57.263157894736786
ia-batch4/youtube-epLS3ZFSQtg.mp4, -1, -1, 58.2
ia-batch4/DerSchwarzeOrder.mp4, -1, -1, 42.75
ia-batch4/archiveteam_videobot_twitter_com_751093302485774336.mp4, -1, -1, 44.1666666666667
ia-batch4/Allen_Public_Library_Book_Festival_11-15-14.mp4, -1, -1, 74.23076923076921
ia-batch4/youtube-1yWtXEoLsK4.mp4, -1, -1, 41.6666666666667
ia-batch4/youtube-2q9guF65Dhs.mp4, -1, -1, 53.47368421052629
ia-batch4/youtube-qJ3eCxCDWwM.mp4, -1, -1, 58.1944444444444
ia-batch4/archiveteam_videobot_twitter_com_882574261684236288.mp4, -1, -1, 51.025641025641
ia-batch4/youtube-QSZdRy1lqY8.mp4, -1, -1, 56.375
ia-batch4/Splash_Pad_Extended_Hours.mp4, -1, -1, 78.8787878787879
ia-batch4/Flickr-32998216163.mp4, -1, -1, 68.1842105263158
ia-batch4/SummerGamesDoneQuick2012.mp4, -1, -1, 61.5151515151515
ia-batch4/PSL_Animal_Control_reunite_long_lost_dog_with_owner.mp4, -1, -1, 69.4444444444444
ia-batch4/youtube-G2FHUoemrqI.mp4, -1, -1, 41.6578947368421
ia-batch4/Beyond_the_Badge_-_Episode_8_October_-_November_2010.mp4, -1, -1, 63.9230769230769
ia-batch4/Epicness_ReChoired_of_Epic_Elementary.mp4, -1, -1, 58.1944444444444
ia-batch4/Old_School_Video_Games_Transform_Museum.mp4, -1, -1, 60.3055555555556
ia-batch4/Bristol_Development_Authority-_7-25-16.mp4, -1, -1, 65.37142857142861
ia-batch4/sctvco-Pets_of_the_Week_Summit_Animal_Shelter_August_26_2018.mp4, -1, -1, 73.1111111111111
ia-batch4/electricsheep-flock-244-55000-7.mp4, -1, -1, 72.0606060606061
ia-batch4/Varsity_Boys_Basketball_-_Wareham_Vikings_vs_Cardinal_Spellman_Cardinals_1-10-15.mp4, -1, -1, 53.82857142857139
ia-batch4/cg_0130-Prescription_Opioids_Stories_-_One_Prescription_Can_Be_All_It_Takes.mp4, -1, -1, 72.3636363636364
ia-batch4/youtube-vYj2M8ORCoU.mp4, -1, -1, 29.1666666666667
ia-batch4/Rockville_Historical_Update.mp4, -1, -1, 76.3333333333333
ia-batch4/Town_Nurse_August_Update.mp4, -1, -1, 60.0571428571429
ia-batch4/theaspen-Great_Interfaces_Match_How_We_Interact_with_the_World.mp4, -1, -1, 78.02941176470591
ia-batch4/PSA_-_Proposed_Pipeline_Community_Info_Meeting_-_9_20_16.mp4, -1, -1, 66.91891891891889
ia-batch4/vf_derrickthedeathfin_ql_3500.mp4, -1, -1, 58.9117647058824
ia-batch4/electricsheep-flock-244-22500-3.mp4, -1, -1, 53.43243243243239
ia-batch4/PAC_14_Wicomico_County_Council_4.5.16_Part_2_of_2.mp4, -1, -1, 55.8205128205128
ia-batch4/North_Hennepin_Grant_-_Program_to_help_low_income_college_students_is_funded.mp4, -1, -1, 58.31578947368421
ia-batch5/Discussion_Information_Items_032415.mp4, -1, -1, 57.1470588235294
ia-batch5/copefl-Mayor_Ashton_Hayward_and_Volunteer_Florida_present_Champions_of_Service_Awards.mp4, -1, -1, 57.43243243243239
ia-batch5/707_SEGMENTS_-_PAUL_DRAPER_ON_SUSTAINABILITY.mp4, -1, -1, 69.375
ia-batch5/Conservation_Committee_07_01_15.mp4, -1, -1, 48.5
ia-batch5/Pet_of_the_Week_from_CRTW_418.mp4, -1, -1, 64.3055555555556
ia-batch5/Eleanor_Friedberger_Stare_at_the_Sun_Live_at_KDHX_6_24_13.mp4, -1, -1, 70.1212121212121
ia-batch5/ARBOR_DAY_2018_Promo_-_City_of_Palm_Coast.mp4, -1, -1, 64.1388888888889
ia-batch5/scm-344754-ericfreemanattheneworleansres.mp4, -1, -1, 57.0
ia-batch5/pandatv23ny-Tivoli_Green_Committee_Presents_-_Solar_Conference_09_09_2014.mp4, -1, -1, 51.1944444444444
ia-batch5/Community_Highlights_-_Fire_Safety_House.mp4, -1, -1, 69.6
ia-batch5/bliptv-20131104-214009-BillCammack-FiveGuysInManhattan852.mp4, -1, -1, 55.540540540540505
ia-batch5/58270_1411111978_s01_Rubber_cultuurmaatschappij_Amsterdam_Deli_ok_van_Sumatra.mp4, -1, -1, 46.135135135135094
ia-batch5/youtube-7Qy7G6ljCNg.mp4, -1, -1, 53.0
ia-batch5/cctvfl-NYCU_Roundabouts_Information.mp4, -1, -1, 73.0
ia-batch5/21_This_Week_-_County_Executive_Candidate_Forum_Council_Passes_Increase_to_Minimum_Wage.mp4, -1, -1, 80.7714285714286
ia-batch5/Sportsnight_for_January_5_2015.mp4, -1, -1, 57.222222222222214
ia-batch5/OHSAA_Championship_285_LBS_-_Tavanello_v_Gray.mp4, -1, -1, 60.1470588235294
ia-batch5/Serving_People_In_Need.mp4, -1, -1, 60.6285714285714
ia-batch5/UACLABSWad20.mp4, -1, -1, 48.375
ia-batch5/am-The_Curious_Giraffe_Show_Episode_27_-_About_Feelings.mp4, -1, -1, 66.11428571428571
ia-batch5/youtube-lQVoBo84Pfk.mp4, -1, -1, 41.02777777777779
ia-batch5/electricsheep-flock-244-60000-3.mp4, -1, -1, 71.0909090909091
ia-batch5/State_2016_Consolation_RD_1_HVY_Josh_Burger_aur.mp4, -1, -1, 60.5882352941177
ia-batch5/corvmi-5k_Run_Riverview_Summerfest_2015.mp4, -1, -1, 57.6666666666667
ia-batch5/Sherwood_City_Council_-_September_18_2012.mp4, -1, -1, 42.6428571428571
ia-batch5/wbrtvmi-WBRW_TV_News_-_Week_of_March_3_2010_Pt._1.mp4, -1, -1, 46.60526315789479
ia-batch5/08-15-13_SF_News.mp4, -1, -1, 67.5277777777778
ia-batch5/ucberkeley_webcast_E9jaD40dsk4.mp4, -1, -1, 43.514285714285705
ia-batch5/youtube-TNl1R9JNrQQ.mp4, -1, -1, 48.20588235294121
ia-batch5/Eversouce_Transmission_Lines.mp4, -1, -1, 74.4
ia-batch5/Board_of_Aldermen_-_October_19_2018.mp4, -1, -1, 57.3823529411765
ia-batch5/D2_Girls_100_Breastroke_Heat_3.mp4, -1, -1, 65.4411764705882
ia-batch5/archiveteam_videobot_twitter_com_692784742018711552.mp4, -1, -1, 50.5
ia-batch5/punkcast1169-04.mp4, -1, -1, 48.975609756097604
ia-batch5/SCVTV.com_12_15_2011_U.S._Military_-_Looking_Back_at_the_Iraq_War_as_the_Mission_Ends.mp4, -1, -1, 57.277777777777786
ia-batch5/Abington_vs._Norwell_Midgets_Football_-_10_16_16.mp4, -1, -1, 48.3714285714286
ia-batch5/youtube-rxnzvGxjnxc.mp4, -1, -1, 53.71428571428571
ia-batch5/youtube-x_QDm2x8Bss.mp4, -1, -1, 60.79411764705879
ia-batch5/Deputy_Forum_-_04-04-2013.mp4, -1, -1, 51.63636363636361
ia-batch5/youtube-0gqkwdg46jI.mp4, -1, -1, 63.6944444444444
ia-batch5/Commission_Chair_Brager_Discusses_UMC_Quick_Care_Network_Parks.mp4, -1, -1, 54.8611111111111
ia-batch5/106901_MCPS_2008_2_45th_AA_band_fest_part_2.mp4, -1, -1, 59.8055555555556
ia-batch5/RMD_Patti_Insurance_2014_Holiday_Greeting.mp4, -1, -1, 72.94444444444441
ia-batch5/youtube-JzPvFZRsGDM.mp4, -1, -1, 60.97368421052629
ia-batch5/Community_Journal_November_2_2017.mp4, -1, -1, 68.0
ia-batch5/youtube-hsCruiMrP0Y.mp4, -1, -1, 70.7777777777778
ia-batch5/012114CrimeBeat.mp4, -1, -1, 57.454545454545496
ia-batch5/2010_Hudson_High_School_Spring_Band_Concert.mp4, -1, -1, 55.3513513513514
ia-batch5/Flickr-33464829785.mp4, -1, -1, 82.9722222222222
ia-batch5/Fayetteville_OutFront_Community_Meeting_PSA_9_22_2015.mp4, -1, -1, 73.21875
ia-batch5/BOCC_Regular_Meeting_-_October_2_2017.mp4, -1, -1, 50.8
ia-batch5/SamRenseiw-patafilm656NytorvRound759.mp4, -1, -1, 52.4117647058824
ia-batch5/pacmd-Did_You_Know.mp4, -1, -1, 82.05263157894741
ia-batch5/youtube-WroFyZV45QU.mp4, -1, -1, 72.19444444444441
ia-batch5/archiveteam_videobot_twitter_com_835498636398166016.mp4, -1, -1, 58.030303030303
ia-batch5/Missoula_Live_3-24-2014.mp4, -1, -1, 50.921052631579
ia-batch5/cogtx-Waves_Of_Information_October_19th.mp4, -1, -1, 70.0277777777778
ia-batch5/World_Beat_2012_Danza_Azteca_2.mp4, -1, -1, 62.3823529411765
ia-batch5/WhatsNew021313.mp4, -1, -1, 49.4166666666667
ia-batch5/100_Years_The_McLennan_Courthouse_-_Waco_Gateway_to_Texas_History.mp4, -1, -1, 68.5833333333333
ia-batch5/City_Council_Business_Meeting_January_15_2013.mp4, -1, -1, 50.657142857142894
ia-batch5/youtube-x35P2wTX0zg.mp4, -1, -1, 53.9444444444444
ia-batch5/youtube-lLnrbF1-gxA.mp4, -1, -1, 51.9705882352941
ia-batch5/Spartans_Boys_Varsity_Soccer_vs._Cathedral_Game_Recap.mp4, -1, -1, 63.7714285714286
ia-batch5/Proud_American_Days_2014_-_Baby_Contest.mp4, -1, -1, 56.0
ia-batch5/youtube-XzefkQO12GU.mp4, -1, -1, 59.1666666666667
ia-batch5/1811_Slave_Rebellion_Exhibits_at_Destrehan_Plantation.mp4, -1, -1, 55.5135135135135
ia-batch5/Every_Movie_Ever_-_Vicious_Lips.mp4, -1, -1, 68.3055555555556
ia-batch5/Missouri_City_Texas_-_Planning_Zoning_Meeting_-_December_9_2015.mp4, -1, -1, 60.60526315789479
ia-batch5/Town_Council_meeting_August_13_2015.mp4, -1, -1, 58.1388888888889
ia-batch5/260sl.mp4, -1, -1, 36.0909090909091
ia-batch5/SiliconFoxOpinaYSeDivierteEnTwitter.mp4, -1, -1, 55.763157894736786
ia-batch5/youtube-MjVhYhxOGDU.mp4, -1, -1, 54.0555555555556
ia-batch5/ucberkeley_webcast_PGv0MXD2jSY.mp4, -1, -1, 63.8611111111111
ia-batch5/Aurora_News_Weekly_11_23_10_Part_1_of_2.mp4, -1, -1, 47.74285714285711
ia-batch5/051415_Berkley_vs_Lake_Orion_Girls_Soccer.mp4, -1, -1, 47.454545454545496
ia-batch5/North_Reading_School_Committee_12_21_09_Part_5.mp4, -1, -1, 46.257142857142895
ia-batch5/Transperformance_26_-_Mikey_Sweet_as_The_Boss.mp4, -1, -1, 72.4285714285714
ia-batch5/youtube-eauc4uRSiSg.mp4, -1, -1, 51.475
ia-batch5/youtube-fvO0ISuNM2o.mp4, -1, -1, 56.7027027027027
ia-batch5/Roundball_Report_719.mp4, -1, -1, 46.55882352941179
ia-batch5/cofrmd-Motter_Ave_and_I-70_Phase_2D.mp4, -1, -1, 70.2
ia-batch5/Testing_testing.mp4, -1, -1, 73.55555555555559
ia-batch5/DeKalb_County_Arts_Survey_PSA.mp4, -1, -1, 49.8888888888889
ia-batch5/Douglas_Cable_Access_Digital_Video_Training_Class_Winter_2014.mp4, -1, -1, 51.459459459459495
ia-batch5/BattleGrounds2LineBattleBayonetCharge_201903.mp4, -1, -1, 61.189189189189214
ia-batch5/ELIZAbits_Ep_37_-_Elizabeth_Spray_Parks.mp4, -1, -1, 77.8684210526316
ia-batch5/ctv3in-County_Commissioners_-_June_6_2017.mp4, -1, -1, 55.2
ia-batch5/Planning_Board_01_10_2006_Newmarket_New_Hampshire.mp4, -1, -1, 46.5833333333333
ia-batch5/youtube-ows-WeReportDestinyArtsYouthDanceatGeneralSt-FGjAOi4aK1w.mp4, -1, -1, 60.3125
ia-batch5/City_Hall_Halloween_Festival_2016.mp4, -1, -1, 57.969696969697
ia-batch5/okcok-Viewpoints_-_Willa_Johnson_-_Greasy_River.mp4, -1, -1, 73.8571428571429
ia-batch5/youtube-hEN1U8T_5_s.mp4, -1, -1, 52.472222222222214
ia-batch5/Berks_Perspectives_3-24-16.mp4, -1, -1, 61.454545454545496
ia-batch5/Election_Fair_2012.mp4, -1, -1, 53.4444444444444
ia-batch5/United_Way_Difference_July_2015.mp4, -1, -1, 67.4444444444444
ia-batch5/TotalWarRome2CivilWarCutsceneRome.mp4, -1, -1, 63.538461538461505
ia-batch5/youtube-LmW6CNxYnfo.mp4, -1, -1, 61.8333333333333
ia-batch5/bliptv-20131014-131700-Cgtuts-AudioDrivenAnimatedTextIn3dsMaxPreview151.mp4, -1, -1, 70.2121212121212
ia-batch5/BOOKS_EVERYWHERE.mp4, -1, -1, 61.67647058823529
ia-batch5/Memorial_Baptist_Church_Service_7_3_16.mp4, -1, -1, 55.1388888888889
ia-batch5/youtube-fPr90E7sT_g.mp4, -1, -1, 56.8823529411765
ia-batch5/WarningSpeedTrapOperationBootySaverLawteyFl.mp4, -1, -1, 53.34285714285711
ia-batch5/Summer_Reading_Rewards_In_Norfolk.mp4, -1, -1, 64.1666666666667
ia-batch5/Access_Louisville_-_Sue_Grafton_Hometown_Hero.mp4, -1, -1, 62.0
ia-batch5/Concert_on_the_Common-Floyd_Patterson_2000.mp4, -1, -1, 47.28571428571429
ia-batch5/On_what_to_expect_from_US-Asia_policy.mp4, -1, -1, 64.5833333333333
ia-batch5/PCN_Duxbury_New_Town_Manager.mp4, -1, -1, 58.4571428571429
ia-batch5/youtube-NV-wG_I3ioc.mp4, -1, -1, 48.28571428571429
ia-batch5/acfrma-Framingham_Fan_to_Fan_with_Mass_with_Mass_Warriors.mp4, -1, -1, 76.3142857142857
ia-batch5/Did_You_Know_-_Auto_Repair_Reference_Center.mp4, -1, -1, 37.6764705882353
ia-batch5/E7sanAlZn.mp4, -1, -1, 53.7837837837838
ia-batch5/Antonwithagen-TheSongOfTheWhale506.mp4, -1, -1, 37.1944444444444
ia-batch5/bevcamma-Girls_Basketball_Promo.mp4, -1, -1, 54.67647058823529
ia-batch5/vf_doom2_ql_052810_3500.mp4, -1, -1, 61.1111111111111
ia-batch5/OHSAA_Playoff_Softball_-_Northmont_vs._Mason.mp4, -1, -1, 32.2222222222222
ia-batch5/Digieffects-DELIRIUMPuffyCloudsFastMovingNightCloudsPreset127.mp4, -1, -1, 43.264705882352885
ia-batch5/Pop_Warner_2016_-_Week_3_-_E_Team.mp4, -1, -1, 48.5
ia-batch5/abudbowlshow420coloradolawmakersintroducebilltoprotectworkerswhousepothb20-1089.mp4, -1, -1, 59.657142857142894
ia-batch5/youtube-TgLENnCHiS4.mp4, -1, -1, 46.3333333333333
ia-batch5/CTTVKABAIKDVD200502b.mp4, -1, -1, 55.257142857142895
ia-batch5/Board_of_Selectmen_09_20_16.mp4, -1, -1, 54.5
ia-batch5/Richard_Tyler_Kelly_Rowland_Sharon_Stone_and_Cheryl_Shuman_at_Mercedes_Benz_Fashion_Week_2.mp4, -1, -1, 50.6666666666667
ia-batch5/yt-ClassicNickelodeon2.mp4, -1, -1, 58.7714285714286
ia-batch5/youtube-RLDRd06L-r8.mp4, -1, -1, 52.540540540540505
ia-batch5/electricsheep-flock-244-17500-9.mp4, -1, -1, 77.1666666666667
ia-batch5/electricsheep-flock-244-67500-8.mp4, -1, -1, 61.4864864864865
ia-batch5/Budget_Committee_01_04_2011_Newmarket_New_Hampshire.mp4, -1, -1, 40.9166666666667
ia-batch5/youtube-phcbBWx0zTk.mp4, -1, -1, 28.4324324324324
ia-batch5/youtube-jWEwgH4nPzw.mp4, -1, -1, 57.0
ia-batch5/youtube-i-00wpdXi0Q.mp4, -1, -1, 69.08571428571429
ia-batch5/Prophets_of_Rage_-_Guerrilla_Radio_EndPovertyNow_March_in_Cleveland.mp4, -1, -1, 50.57142857142861
ia-batch5/CageRadio-PhilCollins862.mp4, -1, -1, 71.4324324324324
ia-batch5/CreaTV_Taste_Spot_Final.mov.mp4, -1, -1, 55.3846153846154
ia-batch5/alctvoh-PSA_-_Avon_Lake_Police_Department_-_Crosswalk_Safety.mp4, -1, -1, 67.67647058823529
ia-batch5/Pat_Clark.mp4, -1, -1, 81.9166666666667
ia-batch5/youtube_UC3Ss8ag5UH2aCINEjjzDGrA.mp4, -1, -1, 56.29411764705879
ia-batch5/An_Inside_Look_-_Metro_Animal_Services_part_2.mp4, -1, -1, 59.472222222222214
ia-batch5/Community_Corner_2-2-15.mp4, -1, -1, 65.94285714285711
ia-batch5/New_Record_-_Boys_D2_500_Free_-_Quallen.mp4, -1, -1, 61.4
ia-batch5/mctvmd-The_Weekend_Marquee_S2E11_-_Micky_Dolenz.mp4, -1, -1, 52.764705882352885
ia-batch5/youtube-XoXwOXyBBKY.mp4, -1, -1, 66.0
ia-batch5/youtube-lcXbUeRjq-0.mp4, -1, -1, 42.368421052631604
ia-batch5/013014_SFHS_vs_Springville_Boys_Basketball_3rd_Quarter.mp4, -1, -1, 52.31428571428571
ia-batch5/rvtv-Perspectivas_-_Rendicion_de_cuentas_-_MORENA_-_Diputados_-_30_05_18.mp4, -1, -1, 81.4117647058823
ia-batch5/AirRaidUSORedFeather1943.mp4, -1, -1, 42.179487179487204
ia-batch5/Avoiding_common_mistakes_on_Pierce_County_s_presidential_primary_ballot.mp4, -1, -1, 74.0277777777778
ia-batch5/Waste_Management_Single_Stream_Recycling.mp4, -1, -1, 57.5833333333333
ia-batch5/youtube-wKkaG7X2DCY.mp4, -1, -1, 41.5555555555556
ia-batch5/cogco-Unexpected_Opportunities_Building_a_Winning_Workforce.mp4, -1, -1, 56.485714285714295
ia-batch5/Rivertown_Farmers_Market_and_Craft_Fair_720P_HD.mp4, -1, -1, 63.9705882352941
ia-batch5/APN_MLK_Jr._Birthday_Celebration_2016.mp4, -1, -1, 78.2162162162162
ia-batch5/Dr._R.E._Cycle_-_Landfill_Tour.mp4, -1, -1, 56.63636363636361
ia-batch5/youtube-EFUnuNs0cbM.mp4, -1, -1, 54.05
ia-batch5/DRB_12-14-11.mp4, -1, -1, 52.540540540540505
ia-batch5/Election_Forum_-_Dist._7_Sacramento_City_Council.mp4, -1, -1, 72.6060606060606
ia-batch5/bratt2vt-BUHS-TV_2_7_12.mp4, -1, -1, 51.6470588235294
ia-batch5/Budget_Committee_07_13_2009_Newmarket_New_Hampshire.mp4, -1, -1, 48.0882352941177
ia-batch5/cg_0740-Fight_the_Bite_-_Spanish.mp4, -1, -1, 53.6285714285714
ia-batch5/WHS_BOYS_VARSITY_BASKETBALL_2012_13_Highlights.mp4, -1, -1, 49.030303030303
ia-batch5/Antonwithagen-MayDay733.mp4, -1, -1, 55.6111111111111
ia-batch5/Ask_Art_Episode_1.mp4, -1, -1, 66.9411764705882
ia-batch5/Read_Across_America_Day_-_H._Olive_Day_School_March_1_2019.mp4, -1, -1, 75.9722222222222
ia-batch5/River3CentralNorte0.mp4, -1, -1, 45.82857142857139
ia-batch5/01Opening_20170712.mp4, -1, -1, 49.2162162162162
ia-batch5/youtube-cSrCaHOazyo.mp4, -1, -1, 62.5428571428571
ia-batch5/Retro_Ride_Cinderella_2005.mp4, -1, -1, 56.2702702702703
ia-batch5/ACS_Weekly_November_19th.mp4, -1, -1, 69.2727272727273
ia-batch5/archiveteam_videobot_twitter_com_914950482480812033.mp4, -1, -1, 63.9705882352941
ia-batch5/comcktx-Polish_A_Gem_In_McKinney_Voteyourmainstreet.org.mp4, -1, -1, 78.0571428571429
ia-batch5/Notice_New_Lenox_-_Kumon_Math_and_Reading_Center.mp4, -1, -1, 61.28571428571429
ia-batch5/Budget_Committee_02_01_2016_Newmarket_New_Hampshire.mp4, -1, -1, 50.1111111111111
ia-batch5/The_Veterans_Project_-_Bill_Cisko_and_Viet_Nam.mp4, -1, -1, 56.9117647058824
ia-batch5/bratt2vt-2012_Brattleboro_Rep_Town_Mtg._-_PM_Session_3_24_12.mp4, -1, -1, 50.34285714285711
ia-batch5/Oshkosh_Common_Council_Workshop_-_Rental_Housing_Program_5_24_16.mp4, -1, -1, 48.4864864864865
ia-batch5/Public_Service_Announcement_-_Building_Bright_Futures_of_Chittenden_County.mp4, -1, -1, 59.8529411764706
ia-batch5/Fine_Dining_in_Needham_-_Sweet_Basil.mp4, -1, -1, 51.810810810810786
ia-batch5/youtube-hlnm4B4hwos.mp4, -1, -1, 56.3714285714286
ia-batch5/2016_West_Metro_Home_Remodeling_Fair_Public_Service_Announcement.mp4, -1, -1, 60.6285714285714
ia-batch5/Ste._Genevieve_Mo_Heritage_Commission_1_20_16.mp4, -1, -1, 51.5151515151515
ia-batch5/archiveteam_videobot_twitter_com_754268476685058048.mp4, -1, -1, 39.15625
ia-batch5/bliptv-20131013-235657-BreakaLegTV-BaLEpisode2Part1Commentary661.mp4, -1, -1, 69.29729729729729
ia-batch5/Selectmen_Meeting_1_2_01_Part_8.mp4, -1, -1, 49.0294117647059
ia-batch5/abdook344.mp4, -1, -1, 58.6285714285714
ia-batch5/a58ma-Conservation_Commission_1_16_19.mp4, -1, -1, 56.8611111111111
ia-batch5/Russia_Then_and_Now_-_09_Women_s_Day_In_Russia.mp4, -1, -1, 65.3823529411765
ia-batch5/Abington_Varsity_Lady_Wave_Basketball_vs_Martha_s_Vineyard_-_1_2_15.mp4, -1, -1, 54.6315789473684
ia-batch5/bliptv-20131011-162030-Anewbreedcinema-SweepersPromo603.mp4, -1, -1, 53.0
ia-batch5/Tweet_This_-_Why_do_we_follow_you.mp4, -1, -1, 71.8205128205128
ia-batch5/youtube-o71SqD2FAgs.mp4, -1, -1, 42.20512820512821
ia-batch5/Aquina_Howell_Dedication.mp4, -1, -1, 54.0909090909091
ia-batch5/Norwood_Airport_Presents_-_Above_the_Clouds.mp4, -1, -1, 57.5882352941177
ia-batch5/electricsheep-flock-244-40000-8.mp4, -1, -1, 71.9428571428571
ia-batch5/youtube-srFpqQZmLMs.mp4, -1, -1, 47.1212121212121
ia-batch5/Sign_Up_For_The_2012_Rudolph_Run.mp4, -1, -1, 58.29411764705879
ia-batch5/VisitLoudoun-BluemontFairBluemontVALoudoun515.mp4, -1, -1, 65.9444444444444
ia-batch5/youtube-hTyGHKu1eMc.mp4, -1, -1, 70.8529411764706
ia-batch5/Wellesley_High_School_Sports_Report_-_02_01_16.mp4, -1, -1, 70.3611111111111
ia-batch5/2223_NFU_Time_Lapse_Promo.mp4, -1, -1, 57.9714285714286
ia-batch5/1987_Forest_Lake_4th_of_July_Parade.mp4, -1, -1, 45.277777777777786
ia-batch5/City_Council_Meeting_-_11_22_2010.mp4, -1, -1, 52.189189189189214
ia-batch5/SF_News_2-2-11_pt2.mp4, -1, -1, 68.1176470588235
ia-batch5/SangeetaNagpalINDIA_201512.mp4, -1, -1, 70.6285714285714
ia-batch5/Chiclettes_-_Nowhere_to_Run.mp4, -1, -1, 56.57142857142861
ia-batch5/youtube-mf86ZIFrV94.mp4, -1, -1, 56.88571428571429
ia-batch5/Play_of_the_Game_-_Prior_Lake_vs_Burnsville_-_5-13-14.mp4, -1, -1, 58.57142857142861
ia-batch6/Petaluma_Board_of_Education_-_5_12_15.mp4, -1, -1, 64.2285714285714
ia-batch6/Stories_and_Stones_-_Frederick_Scheuch.mp4, -1, -1, 45.3055555555556
ia-batch6/coasc-Aiken_This_Week_-_August_3_2015_-_Programs_for_Senior_Citizens.mp4, -1, -1, 81.6111111111111
ia-batch6/bctvpa-WXAC_on_BCTV_-_Barrio_Alegria_6-10-19.mp4, -1, -1, 74.4054054054054
ia-batch6/SCTV_Public_Theater_Presents_The_Naked_Kiss_3-23-15.mp4, -1, -1, 52.24324324324329
ia-batch6/Public_Hearing_-_Solid_Waste_-_09-17-2015.mp4, -1, -1, 62.3823529411765
ia-batch6/cattvvt-Town_Meeting_Day_-_Pownal_School_Board_-_3_5_18.mp4, -1, -1, 74.5675675675676
ia-batch6/electricsheep-flock-244-7500-5.mp4, -1, -1, 71.4166666666667
ia-batch6/am-Amherst_School_Committee_-_2-26-13.mp4, -1, -1, 59.263157894736786
ia-batch6/tctvbc-Golden_Spike_2013_part_6.mp4, -1, -1, 50.5
ia-batch6/youtube-uROYOWA2Dfs.mp4, -1, -1, 71.2105263157895
ia-batch6/nwatvvt-No_Left_Turn_plays_live_in_Taylor_Park_Summer_Concert_Series.mp4, -1, -1, 62.8
ia-batch6/bigclivedotcom-602_20130909.mp4, -1, -1, 70.35
ia-batch6/youtube-BD62K6Bgy68.mp4, -1, -1, 52.44117647058821
ia-batch6/Okemo_Valley_Your_Place_in_Vermont-_Aug_2017.mp4, -1, -1, 62.526315789473706
ia-batch6/D2_Boys_200_Medley_Relay_Heat_3.mp4, -1, -1, 66.3243243243243
ia-batch6/youtube-dI-nhbM0r4w.mp4, -1, -1, 52.0540540540541
ia-batch6/youtube-rTZppfN7KFQ.mp4, -1, -1, 55.485714285714295
ia-batch6/coelptx-City_Council_Agenda_Review_-_December_9_2019.mp4, -1, -1, 55.736842105263214
ia-batch6/Safeway_Trains_Tellers_to_Prevent_IRS_Telephone_Scam.mp4, -1, -1, 83.05405405405409
ia-batch6/untvmi-The_Briefing_Room_10_4_12.mp4, -1, -1, 58.2432432432432
ia-batch6/youtube-ckGMSAgGVZk.mp4, -1, -1, 50.810810810810786
ia-batch6/electricsheep-flock-244-52500-1.mp4, -1, -1, 64.0
ia-batch6/Top_Plays_10.23.17.mp4, -1, -1, 66.7428571428571
ia-batch6/cornv-City_of_Reno_NV_Reno_Recreates_focuses_on_Adaptive_and_Inclusion_Programs.mp4, -1, -1, 61.05882352941179
ia-batch6/Bennington_Planning_Commission_-_7_21_14.mp4, -1, -1, 55.1944444444444
ia-batch6/Team_Better_Block_-_Granby_Olney_Phase_in_Norfolk.mp4, -1, -1, 64.4166666666667
ia-batch6/youtube-D6yQm3p6BBM.mp4, -1, -1, 70.4324324324324
ia-batch6/youtube--SjaMCQZFts.mp4, -1, -1, 74.6
ia-batch6/dni.ncaa.ICCR-2271-VHS.mp4, -1, -1, 39.1388888888889
ia-batch6/youtube-r2o-88sw1Ag.mp4, -1, -1, 48.5833333333333
ia-batch6/Do_Go_Beginning_October_17_2013.mp4, -1, -1, 64.8333333333333
ia-batch6/AEstrelaEsquecidaDaDanceMusicDoBrasilEstDeVolta.mp4, -1, -1, 39.76315789473679
ia-batch6/2016-04-28_PEN_Planning_Board_Meeting.mp4, -1, -1, 61.135135135135094
ia-batch6/conok-Order_your_Rain_Barrel_Today_Deadline_March_30.mp4, -1, -1, 78.5714285714286
ia-batch6/Ashland_Selectboard_3_6_12.mp4, -1, -1, 57.657894736842096
ia-batch6/Sherborn_Selectmen_Meeting_Nov._12_2015.mp4, -1, -1, 52.8
ia-batch6/Vocal_Support_A_Cappella_Benefit_Concert.mp4, -1, -1, 53.6
ia-batch6/Your_World_-_Bringing_it_Home_-_Mass_Energy.mp4, -1, -1, 56.257142857142895
ia-batch6/23rd_Mayor_and_City_Council_Meeting_-_December_8_2014.mp4, -1, -1, 59.17647058823529
ia-batch6/youtube-nM3b5P7bokY.mp4, -1, -1, 42.91428571428569
ia-batch6/youtube-Fkyq106eeJ0.mp4, -1, -1, 50.8888888888889
ia-batch6/City_of_Wichita_-_Yingling_Building_Fire_Memorial_Highlights.mp4, -1, -1, 78.54285714285709
ia-batch6/uctvma-Be_My_Guest_02_28_19_Carol_Lewis_Hospitality_House_4925.mp4, -1, -1, 78.4166666666667
ia-batch6/tweakers004853.mp4, -1, -1, 64.37142857142861
ia-batch6/rectvma-D-Day_75th_Anniversary.mp4, -1, -1, 68.1944444444444
ia-batch6/2014_Robbinsdale_Whiz_Bang_Days_Parade.mp4, -1, -1, 56.57142857142861
ia-batch6/April_03_2018_City_Council.mp4, -1, -1, 47.777777777777786
ia-batch6/comcktx-Traffic_Update.mp4, -1, -1, 67.2
ia-batch6/Eau_Claire_School_Board_-_June_5_2017.mp4, -1, -1, 57.4864864864865
ia-batch6/Minnesota_State_High_School_All_Star_Football.mp4, -1, -1, 52.3783783783784
ia-batch6/blmtwpmiv-Thanksgiving_What_You_re_Thankful_For.mp4, -1, -1, 70.88571428571429
ia-batch6/DevotionalTimeEp1.mp4, -1, -1, 58.3055555555556
ia-batch6/One_Minute_City_Rap_with_Nancy_Miller_-_Poolside_Book_Break.mp4, -1, -1, 57.030303030303
ia-batch6/20160915_Selectmen.mp4, -1, -1, 56.342105263157904
ia-batch6/Board_of_Selectmen_s_meeting_from_March_25_2013.mp4, -1, -1, 42.742857142857105
ia-batch6/Tech_Tip_-_Cable_Wrapping.mp4, -1, -1, 75.6388888888889
ia-batch6/Rabies_Vaccination_from_CRTW_428.mp4, -1, -1, 74.11428571428571
ia-batch6/youtube-xIIFoM4VsWw.mp4, -1, -1, 72.7222222222222
ia-batch6/2016_Not_in_Our_Schools_Film_Festival.mp4, -1, -1, 56.948717948718006
ia-batch6/bliptv-20131031-055653-Armchairdirectors-Scream4MovieReviewAdvanceScreening407.mp4, -1, -1, 76.28571428571429
ia-batch6/Public_Safety_Committee_June_27_2017.mp4, -1, -1, 56.5833333333333
ia-batch6/youtube-8Ud479Y_Nes.mp4, -1, -1, 41.7894736842105
ia-batch6/Water_Conservation_PSA.mp4, -1, -1, 74.7058823529412
ia-batch6/North_Reading_Selectmen_Meeting_8_13_12_Part_2.mp4, -1, -1, 51.3055555555556
ia-batch6/Sir_Ken_Robinson_-_The_Element.mp4, -1, -1, 63.0285714285714
ia-batch6/dayoh-Update_on_Tornado-Related_Water_Service_Outage.mp4, -1, -1, 68.62857142857139
ia-batch6/ucberkeley_webcast__BwbKiV_K3A.mp4, -1, -1, 56.5428571428572
ia-batch6/tctvma-Narragansett_Regional_High_School_Art_Show_2019.mp4, -1, -1, 68.0882352941177
ia-batch6/youtube-tRoBpqfXNas.mp4, -1, -1, 64.8823529411765
ia-batch6/conmi-MPVA_Awarness_Week.mp4, -1, -1, 70.6571428571429
ia-batch6/PA7238084.mp4, -1, -1, 64.88571428571429
ia-batch6/Belfast_Boat_Shop_Tours_-_Front_Street_Shipyard.mp4, -1, -1, 56.6060606060606
ia-batch6/copefl-Mondays_with_the_Mayor_28_January_2019.mp4, -1, -1, 58.4
ia-batch6/sttvmi-NEWS_9.3.2018_-_ReLeaf_Michigan_Tree_Hunt.mp4, -1, -1, 79.4857142857143
ia-batch6/Educandonos_En_Cristo4-17-13.mp4, -1, -1, 48.4444444444444
ia-batch6/TheEarlyWormGetsTheBird1940.mp4, -1, -1, 49.6
ia-batch6/RVC_37_-_Al_Terminiello_Jr..mp4, -1, -1, 70.6285714285714
ia-batch6/SamRenseiw-patafilm394M2sBrithday218.mp4, -1, -1, 42.6857142857143
ia-batch6/Davidleeking-songIdea143.mp4, -1, -1, 61.9444444444444
ia-batch6/Organization_of_New_Board_of_Education_042815.mp4, -1, -1, 49.0526315789474
ia-batch6/dctvma-Our_Kitchen_213.mp4, -1, -1, 62.2
ia-batch6/bliptv-20131014-015112-Audiotuts-ScottsFishLily206.mp4, -1, -1, 59.82352941176471
ia-batch6/CTV_Sports_Page_11_19_3.mp4, -1, -1, 62.125
ia-batch6/youtube-nS-hN4GtpeI.mp4, -1, -1, 65.28571428571429
ia-batch6/ctncrmn-CTN_Journal_-_Thuney_s_Haunted_Graveyard.mp4, -1, -1, 76.6666666666667
ia-batch6/ucberkeley_webcast_-l2chO5SLew.mp4, -1, -1, 58.68571428571429
ia-batch6/Muratore_s_9th_inning_walkoff.mp4, -1, -1, 77.7777777777778
ia-batch6/Renew_Boston_Residential_Solar_Program.mp4, -1, -1, 54.236842105263214
ia-batch6/Priority_One_On_Your_Feet_S8_Ep3.mp4, -1, -1, 57.1944444444444
ia-batch6/youtube-BAF7vWqVh0s.mp4, -1, -1, 59.4864864864865
ia-batch6/Scituate_Board_of_Selectmen_meeting_March_15_2011.mp4, -1, -1, 51.7714285714286
ia-batch6/youtube-hC-amgenmiA.mp4, -1, -1, 45.3823529411765
ia-batch6/wpmma-Mridangam_Drum_Recital.mp4, -1, -1, 65.3611111111111
ia-batch6/bratt2vt-Brattleboro_DRB_6_17_13.mp4, -1, -1, 51.71428571428571
ia-batch6/youtube-fB7AlXVw2UY.mp4, -1, -1, 72.6111111111111
ia-batch6/2014_Main_Street_Entertainment_presents_Birddog_Blues_Band_Pt._2.mp4, -1, -1, 69.1176470588235
ia-batch6/cocoh-Home_Work_Paint_Program_Graduation.mp4, -1, -1, 49.8918918918919
ia-batch6/Economic_Development_1-13-16.mp4, -1, -1, 52.527777777777786
ia-batch6/Tddtv-JasminTalksAboutMen931.mp4, -1, -1, 53.735294117647115
ia-batch6/bctvpa-2018_Kutztown_Folk_Festival_part_2_of_3.mp4, -1, -1, 61.410256410256395
ia-batch6/youtube-PeyXLF7RmN8.mp4, -1, -1, 69.18918918918922
ia-batch6/Education_Exchange_-_Health_Services_Susie_Poulton.mp4, -1, -1, 82.91428571428571
ia-batch6/cornv-Golf_Consultant_Recommends_Closing_Rosewood_Lakes_Golf_Course.mp4, -1, -1, 65.9166666666667
ia-batch6/BornToSkatePmop1_1.mp4, -1, -1, 63.9428571428571
ia-batch6/Skate_Shop_Promo_for_James_Padgett_Award.mp4, -1, -1, 67.5789473684211
ia-batch6/Around_the_Parish_-_Battle_for_the_Paddle_2011.mp4, -1, -1, 55.4571428571429
ia-batch6/2014_AISD_Basketball_-_Arlington_Lady_Colts_vs._Bowie_Lady_Volunteers.mp4, -1, -1, 53.027777777777786
ia-batch6/Welcome_and_Opening_Session_-_Big_Ideas_2015.mp4, -1, -1, 71.6285714285714
ia-batch6/archiveteam_videobot_twitter_com_877341156249542658.mp4, -1, -1, 44.43243243243239
ia-batch6/youtube-ZJ0CE2mIMk8.mp4, -1, -1, 42.9166666666667
ia-batch6/youtube-M4AtPWLNxuI.mp4, -1, -1, 54.15
ia-batch6/NASAKennedy-g4bWm8_JITI.mp4, -1, -1, 57.8055555555556
ia-batch6/Weston_Salutes-Liberty_Fanfare.mp4, -1, -1, 55.8888888888889
ia-batch6/D2_Boys_200_Free_Heat_3.mp4, -1, -1, 68.7777777777778
ia-batch6/AOC_Community_Quotes_-_Trevor_Chapman.mp4, -1, -1, 78.2571428571428
ia-batch6/Board_of_Selectmen_Sept._2_2015.mp4, -1, -1, 58.428571428571395
ia-batch6/Nancy_Floreen_part_3.mp4, -1, -1, 76.8571428571429
ia-batch6/bliptv-20131031-032802-BillCammack-WatchingEricaPlay936.mp4, -1, -1, 49.324324324324294
ia-batch6/scctvmn-Sports_Path_-_September_5_2018.mp4, -1, -1, 71.69444444444441
ia-batch6/Army_NavyTailgate_Grimm.mp4, -1, -1, 74.70270270270271
ia-batch6/WC-TV_Basketball_Play_of_the_Week_-_Jan._16th_2015.mp4, -1, -1, 49.74285714285711
ia-batch6/CMNtv_-_PCCA_Awards_2011.mp4, -1, -1, 62.4166666666667
ia-batch6/cc4ia-Iowa_City_City_Council_Meeting_of_November_19_2019.mp4, -1, -1, 59.0285714285714
ia-batch6/coffeehouse_OBB1_127.mp4, -1, -1, 53.3529411764706
ia-batch6/archive_Arabic.mp4, -1, -1, 29.638888888888893
ia-batch6/Tibet_s_Unique_Buddhist_Heritage_Part_1.mp4, -1, -1, 55.675675675675706
ia-batch6/SPCA_Pet_Talk_e74.mp4, -1, -1, 58.7027027027027
ia-batch6/School_Winter_Concert_-_2011.mp4, -1, -1, 51.0882352941177
ia-batch6/Pet_of_the_Week_05-15-13.mp4, -1, -1, 59.2972972972973
ia-batch6/vimeo-164940119.mp4, -1, -1, 48.11428571428571
ia-batch6/youtube-kZvTFQY0-Uo.mp4, -1, -1, 46.11428571428571
ia-batch6/3109_027_ChicoandBMan_EP27_The_Hit_Men_Simple_Rules_Chris_Lee.mp4, -1, -1, 58.31428571428571
ia-batch6/sctvct-Headlines_Simsbury_with_Karen_Handville_May_30_2018.mp4, -1, -1, 72.3611111111111
ia-batch6/School_Comittee_District_Goals_10-21-11.mp4, -1, -1, 54.8823529411765
ia-batch6/Seniors_for_Seniors.mp4, -1, -1, 57.8571428571429
ia-batch6/Sevastopol_Board_of_Supervisors_07-22-13.mp4, -1, -1, 63.82857142857139
ia-batch6/ctv3in-City_Council_-_April_1_2019.mp4, -1, -1, 56.39473684210521
ia-batch6/Veterans_Tribute_Park_Playground_Time_Lapse.mp4, -1, -1, 50.763157894736786
ia-batch6/Montague_Selectboard_Meeting_11-19-12.mp4, -1, -1, 52.5428571428571
ia-batch6/vctv7bc-Village_of_Valemount_Council_Meeting_-_March_11_2014.mp4, -1, -1, 69.9714285714286
ia-batch6/Davidleeking-CoffeeInTheMorningLumiereVideo426.mp4, -1, -1, 67.5
ia-batch6/20130910streamingrightnowdebatewithegghead7pmcst.mp4, -1, -1, 62.32352941176471
ia-batch6/youtube--GQmL71FLeY.mp4, -1, -1, 64.17647058823529
ia-batch6/Sauk_Centre_City_Council_11-20-13.mp4, -1, -1, 61.75
ia-batch6/archiveteam_videobot_twitter_com_806096366367752192.mp4, -1, -1, 64.85714285714289
ia-batch6/BliterUndergroundArcadia2013.mp4, -1, -1, 48.8055555555556
ia-batch6/SCVTV.com_8_10_2011_Old_Town_Newhall_Library_Construction_Update.mp4, -1, -1, 52.4864864864865
ia-batch6/A_Day_at_the_Nats_Victory_Parade.mp4, -1, -1, 73.6285714285714
ia-batch6/thisprovesthatnomatterwhoyouarewhereyourfromorwhatskincoloryouhaveifyouassertyou.mp4, -1, -1, 65.3513513513513
ia-batch6/youtube-sdzxySLsj78.mp4, -1, -1, 32.0526315789474
ia-batch6/brattvvt-Here_We_Are_with_guest_Derrik_Jordan.mp4, -1, -1, 75.37837837837841
ia-batch6/Transportation_Update_385_HD.mp4, -1, -1, 62.0285714285714
ia-batch6/Appadvice-AppAdviceDailyAppisode126816.mp4, -1, -1, 71.1666666666667
ia-batch6/Miptalk-MadSkillsRhysMillenIsTheKiwiDrifter431-3.mp4, -1, -1, 57.4893617021277
ia-batch6/45-Second_Studio_Class.mp4, -1, -1, 44.3333333333333
ia-batch6/youtube-MZYGmJggbBA.mp4, -1, -1, 65.4736842105263
ia-batch6/youtube-VjoRJwkZ8bA.mp4, -1, -1, 54.9444444444444
ia-batch6/bcacca-Chef_in_the_Market_-_Jason_Colabove_and_Antonio_Lieberum_-_Thursday_Night_Market_DCBA.mp4, -1, -1, 72.8421052631579
ia-batch6/BOCC_Regular_Meeting_2nd_Wednesdays_-_07_10_2019.mp4, -1, -1, 64.2
ia-batch6/youtube-Wa8N1GLvrLs.mp4, -1, -1, 49.2162162162162
ia-batch6/St._Francis_vs_Riordan_Wrestling.mp4, -1, -1, 53.6470588235294
ia-batch6/Monona_Grove_High_School_Daily_Announcements_2_6_18.mp4, -1, -1, 75.25
ia-batch6/Osceola_County_Pets_of_the_Week_-_September_26-Octotober_2_2012_-_Misty_and_Pumpkin.mp4, -1, -1, 71.0
ia-batch6/Memorial_Day_Monday_May_25_2009.mp4, -1, -1, 55.8333333333333
ia-batch6/comimn-Winter_Parking_Restrictions_are_about_Public_Safety_-_Hmong.mp4, -1, -1, 65.4054054054054
ia-batch6/youtube-KJHowjpbJVo.mp4, -1, -1, 58.44117647058821
ia-batch6/youtube-avxuWLT99Tc.mp4, -1, -1, 47.60526315789479
ia-batch6/teli1ns-Weekly_Update_January_25_2016.mp4, -1, -1, 59.8611111111111
ia-batch6/bliptv-20131014-170701-BigCatRescue-SnowLeopardVsHawkBigBirdRescue456.mp4, -1, -1, 51.68571428571429
ia-batch6/Bedford_s_Diwali_Community_Dance_2017.mp4, -1, -1, 60.7714285714286
ia-batch6/youtube-RIpap-_peIc.mp4, -1, -1, 35.8611111111111
ia-batch6/youtube-Ss_D5gwChxg.mp4, -1, -1, 46.28571428571429
ia-batch6/terry-run.mp4, -1, -1, 69.4444444444444
ia-batch6/Medfield_Gazebo_Players_2012_-_Anthony_and_Cleopatra.mp4, -1, -1, 52.2
ia-batch6/cocoh-Press_Conference_6-24-2014_Poindexter_Place_Groundbreaking.mp4, -1, -1, 62.6315789473684
ia-batch6/TildenAdvancedTennis.mp4, -1, -1, 47.421052631579
ia-batch6/Timelapse_of_New_Show_Low_Public_Library_and_City_4_TV_studio_Construction_site..mp4, -1, -1, 32.4864864864865
ia-batch6/youtube--6Ay7XGiZlo.mp4, -1, -1, 57.1388888888889
ia-batch6/CU_Immigration_Forum_-_Episode_133.mp4, -1, -1, 66.6153846153846
ia-batch6/youtube-uF75uvy5n98.mp4, -1, -1, 50.71428571428571
ia-batch6/The_Framingham_Beat_-_Sister_Thrift.mp4, -1, -1, 70.3421052631579
ia-batch6/cosmca-Jazz_on_the_Lawn.mp4, -1, -1, 65.28571428571429
ia-batch6/wbrtvmi-RWB_Parks_Recreation_s_Weekly_Update_-_May_1_-_7.mp4, -1, -1, 62.157894736842096
ia-batch6/XcorpsActionSportsTv29.Mig21Seg.2.mp4, -1, -1, 69.8888888888889
ia-batch6/cobma-Boston_Neighborhood_Sports_-_12_2_19.mp4, -1, -1, 63.5428571428571
ia-batch6/youtube-0UNqQr8X6uA.mp4, -1, -1, 54.184210526315795
ia-batch6/Piedmont_Plus_Senior_Games_2014_Information.mp4, -1, -1, 56.57142857142861
ia-batch6/electricsheep-flock-244-65000-9.mp4, -1, -1, 70.75
ia-batch6/youtube-FFcHBVIKrP4.mp4, -1, -1, 64.3333333333333
ia-batch6/St._Charles_Parish_Memorial_Day_Ceremony_Promo.mp4, -1, -1, 58.189189189189214
ia-batch6/youtube-edp157E4ZCk.mp4, -1, -1, 52.1666666666667
ia-batch6/youtube-ckbcP27tFpk.mp4, -1, -1, 56.8918918918919
ia-batch6/THEDANGERGIRL1916GloriaSwansonBobbyVernon.mp4, -1, -1, 44.3055555555556
ia-batch6/BSOHMovie09AttackOfTheMonsters.mp4, -1, -1, 50.2972972972973
ia-batch6/Biblioteca_Publica_de_Tempe_-_FREGAL.mp4, -1, -1, 74.1470588235294
ia-batch6/youtube-F6nFSD1VBFY.mp4, -1, -1, 47.777777777777786
ia-batch6/Every_Movie_Ever_-_1824.mp4, -1, -1, 77.95
ia-batch6/Video0002.3gp.mp4, -1, -1, 42.2162162162162
ia-batch6/02-17-16_Informational_Session_on_Highway_Shop.mp4, -1, -1, 61.4571428571429
ia-batch6/Around_Athens_-_Music_Fest.mp4, -1, -1, 28.181818181818198
ia-batch6/2017-08-07_City_Council_statement_about_Saturday_incident_at_Al_Farooq_Community_Center.mp4, -1, -1, 54.8333333333333
ia-batch6/Norfolk_Is_Now_A_Rockefeller_Resilient_City.mp4, -1, -1, 70.921052631579
ia-batch6/Scituate_Board_of_Health_Meeting_January_7th_2013.mp4, -1, -1, 55.2424242424242
ia-batch6/Numa-Numa.mp4, -1, -1, 40.75
ia-batch6/youtube-h0BdNQrwDPM.mp4, -1, -1, 51.0571428571429
ia-batch6/ccgnc-CTW_Camp_TN_Spencer_Pool_06.24.2018.mp4, -1, -1, 78.0
ia-batch6/bratt2vt-VTRANS_502_Hearing_-_Putney_Road_Roundabouts_3_7_13.mp4, -1, -1, 49.3333333333333
ia-batch6/youtube-K6GryDqSRE0.mp4, -1, -1, 55.485714285714295
ia-batch6/youtube-uBuoauSJ60I.mp4, -1, -1, 34.8
ia-batch6/youtube-Tqq9vpLhdnE.mp4, -1, -1, 53.0571428571429
ia-batch6/youtube-FyWotwsbwTY.mp4, -1, -1, 60.34285714285711
ia-batch6/STAR_Program_-_LOAN.mp4, -1, -1, 76.5945945945946
ia-batch6/MetroEast_Wants_Your_Support.mp4, -1, -1, 73.4594594594595
ia-batch6/Srdjan_Jovanovic_-_Weiss_Green_Card_Voices_-_Short_Version.mp4, -1, -1, 80.7714285714286
ia-batch6/Town_Council_Meeting_06012015.mp4, -1, -1, 58.9189189189189
ia-batch6/youtube-FXCjXZOLwQA.mp4, -1, -1, 40.3529411764706
ia-batch6/Murfreesboro_Storytellers_March_2014-Margaret_Britton_Vaughn.mp4, -1, -1, 53.972222222222214
ia-batch6/archiveteam_videobot_twitter_com_766041874486484992.mp4, -1, -1, 48.222222222222214
ia-batch6/TennisGames.mp4, -1, -1, 62.026315789473706
ia-batch6/Alan_Page_-_Football_Courts_Learning.mp4, -1, -1, 64.2777777777778
ia-batch6/TCRF_-_Car_Ride.mp4, -1, -1, 49.0833333333333
ia-batch6/St._Clair_Makes_Mats_for_the_Community.mp4, -1, -1, 75.5945945945946
ia-batch6/Schwan_s_Cup_Highlights.mp4, -1, -1, 59.5
ia-batch6/coatv-Safe_Boat_Course.mp4, -1, -1, 73.7222222222222
ia-batch6/Department_of_Public_Safety_Monthly_Meeting.mp4, -1, -1, 51.514285714285705
ia-batch6/vf_mailbag_082411_3500.mp4, -1, -1, 58.7105263157895
ia-batch6/bliptv-20131013-164931-AnnoyingOrange-EpicRapBattlesOfKitchenryFtNicePeter536.mp4, -1, -1, 68.6111111111111
ia-batch6/APN_Arlington_Open_Studios_2013.mp4, -1, -1, 69.9722222222222
ia-batch6/Bloomington_Today_-_The_BUZZ_April_2_-_8.mp4, -1, -1, 55.027027027026996
ia-batch6/All_About_Dogs_Day_6-4-13.mp4, -1, -1, 46.5
ia-batch6/youtube-DReyG2AML1k.mp4, -1, -1, 48.4848484848485
ia-batch7/B92-NikoliSledeegOktobraNaVlasti366.mp4, -1, -1, 52.31428571428571
ia-batch7/Board_of_Selectmen_August_10_2015.mp4, -1, -1, 55.3055555555556
ia-batch7/youtube-Auz-Olb-2Bw.mp4, -1, -1, 47.46875
ia-batch7/Flickr-21614231970.mp4, -1, -1, 69.125
ia-batch7/SMCHD_6_8_15_-_San_Mateo_County_Harbor_District_Special_Meeting_-_June_8_2015.mp4, -1, -1, 54.184210526315795
ia-batch7/youtube-aryEe9DgpBY.mp4, -1, -1, 58.3823529411765
ia-batch7/VilleDeNancy.mp4, -1, -1, 50.769230769230795
ia-batch7/youtube-gNTZKkMgVdU.mp4, -1, -1, 56.277777777777786
ia-batch7/D2_Boys_100_Breastroke_Heat_1.mp4, -1, -1, 62.435897435897395
ia-batch7/1458_NFU_SRE_jan10.mp4, -1, -1, 59.95
ia-batch7/youtube-GmtIIMFB5NE.mp4, -1, -1, 58.794871794871796
ia-batch7/wbrtvmi-WBRW_News_-_Week_of_February_10_2010_Pt._3.mp4, -1, -1, 48.954545454545496
ia-batch7/youtube-SprEdq8PW-g.mp4, -1, -1, 48.5135135135135
ia-batch7/youtube-2FjFMunaSCM.mp4, -1, -1, 49.0
ia-batch7/youtube-ky7XtSmoNwI.mp4, -1, -1, 44.48717948717949
ia-batch7/coeor-City_Council_Work_Session_05-09-2012.mp4, -1, -1, 48.4848484848485
ia-batch7/youtube-iFolHnmKaTo.mp4, -1, -1, 38.1351351351351
ia-batch7/archiveteam_videobot_twitter_com_806823263649284096.mp4, -1, -1, 46.421052631579
ia-batch7/youtube-JrsziHQzd9E.mp4, -1, -1, 48.68571428571429
ia-batch7/bliptv-20131031-105130-BoudoirLouisville-BoudoirLouisvilleGoesPropShoppingInPennsylvania800.mp4, -1, -1, 67.9736842105263
ia-batch7/copefl-Mondays_with_the_Mayor_30_September_2019.mp4, -1, -1, 64.2941176470588
ia-batch7/Rose_Krasnow_Democrat_Candidate_for_Montgomery_County_Executive.mp4, -1, -1, 74.82352941176471
ia-batch7/tndcco-Colorado_Outdoors_-_Highlands_Ranch_Parks.mp4, -1, -1, 57.24324324324329
ia-batch7/39th_Annual_Kiwanis_Student_Recognition_Luncheon_-_April_26_1994.mp4, -1, -1, 44.2285714285714
ia-batch7/Edward_Everett_Sculptures.mp4, -1, -1, 52.921052631579
ia-batch7/Council_In_Brief_May_4.mp4, -1, -1, 58.23076923076921
ia-batch7/youtube-E8grI4uI1c4.mp4, -1, -1, 61.428571428571395
ia-batch7/Animal_411_Animal_Cruelty_8_4_17_HD.mp4, -1, -1, 59.6666666666667
ia-batch7/018018_201611.mp4, -1, -1, 62.6666666666667
ia-batch7/Silicon_Valley_Metaphysics_-_Sedona_AZ_Part_1.mp4, -1, -1, 52.71875
ia-batch7/The_Laguna_Woods_Show_with_Guest_Shari_Horne_January_2017.mp4, -1, -1, 70.15151515151521
ia-batch7/BRSchoolCOmmitteeApril2014.mp4, -1, -1, 48.4166666666667
ia-batch7/youtube-q8RuLo3Z1Wo.mp4, -1, -1, 54.1111111111111
ia-batch7/youtube-L7qh3ozugq8.mp4, -1, -1, 82.81081081081079
ia-batch7/NASAMarshallTV-dYEUDtXdwdI.mp4, -1, -1, 37.605263157894704
ia-batch7/whpama-Board_of_Selectmen_12.10.18.mp4, -1, -1, 57.485714285714295
ia-batch7/BCTV_Presents_-_Honey_Bear_on_Berks_Youth_Live.mp4, -1, -1, 53.10526315789479
ia-batch7/youtube-OaYVdgdjUk0.mp4, -1, -1, 52.459459459459495
ia-batch7/Roundabouts_Corridor_Flythrough.mp4, -1, -1, 61.97368421052629
ia-batch7/C64_Longplays_-_ScHlAuChi_-_December_2019.mp4, -1, -1, 54.921052631579
ia-batch7/PatriotsOfTheU.s.a.-TheAmericanMilitias.mp4, -1, -1, 35.5294117647059
ia-batch7/Restaurant_week_in_Elizabeth_NJ_2009_2.mp4, -1, -1, 55.9166666666667
ia-batch7/Cod_Mock_Bank_Robbery.mp4, -1, -1, 51.6666666666667
ia-batch7/Spotlight_3_20_13_-_International_Team_students.mp4, -1, -1, 54.4
ia-batch7/Enjoy_the_Clark_County_Shooting_Complex.mp4, -1, -1, 77.9230769230769
ia-batch7/Broadway_Singer_Tap_Dancer_Join_National_Philharmonic_for_Strathmore_Holiday_Concert.mp4, -1, -1, 64.3888888888889
ia-batch7/youtube-njlicBL7HU4.mp4, -1, -1, 59.9473684210526
ia-batch7/APN_Arlington_in_2_June_04_2015.mp4, -1, -1, 80.5945945945946
ia-batch7/youtube-c-HEeeA5gNQ.mp4, -1, -1, 49.135135135135094
ia-batch7/archiveteam_videobot_twitter_com_783787110511759360.mp4, -1, -1, 74.10526315789471
ia-batch7/01.03.2017_Marshall_Public_Schools_Board_Meeting.mp4, -1, -1, 58.25
ia-batch7/DPW_A_Day_Late_Curbside_Collection.mp4, -1, -1, 36.972972972973
ia-batch7/D1_Boys_200_IM_Heat_1.mp4, -1, -1, 71.44736842105259
ia-batch7/youtube-zeL0jeMaEUs.mp4, -1, -1, 40.270270270270295
ia-batch7/NACo_2016_-_StoryStations.mp4, -1, -1, 77.3684210526316
ia-batch7/28MVI00272.mp4, -1, -1, 53.6216216216216
ia-batch7/BOF_11_20_17.mp4, -1, -1, 59.9459459459459
ia-batch7/411Show-RockGroupYoshimotoVideoNo2470-2.mp4, -1, -1, 50.675675675675706
ia-batch7/Re-entry_Day_Expungement_Bills.mp4, -1, -1, 63.257142857142895
ia-batch7/Cupertino_Earth_Day_2011_-_Acterra.mp4, -1, -1, 57.6315789473684
ia-batch7/Board_of_Selectmen_9_2_08_Part_1.mp4, -1, -1, 49.7837837837838
ia-batch7/chtvma-Town_Talk_featuring_Dick_DeFreitas_-_February_26_2018.mp4, -1, -1, 75.4736842105263
ia-batch7/youtube-8kAl23-E2-k.mp4, -1, -1, 44.8888888888889
ia-batch7/The_Hortman_Episode_6_-_Berries_and_Shrubs.mp4, -1, -1, 69.4705882352941
ia-batch7/sctvco-Pets_of_the_Week_for_May_09_2018.mp4, -1, -1, 69.75
ia-batch7/youtube-a3KPVeZoi5E.mp4, -1, -1, 57.4
ia-batch7/MyMinecraftCastle.mp4, -1, -1, 59.8529411764706
ia-batch7/codhmi-8_25_2015_City_Council_Meeting.mp4, -1, -1, 58.2
ia-batch7/411Show-LuminariaArtsNightPart1891.mp4, -1, -1, 65.4
ia-batch7/Environmental_Advisory_Council_-_September_27_2018.mp4, -1, -1, 51.871794871794904
ia-batch7/Planning_101_-_Zoning_Variances.mp4, -1, -1, 82.6176470588236
ia-batch7/New_Municipal_Service_Center_-_Time_Lapse.mp4, -1, -1, 43.59459459459461
ia-batch7/concoh-Council_Meeting_-_November_2_2015.mp4, -1, -1, 47.4864864864865
ia-batch7/Pinellas_County_FY_2014_Budget_Overview.mp4, -1, -1, 58.6111111111111
ia-batch7/Abington_vs._Rockland_Boys_Varsity_Soccer_-_9_7_16.mp4, -1, -1, 44.8684210526316
ia-batch7/cobor-Community_Development_Department_Update_-_CC.mp4, -1, -1, 49.777777777777786
ia-batch7/Reading_Royals_Player_Interviews.mp4, -1, -1, 60.5757575757576
ia-batch7/APN_The_Mathematical_Universe.mp4, -1, -1, 57.0
ia-batch7/youtube-iyjbhwq-pEk.mp4, -1, -1, 54.60526315789479
ia-batch7/ABDOOK407.mp4, -1, -1, 62.657894736842096
ia-batch7/youtube-LLgi5qFUKqQ.mp4, -1, -1, 71.525
ia-batch7/CIAA_Outdoor_Track_Field_Championships_Part_2.mp4, -1, -1, 55.257142857142895
ia-batch7/etvmn-Eagan_3rd_Grade_Inventors_Want_To_Go_To_Global_Finals.mp4, -1, -1, 70.6
ia-batch7/youtube-w70Hambhnsw.mp4, -1, -1, 46.421052631579
ia-batch7/copefl-Mayor_s_Employee_Recognition_Awards_Video_082615.mp4, -1, -1, 52.4
ia-batch7/youtube-KJKqpE51GwM.mp4, -1, -1, 67.8684210526316
ia-batch7/Redmonk-MicrosoftTechEd2007SOAPowerShellSilverlightAndVirtualiza800.mp4, -1, -1, 49.6486486486487
ia-batch7/On_the_Rock_-_Episode_122.mp4, -1, -1, 50.472222222222214
ia-batch7/Flickr-23713755934.mp4, -1, -1, 71.972972972973
ia-batch7/youtube-vrpdQQntukA.mp4, -1, -1, 31.125
ia-batch7/youtube-pOuqC9dqV2A.mp4, -1, -1, 43.3333333333333
ia-batch7/youtube-ZIKRKwdqxrk.mp4, -1, -1, 41.6666666666667
ia-batch7/pacmd-Give_a_Day_Change_a_life_Gold_Award_Project.mp4, -1, -1, 63.538461538461505
ia-batch7/coatv-Mayor_Cohen_makes_big_splash_at_Market_House_opening.mp4, -1, -1, 49.29411764705879
ia-batch7/4th_up_recycle_question_1_wrong_a_c_.mov.mp4, -1, -1, 48.57142857142861
ia-batch7/youtube-FAfVCYTCQ3s.mp4, -1, -1, 54.0
ia-batch7/scatvca-Octoberfest_2017_on_Main_Street_Placerville.mp4, -1, -1, 47.0810810810811
ia-batch7/Adoptable_Dogs_in_Clackamas_County_-_Nov._22-_Nov._29.mp4, -1, -1, 69.972972972973
ia-batch7/StPatrickParishChurchInVancouverBirthdayPartyEntertainmentFun.mp4, -1, -1, 54.972222222222214
ia-batch7/patvny-FIDGET_SPINNER_REVOLUTION_Great_Neck_Manhasset_EOC.mp4, -1, -1, 80.52941176470591
ia-batch7/FateStayNight2015StopMotionSaberVsArchersaeTssTSsTusstT12.mp4, -1, -1, 55.9714285714286
ia-batch7/Saccarappa_Falls_Westbrook_Maine.mp4, -1, -1, 52.2105263157895
ia-batch7/The_Jose_Aliaga_Show_-_Faith_In_Action.mp4, -1, -1, 77.1111111111111
ia-batch7/youtube-W_CgoD4TLzY.mp4, -1, -1, 47.2702702702703
ia-batch7/Alcohol_Review_Board_Meeting_09_04_2012.mp4, -1, -1, 55.027777777777786
ia-batch7/electricsheep-flock-244-82500-3.mp4, -1, -1, 66.28571428571429
ia-batch7/AWARE_on_the_Air_-_Episode_376.mp4, -1, -1, 57.135135135135094
ia-batch7/blmtwpmiv-What_About_Prayer.mp4, -1, -1, 59.085714285714296
ia-batch7/bmn-Game_Highlights_Girls_Hockey_-_Lakeville_North_vs._Burnsville_12_13_18.mp4, -1, -1, 55.8
ia-batch7/Successful_Gardener_-_NW_Cabarrus_High_School_Rain_Garden.mp4, -1, -1, 63.81578947368421
ia-batch7/A_Visionary_Program_Expands_to_DMPS_Middle_Schools.mp4, -1, -1, 75.2162162162162
ia-batch7/3x3SpiralDoorTUTORIAL.mp4, -1, -1, 56.70588235294121
ia-batch7/youtube-AGfjAKW1tz0.mp4, -1, -1, 38.7179487179487
ia-batch7/ccgnc-CTW_-_Mt._Pleasant_Library_03.11.2018.mp4, -1, -1, 71.1351351351351
ia-batch7/youtube-dHKwhXcDCNs.mp4, -1, -1, 40.027027027027
ia-batch7/VM51_St_David_Main_Street.mp4, -1, -1, 76.8387096774194
ia-batch7/Chamber_Talk_6-17-13_with_Nancy_and_Steve.mp4, -1, -1, 48.20588235294121
ia-batch7/Fire_Safety.mp4, -1, -1, 48.6944444444444
ia-batch7/Taste_of_Torrance_with_Kirk_Leins_12.13_part_1_-_Gaetano_s_Resturant_-_Torrance_CitiCABLE.mp4, -1, -1, 61.9230769230769
ia-batch7/The_Silicon_Valley_Entrepreneur_-_CollegeWikis.mp4, -1, -1, 52.222222222222214
ia-batch7/SCVTV.com_6_14_2012_Santa_Clarita_FREE_Concerts_in_the_Park_Start_July_7.mp4, -1, -1, 49.5428571428571
ia-batch7/Spotlight_Rewind_1_-_Caleb_Lewis_and_AJ_Harper.mp4, -1, -1, 75.2222222222222
ia-batch7/csgfmo-Springfield_Opens_Second_Diverging_Diamond_in_the_U.S..mp4, -1, -1, 65.7272727272727
ia-batch7/Flickr-24104607275.mp4, -1, -1, 51.184210526315795
ia-batch7/OnceAgain_549.mp4, -1, -1, 55.43243243243239
ia-batch7/codmi-2015_Memorial_Day_Parade_Promo.mp4, -1, -1, 42.5
ia-batch7/See_the_new_Foothills_Trail_section_from_Buckley_to_South_Prairie..mp4, -1, -1, 77.4864864864865
ia-batch7/com.barackobama.2008_09_22.HmTgpZ8X51I.Green_Bay_WI.mp4, -1, -1, 61.2105263157895
ia-batch7/Beachwalks-BeachWalk619ThePowerInAcceptance667-2.mp4, -1, -1, 51.675675675675706
ia-batch7/01UltramanTaro23.mp4, -1, -1, 52.0285714285714
ia-batch7/Board_of_Adjustment_Meeting_January_6_2015.mp4, -1, -1, 41.9473684210526
ia-batch7/Tree_Planting_Celebration_Timelapse.mp4, -1, -1, 63.7027027027027
ia-batch7/Arsenal1-River0.mp4, -1, -1, 49.1212121212121
ia-batch7/The_Role_of_Trees_in_Stream_Restorations.mp4, -1, -1, 72.7631578947369
ia-batch7/Dog_of_the_Week_-_Denali_the_Border_Collie_German_Shepherd_Mix.mp4, -1, -1, 68.4736842105263
ia-batch7/County_of_Berks_Commissioners_Meeting_2-1-18.mp4, -1, -1, 68.4166666666667
ia-batch7/youtube-77mQc6brJtk.mp4, -1, -1, 59.88571428571429
ia-batch7/NesNightmareOnElmStreetusaIn1631.93ByJamesBrowneziplock.mp4, -1, -1, 62.0555555555556
ia-batch7/RBA_Game_17_Winter_2019_-_Team_29_vs_Team_33.mp4, -1, -1, 54.7297297297297
ia-batch7/archiveteam_videobot_twitter_com_578484985881051136.mp4, -1, -1, 56.3888888888889
ia-batch7/Oath_of_Office_Ceremony_-_Norfolk_City_Council_2014.mp4, -1, -1, 55.277777777777786
ia-batch7/Tysons_Annual_Open_House_May_2014.mp4, -1, -1, 59.514285714285705
ia-batch7/ucberkeley_webcast_4Ak20Lzduvo.mp4, -1, -1, 60.5833333333333
ia-batch7/Oshkosh_Common_Council_9-13-16.mp4, -1, -1, 47.277777777777786
ia-batch7/stgenmo-2008_American_Legion_Baseball_Awards_Ceremony.mp4, -1, -1, 45.8529411764706
ia-batch7/youtube-HXbxdWht7Oc.mp4, -1, -1, 75.0
ia-batch7/02ED2.mp4, -1, -1, 45.257142857142895
ia-batch7/uptv6il-The_Legacy_of_Project_500_at_50_Gala_Dinner.mp4, -1, -1, 50.3055555555556
ia-batch7/cg_0444-February_Garden_Calendar.mp4, -1, -1, 56.7105263157895
ia-batch7/Dover_Selectmen_s_Meeting_of_May_21_2013.mp4, -1, -1, 55.2702702702703
ia-batch7/Artist_to_Artist_Episode_1.mp4, -1, -1, 64.5
ia-batch7/cg_0146-County_Executive_and_Superintendent_help_break_ground_for_new_northwest_area_elementary_sch.mp4, -1, -1, 68.6388888888889
ia-batch7/Colonial_Theatre_Special_Meeting_June_29_2015.mp4, -1, -1, 46.3888888888889
ia-batch7/btvnj-SongWriters_on_the_Beach_Broken_Anchor.mp4, -1, -1, 68.5555555555556
ia-batch7/2008_Dodge_Ball_Team_Alderman_v._El_Diablo_Games_6_7.mp4, -1, -1, 44.657142857142894
ia-batch7/Pet_of_the_Week_-_August_14_2017.mp4, -1, -1, 80.6578947368421
ia-batch7/wcnc-2015_Legislative_Goals.mp4, -1, -1, 69.2631578947369
ia-batch7/RespectablyFrench.ROFLCon.Work_It_Move_It.mp4, -1, -1, 35.4594594594595
ia-batch7/cctvmn-Chaska_City_Council_07-30-18.mp4, -1, -1, 39.3513513513514
ia-batch7/rocny-Fire_Prevention_-_Carbon_Monoxide_Alarms.mp4, -1, -1, 68.6129032258065
ia-batch7/youtube-6PaolAt9m-Y.mp4, -1, -1, 58.864864864864906
ia-batch7/Proper_Medication_Disposal.mov.mp4, -1, -1, 55.264705882352885
ia-batch7/cogco-Oktobrewfest_in_Downtown_Greeley.mp4, -1, -1, 53.657894736842096
ia-batch7/wacamav-Campaign_2010_-_A_Political_Rally.mp4, -1, -1, 51.89473684210521
ia-batch7/bliptv-20131014-102345-Bsgcast-PREVIEWHulkNowWithAddedIncredible634.mp4, -1, -1, 49.9473684210526
ia-batch7/SamRenseiw-patafilm644EthnologyDisgress554.mp4, -1, -1, 55.4571428571429
ia-batch7/Mikes_Mondo_Calaveras_60_Peter_Maurer_Planning_Director_8_29_2018.mp4, -1, -1, 56.6388888888889
ia-batch7/AECOM_University_Ave_to_Greenhill_December.mp4, -1, -1, 74.6315789473684
ia-batch7/ClockCleaners1937.mp4, -1, -1, 71.2
ia-batch7/cocoh-PUP_Campaign_-_Dogs_Can_t_Flush.mp4, -1, -1, 55.0540540540541
ia-batch7/codmi-City_of_Dearborn_Dog_License.mp4, -1, -1, 69.6944444444444
ia-batch7/cokin-Egg_Drop_2016.mp4, -1, -1, 67.3513513513513
ia-batch7/Senior_Center_Nature_Walk_08_25_16.mp4, -1, -1, 73.9210526315789
ia-batch7/youtube-CUOrQkG-RIQ.mp4, -1, -1, 36.7027027027027
ia-batch7/DavidSuzukiOnSustainableSeafood.mp4, -1, -1, 64.8918918918919
ia-batch7/youtube-cvvI-xPiaII.mp4, -1, -1, 69.2941176470588
ia-batch7/Sundaes_on_Thursdays_-_Stoughton_Community_Band.mp4, -1, -1, 72.11428571428571
ia-batch7/Cool2Craft-HowToMakeLookOfForgedMetalWithAluminumFoilByEcoHeidi141.mp4, -1, -1, 65.5526315789474
ia-batch7/School_Committee_Meeting_5_24_10_Part_8.mp4, -1, -1, 48.5135135135135
ia-batch7/AhmedFootShinesAndHeTellsHisGodToReadBlogsOfOfficialUniversityOfAhmed.mp4, -1, -1, 54.47368421052629
ia-batch7/NWCT_Board_of_Directors_Election_2015_Promo.mp4, -1, -1, 56.1111111111111
ia-batch7/SB_Youth_Symphony_Spring_Concert_08_-_Vintage_TVSB.mp4, -1, -1, 42.794871794871796
ia-batch7/STL_TV_LIVE_-_Shadrach_Robinson_2_of_2.mp4, -1, -1, 58.9459459459459
ia-batch7/nwctc-Heritage_routs_Lester_Prairie_in_4A_girls_hoops.mp4, -1, -1, 49.0540540540541
ia-batch7/2015_International_Festival_of_Burnsville_-_Universal_Dance_Destiny.mp4, -1, -1, 54.0526315789474
ia-batch7/SamRenseiw-Lum60BusRide115.mp4, -1, -1, 50.526315789473706
ia-batch7/PSA_-_How_Water_is_Made_in_St._Charles_Parish.mp4, -1, -1, 71.25
ia-batch7/3027_885_InnerCityChurchofChrist_EP885.mp4, -1, -1, 49.57142857142861
ia-batch7/youtube-uPXinyS5S1g.mp4, -1, -1, 58.236842105263214
ia-batch7/Training_Sales_Employees_10-14-16.mp4, -1, -1, 62.0810810810811
ia-batch7/12_News_December_10_2014.mp4, -1, -1, 59.68571428571429
ia-batch7/Northfield_Selectboard_-_Dec._13_2011.mp4, -1, -1, 51.5833333333333
ia-batch7/Abde_EL_ALI-ANOUN-video-el-moslem.com.mp4, -1, -1, 42.5428571428571
ia-batch7/youtube-7Sz4TIp1n_A.mp4, -1, -1, 67.5588235294118
ia-batch7/brattvvt-West_River_Valley_Thrives_-_Impairment_Goggles_PSA.mp4, -1, -1, 65.3513513513513
ia-batch7/Fantasmagori.mp4, -1, -1, 36.526315789473706
ia-batch7/youtube-qKuKVosUqKE.mp4, -1, -1, 76.6857142857143
ia-batch7/AOC_Static._Stay_tuned.mp4, -1, -1, 22.4324324324324
ia-batch7/Abington_School_Committee_Candidates_Forum_4.12.14.mp4, -1, -1, 47.6666666666667
ia-batch7/Dhalleck-TheMontgomeryCountyBattle501.mp4, -1, -1, 60.8888888888889
ia-batch7/ucberkeley_webcast_DbJ8hsfy4UU.mp4, -1, -1, 52.257142857142895
ia-batch7/North_Reading_MA_Board_of_Selectmen_Meeting_5_5_14.mp4, -1, -1, 49.459459459459495
ia-batch7/City_Council_Rules_4.19.16.mp4, -1, -1, 63.3611111111111
ia-batch7/youtube-v1tkNu7zuFU.mp4, -1, -1, 52.459459459459495
ia-batch7/pmpnc-Kidz_Newz_g2w8SmsGwZ0.mp4, -1, -1, 58.4705882352941
ia-batch7/youtube-Co4TDIIh4V8.mp4, -1, -1, 69.6578947368421
ia-batch7/cig_0646-Blaine_Safety_Camp_2009.mp4, -1, -1, 48.972222222222214
ia-batch7/Dr_Pepper_Prototypes_and_Beyond.mp4, -1, -1, 68.5405405405406
ia-batch7/20060727pc.mp4, -1, -1, 41.9444444444444
ia-batch7/Play_of_the_Game_-_Girls_Hockey_-_Lakeville_South_vs._Burnsville_12-7-13.mp4, -1, -1, 59.5853658536585
ia-batch7/bptvpa-Bethel_Park_Community_Day_2015.mp4, -1, -1, 64.1136363636364
ia-batch7/Adopt_A_Pet_-_August_23_2013.mp4, -1, -1, 53.657142857142894
ia-batch7/Board_of_Selectmen_Meeting_March_15_2010_Part_7.mp4, -1, -1, 49.864864864864906
ia-batch7/youtube-kZXo6Q4U9i8.mp4, -1, -1, 49.11428571428571
ia-batch7/youtube-sx7-VX2DeRU.mp4, -1, -1, 48.236842105263214
ia-batch7/Crimson_edge_Falcons_advance_to_state.mp4, -1, -1, 53.17647058823529
ia-batch7/Digieffects-AgedFilm8mmPreset112.mp4, -1, -1, 40.25
ia-batch7/wctvma-WCC_-_Jingle_Bell_Rock.mp4, -1, -1, 52.0
ia-batch7/Salinas_City_Council_Meeting_of_March_27_2012.mp4, -1, -1, 62.9444444444444
ia-batch8/2010_Grand_Wine_and_Food_Affair.mp4, -1, -1, 53.1351351351352
ia-batch8/El_Camino_del_Corazon.mp4, -1, -1, 78.3157894736842
ia-batch8/FiveNightsAtFreddysVs.GhostbustersFanFilm.mp4, -1, -1, 71.2432432432432
ia-batch8/2014_Queer_Youth_Leadership_Awards_-_Queer_Youth_Leadership_Award.mp4, -1, -1, 79.54285714285709
ia-batch8/MerkabaAnimationP2010.aviYouTube.mp4, -1, -1, 54.34285714285711
ia-batch8/09_03_15_McGavock_High_School_Library_Ribbon_Cutting.mp4, -1, -1, 54.1176470588235
ia-batch8/Council_on_Aging_02_01_16_Recap.mp4, -1, -1, 75.1176470588236
ia-batch8/Construction_Careers_Center.mp4, -1, -1, 57.8787878787879
ia-batch8/Brisbane_Planning_Commission_04.28.16_part_1_of_2.mp4, -1, -1, 42.7105263157895
ia-batch8/Mock_Crash_Shows_Students_Dangers_of_Drinking_and_Driving.mp4, -1, -1, 56.6285714285714
ia-batch8/EberlyCoykendalAfternoon1990.mp4, -1, -1, 57.82857142857139
ia-batch8/03-10-12_SF_News_.mp4, -1, -1, 57.31428571428571
ia-batch8/youtube--60i7vmEXFQ.mp4, -1, -1, 66.1315789473684
ia-batch8/cg_0258-Gary_Freeze_-_Downtowns_and_Malls_In_Catawba_County.mp4, -1, -1, 59.975609756097604
ia-batch8/youtube-6RAKZqYznz0.mp4, -1, -1, 57.0285714285714
ia-batch8/Miptalk-TheCMOClubBarryHerstein169.mp4, -1, -1, 66.23076923076921
ia-batch8/1966_Windsor_Shad_Derby_Parade.mp4, -1, -1, 37.060606060606105
ia-batch8/2018_StarlightBowl-PROMO.mp4, -1, -1, 65.89473684210529
ia-batch8/youtube-mabTRLSI17I.mp4, -1, -1, 48.5833333333333
ia-batch8/Cheers_for_Volunteers_-_Johney_Clark_ACCESS_Point_Volunteer.mp4, -1, -1, 54.3783783783784
ia-batch8/youtube-WIts6226BfA.mp4, -1, -1, 48.794871794871796
ia-batch8/Special_Election_for_the_Clarenceville_School_District.mp4, -1, -1, 67.8461538461538
ia-batch8/DavidBerkowitzInHisOwnWordsPart9Of9.mp4, -1, -1, 74.5
ia-batch8/youtube-RLzl2f69JX0.mp4, -1, -1, 49.0285714285714
ia-batch8/youtube-4LJ_yEOpnRY.mp4, -1, -1, 36.6111111111111
ia-batch8/youtube-kXL2bzn0PkE.mp4, -1, -1, 49.4838709677419
ia-batch8/Wrestling_Highlights_-_Tri_Angular_at_Blaine.mp4, -1, -1, 57.1666666666667
ia-batch8/Canetoad-CarpCaviarPromo06356.mp4, -1, -1, 56.9230769230769
ia-batch8/Pedestrian_Rights.mp4, -1, -1, 62.82857142857139
ia-batch8/2011_Snowfest_in_Missouri_City_Texas.mp4, -1, -1, 67.60526315789471
ia-batch8/youtube-Fc2ulq9Dy14.mp4, -1, -1, 49.3333333333333
ia-batch8/ThalassophobicDanceParty.mp4, -1, -1, 25.1891891891892
ia-batch8/The_Local_Music_Scene_12_-_Brothers_Bellamy_Yesterday.mp4, -1, -1, 41.05
ia-batch8/Festival_Of_The_Lights_-_Choir_time_lapse.mp4, -1, -1, 54.236842105263214
ia-batch8/tr_p3d_060718_3200.mp4, -1, -1, 71.0
ia-batch8/A_Slave_Denied_Freedom.mp4, -1, -1, 70.2894736842105
ia-batch8/youtube-IJ7ipx_TUco.mp4, -1, -1, 77.4054054054054
ia-batch8/ucberkeley_webcast_bBithUtaaas.mp4, -1, -1, 58.027777777777786
ia-batch8/Telling_You_All_About_It.mp4, -1, -1, 56.454545454545496
ia-batch8/fanboatfilm5bbrace.mp4.mp4, -1, -1, 40.3611111111111
ia-batch8/Community_Journal_May_18.mp4, -1, -1, 65.4615384615385
ia-batch8/cocoh-My_Brother_s_Keeper_Taskforce_Meeting_-_February_16_2016.mp4, -1, -1, 77.15151515151521
ia-batch8/New_Visions_Gallery_-_Artwork_Poetry_Exhibit.mp4, -1, -1, 68.5789473684211
ia-batch8/youtube-wnrBydjAPQg.mp4, -1, -1, 76.4054054054054
ia-batch8/untvmi-The_National_Writers_Series-_An_Evening_with_Buzz_Bissinger.mp4, -1, -1, 69.3142857142857
ia-batch8/11-03-12_SF_News_pt1.mp4, -1, -1, 58.3783783783784
ia-batch8/youtube-Nbdw5bFiiNs.mp4, -1, -1, 67.969696969697
ia-batch8/Action_Collab_Showcase_-_ArtV_BIF_2012.mp4, -1, -1, 75.58974358974359
ia-batch8/whpama-Hubbardston_Bi-Centennial_Celebration_1967.mp4, -1, -1, 27.5862068965517
ia-batch8/Richard_Reeves_on_Educational_Inequalities.mp4, -1, -1, 80.6
ia-batch8/BITCOINSCRYPTOCURRENCIES5GNETWORKTIEDINTORFIDCHIPMARKOFTHEBEASTPROPHECYMalakAhab.mp4, -1, -1, 55.425
ia-batch8/Sneak_Peek_Inside_the_Collections.mp4, -1, -1, 66.6486486486487
ia-batch8/Community_Meeting-Problem_Gambling.mp4, -1, -1, 51.71428571428571
ia-batch8/youtube-YLzPLbfzAWc.mp4, -1, -1, 63.612903225806505
ia-batch8/cg_0130-Medication_Management_101_for_Older_Adults_Live.mp4, -1, -1, 66.0
ia-batch8/Bellarmine_Bells_vs_Cupertino_Pioneers_-_Basketball_December_7th_2013.mp4, -1, -1, 49.95
ia-batch8/Middlebury_Development_Review_Board_Meeting_8_14_17.mp4, -1, -1, 56.79411764705879
ia-batch8/WhyFoodPricesAreSpiking.mp4, -1, -1, 65.23684210526321
ia-batch8/THE_VALUE_OF_WATER_-_MIDDLE_-_Saving_Water.mp4, -1, -1, 53.324324324324294
ia-batch8/Santa_s_Coming_to_Town.mp4, -1, -1, 71.05555555555559
ia-batch8/The_Smithereens_-_Live_in_Concert_at_the_2012_Celebrate_Gaithersburg_in_Olde_Towne_Street_Festival.mp4, -1, -1, 53.3055555555556
ia-batch8/A_Message_For_Texas_Gov._Perry.mp4, -1, -1, 63.222222222222214
ia-batch8/cohca-2016_Parks_Recreation_Golf_Tournament.mp4, -1, -1, 69.3939393939394
ia-batch8/youtube-Dz07QREGOz4.mp4, -1, -1, 40.1944444444444
ia-batch8/spanishrevolution-Manifestacion_detenidos_acampadavlc_09-06-2011-hQlbZRNdOg4.mp4.mp4, -1, -1, 55.5
ia-batch8/youtube-sW24dF9fmMo.mp4, -1, -1, 64.1666666666667
ia-batch8/youtube-uT4pQHiCTHM.mp4, -1, -1, 50.3333333333333
ia-batch8/Milford_Planning_Board_meeting_October_1_2013.mp4, -1, -1, 51.81578947368421
ia-batch8/Vice_Mayor_Bill_Gates_-_Habitat_for_Humanity_House_in_District_3.mp4, -1, -1, 55.1621621621622
ia-batch8/SicNikImReallyHotandSatisfied_0.mp4, -1, -1, 52.527777777777786
ia-batch8/bratt2vt-Brattleboro_Selectboard_Special_Mtg_2_8_11.mp4, -1, -1, 53.1621621621622
ia-batch8/Dog_Rescued_from_Las_Vegas_Strip_Hotel_Room.mp4, -1, -1, 56.0
ia-batch8/Community_Advisory_Board_Haven_Well_6_17_15.mp4, -1, -1, 59.1875
ia-batch8/2013_Couch_Race_Promo.mp4, -1, -1, 53.2162162162162
ia-batch8/VM6_St_Francis_Main_Street.mp4, -1, -1, 77.9736842105263
ia-batch8/Fixing_the_Education_Funding_Formula.mp4, -1, -1, 53.3888888888889
ia-batch8/youtube-0-Nnotj6U6k.mp4, -1, -1, 44.2972972972973
ia-batch8/archiveteam_videobot_twitter_com_773495706619252737.mp4, -1, -1, 68.15625
ia-batch8/The_SportsDesk_18.13_-_Torrance_CitiCABLE_-_May_14-20_2013.mp4, -1, -1, 58.4166666666667
ia-batch8/Arlington_Patriots_Day_Parade_2019-_Aleppo_Shriners.mp4, -1, -1, 65.8648648648649
ia-batch8/Memorial_Day_-_May_27_2013.mp4, -1, -1, 55.7714285714286
ia-batch8/dni.ncaa.CVI-BETA_1044-BC.mp4, -1, -1, 59.4864864864865
ia-batch8/Eyes_on_Naperville_-_Diane_Gilbert_Madsen.mp4, -1, -1, 63.1081081081081
ia-batch8/youtube-g-wP07C6xJY.mp4, -1, -1, 31.3333333333333
ia-batch8/tvcdlm1qc-CVA_05_06_2017.mp4, -1, -1, 63.5161290322581
ia-batch8/WW2_Italy.mp4, -1, -1, 82.2121212121212
ia-batch8/11_14_16_Zoning_Committee_Meeting.mp4, -1, -1, 53.28125
ia-batch8/Piscataway_Heritage_Trail.mp4, -1, -1, 63.5526315789474
ia-batch8/youtube-fSyRjR3WMLs.mp4, -1, -1, 54.68571428571429
ia-batch8/youtube-h-qSqhrEVwI.mp4, -1, -1, 39.945945945945894
ia-batch8/rocny-Bike-In_Movie_2018.mp4, -1, -1, 70.8421052631579
ia-batch8/youtube-4pDEE5NWpm4.mp4, -1, -1, 57.8529411764706
ia-batch8/youtube-Gx6rjX-cO2Q.mp4, -1, -1, 74.81081081081079
ia-batch8/youtube-SwVfXYKm_fk.mp4, -1, -1, 46.0
ia-batch8/archiveteam_videobot_twitter_com_795193753237680128.mp4, -1, -1, 63.1794871794872
ia-batch8/Senior_Olympics_Rock_Norfolk_Virginia.mp4, -1, -1, 50.84375
ia-batch8/cornv-Multi-agency_gang_bust_near_Neil_Road_led_to_indictment_on_drug_charges..mp4, -1, -1, 49.157894736842096
ia-batch8/bratt2vt-The_Pulse_of_Brattleboro_-_May_2010_The_Plunge.mp4, -1, -1, 49.54838709677421
ia-batch8/Metro_Voices_Dec_Jan_2013_Trim.mp4, -1, -1, 43.925
ia-batch8/nwctc-Brooklyn_Park_Tater_Daze.mp4, -1, -1, 47.8918918918919
ia-batch8/youtube-cdTA7S_ZjOE.mp4, -1, -1, 58.2820512820513
ia-batch8/archiveteam_videobot_twitter_com_800283862555238400.mp4, -1, -1, 58.2432432432432
ia-batch8/TheBlackMommieDearest.mp4, -1, -1, 47.026315789473706
ia-batch8/St._Charles_Parks_Walking_Club_PSA.mp4, -1, -1, 54.0
ia-batch8/youtube-8YRlwCTUUTw.mp4, -1, -1, 62.236842105263214
ia-batch8/youtube-z800I5Yabks.mp4, -1, -1, 57.5135135135135
ia-batch8/youtube-_pIJWAMwJ9s.mp4, -1, -1, 77.7297297297297
ia-batch8/youtube-vzfOEzJlUhc.mp4, -1, -1, 48.4705882352941
ia-batch8/youtube-ZKfmMIc0qdc.mp4, -1, -1, 57.4761904761905
ia-batch8/Topper_Wins.mp4, -1, -1, 72.4516129032258
ia-batch8/cornv-Reno_ready_for_snow_fall..mp4, -1, -1, 54.026315789473706
ia-batch8/Chambers_Street_Theatre_Episode_304_-_The_Christmas_Pudding.mp4, -1, -1, 75.5
ia-batch8/cogtx-Lone_Star_Rally_Safety_Tips_for_Pedestrians.mp4, -1, -1, 77.8918918918919
ia-batch8/What_s_New_9_23_15.mp4, -1, -1, 55.60526315789479
ia-batch8/youtube-QOvmVK1G_3c.mp4, -1, -1, 77.0789473684211
ia-batch8/Disc._Superintendent_s_Report_111312.mp4, -1, -1, 66.0277777777778
ia-batch8/The_SportsDesk_34.12_-_Torrance_CitiCABLE_-_October_16_-_23_2012.mp4, -1, -1, 49.625
ia-batch8/North_Reading_High_School_Football_-_Thanksgiving_Day_Game_2010_-_Part_5_-_Norcam.mp4, -1, -1, 50.5882352941177
ia-batch8/EcoSmart_-_Tallahassee_Mall_Update_Street_Spam.mp4, -1, -1, 54.948717948718006
ia-batch8/youtube-ntYeX7iAIy0.mp4, -1, -1, 50.3611111111111
ia-batch8/Public_Health_prepares_for_Super_Bowl_visitors.mp4, -1, -1, 81.84375
ia-batch8/Montgomery_Plans_-_In_The_News_-_Lyttonsville_Master_Plan.mp4, -1, -1, 67.9166666666667
ia-batch8/archiveteam_videobot_twitter_com_792815818161684480.mp4, -1, -1, 56.7272727272727
ia-batch8/Portfest_-_Raw_Footgae.mp4, -1, -1, 56.03125
ia-batch8/conmi-Novi_Now_-_Floor_Hockey.mp4, -1, -1, 69.5853658536585
ia-batch8/youtube-XhjZaZgN9Sw.mp4, -1, -1, 67.3030303030303
ia-batch8/wctvtn-Jake_Johnson_-_Leiper_s_Fork_Library_Performance_2019.mp4, -1, -1, 65.73684210526321
ia-batch8/bctvpa-Walter_K_s_Polka_Party_4-3-19.mp4, -1, -1, 59.7575757575758
ia-batch8/Crimson_rally_for_win_in_boys_basketball.mp4, -1, -1, 46.0555555555556
ia-batch8/TheEmbarrassmentElizabethMontgomerysFace_201801.mp4, -1, -1, 46.0571428571429
ia-batch8/MobilierFidle-TheAutomaticMovingCompany.mp4, -1, -1, 31.1176470588235
ia-batch8/orcavt-2019_Montpelier_Independence_Day_Parade.mp4, -1, -1, 55.325
ia-batch8/Adopt_A_Pet_-_August_9_2013.mp4, -1, -1, 58.026315789473706
ia-batch8/Fighting_Hunger_-_Matt_Damon.mp4, -1, -1, 55.7297297297297
ia-batch8/colrar-America_Recycles_Day.mp4, -1, -1, 65.8918918918919
ia-batch8/youtube-b1DKAfHofFU.mp4, -1, -1, 66.0789473684211
ia-batch8/youtube-DCRRu68JeLY.mp4, -1, -1, 58.625
ia-batch8/snnma-Gun_Buy_Back_Promotes_Public_Health_and_Community_Outreach_-_SNN_66.mp4, -1, -1, 77.0
ia-batch8/On_Golden_Pond_Performance_Oct_15.mp4, -1, -1, 66.3636363636364
ia-batch8/youtube-aD_mKJ4_7HE.mp4, -1, -1, 57.8378378378378
ia-batch8/trio_interv.mp4, -1, -1, 70.2162162162162
ia-batch8/youtube-PtjxdKzFkrw.mp4, -1, -1, 40.32432432432429
ia-batch8/Alexfotovideo-6EstreantesDoInteriorCampinas2007Parte3697.mp4, -1, -1, 49.96875
ia-batch8/AlmerimarLife-SundayInTheSquare360.mp4, -1, -1, 50.341463414634106
ia-batch8/bctvpa-Wounded_Warrior_Benefit_Dance_7-5-12.mp4, -1, -1, 46.71428571428571
ia-batch8/Smartest_Iowan_Kirkwood_Tournament_Round_1_part_1.mp4, -1, -1, 58.47368421052629
ia-batch8/Flickr-27154145669.mp4, -1, -1, 55.31428571428571
ia-batch8/2012Feb8_BOCC.mp4, -1, -1, 51.2820512820513
ia-batch8/Today_s_Veteran_-_Congressman_Dennis_Ross.mp4, -1, -1, 60.6666666666667
ia-batch8/01wackyshow07.mp4, -1, -1, 51.6944444444444
ia-batch8/cg_0146-Colon_Cancer_Screening_Saves_Lives.mp4, -1, -1, 59.0
ia-batch8/waya16613.mp4, -1, -1, 46.0555555555556
ia-batch8/03_21_17_Metro_Council_Announcements.mp4, -1, -1, 77.9428571428571
ia-batch8/4_24_18_-_Commissioners_of_St._Mary_s_County_Business_Meeting.mp4, -1, -1, 63.184210526315795
ia-batch8/supermariobros_tasv2_klmz.mp4, -1, -1, 64.8611111111111
ia-batch8/youtube-d_eadGcIRwY.mp4, -1, -1, 48.914285714285704
ia-batch8/ST0008.mp4, -1, -1, 69.0277777777778
ia-batch8/youtube--k-zcXX6jgc.mp4, -1, -1, 53.921052631579
ia-batch8/youtube-CBuG1EFvnVw.mp4, -1, -1, 72.0833333333333
ia-batch8/Ste._Genevieve_Mo_Board_of_Aldermen_Regular_Session_6_25_15.mp4, -1, -1, 41.15
ia-batch8/bratt2vt-Salut_Y_all_-_African_Teachers_on_the_Bayou.mp4, -1, -1, 51.8611111111111
ia-batch8/cowmi-Westland_Police_Promotions_May_13_2019.mp4, -1, -1, 71.8421052631579
ia-batch8/150427_council.mp4, -1, -1, 53.3611111111111
ia-batch8/youtube-TBDD0730FAE.mp4, -1, -1, 39.4864864864865
ia-batch8/archiveteam_videobot_twitter_com_757055866562633728.mp4, -1, -1, 55.184210526315795
ia-batch8/youtube-gzt2ISeBFgc.mp4, -1, -1, 52.0540540540541
ia-batch8/youtube-mmMPpUyiVwA.mp4, -1, -1, 56.31428571428571
ia-batch8/Flickr-14173660856.mp4, -1, -1, 58.425
ia-batch8/SCTV_Presents_Molly_D_s_Animal_Shelter_PSA_2-3-16.mp4, -1, -1, 48.7567567567568
ia-batch8/youtube-m-5CDVdglp4.mp4, -1, -1, 63.527777777777786
ia-batch8/TheRelativityMandalaIntroduction.mp4, -1, -1, 54.6410256410256
ia-batch8/2017_Classic_Girls_100_IM_Heat_1.mp4, -1, -1, 70.7878787878788
ia-batch8/Around_The_County_June_24_Through_June_30_2012.mp4, -1, -1, 55.277777777777786
ia-batch8/archiveteam_videobot_twitter_com_845411415380910080.mp4, -1, -1, 35.2105263157895
ia-batch8/The_Pulse_-_December_2016_Pet_Haven.mp4, -1, -1, 74.4594594594595
ia-batch8/youtube-udXnduDdZo0.mp4, -1, -1, 43.222222222222214
ia-batch8/Check_it_Out_-_Kelly_Wood_-_August_5_2013.mp4, -1, -1, 62.0
ia-batch8/austinintro_20150601_800.mp4, -1, -1, 66.5263157894737
ia-batch8/Flickr-35413615894.mp4, -1, -1, 59.6730769230769
ia-batch8/youtube-1--S6-Wynmk.mp4, -1, -1, 56.1315789473684
ia-batch8/NOT_QUITE_A_JAKARTA_TALE_2001.mp4, -1, -1, 54.1081081081081
ia-batch8/Economic_Development_11sept17.mp4, -1, -1, 45.8
ia-batch8/youtube-SQE21efsf7Y.mp4, -1, -1, 51.290322580645196
ia-batch8/SCTV_Presents_Heritage_Days_2015_Part_2.mp4, -1, -1, 60.75
ia-batch8/youtube-K0Fcr7ZjPjg.mp4, -1, -1, 52.9714285714286
ia-batch8/youtube-eM9U2RYnNC0.mp4, -1, -1, 49.8
ia-batch8/tndcco-The_Mouse_that_Roars_-_Part_3.mp4, -1, -1, 54.8823529411765
ia-batch8/youtube-8g8Qix-fuCk.mp4, -1, -1, 57.428571428571395
ia-batch8/bctvpa-Oley_Dairy_Diner_Petting_Zoo_and_Goodwill_Runway_Show_4-28-10.mp4, -1, -1, 48.969696969697
ia-batch8/Nags_Head_Traffic_Lights.mp4, -1, -1, 84.4857142857143
ia-batch8/archiveteam_videobot_twitter_com_642488989446832128.mp4, -1, -1, 61.97368421052629
ia-batch8/Needham_vs_Brookline_Boys_Soccer_9-12-10.mp4, -1, -1, 63.0
ia-batch8/bliptv-20131015-034844-Arkada-Vlog050812744.mp4, -1, -1, 67.2647058823529
ia-batch8/Catholic_Mass_from_the_Church_of_Ste._Genevieve_Mo._1_7_18.mp4, -1, -1, 46.3611111111111
ia-batch8/youtube-3vpaMv8pBYE.mp4, -1, -1, 73.5
ia-batch8/opw_segA_201509.mp4, -1, -1, 71.6176470588236
ia-batch8/The_Institute_of_Hawaiian_Music.mp4, -1, -1, 74.8648648648649
ia-batch8/Auburn_Housing_Authority_May_3_2016.mp4, -1, -1, 63.545454545454504
ia-batch8/ucberkeley_webcast_x2pHRIqAeKE.mp4, -1, -1, 49.1
ia-batch8/cocnc-Tree-Mendous_Tips_for_Tree_Pruning.mp4, -1, -1, 69.0
ia-batch8/Bloomington_Today_-_The_BUZZ_May_14_-_20.mp4, -1, -1, 64.0
ia-batch8/Rahim_Milani_-_Green_Card_Voices.mp4, -1, -1, 76.1111111111111
ia-batch8/youtube-SX1ulF8eBKg.mp4, -1, -1, 66.0909090909091
ia-batch8/youtube-PGnRHxZoKt0.mp4, -1, -1, 62.82857142857139
ia-batch8/Falmouth_Conservation_Commission_January_25_2017.mp4, -1, -1, 58.7837837837838
ia-batch8/Do_You_Know_Show_October.mp4, -1, -1, 53.4666666666667
ia-batch8/vf_ilovemondays_091211_3500.mp4, -1, -1, 63.6
ia-batch8/youtube-GBT0JA_VyTM.mp4, -1, -1, 44.9444444444444
ia-batch8/The_Mastersons_Closer_to_You_Live_at_KDHX_6_5_14.mp4, -1, -1, 63.3684210526316
ia-batch8/4_25_15_District_4_Town_Hall_Meeting.mp4, -1, -1, 52.1176470588235
ia-batch8/youtube-vk4FmdY13jk.mp4, -1, -1, 36.32432432432429
ia-batch8/The_Plymouth_ShareFair_1rst_Annual_Regional.mp4, -1, -1, 54.096774193548406
ia-batch8/youtube-YXjaRF8gv1c.mp4, -1, -1, 50.0285714285714
ia-batch8/youtube-rR-0klHUh7Y.mp4, -1, -1, 59.3548387096774
ia-batch8/youtube-rtMGh0Z_bWo.mp4, -1, -1, 62.3513513513514
ia-batch8/6406FrozenFoodLocker01444228.mp4, -1, -1, 39.4375
ia-batch8/youtube-h0lUttMG9-E.mp4, -1, -1, 70.14285714285711
ia-batch8/youtube-tdx8LonaXao.mp4, -1, -1, 50.810810810810786
ia-batch8/Yourself-Summerdance.mp4, -1, -1, 58.5
ia-batch8/cctvga-2014_State_of_the_County_Address-_Chairman_Jeffrey_E._Turner.mp4, -1, -1, 66.027027027027
ia-batch8/cobmd-5Brenee1wmv_wmv.mp4, -1, -1, 47.1388888888889
ia-batch8/Finance_and_Personnel_2_2_15.mp4, -1, -1, 48.0
ia-batch8/Win_s_World_September_29_2017_Lise_Reid_Ben_Iacono.mp4, -1, -1, 75.75
ia-batch8/slpmn-Country_Old-Time_Accordion_Music_at_LenoxCC_11-7-2018_--_ParkTV15.mp4, -1, -1, 73.0666666666667
ia-batch8/youtube-ak8ucRfJ6-0.mp4, -1, -1, 60.1176470588235
ia-batch8/youtube-LZTIlp1uHLk.mp4, -1, -1, 50.32352941176471
ia-batch8/youtube-DSHTnZH7fOY.mp4, -1, -1, 54.5882352941177
ia-batch8/NES_Longplay_323_Ghoul_School.mp4, -1, -1, 63.472222222222214
ia-batch8/severalprotestersclashedinplazachiledemendozainargentinawithpoliceandfirefighter.mp4, -1, -1, 46.47368421052629
ia-batch8/youtube-fu9c-NcCQ3Q.mp4, -1, -1, 42.7837837837838
ia-batch9/Alfie_s_Story.mp4, -1, -1, 73.2
ia-batch9/youtube-bZbuEN0kzHU.mp4, -1, -1, 52.027027027026996
ia-batch9/334th_Board_of_Appeals_-_September_24_2015.mp4, -1, -1, 56.3513513513514
ia-batch9/youtube-o-dqYWssJ-w.mp4, -1, -1, 54.96875
ia-batch9/cowmi-Live_Music_on_the_Lawn_-_Sound_Proof_7-18-18.mp4, -1, -1, 72.82857142857141
ia-batch9/OneMoreTime1931HughHarmanRudolfIsing.mp4, -1, -1, 55.75
ia-batch9/cohca-Sports_Corner_-_Lawndale_vs._Leuzinger_Football_9_7_18.mp4, -1, -1, 71.28571428571429
ia-batch9/archiveteam_videobot_twitter_com_809132510521257984.mp4, -1, -1, 62.6153846153846
ia-batch9/RGB_MAN_ROBBED.mp4, -1, -1, 58.972222222222214
ia-batch9/York_News_Brief_-_Leaf_Collection_2017.mp4, -1, -1, 57.0789473684211
ia-batch9/APN_Head_of_the_Charles_Regatta_2015.mp4, -1, -1, 71.02857142857141
ia-batch9/Community_Journal_November_3rd_2016.mp4, -1, -1, 54.7105263157895
ia-batch9/Beachwalks-BeachWalk474RadicalResponsibility796.mp4, -1, -1, 53.461538461538495
ia-batch9/dni.ncaa.ICCR-2005-VHS.mp4, -1, -1, 46.1794871794872
ia-batch9/youtube-KNi-iD5DhZE.mp4, -1, -1, 48.2285714285714
ia-batch9/nwctc-Cooper_scores_first_trip_to_state_girls_basketball_tournament.mp4, -1, -1, 64.1081081081081
ia-batch9/30secDolphin.mp4, -1, -1, 74.2702702702703
ia-batch9/da92ccx892.mp4, -1, -1, 61.722222222222214
ia-batch9/Our_City_6_22_09_Part_1.mp4, -1, -1, 47.6
ia-batch9/12-28-11_SF_News_pt1.mp4, -1, -1, 58.0285714285714
ia-batch9/Blue_Sky_Concerts_-_Voices_of_North_Georgia_-_October_10_2012.mp4, -1, -1, 46.3888888888889
ia-batch9/Flickr-20789164014.mp4, -1, -1, 57.56756756756761
ia-batch9/Planning_Board_09_06_12.mp4, -1, -1, 51.189189189189214
ia-batch9/Smithtown_Board_of_Zoning_Appeals_May_8_2018_Part_3.mp4, -1, -1, 54.10526315789479
ia-batch9/Relationships_of_Sociology_6-9-15.mp4, -1, -1, 58.5882352941177
ia-batch9/CommunionAsAMeansOfGrace-TimAttwell.mp4, -1, -1, 54.405405405405396
ia-batch9/Council_December_16th_2019.mp4, -1, -1, 58.5135135135135
ia-batch9/youtube-zzFw05B58Uw.mp4, -1, -1, 51.545454545454504
ia-batch9/bliptv-20131013-142308-Bigredshoes-06_boob_edios_drift291.mp4, -1, -1, 61.3888888888889
ia-batch9/The_Latest_on_Yucca_Mtn..mp4, -1, -1, 65.3888888888889
ia-batch9/Canine_Companions_for_Seniors.mp4, -1, -1, 61.2105263157895
ia-batch9/WEFT_Sessions_-_Neoga_Blacksmith_11-5-12.mp4, -1, -1, 58.59459459459461
ia-batch9/Real_or_Rumor_-_Edition_18.mp4, -1, -1, 55.2972972972973
ia-batch9/The_Buzz_-_House_Dedication_Ceremony_Event.mp4, -1, -1, 61.88571428571429
ia-batch9/Park_Place_Views_September_2016.mp4, -1, -1, 74.1621621621622
ia-batch9/Wareham_Sewer_Commissioners_Meeting_5-5-2016.mp4, -1, -1, 58.527777777777786
ia-batch9/cogco-Feeling_Lucky_It_Must_Be_Blarney_on_the_Block.mp4, -1, -1, 61.7105263157895
ia-batch9/Flickr-33363519700.mp4, -1, -1, 72.3333333333333
ia-batch9/dni.ncaa.ICCR-2644-VHS.mp4, -1, -1, 47.6470588235294
ia-batch9/TransmouthThunder.mp4, -1, -1, 40.32432432432429
ia-batch9/youtube-Xjw5Jv-bquU.mp4, -1, -1, 40.9428571428571
ia-batch9/The_Local_Live_216_-_Pets_of_the_Week_-_06_14_2018.mp4, -1, -1, 68.39473684210529
ia-batch9/youtube-hxPVLgST4MI.mp4, -1, -1, 70.44736842105259
ia-batch9/electricsheep-flock-244-10000-1.mp4, -1, -1, 70.9736842105263
ia-batch9/Melanie_Ilana_and_the_Wrong_Tree_11-22-17.mp4, -1, -1, 50.2162162162162
ia-batch9/youtube-QI5ZtB7RpMs.mp4, -1, -1, 36.0555555555556
ia-batch9/youtube-4TJzaQYEKe8.mp4, -1, -1, 65.0833333333333
ia-batch9/Recycle_Reward_Winners.mp4, -1, -1, 48.0882352941177
ia-batch9/Rockville_2012_Lunar_New_Year_Celebration_news_recap.mp4, -1, -1, 69.9722222222222
ia-batch9/cg_0258-May_2013_Catawba_Communities.mp4, -1, -1, 56.7027027027027
ia-batch9/youtube-97-wWXFbn7w.mp4, -1, -1, 37.1578947368421
ia-batch9/United_Way_November_2015.mp4, -1, -1, 61.405405405405396
ia-batch9/Do_You_Know_-_October_2011.mp4, -1, -1, 43.95
ia-batch9/SCVTV.com_4_7_2011_Rep._McKeon_-_Funding_Troops_Cutting_Spen.mp4, -1, -1, 53.1944444444444
ia-batch9/ocmswi-Oshkosh_Parks_Advisory_Board_4_9_18.mp4, -1, -1, 73.4324324324324
ia-batch9/bliptv-20131014-142123-Cbr-AndreaExperiencesTheWalkingDead178.mp4, -1, -1, 52.184210526315795
ia-batch9/youtube-10FQ16IZAK0.mp4, -1, -1, 61.8055555555556
ia-batch9/Pets_of_the_Week_4-8-18.mp4, -1, -1, 76.9189189189189
ia-batch9/bliptv-20131013-161930-Appadvice-AppAdviceDailyAppisode588305.mp4, -1, -1, 60.9444444444444
ia-batch9/Waterloo_City_Council_-_Monday_February_10.mp4, -1, -1, 54.3611111111111
ia-batch9/youtube-gvveiM-cbp8.mp4, -1, -1, 58.59459459459461
ia-batch9/Ray_Pedraza_on_New_Year_Eve.mp4, -1, -1, 49.68571428571429
ia-batch9/Bloomcanopy_Public_Art_on_Pierce_St..mp4, -1, -1, 72.8157894736842
ia-batch9/Cakes.mp4, -1, -1, 45.0
ia-batch9/youtube-RwYrHzKJSFk.mp4, -1, -1, 56.6410256410256
ia-batch9/youtube-j-UVQWvY7Sk.mp4, -1, -1, 28.1666666666667
ia-batch9/youtube-SgGtRT2Q_7Y.mp4, -1, -1, 47.80952380952379
ia-batch9/Common_Council_03-10-14.mp4, -1, -1, 51.3
ia-batch9/archiveteam_videobot_twitter_com_914534055760338950.mp4, -1, -1, 52.60526315789479
ia-batch9/Ol_Possum_at_the_2019_Northwest_Park_Country_Fair.mp4, -1, -1, 67.1315789473684
ia-batch9/youtube-EYYsDjnRRk8.mp4, -1, -1, 65.4
ia-batch9/youtube-HTlc6WvUn1I.mp4, -1, -1, 52.3333333333333
ia-batch9/And_the_Oscar_Goes_To....mp4, -1, -1, 54.2162162162162
ia-batch9/20190905_20190905_1151.mp4, -1, -1, 57.657142857142894
ia-batch9/cmntv18-Reaching_Out_-_Wigs_4_Kids_2014.mp4, -1, -1, 62.472222222222214
ia-batch9/Around_Athens_-_Well_it_s_not_literally_Around_Athens_but_a_Trip_West_Part_2.mp4, -1, -1, 55.236842105263214
ia-batch9/Financing_Your_Future_-_Session_4.mp4, -1, -1, 55.8055555555556
ia-batch9/youtube-6aErxMtRmW0.mp4, -1, -1, 57.540540540540505
ia-batch9/youtube-TBJt2kXJJzs.mp4, -1, -1, 59.1621621621622
ia-batch9/Bennington_Made_Henry_s_Market.mp4, -1, -1, 68.3333333333333
ia-batch9/wbrtvmi-Around_The_Community_-_Special_Edition_of_Romeo_Romantic_Days_Chocolate_Festival.mp4, -1, -1, 55.9444444444444
ia-batch9/Waycross_Election_Forum_-_Winton_Woods_Board_of_Education_-_October_5_1993.mp4, -1, -1, 49.948717948718006
ia-batch9/mctvvt-Memorial_Day_2019_Parade_w_Commentary.mp4, -1, -1, 51.8055555555556
ia-batch9/2013_May_Lafayette_City_Council.mp4, -1, -1, 58.212121212121204
ia-batch9/North_Hudson_Village_Board_December_20_2016.mp4, -1, -1, 51.2162162162162
ia-batch9/electricsheep-flock-245-10000-9.mp4, -1, -1, 72.9722222222222
ia-batch9/youtube-W2zEeiY3Rzo.mp4, -1, -1, 66.7297297297297
ia-batch9/Pierce_County_News_11_14_13.mp4, -1, -1, 67.5945945945946
ia-batch9/Spartans_Girls_Volleyball_vs._Lenox.mp4, -1, -1, 60.425
ia-batch9/Sauk_Centre_City_Council_1-17-18.mp4, -1, -1, 69.1351351351351
ia-batch9/coffeehouse_Stewart_Schwartz_135.mp4, -1, -1, 59.6944444444444
ia-batch9/Winter_Pileated_Woodpecker.mp4, -1, -1, 55.263157894736786
ia-batch9/pactvma-Kingston_s_Memorial_Day_Parade_Promo_2018.mp4, -1, -1, 60.974358974359
ia-batch9/0utKast-LaSagradaFamiliaGaudDescripcin326.mp4, -1, -1, 53.7714285714286
ia-batch9/2017_Lake_County_Budget_Video.mp4, -1, -1, 74.18918918918921
ia-batch9/2018_A_Wish_Come_True_Jamboree.mp4, -1, -1, 74.97058823529409
ia-batch9/Special_Olympic_Surprise_for_Local_Athlete.mp4, -1, -1, 72.73684210526321
ia-batch9/Stigsen_-_Stigs_Priest_2009-03-14_4.61.mp4, -1, -1, 61.277777777777786
ia-batch9/youtube-qyhtrmaS2GM.mp4, -1, -1, 46.657142857142894
ia-batch9/comaz-Softball_PSA.mp4, -1, -1, 48.5135135135135
ia-batch9/Sports_Jam_March_11_2013.mp4, -1, -1, 64.4571428571429
ia-batch9/DreamsAreForFools_201808.mp4, -1, -1, 60.3684210526316
ia-batch9/youtube-2z5mE-Gmwjc.mp4, -1, -1, 44.2162162162162
ia-batch9/cosny-Congolese_Flag_Raising_-_June_30_2010.mp4, -1, -1, 51.263157894736786
ia-batch9/youtube-a9MSSD8Z6Us.mp4, -1, -1, 59.763157894736786
ia-batch9/Dog_Days_at_Cantigny.mp4, -1, -1, 62.9444444444444
ia-batch9/youtube-GYEs07tQd3E.mp4, -1, -1, 44.88571428571429
ia-batch9/The_SportsDesk_17.14_-_PT.2_Torrance_CitiCABLE_-_April_29-May_06_2014.mp4, -1, -1, 46.972222222222214
ia-batch9/Teen_Talk_Election_Edition.mp4, -1, -1, 46.5833333333333
ia-batch9/Automated_External_Defibrillators_AED_s.mp4, -1, -1, 61.5135135135135
ia-batch9/youtube-zxfyZWkSDdc.mp4, -1, -1, 67.5833333333333
ia-batch9/bptvpa-Memorial_Day_Parade_Cemetery_Ceremony_5_28_18.mp4, -1, -1, 48.2702702702703
ia-batch9/Five_Minute_Primer_-_Charter_Change.mp4, -1, -1, 62.257142857142895
ia-batch9/youtube-eHXO0_Air5o.mp4, -1, -1, 46.4571428571429
ia-batch9/Adapt_2_It_9_30_15.mp4, -1, -1, 62.157894736842096
ia-batch9/accsac2-LiveWire_8_29_2018.mp4, -1, -1, 75.027027027027
ia-batch9/thereisnomovementwithoutrhythm.mp4, -1, -1, 49.027027027026996
ia-batch9/youtube-ob_Pr3Se0R8.mp4, -1, -1, 62.8918918918919
ia-batch9/Oral_History_Basset_take_2.mp4, -1, -1, 59.2702702702703
ia-batch9/dma-ID_1824_-_What_do_you_think_of_the_high_cost_of_living_in_Davis_1991.mp4, -1, -1, 41.027027027027
ia-batch9/Project_Green_Teens_Go_for_World_Record.mp4, -1, -1, 56.75
ia-batch9/2010-2011_-_The_Year_In_Review_-_Allen_Texas.mp4, -1, -1, 74.625
ia-batch9/2018_SW_Ohio_Swim_Classic_Girls_200_yd_Medley_Relay_Heat_2.mp4, -1, -1, 60.236842105263214
ia-batch9/youtube-RifVgihcwxs.mp4, -1, -1, 39.675675675675706
ia-batch9/BPD_Roll_Call_-_April_2017.mp4, -1, -1, 75.9166666666667
ia-batch9/Antonwithagen-theBeagleSailsAgain468.mp4, -1, -1, 51.32352941176471
ia-batch9/youtube-GteaSYl5th0.mp4, -1, -1, 46.89743589743589
ia-batch9/BeyondWrestlingBeyondIntroductions.mp4, -1, -1, 64.11428571428571
ia-batch9/bliptv-20131015-063304-Canessa-September92010EditionOfKCIn60569.mp4, -1, -1, 54.3684210526316
ia-batch9/Superheroes_flock_to_Brooklyn_Center.mp4, -1, -1, 60.189189189189214
ia-batch9/youtube-ROfCNrBv_00.mp4, -1, -1, 58.0769230769231
ia-batch9/cocoh-CTV_News_Briefs_-_5th_Annual_KickButt_Columbus_cigarette_litter_cleanup_event.mp4, -1, -1, 50.1176470588235
ia-batch9/dom-358048-jeremytellmecoveratevergreenl.mp4, -1, -1, 69.5609756097561
ia-batch9/SeelosEyes-tearsOfTheSunflower973-2.mp4, -1, -1, 65.2702702702703
ia-batch9/ucberkeley_webcast_xyK7sqxdl8Y.mp4, -1, -1, 48.6111111111111
ia-batch9/2_-_Voting_Information.mp4, -1, -1, 63.051282051281994
ia-batch9/Will_County_Workers_Strike.mp4, -1, -1, 66.2432432432432
ia-batch9/21_This_Week_Panel_Discusses_Federal_Government_Shutdown.mp4, -1, -1, 63.027777777777786
ia-batch9/Cape_Ann_TV_Promo_for_Cape_Ann_Winter_Solstice_Concert.mp4, -1, -1, 59.9459459459459
ia-batch9/Alexander_County_History_Book.mp4, -1, -1, 55.342105263157904
ia-batch9/facebook-442406456411849.mp4, -1, -1, 60.4166666666667
ia-batch9/The_Passion_of_our_Lord_Savior_Jesus_Christ_2013.mp4, -1, -1, 49.675675675675706
ia-batch9/Do_Go_Beginning_May_8_2014.mp4, -1, -1, 56.5428571428572
ia-batch9/youtube-p0kb9YxMp4c.mp4, -1, -1, 59.2
ia-batch9/Sherborn_Barber_Reservation_Plan_Meeting_of_June_3_2014.mp4, -1, -1, 44.189189189189214
ia-batch9/npctv-U_of_I_Extension_4-H_Youth_Development.mp4, -1, -1, 80.5142857142857
ia-batch9/youtube-hvygIRn0qqc.mp4, -1, -1, 45.10256410256411
ia-batch9/Corporal_Elmer_Richard_s_Funeral.mp4, -1, -1, 50.43243243243239
ia-batch9/coprfl-City_Council_Regular_Meeting_09_13_2016.mp4, -1, -1, 59.1081081081081
ia-batch9/archiveteam_videobot_twitter_com_756554605954293761.mp4, -1, -1, 60.6315789473684
ia-batch9/coffeehouse_Cindy_Schwartz_119.mp4, -1, -1, 60.9714285714286
ia-batch9/cormd-Rockville_Black_History_Month_Proclamation_Presentation.mp4, -1, -1, 74.6315789473684
ia-batch9/Art_Vendors_North_-_2017_Millbrae_Art_and_Wine_Festival.mp4, -1, -1, 68.2105263157895
ia-batch9/Norfolk_Fire_Department_Open_House_2016.mp4, -1, -1, 73.37837837837841
ia-batch9/Bud_TV_November_2015.mp4, -1, -1, 57.82857142857139
ia-batch9/youtube-ttK_D78NbWo.mp4, -1, -1, 32.2972972972973
ia-batch9/Anthropology_Major_-_Experience_Southeast.mp4, -1, -1, 45.31428571428571
ia-batch9/youtube-q3sLO9hsztE.mp4, -1, -1, 49.47368421052629
ia-batch9/Rain_Dance.mp4, -1, -1, 62.189189189189214
ia-batch9/The_Wall_That_Heals_Golden_Gate_National_Cemetery_April_2015_short_MCTV_1080p.mp4, -1, -1, 54.540540540540505
ia-batch9/coffeehouse_tch_129_Joshua_Weiner_420.mp4, -1, -1, 67.1351351351351
ia-batch9/EVERYDAY_TITAN--February_13_2015--VALENTINE_S_DAY_SPECIAL.mp4, -1, -1, 54.894736842105296
ia-batch9/North_Reading_Selectmen_1_7_02_Part_1.mp4, -1, -1, 46.2285714285714
ia-batch9/The_Making_of_Education_Exchange_Part_1.mp4, -1, -1, 54.1621621621622
ia-batch9/Special_Olympics_Event_at_MTSU.mp4, -1, -1, 68.9714285714286
ia-batch9/bliptv-20131014-131727-Black5video-SaluteToConrailB984.mp4, -1, -1, 56.0909090909091
ia-batch9/13WaysToDieARMAII.mp4, -1, -1, 68.8285714285714
ia-batch9/The_Language_of_Business_-_Aaron_Cai.mp4, -1, -1, 56.25
ia-batch9/youtube-iNiVhn7SoeA.mp4, -1, -1, 33.5294117647059
ia-batch9/AlterMyPerceptionScienceHead.mp4, -1, -1, 53.6388888888889
ia-batch9/D1_126lbs_Qtrs_Mick_Burnett_Elyria_vs_Micah_Norwood_Lancaster.mp4, -1, -1, 64.4
ia-batch9/VisionOntv-NeighbourhoodDestroyedByGentrification204.mp4, -1, -1, 60.189189189189214
ia-batch9/pmpc-Knightdale_Council_Meeting_-_8_1_2016.mp4, -1, -1, 56.60526315789479
ia-batch9/youtube-EmGoIRe1FiI.mp4, -1, -1, 62.0
ia-batch9/Building_Blocks_to_the_Forest_Lake_City_Center_-_Ep._6.mp4, -1, -1, 48.9166666666667
ia-batch9/PCN_SLRHS_New_Principal.mp4, -1, -1, 50.722222222222214
ia-batch9/youtube-k7qGkIOOOA8.mp4, -1, -1, 78.7714285714286
ia-batch9/ThePerfectStormAcousticliveOriginalNew2011-DonnieSands.mp4, -1, -1, 66.0833333333333
ia-batch9/cocva-Fireworks_Season_Safety.mp4, -1, -1, 64.6666666666667
ia-batch9/youtube-QEA4uLukdqI.mp4, -1, -1, 57.8055555555556
ia-batch9/Cool_Beans_Duo_8-1-11.mp4, -1, -1, 41.179487179487204
ia-batch9/youtube--gjiBwF0K64.mp4, -1, -1, 45.6944444444444
ia-batch9/outofthecitiesthethreequelanappealtoparentstoleavethecityday2of7.mp4, -1, -1, 62.0789473684211
ia-batch9/Miss_Pretty_Stitches_checks_out_Folk_Fest_Night_Life_2012.mp4, -1, -1, 73.02857142857141
ia-batch9/youtube-MKUQn_YmHYU.mp4, -1, -1, 55.236842105263214
ia-batch9/Chamber_Winter_Fest_with_Freezin_For_A_Reason.mp4, -1, -1, 59.0810810810811
ia-batch9/youtube-uEBj-OVOyMg.mp4, -1, -1, 38.77777777777779
ia-batch9/Ratbagradio-NoSellOFFOfPublicAssetsRallyBrisbaneJuly32009572.mp4, -1, -1, 50.459459459459495
ia-batch9/NEWS_-_Stan_Grot_Candidate_for_Secretary_of_State_-_8.31.2017.mp4, -1, -1, 72.5675675675676
ia-batch9/4H_FFA_Fair_Rodeo_a_Lot_of_Grit_and_a_Lot_of_Try.mp4, -1, -1, 64.89473684210529
ia-batch9/youtube-g9bVcuggFVY.mp4, -1, -1, 45.5833333333333
ia-batch9/electricsheep-flock-244-0-7.mp4, -1, -1, 72.9722222222222
ia-batch9/100-Year-Old_Downtown_Waco_Panoramic_Photo.mp4, -1, -1, 65.05405405405409
ia-batch9/2016-05-09_Hingham_School_Committee.mp4, -1, -1, 53.6923076923077
ia-batch9/wtvma-WHS_High_School_Boys_Varsity_Hockey_-_Vikings_vs_Crusaders_vs_Canalmen.mp4, -1, -1, 53.94117647058821
ia-batch9/youtube-bBTJcSYH28k.mp4, -1, -1, 44.4166666666667
ia-batch9/youtube-rLvQNSGjKsg.mp4, -1, -1, 56.8611111111111
ia-batch9/fcmacfl-Hector_Mayoral_Part_9.mp4, -1, -1, 65.4166666666667
ia-batch9/SevenStringBarbedWireFenceWith100ThousandPoetsForChangeSanAntonio2017_201712.mp4, -1, -1, 53.6486486486487
ia-batch9/connj-Mayor_Baraka_s_Provocative_Keynote_at_NJ_Black_History_Ceremony.mp4, -1, -1, 69.4444444444444
ia-batch9/The_Framinham_Beat_-_Cultural_Council.mp4, -1, -1, 74.8378378378378
ia-batch9/NewPaperOnQuantumOpticsAndPlancksConstant.mp4, -1, -1, 64.14285714285711
ia-batch9/tv4satx-Krayolas_at_Luminaria_2009_No._2.mp4, -1, -1, 53.9189189189189
ia-batch9/Anchor_Bay_HS._vs._Marine_City_Varsity_Girls_BB_1_26.mp4, -1, -1, 50.794871794871796
ia-batch9/6167_Selling_Facts_About_Homart_Water_Conditioning_Equipment_The_01_20_24_24.mp4, -1, -1, 51.0810810810811
ia-batch9/StormStadium2.mp4, -1, -1, 72.0277777777778
ia-batch9/Every_Movie_Ever_-_Zoolander_2.mp4, -1, -1, 73.30769230769229
ia-batch9/cogco-Greeley_s_33rd_Annual_Arts_Picnic.mp4, -1, -1, 51.82857142857139
ia-batch9/39_West_Eatery_Ribbon_Cutting.mp4, -1, -1, 74.25
ia-batch9/vf_pax2011_counterstrikego_3500.mp4, -1, -1, 69.1714285714286
ia-batch9/cg_0246-What_s_News_in_Union_County_August_5_-_August_12.mp4, -1, -1, 62.5151515151515
ia-batch10/coaltx-Alice_Natatorium_Opening.mp4, -1, -1, 54.5
ia-batch10/bliptv-20131031-125200-Black5video-PRVSMSRailLinesOperationsAtMorrisville126.mp4, -1, -1, 76.4324324324324
ia-batch10/Stimes-MayorChrisDoherty2278.mp4, -1, -1, 65.5142857142857
ia-batch10/1903TheMelomaniacLeMelomaneScored.mp4, -1, -1, 38.6666666666667
ia-batch10/Sports_Jam_May_30_2017.mp4, -1, -1, 52.222222222222214
ia-batch10/youtube-soTeet6d3tE.mp4, -1, -1, 59.9512195121951
ia-batch10/youtube-Td_TC-Ww6Xg.mp4, -1, -1, 62.8571428571429
ia-batch10/Zombie_TV_Camp_2015.mp4, -1, -1, 66.6486486486487
ia-batch10/youtube-JsnJftMy9po.mp4, -1, -1, 61.5789473684211
ia-batch10/youtube-CHZb8WZOwUQ.mp4, -1, -1, 58.972972972973004
ia-batch10/Emerging_-_The_Artists_of_Frog_Hollow.mp4, -1, -1, 74.55263157894741
ia-batch10/Munchies_with_Mike_Wilson_Food_Reviews.mp4, -1, -1, 60.0
ia-batch10/Songwriter_Circle_ALBERTA_in_Founders_Park.mp4, -1, -1, 64.4736842105263
ia-batch10/youtube-kUK_7JDHcLE.mp4, -1, -1, 73.1315789473684
ia-batch10/Baytaper.com_TheShotgunWeddingQuintetTheShotgunWeddingQuintetLIVEatBrunos.mp4, -1, -1, 46.8611111111111
ia-batch10/City_Council_4-15-13.mp4, -1, -1, 49.810810810810786
ia-batch10/youtube-ExewcVwAKzA.mp4, -1, -1, 55.82857142857139
ia-batch10/youtube-cowpjqViaL0.mp4, -1, -1, 53.8333333333333
ia-batch10/Corn_Dog_Classic_at_Fourth_on_the_Brazos.mp4, -1, -1, 72.945945945946
ia-batch10/wbrtvmi-Washington_Township_s_2010_Art_Orchard_Festival_-_5K_Run.mp4, -1, -1, 53.9444444444444
ia-batch10/youtube-COBrODvPOyo.mp4, -1, -1, 70.97435897435899
ia-batch10/youtube-RE33RDmbvOo.mp4, -1, -1, 41.77777777777779
ia-batch10/youtube-Bboq4n1C9F8.mp4, -1, -1, 53.0571428571429
ia-batch10/youtube-8JZC-7kMFYE.mp4, -1, -1, 39.47222222222221
ia-batch10/cocoh-Westgate_Community_Center_Groundbreaking.mp4, -1, -1, 59.864864864864906
ia-batch10/Visions_of_the_Past_MacFarlane_Historic_District.mp4, -1, -1, 54.0769230769231
ia-batch10/MPS_Talks_-_Episode_16_-_What_it_Means_to_be_an_Innovative_Leader.mp4, -1, -1, 73.23076923076921
ia-batch10/youtube-NW1PfzmKpsc.mp4, -1, -1, 50.09375
ia-batch10/stgenmo-Ste._Genevieve_Mo_Board_of_Aldermen_7_12_18.mp4, -1, -1, 52.0909090909091
ia-batch10/Petaluma_Board_of_Education_-_5_26_15.mp4, -1, -1, 66.9411764705882
ia-batch10/bliptv-20131105-001947-Black5video-TheSilvertonTrainB665.mp4, -1, -1, 62.10526315789479
ia-batch10/SCTV_Presents_Natalie_s_Pet_Report_10-31-16.mp4, -1, -1, 60.485714285714295
ia-batch10/Coral_Gables_Al_Dia_-_Edition_Agosto_-_Parte_3.mp4, -1, -1, 61.8571428571429
ia-batch10/Stormwater_PSA_5_48.mp4, -1, -1, 55.0810810810811
ia-batch10/youtube-5301eSSyvBY.mp4, -1, -1, 35.756756756756786
ia-batch10/youtube-PKpUR4mk7eM.mp4, -1, -1, 59.79411764705879
ia-batch10/youtube-hbu7HWWz1fw.mp4, -1, -1, 50.9444444444444
ia-batch10/stgenmo-Catholic_Mass_from_the_Church_of_Ste._Genevieve_Mo_3_4_18.mp4, -1, -1, 54.189189189189214
ia-batch10/Municipal_Minute_01-27-11.mp4, -1, -1, 49.7894736842105
ia-batch10/ChannelPatti-PattiMeetingDec7095of5330.mp4, -1, -1, 51.736842105263214
ia-batch10/bliptv-20131012-060053-Amandacongdon-SETIPart2995.mp4, -1, -1, 66.81081081081078
ia-batch10/youtube-lSqb_IF1Md0.mp4, -1, -1, 53.5
ia-batch10/archiveteam_videobot_twitter_com_726903505559150592.mp4, -1, -1, 63.459459459459495
ia-batch10/youtube-UnV_X-vi7zI.mp4, -1, -1, 46.875
ia-batch10/SAHS_GRADUATION_2017.mp4, -1, -1, 56.722222222222214
ia-batch10/Cymbeline_201405.mp4, -1, -1, 40.4444444444444
ia-batch10/bratt2vt-Brattleboro_Union_High_School_Bd._Mtg._5_21_12.mp4, -1, -1, 58.212121212121204
ia-batch10/bliptv-20131013-004451-Alanm321-TheHealthcareEconomyBigMedGetsRichOffTheSick217.mp4, -1, -1, 73.05555555555559
ia-batch10/youtube-ODNty3khtTY.mp4, -1, -1, 56.810810810810786
ia-batch10/youtube-0fLf66RC-hw.mp4, -1, -1, 49.4864864864865
ia-batch10/cogtx-Holiday_Greetings_-_Charles_Butch_Kenworthy.mp4, -1, -1, 76.71428571428571
ia-batch10/City_of_Granbury_Water_Meter_Replacement_Project_2017.mp4, -1, -1, 73.9722222222222
ia-batch10/Parks_Recreation_Forestry_4-12-17.mp4, -1, -1, 55.5555555555556
ia-batch10/youtube-11zj0Vy8K2A.mp4, -1, -1, 70.1111111111111
ia-batch10/archiveteam_videobot_twitter_com_689237419883802624.mp4, -1, -1, 52.0555555555556
ia-batch10/Progress1971.mp4, -1, -1, 37.5
ia-batch10/ThereAintNobody_201808.mp4, -1, -1, 51.25
ia-batch10/Barbey_s_Playground_8_3_18.mp4, -1, -1, 47.5
ia-batch10/youtube-6NrBptRYbG8.mp4, -1, -1, 47.3055555555556
ia-batch10/Cue_ball_trick_down_a_bar._Joliet_IL..mp4, -1, -1, 19.3142857142857
ia-batch10/Sunderland_Selectboard_-_January_25_2016.mp4, -1, -1, 51.864864864864906
ia-batch10/youtube-E_fKLwSuBPg.mp4, -1, -1, 75.1388888888889
ia-batch10/Bristol_Downtown_Development_Corporation-_11-9-15.mp4, -1, -1, 68.2727272727273
ia-batch10/youtube-sMhofW1zYwI.mp4, -1, -1, 58.8888888888889
ia-batch10/North_Reading_Special_Town_Meeting_November_2010_-_Part_4.mp4, -1, -1, 52.82352941176471
ia-batch10/Aurora_Daily_Click_5-1712.mp4, -1, -1, 75.5
ia-batch10/coeor-City_Council_Work_Session_07-31-2013.mp4, -1, -1, 48.4166666666667
ia-batch10/youtube-bjkZ8yYmnXA.mp4, -1, -1, 28.7297297297297
ia-batch10/youtube-cqecs2QP7PU.mp4, -1, -1, 43.1621621621622
ia-batch10/Polk_Place_-_Voices_for_the_People.mp4, -1, -1, 53.972222222222214
ia-batch10/Pitt_County_Commissioners_Budget_Public_Hearing_for_6_6_2017.mp4, -1, -1, 60.8333333333333
ia-batch10/youtube-RXRRLLuNNvo.mp4, -1, -1, 65.1944444444444
ia-batch10/Ste._Genevieve_Mo._Board_of_Aldermen_4_14_16.mp4, -1, -1, 53.0
ia-batch10/EndOfZeWorld.mp4, -1, -1, 59.4
ia-batch10/ElDamnationoAlleyo1977.mp4, -1, -1, 63.2820512820513
ia-batch10/YuanHe.mp4, -1, -1, 52.428571428571395
ia-batch10/cig_0664-Fossil_Fuel_Companies_Law_Suit_July_20_2018.mp4, -1, -1, 82.8378378378378
ia-batch10/Tanya_Lee_Stone_The_Authors_Phoenix_Books.mp4, -1, -1, 64.2222222222222
ia-batch10/School_Board_-_08_21_2014_2_of_2_Newmarket_New_Hampshire.mp4, -1, -1, 45.24324324324329
ia-batch10/csur1qc-Artistes_pour_Haiti.mp4, -1, -1, 62.0810810810811
ia-batch10/New_Archery_Trap_Machines.mp4, -1, -1, 60.6451612903226
ia-batch10/1936MARYELLENBUTEPARABOLA.mp4, -1, -1, 37.5
ia-batch10/youtube-PIamyAomSIo.mp4, -1, -1, 55.0625
ia-batch10/cokin-Common_Council_August_8_2016.mp4, -1, -1, 65.3611111111111
ia-batch10/youtube-NPzKSMjtgHM.mp4, -1, -1, 43.4117647058824
ia-batch10/3rd_Annual_Woofapalooza_at_Siegel_s_Cottonwood_Farm_Joliet_Illinois.mp4, -1, -1, 54.3888888888889
ia-batch10/CELL_Redo_11_14_12.mp4, -1, -1, 47.6923076923077
ia-batch10/Every_Movie_Ever_-_Chronic-Con_-_Episode_420_-_A_New_Dope.mp4, -1, -1, 80.1315789473684
ia-batch10/nctv-The_Back_Bar_Recordings_-_Session_Six.mp4, -1, -1, 77.8571428571429
ia-batch10/Parade_of_Lighted_Boats_2013.mp4, -1, -1, 49.073170731707286
ia-batch10/B.O.BCurraheeCampToccoa.mp4, -1, -1, 49.8571428571429
ia-batch10/CTV_News_6-26-2018.mp4, -1, -1, 62.657142857142894
ia-batch10/Selectmen_-_06-28-2012.mp4, -1, -1, 50.8823529411765
ia-batch10/BaytownTxPD1StAmendmentAudit.mp4, -1, -1, 61.31428571428571
ia-batch10/youtube-oQMBbeha_b8.mp4, -1, -1, 55.1794871794872
ia-batch10/North_Reading_School_Committee_8_18_09_Part_5.mp4, -1, -1, 52.0769230769231
ia-batch10/Flickr-16382041850.mp4, -1, -1, 71.55263157894741
ia-batch10/pmca-New_City_Beat_with_Adam_Schiff.mp4, -1, -1, 81.2
ia-batch10/youtube-Ve17D6oOSmg.mp4, -1, -1, 54.8
ia-batch10/BritFlx_-_The_Life_of_Richard_Attenborough.mp4, -1, -1, 53.9444444444444
ia-batch10/O_Fallon_s_Most_Wanted_6-1-18_O_Fallon_Missouri.mp4, -1, -1, 58.9230769230769
ia-batch10/Remembering_Jim_Schlichting_KCM_volunteer.mp4, -1, -1, 69.5882352941177
ia-batch10/youtube-riJ5dIPfCy4.mp4, -1, -1, 51.68571428571429
ia-batch10/05_14_13_MNPS_Salute_to_Excellence.mp4, -1, -1, 52.410256410256395
ia-batch10/ALS_Ice_Bucket_Challenge_-_DCTV_s_Director_Diamond_Lewis.mp4, -1, -1, 50.7894736842105
ia-batch10/youtube-PwfjwQyeRI8.mp4, -1, -1, 55.421052631579
ia-batch10/TheFineBros-392_20140301.mp4, -1, -1, 73.1111111111111
ia-batch10/youtube-c8t8nsjV4Po.mp4, -1, -1, 39.257142857142895
ia-batch10/Bank_On_Testimonial_1.mp4, -1, -1, 77.4594594594595
ia-batch10/ctv3in-Statehouse_Access_March_2015.mp4, -1, -1, 67.4444444444444
ia-batch10/Your_District_7_-_Road_Construction_and_Traffic_Improvements.mp4, -1, -1, 61.4571428571429
ia-batch10/cattvvt-Vermont_Forests_94_-_History_in_Forests_pt._2.mp4, -1, -1, 56.5555555555556
ia-batch10/tctvbc-Noons_Creek_Fingerling_Festival.mp4, -1, -1, 59.5555555555556
ia-batch10/40PrisonersFoundStrangledToDeathAcrossFourJailsInBrazil.mp4, -1, -1, 58.0810810810811
ia-batch10/ucberkeley_webcast_BOd7eBXF9-M.mp4, -1, -1, 52.6486486486487
ia-batch10/Pack_84.mp4, -1, -1, 34.775
ia-batch10/youtube-AJRzzzJk7fM.mp4, -1, -1, 35.4444444444444
ia-batch10/Norfolk_News_Now_-_November_2012_edition.mp4, -1, -1, 62.027777777777786
ia-batch10/bliptv-20131014-094407-Cgbenzine-LegoMyBlago207.mp4, -1, -1, 73.62162162162159
ia-batch10/youtube-TvnuzLqbzj0.mp4, -1, -1, 55.17142857142861
ia-batch10/Digitalpunch-DigitalPunchVLogEpisode15845.mp4, -1, -1, 54.11428571428571
ia-batch10/bratt2vt-Newfane_Selectboard_Mtg._7_19_12.mp4, -1, -1, 53.9428571428571
ia-batch10/ToonTime.mp4, -1, -1, 42.1764705882353
ia-batch10/ucberkeley_webcast_VkXEGJ4gVEg.mp4, -1, -1, 51.527777777777786
ia-batch10/Ateliers35-Rennesson.mp4, -1, -1, 36.5555555555556
ia-batch10/Personal_Branding_-_Interview_with_Instructor_Lynne_Morgan.mp4, -1, -1, 73.9166666666667
ia-batch10/School_Board_Candidate_Cheryl_Landis.mp4, -1, -1, 61.085714285714296
ia-batch10/USA_Cup_2013.mp4, -1, -1, 56.6315789473684
ia-batch10/Flickr-10501131435.mp4, -1, -1, 64.5428571428571
ia-batch10/pmpc-East_Wake_News_djC7maxa9lA.mp4, -1, -1, 46.540540540540505
ia-batch10/City_Council_Informal_-_02_03_2015.mp4, -1, -1, 57.9714285714286
ia-batch10/youtube-9Vaw658Bow8.mp4, -1, -1, 61.0882352941177
ia-batch10/PSA_-Precinct_5_Town_Meeting_Mini-Debate_and_Election.mp4, -1, -1, 62.974358974359
ia-batch10/okcok-Oklahoma_City_s_TotalCare_Ambulance_Program.mp4, -1, -1, 51.722222222222214
ia-batch10/youtube-yTtZw8c_QV8.mp4, -1, -1, 51.2
ia-batch10/youtube-p6tP2u48pv4.mp4, -1, -1, 61.684210526315795
ia-batch10/T._C._Williams_High_SchoolSummer_Commencement_Ceremony.mp4, -1, -1, 62.63636363636361
ia-batch10/tvce1qc-Programme_d_aide_financiere_pour_la_plantation_d_arbres_a_Plessisville.mp4, -1, -1, 65.1388888888889
ia-batch10/EducatedFish-1937.mp4, -1, -1, 40.4571428571429
ia-batch10/rvtv-Economia_Tiempo_Real_-_El_efecto_Trump_en_la_produccion_manufacturera_en_Mexico_-_27_08_2018.mp4, -1, -1, 67.43243243243239
ia-batch10/youtube-xcrXwTypq_k.mp4, -1, -1, 58.342105263157904
ia-batch10/Second_Chance_Animal_Center_-_Pets_of_the_Week_-_5_15_17_Long.mp4, -1, -1, 68.2162162162162
ia-batch10/TheGallopinGaucho.mp4, -1, -1, 39.025
ia-batch10/PhilosopherSeed-BruceGagnon570.mp4, -1, -1, 60.6
ia-batch10/cmntv18-LWVOA_PSA_Contest_-_TV_3rd_Place.mp4, -1, -1, 59.3823529411765
ia-batch10/Rochester_Music_in_the_Park_-_The_Hackwells_-_June_27_2019.mp4, -1, -1, 65.91891891891889
ia-batch10/The_Lost_Ski_Areas_of_Southern_Vermont.mp4, -1, -1, 63.6666666666667
ia-batch10/Abington_Lady_Wave_JV_vs._Mashpee_-_1_21_15.mp4, -1, -1, 53.7837837837838
ia-batch10/cotga-City_Council_101_-_February_25.mp4, -1, -1, 79.62162162162159
ia-batch10/youtube-huox0HTOGVQ.mp4, -1, -1, 44.35
ia-batch10/youtube-etVMxCHQniM.mp4, -1, -1, 50.5833333333333
ia-batch10/Memorial_Baptist_Church_Service_7_24_16.mp4, -1, -1, 60.864864864864906
ia-batch10/2011_Cranberry_Harvest_Run_and_Half_Marathon.mp4, -1, -1, 50.5833333333333
ia-batch10/2014_Walk4Friendship.mp4, -1, -1, 77.1621621621622
ia-batch10/announce_867.mp4, -1, -1, 63.0526315789474
ia-batch10/youtube_UCk-aE_ofN6aKue_pRpsmSZQ.mp4, -1, -1, 56.05882352941179
ia-batch10/youtube-VuDyBvDXbTU.mp4, -1, -1, 57.0810810810811
ia-batch10/Arts_and_Entertainment_10_4_13.mp4, -1, -1, 63.23076923076921
ia-batch10/School_Committee_-_October_5_2016.mp4, -1, -1, 46.3888888888889
ia-batch10/archiveteam_videobot_twitter_com_786327812059697152.mp4, -1, -1, 56.47368421052629
ia-batch10/20UnreleasedSamSpenceNFLMusicTracksWithHighlights1080p60fps.mp4, -1, -1, 44.9166666666667
ia-batch10/archiveteam_videobot_twitter_com_844631047061082114.mp4, -1, -1, 51.526315789473706
ia-batch10/Bible_Believers_Preaching_and_Teaching_Hour_Episode_17A008.mp4, -1, -1, 52.9459459459459
ia-batch10/Tartuffe_presented_in_Ste._Genevieve_Mo._63670.mp4, -1, -1, 52.0294117647059
ia-batch10/cobmd-2018_Bowie_Health_Fair.mp4, -1, -1, 60.10526315789479
ia-batch10/OCTV_New_Phantom_Drone_-_Oxford_History_Facts.mp4, -1, -1, 74.7105263157895
ia-batch10/50-50com_oldschool_skatejam_2001.mp4, -1, -1, 58.6111111111111
ia-batch10/St._Francis_Fall_for_Greenville.mp4, -1, -1, 55.2105263157895
ia-batch10/North_Reading_School_Committee_5_14_12_Part_8.mp4, -1, -1, 56.0294117647059
ia-batch10/youtube-h_R6BGO3ucg.mp4, -1, -1, 60.4864864864865
ia-batch10/FinalUpdate720p30fpsH264192kbitAAC.mp4, -1, -1, 72.4615384615385
ia-batch10/Andre_Le_Chef_-_Sept_2012.mp4, -1, -1, 57.3589743589744
ia-batch10/Pinecraft_meeting_video_for_Sharepoint.mp4, -1, -1, 61.0
ia-batch10/SCHOLAR_OF_THE_WEEK--CHRISTOPHER_GERLACH.mp4, -1, -1, 54.0526315789474
ia-batch10/OVTV_Program_DIsclaimer_Winter.mp4, -1, -1, 63.5789473684211
ia-batch10/Conversation_with_Mike_Dukakis.mp4, -1, -1, 63.3939393939394
ia-batch10/North_Central_Ride_V2.mp4, -1, -1, 50.972222222222214
ia-batch10/youtube-LlURoHBp-9g.mp4, -1, -1, 70.2647058823529
ia-batch10/150724Pp226c.mp4, -1, -1, 60.3050847457627
ia-batch10/PATV_In_Your_Neighborhood_-_25_Years_of_PATV.mp4, -1, -1, 73.4722222222222
ia-batch10/SCVTV.com_6_24_2011_This_Week_in_Santa_Clarita_-_City_Plans_Trails_in_Quigley_Canyon.mp4, -1, -1, 48.763157894736786
ia-batch10/Towing_Legislation.mp4, -1, -1, 58.32352941176471
ia-batch10/Wild_West_Days_Promo.mp4, -1, -1, 57.8888888888889
ia-batch10/First_Visitor_Comments_Discussion_Part_01_042412.mp4, -1, -1, 58.1388888888889
ia-batch10/Flickr-20907916179.mp4, -1, -1, 66.375
ia-batch10/Berkley_Planning_Commission_Meeting_-_January_27_2015.mp4, -1, -1, 44.6666666666667
ia-batch10/Can_Kyle_Martin_Do_Your_Job_7_10_17.mp4, -1, -1, 74.8
ia-batch10/youtube-1TNZ7-3YOXU.mp4, -1, -1, 48.625
ia-batch10/youtube-_nw_pbOum7c.mp4, -1, -1, 58.236842105263214
ia-batch10/acfrma-Ham_Jams_with_Pretty_Rotten_-_Take_My_Time.mp4, -1, -1, 65.4444444444444
ia-batch10/Uncle_Lucius_A_Million_Ways_Live_at_KDHX_07_20_2010_HD.mp4, -1, -1, 64.1315789473684
ia-batch10/youtube-nrpY7C9lwtU.mp4, -1, -1, 51.25641025641029
ia-batch10/1999_North_Reading_High_School_Graduation_Part_2.mp4, -1, -1, 44.189189189189214
ia-batch10/youtube-4wT-0KD0Wy8.mp4, -1, -1, 61.277777777777786
ia-batch10/SPLASH_PAD_OPENS_AT_BANNER_PARK.mp4, -1, -1, 75.62162162162159
ia-batch10/youtube-3onugDGcdF0.mp4, -1, -1, 60.7105263157895
ia-batch10/Volunteer_Spotlight_Billy_Ledbetter.mp4, -1, -1, 68.2894736842105
ia-batch10/youtube-Q1uLJBEpsSU.mp4, -1, -1, 35.078947368421
ia-batch10/tctvbc-The_Poco_Grand_Prix_-_Fun_for_the_whole_family.mp4, -1, -1, 58.7894736842105
ia-batch10/youtube-FA4R3TC3K_0.mp4, -1, -1, 52.0540540540541
ia-batch11/Daniel_Prins_on_GCTV_with_Bill_Miller.mp4, -1, -1, 69.15151515151521
ia-batch11/Women_Supporting_Women_ALS_Ice_Bucket_Challenge.mp4, -1, -1, 59.9705882352941
ia-batch11/Culture_Vultures_-_Stageworks_Theater.mp4, -1, -1, 60.05882352941179
ia-batch11/Fellsmere_Park_Tour_with_Inna_Babitskaya_June_2013.mp4, -1, -1, 52.7714285714286
ia-batch11/City_Talk_-_Columbia_Housing_Authority_s_Inaugural_Scholarship_Golf_Tournament.mp4, -1, -1, 79.4545454545455
ia-batch11/2224REEDITNATESANDYLOVEMAKINGJOSHTALKSWITHSANDYABOUTNATE.mp4, -1, -1, 58.43243243243239
ia-batch11/youtube-7JBaOYgh-eE.mp4, -1, -1, 40.212121212121204
ia-batch11/SCTV_Public_Theater_Presents_Detour_2-6-17.mp4, -1, -1, 56.9714285714286
ia-batch11/911_Ceremony.mp4, -1, -1, 62.05882352941179
ia-batch11/Big_Government_Is_Stifling_The_American_Spirit-_Intelligence_Squared_U.S..mp4, -1, -1, 59.777777777777786
ia-batch11/rptv1on-LANND_TV_-_First_Fire_Dance_Program.mp4, -1, -1, 55.8888888888889
ia-batch11/youtube-hErbKd1LKto.mp4, -1, -1, 60.222222222222214
ia-batch11/electricsheep-flock-244-10000-3.mp4, -1, -1, 76.5142857142857
ia-batch11/youtube-nF2UAVB66qA.mp4, -1, -1, 46.189189189189214
ia-batch11/Park_Center_High_School_Marching_Band_Halftime_Performance.mp4, -1, -1, 79.52941176470591
ia-batch11/Overdose_Awareness_Day.mp4, -1, -1, 52.3714285714286
ia-batch11/youtube-Kqy8wCaxh7s.mp4, -1, -1, 61.6216216216216
ia-batch11/The_Holiday_Market_Menu_11-22-14.mp4, -1, -1, 76.6315789473684
ia-batch11/youtube-4w0gXavDbqE.mp4, -1, -1, 48.0555555555556
ia-batch11/Music_on_Main_2016_-_Rogers_Nienhaus_Band_PSA.mp4, -1, -1, 68.5428571428571
ia-batch11/Aldermen101112.mp4, -1, -1, 54.2285714285714
ia-batch11/Simple_Recycling_Garden_City.mp4, -1, -1, 73.8823529411765
ia-batch11/youtube-9K399fBYTBU.mp4, -1, -1, 51.7105263157895
ia-batch11/rtvma-Day_three_competition_walk-through_of_plots_1-8.mp4, -1, -1, 77.5405405405405
ia-batch11/tweakers005431.mp4, -1, -1, 60.3888888888889
ia-batch11/Bloomington_Today_-_Winter_Safety.mp4, -1, -1, 51.030303030303
ia-batch11/Precision_Inc._-_December_2011.mp4, -1, -1, 65.7428571428572
ia-batch11/Northside_Oktoberfest.mp4, -1, -1, 43.4571428571429
ia-batch11/Podcast100FelizNavidadYFeliz2018ArdForEver.mp4, -1, -1, 53.7894736842105
ia-batch11/TheValleyOfWheat2b2tCinematicTour.mp4, -1, -1, 43.5555555555556
ia-batch11/Wisconsin_Rapids_Google_Business_PSA.mp4, -1, -1, 70.2121212121212
ia-batch11/Municipal_Minute_10-25-10.mp4, -1, -1, 47.4047619047619
ia-batch11/youtube-jJ4Rvc9I1wA.mp4, -1, -1, 66.0882352941177
ia-batch11/Plymouth_man_uses_retirement_for_history_lessons.mp4, -1, -1, 73.75
ia-batch11/Pets_of_the_Week_07-15-18.mp4, -1, -1, 67.28571428571429
ia-batch11/Aurora_House.mp4, -1, -1, 72.7941176470588
ia-batch11/witm090065.mp4, -1, -1, 64.0285714285714
ia-batch11/ProjectRulison.mp4, -1, -1, 35.054054054054106
ia-batch11/vf_e3_2010_kinectadventuresdemo_061410_3500.mp4, -1, -1, 53.1388888888889
ia-batch11/bratt2vt-2012_Vernon_Town_Mtg_Pt_1_3_5_12.mp4, -1, -1, 47.32352941176471
ia-batch11/911_Essentials_-_When_to_Call_911.mp4, -1, -1, 54.6216216216216
ia-batch11/cornv-Ground_breaks_on_unique_playground_for_children_with_disabilities..mp4, -1, -1, 56.4
ia-batch11/punkcast1086.mp4, -1, -1, 53.59375
ia-batch11/youtube-yEh1pWWhA5c.mp4, -1, -1, 40.4594594594595
ia-batch11/1HOUROfMTVMusicTelevisionFromJune1985WithVJsNinaBlackwoodU0026AlanHunter0BBrOL6PdPNTJoNzY0UU1zSWM.mp4, -1, -1, 29.9166666666667
ia-batch11/youtube-FGT6xOaY-fc.mp4, -1, -1, 43.5135135135135
ia-batch11/Bubble_Soccer_Coming_to_West_Bloomfield.mp4, -1, -1, 70.75
ia-batch11/coeor-City_Council_Meeting_07-08-2013.mp4, -1, -1, 49.722222222222214
ia-batch11/A_Closer_Look_Episode_16_-_Cultures_of_Thinking.mp4, -1, -1, 79.3611111111111
ia-batch11/ccmcmd-CMSportsNet_-_Westminster_Offensive_Play_of_the_Game_11-2-18.mp4, -1, -1, 62.57142857142861
ia-batch11/youtube-y0G6iC1adjE.mp4, -1, -1, 33.384615384615394
ia-batch11/bliptv-20131031-032712-BillCammack-HowardGreensteinAndDeanLandsman946.mp4, -1, -1, 38.9473684210526
ia-batch11/Abington_Mayor_For_A_Day_Contest_5-8-12.mp4, -1, -1, 56.027027027026996
ia-batch11/Be_safe_with_Fireworks.mp4, -1, -1, 63.3783783783784
ia-batch11/cobermi-Berkley_Planning_Commission_Meeting_-_October_23_2018.mp4, -1, -1, 55.8333333333333
ia-batch11/crappy90sguidetointernet.mp4, -1, -1, 53.6315789473684
ia-batch11/youtube-dMpsuk8Jye0.mp4, -1, -1, 56.3333333333333
ia-batch11/wbwma-WBPL_Featured_Artist_of_the_Month_April_Mark_Chester.mp4, -1, -1, 77.6571428571429
ia-batch11/Art_Now_-_Episode_36_-_Les_Miserable_cast_CU_Theatre.mp4, -1, -1, 63.5
ia-batch11/ws46fg45_201704.mp4, -1, -1, 55.405405405405396
ia-batch11/OCTV_SAFE_SUMMER_PSA.mp4, -1, -1, 68.5277777777778
ia-batch11/Fairfax_County_Police_Chief_Remembers_9_11.mp4, -1, -1, 43.70588235294121
ia-batch11/youtube-zDgUJ7xwwbE.mp4, -1, -1, 47.0625
ia-batch11/01TheGrandManeuvers.mp4, -1, -1, 54.6486486486487
ia-batch11/Cora_Rice_Disney.mp4, -1, -1, 58.8529411764706
ia-batch11/cogtx-Waves_of_Information_September_25.mp4, -1, -1, 81.5789473684211
ia-batch11/nasa.SCVTV.com_4_12_2011_The_Space_Shuttle_Narrated_by_Wil.mp4, -1, -1, 46.3170731707317
ia-batch11/Norfolk_Kids_in_the_Kitchen.mp4, -1, -1, 40.75
ia-batch11/2012_RBBA_Opening_Day.mp4, -1, -1, 56.540540540540505
ia-batch11/08-23_-2016_City_of_Franklin_TN_Board_Of_Mayor_and_Aldermen_Work_Session.mp4, -1, -1, 49.3714285714286
ia-batch11/youtube-bABXZ2EjJ2U.mp4, -1, -1, 55.972972972973004
ia-batch11/youtube-ZD1EGXhrBbo.mp4, -1, -1, 44.657142857142894
ia-batch11/cg_0146-Ready_Set_Good..mp4, -1, -1, 69.3684210526316
ia-batch11/Bowls_for_Hunger_2012.mp4, -1, -1, 54.29411764705879
ia-batch11/youtube-ODuRKVfZx9A.mp4, -1, -1, 46.20588235294121
ia-batch11/2014_Sports_Jam_Boys_Basketball_Team_-.mp4, -1, -1, 57.3611111111111
ia-batch11/Car_and_Driving_Safety_3-21-16.mp4, -1, -1, 57.2
ia-batch11/3026_431_HopefortheCities_GarryPollock2PollockPrinting.mp4, -1, -1, 44.29411764705879
ia-batch11/Same-Sex_Marriages_Become_Legal_in_Minnesota.mp4, -1, -1, 62.4117647058824
ia-batch11/cobtx-Bryan_Today_ep_5_pt_2.mp4, -1, -1, 48.6666666666667
ia-batch11/whatvme-Roll_in_in_My_Sweet_Baby_s_Arms._Covered_by_Brad_Hooper.mp4, -1, -1, 70.7777777777778
ia-batch11/Significant_TV_with_Franne_McNeal_and_Guest_Starr_Osborne.mp4, -1, -1, 61.6388888888889
ia-batch11/New_Ice_Rink.mp4, -1, -1, 56.0285714285714
ia-batch11/Top_Plays_2.19.18.mp4, -1, -1, 64.3513513513513
ia-batch11/youtube_UC45YIx7X9EplUm5SJOVQnOQ.mp4, -1, -1, 53.4117647058824
ia-batch11/youtube-Sh8TQtYri1k.mp4, -1, -1, 59.2820512820513
ia-batch11/tv4satx-Fiesta_Flambeau_Parade_2008_Act_7.mp4, -1, -1, 51.6
ia-batch11/Anatomy_of_a_Pothole.mp4, -1, -1, 61.6666666666667
ia-batch11/CCX_News_November_2_2017.mp4, -1, -1, 74.6857142857143
ia-batch11/Every_Movie_Ever_-_The_Blob_1958.mp4, -1, -1, 76.5882352941177
ia-batch11/Monmouth_County_Fair_2012.mp4, -1, -1, 46.75
ia-batch11/Animals_in_Ames_cecwilnAhB0.mp4, -1, -1, 80.2571428571428
ia-batch11/SCVTV.com_12_4_2010_Around_Town_-_SCV_Literacy_Arts_Festiva.mp4, -1, -1, 54.972222222222214
ia-batch11/youtube-Gp6Mik53Bek.mp4, -1, -1, 47.472222222222214
ia-batch11/Our_City_03-08-10_Part2.mp4, -1, -1, 50.5135135135135
ia-batch11/youtube-9ZgwgIQcKhk.mp4, -1, -1, 55.0
ia-batch11/Up_Front_W_John_Patterson_June_2015.mp4, -1, -1, 51.1212121212121
ia-batch11/Elections_and_Voting_Information_Oct._14_2016.mp4, -1, -1, 69.9705882352941
ia-batch11/youtube-v5YAEqGUceQ.mp4, -1, -1, 49.11428571428571
ia-batch11/MoonmanVideoBacking02.mp4, -1, -1, 44.8611111111111
ia-batch11/Scituate_Planning_Board_Meeting_-_03_14_19.mp4, -1, -1, 46.60526315789479
ia-batch11/MozerArtExhibitedAtTheArtExpoNY.mp4, -1, -1, 70.1666666666667
ia-batch11/Parks_Rec_n_Roll_-_CPR_Training.mp4, -1, -1, 70.58064516129029
ia-batch11/Soul_Fest_2017.mp4, -1, -1, 66.82352941176471
ia-batch11/youtube-iZnc8jgcoAA.mp4, -1, -1, 68.5128205128205
ia-batch11/Port_St._Lucie_Adopt-a-Street_Profile_-_Jacques_Burrell.mp4, -1, -1, 57.0285714285714
ia-batch11/youtube-m-qJax-wn9E.mp4, -1, -1, 60.324324324324294
ia-batch11/Santa_Claus_Comes_to_Exeter_2017.mp4, -1, -1, 71.30769230769229
ia-batch11/Whitman_Special_Town_Election_March_17_2018.mp4, -1, -1, 64.1724137931034
ia-batch11/youtube-gEKOu1L9CHU.mp4, -1, -1, 43.1081081081081
ia-batch11/archiveteam_videobot_twitter_com_724610033799974912.mp4, -1, -1, 69.0555555555556
ia-batch11/Bull_City_Today_-_Feb_9_2018_ep._277.mp4, -1, -1, 77.3714285714286
ia-batch11/youtube-VP58Oqh0yRY.mp4, -1, -1, 60.0540540540541
ia-batch11/ocmswi-Oshkosh_Today_-_Mercy_Oakwood_Fitness_for_the_Physically_Challenged.mp4, -1, -1, 82.28571428571429
ia-batch11/electricsheep-flock-244-45000-4.mp4, -1, -1, 79.92592592592591
ia-batch11/acmima-Studio_Knights_-_Ep007_-_Katsos.mp4, -1, -1, 80.8529411764706
ia-batch11/3_of_4_-_CAMPAIGN_2008_-_Illinois_Volunteers_for_Senator_Obama.mp4, -1, -1, 44.8823529411765
ia-batch11/Pupia-LibiaIMartiriDiBengasiUccisiDaiMercenariDiGheddafi240716-4.mp4, -1, -1, 45.0833333333333
ia-batch11/Cook_County_Board_President_Toni_Preckwinkle_addresse_recent_layoffs_and_budget_crisis.mp4, -1, -1, 70.3888888888889
ia-batch11/SomebodyElseIronwomanGetsDownwithArrayLightShow.mp4, -1, -1, 38.2727272727273
ia-batch11/Scvtv20-runner070109b973-2.mp4, -1, -1, 55.0555555555556
ia-batch11/pctvma-The_Pittsfield_4th_Of_July_Parade_2013_-_Part_One.mp4, -1, -1, 54.6388888888889
ia-batch11/Dog_of_the_Week_-_Howie.mp4, -1, -1, 70.9117647058823
ia-batch11/youtube-wBAFrbaVgb4.mp4, -1, -1, 38.6666666666667
ia-batch11/AbandonedTransitVan101.mp4, -1, -1, 66.8333333333333
ia-batch11/Carver_City_Council_meeting_08-17-15.mp4, -1, -1, 42.6969696969697
ia-batch11/Dog_of_the_Week_-_Chubbles_the_Beagle.mp4, -1, -1, 74.6857142857143
ia-batch11/alpcmi-LaPorte_Board_of_Public_Works_and_Safety_5-8-19.mp4, -1, -1, 65.8787878787879
ia-batch11/Westfield_It_s_Your_City_-_September_2011.mp4, -1, -1, 68.1818181818182
ia-batch11/archiveteam_videobot_twitter_com_766351785208328192.mp4, -1, -1, 50.394736842105296
ia-batch11/3039_037_MindYourOwnMusicBusiness_EP037_Keith_Durbin.mp4, -1, -1, 62.5833333333333
ia-batch11/youtube-sjtDwa1b1I4.mp4, -1, -1, 59.5151515151515
ia-batch11/wrokmi-Big_Brother_Little_Brother._Ukulele_Live_2014.mp4, -1, -1, 56.235294117647115
ia-batch11/Everything_You_Wanted_To_Know_About_Public_Access_and_Were_Afraid_To_Ask_Part_1.mp4, -1, -1, 42.7352941176471
ia-batch11/corrtx-Late_November_2011_City_Focus.mp4, -1, -1, 49.7027027027027
ia-batch11/youtube-fqfElBJCImo.mp4, -1, -1, 52.4
ia-batch11/cctv17vt-Bernie_Speaks_30_-_Howard_Mental_Health_s_Jim_Leddy_on_Health_Care_Task_Force_9_15_1987.mp4, -1, -1, 44.7027027027027
ia-batch11/bliptv-20131014-000558-Cgtuts-ProceduralNonProceduralTexturingPt3835.mp4, -1, -1, 60.6388888888889
ia-batch11/wotvcoh-Miami_County_Fair_Presents_One_Eye_Whiskey.mp4, -1, -1, 66.1944444444444
ia-batch11/mnn_14661_775.mp4, -1, -1, 63.0789473684211
ia-batch11/Scituate_Board_of_Selectmen_Meeting_9-23-14.mp4, -1, -1, 55.526315789473706
ia-batch11/DynamicsOfACarCrash1970s.mp4, -1, -1, 43.027777777777786
ia-batch11/Expungement_Clinic.mp4, -1, -1, 57.71428571428571
ia-batch11/archiveteam_videobot_twitter_com_732586796547104769.mp4, -1, -1, 67.6666666666667
ia-batch11/youtube-9M5ynegmjkA.mp4, -1, -1, 21.7714285714286
ia-batch11/sandy_shaw.mp4, -1, -1, 37.105263157894704
ia-batch11/ehmma-HousingPartnership_7_16_13.mp4, -1, -1, 55.027777777777786
ia-batch11/United_Mutual_Solar_Project_11_01_16.mp4, -1, -1, 77.11428571428571
ia-batch11/csdmd-North_Carroll_vs_Fallston_Boys_Lacrosse_2A_1A_State_Final_5-20-14.mp4, -1, -1, 48.7272727272727
ia-batch11/electricsheep-flock-244-80000-3.mp4, -1, -1, 64.3611111111111
ia-batch11/Senbaltimore-sencast005_netflixlive2162.mp4, -1, -1, 70.3333333333333
ia-batch11/Sunfish_Pond_reeling_in_kids_in_Brooklyn_Park.mp4, -1, -1, 55.472222222222214
ia-batch11/EberbachAmNeckar.mp4, -1, -1, 69.71428571428571
ia-batch11/stgenmo-Ste._Genevieve_Mo_Heritage_Commission_111918.mp4, -1, -1, 45.2
ia-batch11/Auburn_Housing_Authority_meeting_from_August_13_2013.mp4, -1, -1, 50.5789473684211
ia-batch11/Tri_Town_04oct17.mp4, -1, -1, 43.59459459459461
ia-batch11/Rihanna-UmbrellaAcousticCover-DonnieSands.mp4, -1, -1, 58.31578947368421
ia-batch11/patvny-PATV_World_Art_Day_-_Dance_Visions_NY.mp4, -1, -1, 51.0
ia-batch11/cream_soup.mp4, -1, -1, 61.0810810810811
ia-batch11/Committee_of_the_Whole_01-30-17.mp4, -1, -1, 56.6486486486487
ia-batch11/youtube-pTNZm3_K1Kk.mp4, -1, -1, 76.5483870967742
ia-batch11/TheBurglar2008.mp4, -1, -1, 49.8684210526316
ia-batch11/untvmi-The_Briefing_Room_3-21-13.mp4, -1, -1, 56.538461538461505
ia-batch11/btvnj-90.5_Night_Vision_-_Seneca.mp4, -1, -1, 56.8571428571429
ia-batch11/bratt2vt-1st_Wed._UVM_Prof._Frank_Bryan_1_5_11.mp4, -1, -1, 57.1666666666667
ia-batch11/youtube-QDTF8GozbBk.mp4, -1, -1, 49.9
ia-batch11/cokin-Common_Council_-_March_7_2016.mp4, -1, -1, 72.1081081081081
ia-batch11/vf_ps4harddrive_040815_1800.mp4, -1, -1, 63.3333333333333
ia-batch11/youtube-Swl0urOa17g.mp4, -1, -1, 42.0810810810811
ia-batch11/Mono_-_Rubbing_a_poem_by_Stephen_Dunn_read_by_Steve_Dunning.mp4, -1, -1, 31.054054054054
ia-batch11/Art_Up_Front_Gallery_Open.mp4, -1, -1, 77.75
ia-batch11/Duck_Village_Stage_Sessions_-_Strangers_by_Accident.mp4, -1, -1, 65.05405405405409
ia-batch11/youtube-yLthEc6Ny-c.mp4, -1, -1, 35.47222222222221
ia-batch11/ALL_ABOUT_BOOKS_6_20_17.mp4, -1, -1, 58.57142857142861
ia-batch11/Topic_Time_-_Bobby_Faria_-_03_25_15.mp4, -1, -1, 51.8823529411765
ia-batch11/ytchannelimpz.mp4, -1, -1, 33.125
ia-batch11/youtube-utcbqH6qdzQ.mp4, -1, -1, 47.878048780487795
ia-batch11/youtube-et-pIHUUai0.mp4, -1, -1, 82.3684210526316
ia-batch11/stvma-Hometown_Recital_Julian_Grabarek_Theodora_Nestorova_8202018.mp4, -1, -1, 63.5757575757576
ia-batch11/nwctc-LimeBikes_Debut_in_Golden_Valley.mp4, -1, -1, 82.5135135135135
ia-batch11/tp510633.mp4, -1, -1, 63.9459459459459
ia-batch11/ctv3in-2015_Lions_Downhill_Derby_8-9_Year_Olds.mp4, -1, -1, 55.1111111111111
ia-batch11/youtube-3mbdiky5dLw.mp4, -1, -1, 67.972972972973
ia-batch11/SCTV_Animal_Shelter_PSA_1-2-14.mp4, -1, -1, 62.4571428571429
ia-batch11/Montgomery_County_Silver_Spring_Swings_Concerts_July_13.mp4, -1, -1, 61.4571428571429
ia-batch11/colcav-Color_Me_Rad_2015_Promo.mp4, -1, -1, 68.3888888888889
ia-batch11/Whats_Your_Story_-_E162_-_Jane_Doe_pt._2.mp4, -1, -1, 81.28125
ia-batch11/mhatca-MH_Raiders_vs_Hollister_Pop_Warner_Football_Championship_Game_2009.mp4, -1, -1, 55.1470588235294
ia-batch11/2014_Calaveras_County_Superior_Court_Judge_Candidates_Department_Two.mp4, -1, -1, 64.9117647058823
ia-batch11/archiveteam_videobot_twitter_com_880424378290368512.mp4, -1, -1, 71.11428571428571
ia-batch11/105917_missoula_city_band_08_09_2006_Disc_1.mp4, -1, -1, 49.736842105263214
ia-batch11/Public_Defenders.mp4, -1, -1, 69.08108108108111
ia-batch11/TimBrownHoustonFolkArt.mp4, -1, -1, 45.4864864864865
ia-batch11/ToMyEuropeanBrothersAndSisters.mp4, -1, -1, 44.7837837837838
ia-batch11/Conversation_With_Caleb_Carver.mp4, -1, -1, 79.97142857142859
ia-batch11/Dr._Jean_Rice_May_2013.mp4, -1, -1, 40.0
ia-batch11/Miami_Beach_Fire_Department_Extrication.mp4, -1, -1, 60.0
ia-batch11/St._Catherine_s_New_Playground.mp4, -1, -1, 69.5555555555556
ia-batch11/youtube-nDGnvuYZtck.mp4, -1, -1, 57.25
ia-batch11/youtube-oZT3UCwujOY.mp4, -1, -1, 52.1212121212121
ia-batch11/DrinkingWithBob-ItsNotAIGItsTheGOV114-2.mp4, -1, -1, 44.71428571428571
ia-batch11/MusicalChairs.GUNPLAEtcBusouShinkiMicroman.mp4, -1, -1, 61.2
ia-batch11/BushTelly-TrebleConeVandals627.mp4, -1, -1, 58.5151515151515
ia-batch11/electricsheep-flock-244-77500-3.mp4, -1, -1, 77.4324324324324
ia-batch11/pb20110915.mp4, -1, -1, 48.84375
ia-batch11/youtube-w89CMtJvTGc.mp4, -1, -1, 33.9444444444444
ia-batch11/D1_Boys_400_Free_Relay_Heat_2.mp4, -1, -1, 64.15151515151521
ia-batch11/MmbossmansFdsArumanaNoKisekiIn0826.67.mp4, -1, -1, 55.0
ia-batch11/Dead_in_Good_Company_John_Harrison.mp4, -1, -1, 74.7222222222222
ia-batch11/youtube-Plg4amHseJw.mp4, -1, -1, 40.0
ia-batch11/RCTV_HS_Video_Club_-_Love_Today.mp4, -1, -1, 57.1470588235294
ia-batch11/Boys_Soccer_HL_-_6_Blaine_at_3_Duluth_East_7AA_Q-F_10.8.19.mp4, -1, -1, 60.9459459459459
ia-batch11/dcatma-School_Committee_Meeting_10_07_19.mp4, -1, -1, 61.05882352941179
ia-batch11/CTV_News_9_3_13.mp4, -1, -1, 63.7894736842105
ia-batch12/cogco-Learn_More_About_Greeley_Sales_Use_Tax.mp4, -1, -1, 53.1212121212121
ia-batch12/youtube-o6hsuvXo9hI.mp4, -1, -1, 60.97368421052629
ia-batch12/electricsheep-flock-244-80000-6.mp4, -1, -1, 52.3055555555556
ia-batch12/fcatma-Sunderland_Selectboard_-_September_9_2019.mp4, -1, -1, 60.725
ia-batch12/PCN_Whole_Episode_1-31-13.mp4, -1, -1, 46.8571428571429
ia-batch12/youtube-IwQwP_igJMU.mp4, -1, -1, 69.8823529411765
ia-batch12/youtube-cvwr47Ypcms.mp4, -1, -1, 65.91176470588239
ia-batch12/archiveteam_videobot_twitter_com_788473283612028929.mp4, -1, -1, 32.25
ia-batch12/Northwest_vs_Winton_Woods_Soccer.mp4, -1, -1, 47.722222222222214
ia-batch12/Cuban_Bridge_-_Ep._30_Live_with_Jerome_Monachino_of_Eight_02.mp4, -1, -1, 67.64705882352939
ia-batch12/bratt2vt-BUHS-TV_5_21_12.mp4, -1, -1, 46.1621621621622
ia-batch12/punkcast1206-02.mp4, -1, -1, 48.17142857142861
ia-batch12/Que_Pasa_Polk_Show_015_-_Mayo_23_2013.mp4, -1, -1, 58.5
ia-batch12/cpaz-Monsoon_Dust_Rolling_In_August_12_2018.mp4, -1, -1, 75.91428571428571
ia-batch12/youtube-lgyHWYm_v-s.mp4, -1, -1, 45.6969696969697
ia-batch12/2011_Polar_Plunge.mp4, -1, -1, 44.9142857142857
ia-batch12/20190926_20190926_0909.mp4, -1, -1, 61.2424242424242
ia-batch12/youtube-qsA8qh9TAaQ.mp4, -1, -1, 47.5
ia-batch12/Seeing_the_Forest_Community_Through_the_Trees.mp4, -1, -1, 55.1081081081081
ia-batch12/youtube-sSBbON9ABzQ.mp4, -1, -1, 55.914285714285704
ia-batch12/1976SaturdayMorningCommercials.mp4, -1, -1, 36.605263157894704
ia-batch12/SCVTV.com_8_6_2010_President_Barack_Obama_-_Speech_Reception_for_Justice-Elect_Elena_Kagan.mp4, -1, -1, 60.60526315789479
ia-batch12/Every_Movie_Ever_-_The_Neon_Demon.mp4, -1, -1, 78.945945945946
ia-batch12/NHS_Girls_Basketball_vs_North_Reading_01_30_15.mp4, -1, -1, 52.31428571428571
ia-batch12/Changes_in_the_Assessor_s_Office.mp4, -1, -1, 56.6111111111111
ia-batch12/youtube-QDthqsjAwKc.mp4, -1, -1, 62.9705882352941
ia-batch12/This_Week_in_Ames_EDd_J3m9L9o.mp4, -1, -1, 76.97435897435899
ia-batch12/Community_Thanksgiving_Banquet.mp4, -1, -1, 65.08571428571429
ia-batch12/FAQs_on_the_North_Ave_Road_Changes_Pilot_06_07_2016.mp4, -1, -1, 64.7428571428572
ia-batch12/youtube-GtlYCR0NdcY.mp4, -1, -1, 45.3030303030303
ia-batch12/An_Earthen_House_Built_by_Hand.mp4, -1, -1, 66.5294117647059
ia-batch12/Do_Go_Beginning_October_3_2013.mp4, -1, -1, 56.2162162162162
ia-batch12/youtube-hXaMDgNKhKk.mp4, -1, -1, 60.67647058823529
ia-batch12/Millennial_Choir_Orchestras_To_Be_American_2015_5.mp4, -1, -1, 73.8571428571429
ia-batch12/The_SportsDesk_35.14_-_Torrance_CitiCABLE_-_October_7-14_2014.mp4, -1, -1, 47.1428571428571
ia-batch12/PCN_Alden_House_Speak_For_Thyself_Awards.mp4, -1, -1, 55.17647058823529
ia-batch12/youtube-dKt9ofaCVOc.mp4, -1, -1, 43.8888888888889
ia-batch12/bliptv-20131013-223309-Artmiamitv-Artopia249.mp4, -1, -1, 70.3939393939394
ia-batch12/Demolition_of_823_SE_33rd_Terrace.mp4, -1, -1, 57.3714285714286
ia-batch12/Permanent_Makeup_Tattoo_9-27-16.mp4, -1, -1, 57.684210526315795
ia-batch12/rccamwi-Nekoosa_Common_Council_8-14-18.mp4, -1, -1, 69.0277777777778
ia-batch12/youtube-kvHoxB9y8NE.mp4, -1, -1, 48.448275862068996
ia-batch12/2015_Volleyball_-_Mansfield_Timberlake_Lady_JV_Wolves_at_Seguin_Lady_JV_Cougars.mp4, -1, -1, 51.4242424242424
ia-batch12/B92-ZgradaToneZbogAsfaltiranjaUlice617-3.mp4, -1, -1, 50.0
ia-batch12/vctv7bc-2015_High_School_Rodeo_-_Valemount_BC.mp4, -1, -1, 62.3823529411765
ia-batch12/youtube-0d5rnuGn5_k.mp4, -1, -1, 76.97058823529409
ia-batch12/corrtx-Jr._Police_Academy_Give_Back_Event.mp4, -1, -1, 75.8
ia-batch12/WMRC_s_Living_For_The_Weekend_Clip_-_Steve_Dineen_Chris_Fitz_Performance.mp4, -1, -1, 71.02857142857141
ia-batch12/youtube-aoxG5-chXxA.mp4, -1, -1, 56.55882352941179
ia-batch12/corvav-Roanoke_River_Greenways_-_Produced_by_RVTV-3.mp4, -1, -1, 56.6410256410256
ia-batch12/2018_Greeley_Stampede_PRCA_Xtreme_Bulls_Highlights.mp4, -1, -1, 69.35294117647061
ia-batch12/Six_Questions_About_Growth_Legacy_2030.mp4, -1, -1, 53.6111111111111
ia-batch12/MFRD_Trained_Paramedics_Newsbreak.mp4, -1, -1, 77.2727272727273
ia-batch12/TheInternetIsAboutToBeFundamentallyChangedFromOpenToClosed.mp4, -1, -1, 55.4705882352941
ia-batch12/youtube-6DZYbNtrst4.mp4, -1, -1, 61.7575757575758
ia-batch12/cosny-2013_State_of_the_City_Opening_Video.mp4, -1, -1, 64.0
ia-batch12/Pet_Tips_-_Fostering_Animals_-_St._Charles_County_Government_MO.mp4, -1, -1, 78.6842105263158
ia-batch12/youtube-Juo58MVZxS4.mp4, -1, -1, 39.8648648648648
ia-batch12/Pam_Brouard_-_Flu_Shots.mp4, -1, -1, 78.6571428571429
ia-batch12/f20111024mak.mp4, -1, -1, 57.027027027026996
ia-batch12/Salt_Lake_City_Capital_City_News_Brief_-_August_6_2018.mp4, -1, -1, 59.3611111111111
ia-batch12/NatanasRitualInSilenceVideo.mp4, -1, -1, 50.3333333333333
ia-batch12/ACarTunePortrait-1937.mp4, -1, -1, 45.6153846153846
ia-batch12/youtube-D5_qfFtkYjI.mp4, -1, -1, 57.32352941176471
ia-batch12/DIGitMediaArtsExposition_21.mp4, -1, -1, 48.20588235294121
ia-batch12/ABudABowlShowHDMisplacedEpisode4.mp4, -1, -1, 38.9411764705882
ia-batch12/Compost_Facility_Tour_Highlights_-_September_15_2018.mp4, -1, -1, 72.5882352941177
ia-batch12/ctnaa-Theater_Conversation.mp4, -1, -1, 65.3636363636364
ia-batch12/Super_Hero_Training_Camp.mp4, -1, -1, 55.43243243243239
ia-batch12/bptvpa-Bethel_Park_Special_Council_Meeting_7_22_19.mp4, -1, -1, 68.37142857142861
ia-batch12/Finance_Committee_-_January_25th_2016.mp4, -1, -1, 54.875
ia-batch12/Aurora_News_Weekly_August_21_2012.mp4, -1, -1, 53.43243243243239
ia-batch12/pctca-CUSD_9_13_18_-_Cabrillo_Unified_School_District_Meeting_-_September_13_2018.mp4, -1, -1, 49.8181818181818
ia-batch12/cc4ia-Bicycle_Commuting_Tips.mp4, -1, -1, 62.6666666666667
ia-batch12/cg_0758-YSTF_Refugee_Video.mp4, -1, -1, 49.2820512820513
ia-batch12/electricsheep-flock-244-32500-6.mp4, -1, -1, 60.514285714285705
ia-batch12/Day_Late_Trash_Recycle_Collection_-_Memorial_Day.mp4, -1, -1, 43.222222222222214
ia-batch12/nasa.SCVTV.com_7_22_2011_JPL_-_Gale_Crater_-_Landing_Site_for_Mars_Science_Laboratory.mp4, -1, -1, 59.527777777777786
ia-batch12/archiveteam_videobot_twitter_com_870389510814683136.mp4, -1, -1, 71.48387096774191
ia-batch12/youtube-FZeHpGpsMN8.mp4, -1, -1, 37.7575757575758
ia-batch12/brunurbshuffle.mp4, -1, -1, 47.4
ia-batch12/electricsheep-flock-245-7500-6.mp4, -1, -1, 74.6388888888889
ia-batch12/youtube-2lixNOq5B9M.mp4, -1, -1, 49.0571428571429
ia-batch12/DisneylandShowtime1970.mp4, -1, -1, 53.2432432432432
ia-batch12/ToonTimeCircus.mp4, -1, -1, 55.17647058823529
ia-batch12/f20111021mak.mp4, -1, -1, 47.5135135135135
ia-batch12/OB_Band_Uniforms_021114.mp4, -1, -1, 64.14705882352939
ia-batch12/youtube-aHNB4azx2oI.mp4, -1, -1, 59.235294117647115
ia-batch12/Arlington_Community_Preservation_Act_-_Part_4.mp4, -1, -1, 76.91428571428571
ia-batch12/cobok-Road_Maintenance_Program.mp4, -1, -1, 80.1538461538462
ia-batch12/Athens_Showcase_-_Art_Attack_New_York_City.mp4, -1, -1, 50.0540540540541
ia-batch12/youtube-4cxeUbczsI0.mp4, -1, -1, 52.8823529411765
ia-batch12/youtube-h3NynAYlmBI.mp4, -1, -1, 84.6176470588236
ia-batch12/Volcano_-_The_Blast_Coaster_Drew_Pedneau.mp4, -1, -1, 66.75
ia-batch12/MissTrust.mp4, -1, -1, 61.085714285714296
ia-batch12/youtube-8ic5g-d-SuU.mp4, -1, -1, 63.736842105263214
ia-batch12/Spotlight_4_25_12_-_Casa_de_Torres_-_Black_Bean_Dip.mp4, -1, -1, 53.9117647058824
ia-batch12/npctv-Naperville_History_in_the_Heart_of_Downtown.mp4, -1, -1, 74.1111111111111
ia-batch12/youtube-SeeWdgnNaZk.mp4, -1, -1, 56.0
ia-batch12/NHCPL_Fandom_Faire_2019.mp4, -1, -1, 77.8181818181818
ia-batch12/The_Anchor_-_Hingham_s_News_Show_Ep._2_Week_of_11_5.mp4, -1, -1, 67.1351351351351
ia-batch12/curryvoices-Hydrangea_by_Jessica_and_Dane_Tippman.mp4, -1, -1, 74.24242424242429
ia-batch12/Selectmen_Meeting_3_19_01_Part_1.mp4, -1, -1, 44.2424242424242
ia-batch12/okcok-Oklahoma_City_Snow_Routes.mp4, -1, -1, 43.9393939393939
ia-batch12/cogtx-Waves_of_Information_-_August_7.mp4, -1, -1, 70.0294117647059
ia-batch12/youtube-v9auoeN5ms0.mp4, -1, -1, 47.8918918918919
ia-batch12/ctv3in-School_Board_February_12_2013.mp4, -1, -1, 58.1470588235294
ia-batch12/Access_Virginia_Beach_July_3_-_17_2015.mp4, -1, -1, 57.2424242424242
ia-batch12/youtube-jUZp01PKPcQ.mp4, -1, -1, 49.3333333333333
ia-batch12/youtube-tp8mvHCdr8Q.mp4, -1, -1, 66.08571428571429
ia-batch12/Mono_-_Five_Poems_by_Diane_Seuss_11.19.15.mp4, -1, -1, 48.914285714285704
ia-batch12/Rebels_edge_Pirates_in_boys_basketball.mp4, -1, -1, 58.7837837837838
ia-batch12/Breckenridge_Heritage_Alliance_Ski_History_Clif_Perry.mp4, -1, -1, 70.0526315789474
ia-batch12/Pitkin_County_Healthy_Rivers_Whitewater_Feature_Construction_5.mp4, -1, -1, 76.9428571428571
ia-batch12/City_of_Wisconsin_Rapids_Finance_and_Property_Meeting_8-15-17.mp4, -1, -1, 70.8571428571429
ia-batch12/archiveteam_videobot_twitter_com_802077896781262848.mp4, -1, -1, 50.1176470588235
ia-batch12/youtube-8-uomP-fxR0.mp4, -1, -1, 63.71428571428571
ia-batch12/ocmswi-Oshkosh_Common_Council_-_3_27_18.mp4, -1, -1, 64.91428571428571
ia-batch12/youtube-LtRGKxlzQMo.mp4, -1, -1, 43.3611111111111
ia-batch12/Do_Go_for_the_Week_Beginning_November_8_2012.mp4, -1, -1, 63.3529411764706
ia-batch12/ACMi_News_-_November_01_2019.mp4, -1, -1, 52.6486486486487
ia-batch12/youtube-aGAOFAAkFaM.mp4, -1, -1, 67.2702702702703
ia-batch12/DJ_Marcel_at_the_2011_Titan_Telethon.mp4, -1, -1, 50.763157894736786
ia-batch12/youtube-VU57SEUOmiE.mp4, -1, -1, 64.375
ia-batch12/Adopt_A_Pet_-_November_1_2013.mp4, -1, -1, 62.3611111111111
ia-batch12/nikopivx.mp4, -1, -1, 64.1818181818182
ia-batch12/Apoemaday-WeCreateInVideoFebruary262011693-3.mp4, -1, -1, 75.0909090909091
ia-batch12/youtube-D1d_ixlggLA.mp4, -1, -1, 67.8888888888889
ia-batch12/uptv6il-Urbana_Sweetcorn_Festival_2018_-_Tune_Wrangling_with_Jordan_Kaye.mp4, -1, -1, 65.6388888888889
ia-batch12/slctvmi-Concerts_in_the_Park_-_Randy_Brock_Group.mp4, -1, -1, 65.2727272727273
ia-batch12/archiveteam_videobot_twitter_com_790975935751327745.mp4, -1, -1, 51.5294117647059
ia-batch12/TheLastQuestUnicornsProductionVideoblog01-HornShadow_0.mp4, -1, -1, 51.75
ia-batch12/Dog_of_the_Week_-_Brady.mp4, -1, -1, 68.62857142857139
ia-batch12/youtube-t_XRkuhoabc.mp4, -1, -1, 74.2105263157895
ia-batch12/youtube-Gkyx2F7BV5k.mp4, -1, -1, 58.421052631579
ia-batch12/youtube-c_B4XII1L6A.mp4, -1, -1, 52.17142857142861
ia-batch12/Pupia-TlcTg18Maggio2011699-4.mp4, -1, -1, 48.3783783783784
ia-batch12/CAT_Tracks_-_Westford_Electronics_More_Recycling_Day.mp4, -1, -1, 63.764705882352885
ia-batch12/electricsheep-flock-244-57500-4.mp4, -1, -1, 68.0
ia-batch12/archiveteam_videobot_twitter_com_588287512155660288.mp4, -1, -1, 52.3333333333333
ia-batch12/07_13_15_Director_of_Schools_Second_Round_Interview_-_Dr._Angela_Huff.mp4, -1, -1, 60.0882352941177
ia-batch12/bliptv-20131014-104537-Black5video-MillBrookRailroadCabRideAStudyInPerspective688.mp4, -1, -1, 38.0
ia-batch12/Catholic_Mass_from_the_Church_of_Ste._Genevieve_Mo_9_03_17.mp4, -1, -1, 48.189189189189214
ia-batch12/Canby_Ferry_Clip_2.mp4, -1, -1, 79.82352941176471
ia-batch12/Zoning_Board_of_Appeals_Meeting_August_16_2011.mp4, -1, -1, 57.735294117647115
ia-batch12/SCVTV.com_1949_Winged_Victory_On_Foot_-_The_43rd_Infantry_Division_Battleground_Ep._7b.mp4, -1, -1, 37.054054054054106
ia-batch12/youtube-sAxlxGcDf84.mp4, -1, -1, 59.257142857142895
ia-batch12/dunany-Dunkirk_Middle_School_Holiday_Concert_Dec._17th_2018.mp4, -1, -1, 59.0789473684211
ia-batch12/Zkmiec-ActivitiesWorkshop890.mp4, -1, -1, 35.72222222222221
ia-batch12/youtube-aK6W1iO_5wA.mp4, -1, -1, 65.9473684210526
ia-batch12/youtube-3sdpOhYP1sA.mp4, -1, -1, 59.34285714285711
ia-batch12/Riverside_Park_in_Janesville_Wisconsin.mp4, -1, -1, 71.0
ia-batch12/Wave_and_Smile_2016.mp4, -1, -1, 50.257142857142895
ia-batch12/Flickr-21811459591.mp4, -1, -1, 59.78125
ia-batch12/bevcamma-Holiday_Parade_2014.mp4, -1, -1, 56.70588235294121
ia-batch12/youtube-ZkVZdQhHRgE.mp4, -1, -1, 78.3243243243243
ia-batch12/colrar-Summer_Bash_Talent_Show_2017_Little_Rock_Parks_Recreation.mp4, -1, -1, 65.6969696969697
ia-batch12/West_Allis_Fire_Dept._Open_House_-_May_20_2017.mp4, -1, -1, 59.914285714285704
ia-batch12/bctvpa-Poet_Michael_Czarnecki_12-12-18.mp4, -1, -1, 60.405405405405396
ia-batch12/Flickr-26484932543.mp4, -1, -1, 65.2352941176471
ia-batch12/youtube-Zs0HLKUDi0Q.mp4, -1, -1, 71.28571428571429
ia-batch12/School_Committee_-_March_15_2017.mp4, -1, -1, 51.5333333333333
ia-batch12/dcatma-Zoning_Board_-_11_4_19_-_Danvers_MA.mp4, -1, -1, 69.15151515151521
ia-batch12/City_Council_Meeting_April_18_2011_Part_3.mp4, -1, -1, 56.28571428571429
ia-batch12/Angry_Sock_Gets_Schooled_on_Freedom_of_Speech.mp4, -1, -1, 55.90625
ia-batch12/youtube-xRpK9wwUmyE.mp4, -1, -1, 50.31428571428571
ia-batch12/30_Minutes_with_Special_Guest_Bill_Ronayne_of_the_Mario_Lanza_Institute.mp4, -1, -1, 60.0285714285714
ia-batch12/bptvpa-Around_Town_St_Thomas_More_School.mp4, -1, -1, 65.1714285714286
ia-batch12/What_s_Happening_Waupaca_-_November_2014.mp4, -1, -1, 60.17142857142861
ia-batch12/rccamwi-Quilts_of_Valor_9-18-19.mp4, -1, -1, 65.70270270270271
ia-batch12/OCTOBERFEST_2016_DONATE.mp4, -1, -1, 63.56756756756761
ia-batch12/youtube-wZkEgpQPisk.mp4, -1, -1, 62.7837837837838
ia-batch12/What_s_New_In_Burbank_-_September_1_2017.mp4, -1, -1, 68.1944444444444
ia-batch12/archiveteam_videobot_twitter_com_754081997190856704.mp4, -1, -1, 52.1388888888889
ia-batch12/012414_SFHS_vs_Timpview_4th_Quarter.mp4, -1, -1, 50.3714285714286
ia-batch12/TheUrbanReporter-MURPresentsSalimChannelStrapped361.mp4, -1, -1, 62.0
ia-batch12/North_Reading_Town_Meeting_4_3_00_Part_1.mp4, -1, -1, 49.8378378378378
ia-batch12/youtube-Rd36RWiPfr0.mp4, -1, -1, 75.02564102564101
ia-batch12/Town_Council_-_November_2_2017.mp4, -1, -1, 59.79411764705879
ia-batch12/youtube-3IxJBjWoQkA.mp4, -1, -1, 59.5135135135135
ia-batch12/Track_74_-_Lazarus_Threw_the_Fight_-_Procession_of_the_Equinox.mp4, -1, -1, 71.027027027027
ia-batch12/DARE_to_be_Safe_-_Game_4_-_October_16_1993.mp4, -1, -1, 36.5833333333333
ia-batch12/Anoka_County_Summer_Camps_2014.mp4, -1, -1, 52.74285714285711
ia-batch12/youtube-jbZ9_YWbQ5A.mp4, -1, -1, 41.3235294117647
ia-batch12/cohmiv-Iceboats_on_Lake_Macatawa.mp4, -1, -1, 73.027027027027
ia-batch12/SHARPS_-_PSA.mp4, -1, -1, 72.80555555555559
ia-batch12/cofmo-O_FallonTV_-_Slide_The_City_O_Fallon_Missouri.mp4, -1, -1, 66.5882352941177
ia-batch12/The_Dusty_Miller_-_The_Poodles.mp4, -1, -1, 53.485714285714295
ia-batch12/youtube-pXGOA8M52cE.mp4, -1, -1, 50.6285714285714
ia-batch12/Action_Collab_Showcase_-_Reflection_Engine_BIF_2012.mp4, -1, -1, 74.7352941176471
ia-batch12/Montgomery_al_Dia_from_CRTW_457.mp4, -1, -1, 80.7941176470588
ia-batch12/ncgvtvca-Strumpets_Show_Promo.mp4, -1, -1, 61.9117647058824
ia-batch12/Council_Rewind_02-17.mp4, -1, -1, 76.7352941176471
ia-batch12/youtube-Tfn0q2FjJQ0.mp4, -1, -1, 50.777777777777786
ia-batch12/Cool_Weather_and_Cool_Clouds_Downtown_PHX_time-lapse.mp4, -1, -1, 60.4
ia-batch12/uptv6il-Champaign_County_Agriculture_Today_-_Season_2_Episode_2.mp4, -1, -1, 48.969696969697
ia-batch12/electricsheep-flock-244-5000-0.mp4, -1, -1, 72.0588235294118
ia-batch12/youtube-KRo-1vDlJPM.mp4, -1, -1, 45.3823529411765
ia-batch12/The_Skate_Park.mp4, -1, -1, 77.02941176470591
ia-batch12/Seniors_Today_109.mp4, -1, -1, 59.8
ia-batch12/ctv3in-County_Commissioners_July_7_2014.mp4, -1, -1, 55.96875
ia-batch12/Fall_chess_club_activities_10-26-17.mp4, -1, -1, 61.6285714285714
ia-batch12/youtube-5ck-831bupM.mp4, -1, -1, 45.0
ia-batch12/stltvmo-STL_LIVE_African_Chamber_of_Commerce_2_of_2.mp4, -1, -1, 63.6315789473684
ia-batch12/nppany-2019_1_23_New_Paltz_Village_Board.mp4, -1, -1, 15.7428571428571
ia-batch12/Westborough_TV_Wrap_Up_-_May_13_2016.mp4, -1, -1, 58.9459459459459
ia-batch12/waya71113.mp4, -1, -1, 56.363636363636395
ia-batch12/youtube-eHMGeeLHKHE.mp4, -1, -1, 58.2894736842105
ia-batch12/METH_-_NOT_EVEN_ONCE_-_HIGH_-_Train_Wreck.mp4, -1, -1, 50.0882352941177
ia-batch12/Did_You_Know_-_People_Serious_About_Litter.mp4, -1, -1, 78.0
ia-batch12/Crotch_Launch_animation_test_2.mp4, -1, -1, 64.53125
ia-batch12/Nerd_Cast_ep._4.mp4, -1, -1, 40.921052631579
ia-batch12/youtube-1DJn1sa3brs.mp4, -1, -1, 56.56756756756761
ia-batch13/Softball_-_Centennial_vs_Coon_Rapids.mp4, -1, -1, 76.2162162162162
ia-batch13/coacks-April_9_2019_Planning_Commission_Meeting.mp4, -1, -1, 53.324324324324294
ia-batch13/The_Cool_Cat_Store_in_Kent_Island_Maryland.mp4, -1, -1, 70.71428571428571
ia-batch13/The_Scoop_Episode_14.mp4, -1, -1, 81.5
ia-batch13/DJLawlzyYoutube.mp4, -1, -1, 49.3030303030303
ia-batch13/archiveteam_videobot_twitter_com_822919804969435136.mp4, -1, -1, 62.1428571428571
ia-batch13/Sam_the_Cooking_Guy_-_Broken_Glass_Show.mp4, -1, -1, 56.94117647058821
ia-batch13/The_Laguna_Woods_Show_-_Thomas_Kampp_-_September_2016.mp4, -1, -1, 65.8421052631579
ia-batch13/We_re_On_It_-_Code_Compliance_Public_Service_Announcement.mp4, -1, -1, 58.89743589743589
ia-batch13/sbamma-Southborough_Zoning_Board_of_Appeals_October_1_2014.mp4, -1, -1, 53.222222222222214
ia-batch13/Nature_Center_Show_-_Salamanders_February_2010.mp4, -1, -1, 62.43243243243239
ia-batch13/Red_Knights_put_Eagles_on_ice.mp4, -1, -1, 57.6060606060606
ia-batch13/David_Brandt_the_new_Cupertino_City_Manager.mp4, -1, -1, 59.4864864864865
ia-batch13/New_Play_focuses_on_Domestic_Violence.mp4, -1, -1, 66.91891891891889
ia-batch13/CTV_News_5_21_13.mp4, -1, -1, 60.1470588235294
ia-batch13/youtube-pIw2zW-YdWQ.mp4, -1, -1, 57.9230769230769
ia-batch13/youtube-s3Wq0ee9cto.mp4, -1, -1, 50.7894736842105
ia-batch13/cocva-Independence_Holiday_Fireworks_Safety.mp4, -1, -1, 70.8333333333333
ia-batch13/archiveteam_videobot_twitter_com_787943382341545984.mp4, -1, -1, 60.684210526315795
ia-batch13/youtube-dPHsY17yQlw.mp4, -1, -1, 44.777777777777786
ia-batch13/OneFemaleToLookOutFor.mp4, -1, -1, 65.1794871794872
ia-batch13/coeor-City_Council_Work_Session_11-12-2014.mp4, -1, -1, 41.47368421052629
ia-batch13/MIAA_Medfield_Warrior_Boys_Hockey_vs_Beverly_3_16_14.mp4, -1, -1, 52.526315789473706
ia-batch13/Trailer_OverkillTWD_PC_20180611_1800.mp4, -1, -1, 68.08571428571429
ia-batch13/youtube-AP6DOt1ywm0.mp4, -1, -1, 58.05
ia-batch13/csdmd-North_Harford_vs_Hereford_Boys_Soccer.mp4, -1, -1, 45.5
ia-batch13/NiggasIsWilin.mp4, -1, -1, 36.0294117647059
ia-batch13/DrinkingWithBob-IllegalImmigrantsSueCitizenAndWin365.mp4, -1, -1, 46.10256410256411
ia-batch13/Tv5-TourAroundTheSchool906.mp4, -1, -1, 46.743589743589794
ia-batch13/punkcast1420.mp4, -1, -1, 52.277777777777786
ia-batch13/Montgomery_College_To_Receive_1_Million_Grant.mp4, -1, -1, 80.2285714285714
ia-batch13/conpfl-Replacing_a_50_year_old_stormwater_pipe.mp4, -1, -1, 77.3157894736842
ia-batch13/Peace_Vigil_on_Bridgewater_Town_Common.mp4, -1, -1, 61.5833333333333
ia-batch13/wtvma-Cooking_with_Jean_Episode_6.mp4, -1, -1, 71.3157894736842
ia-batch13/youtube-iWiFsl7l9Ss.mp4, -1, -1, 47.8378378378378
ia-batch13/cokin-StoryTime_-_Episode_009.mp4, -1, -1, 65.43243243243239
ia-batch13/Pre_Telethon_Show_2013.mp4, -1, -1, 51.9444444444444
ia-batch13/dctvtxv-The_Other_Side_Show_18_with_Donny_Ray_Ford.mp4, -1, -1, 65.6388888888889
ia-batch13/Aboard_The_Ice_Breaker_Kent_Narrows.mp4, -1, -1, 56.8205128205128
ia-batch13/Stillwater_vs_Hastings_Softball_Highlights_-_May_16_2018.mp4, -1, -1, 70.2631578947369
ia-batch13/Randall_Phelps.mp4, -1, -1, 58.56756756756761
ia-batch13/awcatvmav-PSA_-_Westminster_Food_Pantry_2013.mp4, -1, -1, 58.89743589743589
ia-batch13/youtube-W7uotCl4PLY.mp4, -1, -1, 69.9166666666667
ia-batch13/costjmn-February_5th_2019_City_Council.mp4, -1, -1, 51.810810810810786
ia-batch13/What_s_New_April_10_2013.mp4, -1, -1, 56.8918918918919
ia-batch13/ToonFair_167.mp4, -1, -1, 47.7179487179487
ia-batch13/Ferguson_Tennis.mp4, -1, -1, 61.4571428571429
ia-batch13/youtube-mZHM0vFT96s.mp4, -1, -1, 63.4
ia-batch13/Arcade_Longplay_113_Dragons_Lair.mp4, -1, -1, 55.8378378378378
ia-batch13/Springfield_Township_2014_Outdoor_Kids_Summer_Concert_-_Chip_Richter.mp4, -1, -1, 60.8333333333333
ia-batch13/Takin_It_to_the_Streets_-_Warmer_Weather_is_Coming.mp4, -1, -1, 53.60526315789479
ia-batch13/youtube-MqyUm0svcII.mp4, -1, -1, 62.7837837837838
ia-batch13/Pet_Pal_Camden.mp4, -1, -1, 66.1944444444444
ia-batch13/conmi-After_The_Gavel_-_April_23_2018.mp4, -1, -1, 80.44736842105259
ia-batch13/On_the_Rock_-_Episode_58.mp4, -1, -1, 57.0
ia-batch13/City_of_Falls_Church_Senior_Center_-_Ballroom_Dancing.mp4, -1, -1, 74.54054054054059
ia-batch13/youtube-0lEAP_bNYys.mp4, -1, -1, 63.71428571428571
ia-batch13/1_Benilde_soccer_nets_another_win.mp4, -1, -1, 48.3846153846154
ia-batch13/cocnc-City_of_Charlotte_monthly_Public_Safety_Briefing_10-3-2018.mp4, -1, -1, 58.5555555555556
ia-batch13/Young_Wings_team_set_to_fly.mp4, -1, -1, 66.5
ia-batch13/vf_theterminator_ql_022610_3500.mp4, -1, -1, 57.6153846153846
ia-batch13/coeor-Planning_Commission_04-09-2012.mp4, -1, -1, 49.9459459459459
ia-batch13/Agamemnon_and_Full_Moon.mp4, -1, -1, 40.405405405405396
ia-batch13/youtube-X70TKTRBUVI.mp4, -1, -1, 49.2972972972973
ia-batch13/wgtvct-Throwback_Tracks_-_Crossings_Video_Magazine_1983.mp4, -1, -1, 41.075
ia-batch13/Blue_Thumb_Workshop_2014_PSA.mp4, -1, -1, 61.3714285714286
ia-batch13/youtube-1DGSXtyzhbA.mp4, -1, -1, 43.0285714285714
ia-batch13/youtube-iPBM8rZaHbc.mp4, -1, -1, 30.8378378378378
ia-batch13/youtube-UeWIFasM-kI.mp4, -1, -1, 47.8684210526316
ia-batch13/Farm_Camp_-_Connecting_Kids_to_Their_Food.mp4, -1, -1, 62.5882352941177
ia-batch13/youtube-wYgc9lXLgCA.mp4, -1, -1, 59.472222222222214
ia-batch13/Boys_Basketball_Blaine_vs_Andover_Highlight.mp4, -1, -1, 57.454545454545496
ia-batch13/Pain_Upon_Pain_by_Nancy_Day.mp4, -1, -1, 38.5555555555556
ia-batch13/Concerts_on_The_Common_SPREAD_EAGLE.mp4, -1, -1, 48.1081081081081
ia-batch13/The_31st_Annual_Gloucester_Schooner_Festival_Cape_Ann_TV_Promo.mp4, -1, -1, 67.5384615384615
ia-batch13/Cooking_With_The_Farmers_Market_Episode_1.mp4, -1, -1, 67.6842105263158
ia-batch13/Shout_Sister_Shout_-_Give_My_Regards_to_Miss_Moline_Moonlight_in_Vermont.mp4, -1, -1, 59.3333333333333
ia-batch13/05968_Grtu.mp4, -1, -1, 49.0
ia-batch13/Capitals_Victory_Parade.mp4, -1, -1, 55.675675675675706
ia-batch13/cobor-Stormwater_Crew_Monitors_Water_Quality_-_CC.mp4, -1, -1, 55.2162162162162
ia-batch13/APN_Master_Plan_-_December_2013.mp4, -1, -1, 70.3333333333333
ia-batch13/American_Ninja_Warrior_Geoff_Britten_at_Community_Night_in_Olney.mp4, -1, -1, 73.57575757575759
ia-batch13/youtube-02Ph_owHuPY.mp4, -1, -1, 63.8333333333333
ia-batch13/Mono_-_Before_the_Sky_Darkens_a_poem_by_Stephen_Dunn_read_by_Steve_Dunning.mp4, -1, -1, 32.3333333333333
ia-batch13/slctvma-Recipes_for_Better_Living_-_Ep_26_Holiday_Deserts.mp4, -1, -1, 73.52941176470591
ia-batch13/Aurora_News_Weekly_8_30_11_Trim.mp4, -1, -1, 58.56756756756761
ia-batch13/tctvbc-Isabel_Hombre_TCCTV_Community_Piano_Project_Tori_Kelly_Confetti_Cover.mp4, -1, -1, 69.0
ia-batch13/NRHA_-_Staying_The_Course.mp4, -1, -1, 74.45714285714291
ia-batch13/youtube-64fQr1mel6A.mp4, -1, -1, 36.2
ia-batch13/Soaking_up_the_sun_in_Athens_County_-_Highland_Park.mp4, -1, -1, 68.4473684210526
ia-batch13/Ste._Genevieve_Mo_Board_of_Aldermen_7_24_14.mp4, -1, -1, 55.394736842105296
ia-batch13/Brooks_Academy_Museum_2017.mp4, -1, -1, 75.1428571428571
ia-batch13/archiveteam_videobot_twitter_com_760479220959211520.mp4, -1, -1, 50.9473684210526
ia-batch13/What_s_New_at_the_Monson_Free_Library_-_November_2016.mp4, -1, -1, 74.05405405405409
ia-batch13/Sports_Update_-_June_16_2016.mp4, -1, -1, 68.76923076923079
ia-batch13/01KamenRider16.mp4, -1, -1, 73.3421052631579
ia-batch13/youtube-HVgp34BHB3c.mp4, -1, -1, 49.15384615384621
ia-batch13/Stimes-AbbeyRoadOnTheRiver930.mp4, -1, -1, 55.277777777777786
ia-batch13/2005_Columbus_Day_Parade.mp4, -1, -1, 47.0
ia-batch13/TheWerewolfAndTheYeti1975.mp4, -1, -1, 45.6666666666667
ia-batch13/nctv18ma-One_on_One_with_2019_Select_Board_Candidates_Toias_Glidden.mp4, -1, -1, 74.8823529411765
ia-batch13/Columbia_RPI_Baseball_Team_Invited_to_Participate_in_National_2017_All-Star_Youth_Classic.mp4, -1, -1, 69.1714285714286
ia-batch13/archiveteam_videobot_UCSD_TV_20160517_0835.mp4, -1, -1, 60.6216216216216
ia-batch13/First_Presbyterian_Ste._Genevieve_Youth_Easter_Sunrise_Service_4_20_14.mp4, -1, -1, 60.7567567567568
ia-batch13/silentinning101.mp4, -1, -1, 32.314285714285695
ia-batch13/fctvma-FCTV_Exclusives_-_Arts_Alive.mp4, -1, -1, 68.3589743589744
ia-batch13/bliptv-20131015-023219-Bevnerd-BevNerdEpisode6CrackerBarrelSpecial557.mp4, -1, -1, 57.722222222222214
ia-batch13/youtube-a23jQUxFMNk.mp4, -1, -1, 84.390243902439
ia-batch13/D2_Boys_200_Medley_Relay_Heat_1.mp4, -1, -1, 68.91176470588239
ia-batch13/Everyone_Does_Dallas.mp4, -1, -1, 61.527777777777786
ia-batch13/youtube-7xZftcIWNQo.mp4, -1, -1, 51.31578947368421
ia-batch13/youtube-4J7BdJsq2Ss.mp4, -1, -1, 40.8717948717949
ia-batch13/North_Reading_Selectmen_Meeting_9_26_11_Part_10.mp4, -1, -1, 49.324324324324294
ia-batch13/2016_Memorial_Day_Observance_Ceremony.mp4, -1, -1, 59.3055555555556
ia-batch13/electricsheep-flock-244-0-5.mp4, -1, -1, 70.10526315789471
ia-batch13/youtube-455RdOn25cA.mp4, -1, -1, 80.4285714285714
ia-batch13/School_Committee_5_14_15.mp4, -1, -1, 48.8888888888889
ia-batch13/CTV_Sports_6_12_14.mp4, -1, -1, 61.1794871794872
ia-batch13/Access_Virginia_Beach_for_Feb._4_-_Feb._18_2011.mp4, -1, -1, 65.7222222222222
ia-batch13/youtube-omKe6K77Boo.mp4, -1, -1, 71.5263157894737
ia-batch13/youtube--JwqTIbpzTk.mp4, -1, -1, 78.1951219512195
ia-batch13/youtube-av1yRc7UeUE.mp4, -1, -1, 56.9375
ia-batch13/Polk_Place_Darkness_2_Light_child_sexual_abuse_prevention.mp4, -1, -1, 64.9736842105263
ia-batch13/Will_County_breaks_ground_for_new_Health_Department.mp4, -1, -1, 66.8181818181818
ia-batch13/youtube-sUlsp8Sh8D8.mp4, -1, -1, 52.6388888888889
ia-batch13/youtube-Pyk8NZfTRKc.mp4, -1, -1, 48.0789473684211
ia-batch13/County_Talk_Budget_-_Capital_Improvement_Projects_Show_2_Segment_2_2013.mp4, -1, -1, 59.6315789473684
ia-batch13/Firefighters_Remind_Residents_to_Properly_Dispose_of_Fireplace_Ashes.mp4, -1, -1, 75.97142857142859
ia-batch13/NCC_Performs_Cats.mp4, -1, -1, 59.487179487179496
ia-batch13/pmnmiv-Gather_Your_Team_Accept_The_Challenge.mp4, -1, -1, 64.4857142857143
ia-batch13/youtube-B_0e8AsEQhc.mp4, -1, -1, 56.6486486486487
ia-batch13/bliptv-20131013-140423-Appadvice-AppAdviceDailyAppisode466655.mp4, -1, -1, 64.3142857142857
ia-batch13/youtube-TZBAcLFOF4w.mp4, -1, -1, 56.6666666666667
ia-batch13/Prep_Football_-_Park_Center_at_Coon_Rapids.mp4, -1, -1, 70.94736842105259
ia-batch13/Candlelight_Wedding_Chapel_Reopens.mp4, -1, -1, 50.5
ia-batch13/youtube-NHqqH7g1bto.mp4, -1, -1, 46.9428571428571
ia-batch13/MMMMMoon-10oct15_newhose166.mp4, -1, -1, 64.91428571428571
ia-batch13/youtube-tkGf2YzzIu0.mp4, -1, -1, 43.9705882352941
ia-batch13/youtube-KeNXstMT3Bg.mp4, -1, -1, 37.1111111111111
ia-batch13/17A77ADB8CF343DCBA918390E7603A21.mp4, -1, -1, 38.23684210526321
ia-batch13/What_s_New_4_9_14.mp4, -1, -1, 50.8888888888889
ia-batch13/Firefighters_Train_on_Swift_Water.mp4, -1, -1, 56.277777777777786
ia-batch13/E-Waste_Recycling.mp4, -1, -1, 52.9166666666667
ia-batch13/PAC_14_Salisbury_Md_Mayor_Jim_Ireton_-_April_29_2015_Press_Conference.mp4, -1, -1, 47.684210526315795
ia-batch13/avbcmi-Full_Gospel_Battle_Creek_Episode_316.mp4, -1, -1, 59.7
ia-batch13/Space_Shuttle_Discovery_s_Final_Flight.mp4, -1, -1, 63.2972972972973
ia-batch13/2014_Simply_Chef_Renee_-_Monday_Soup.mp4, -1, -1, 57.894736842105296
ia-batch13/PAC_14_County_Council_Meeting_11.17.15_Part_1.mp4, -1, -1, 49.7027027027027
ia-batch13/Casino_Fireworks_Light_Show.mp4, -1, -1, 58.8205128205128
ia-batch13/cohca-Sports_Corner_-_West_Torrance_vs_Leuzinger_Boys_Basketball_2_6_18.mp4, -1, -1, 82.5
ia-batch13/Flickr-11748944326.mp4, -1, -1, 55.2456140350877
ia-batch13/youtube-K39tvR71PKw.mp4, -1, -1, 41.2162162162162
ia-batch13/Business_Beat_with_Valley_Animal_Hospital_-_Geneva_IL.mp4, -1, -1, 54.525
ia-batch13/youtube-hCSQtKmVxlA.mp4, -1, -1, 56.2894736842105
ia-batch13/archiveteam_videobot_twitter_com_856544802111881216.mp4, -1, -1, 59.1388888888889
ia-batch13/VM7_Fort_Kent_Hospital_Area.mp4, -1, -1, 75.5
ia-batch13/PRETTY.OriginalSong.mp4, -1, -1, 49.5789473684211
ia-batch13/youtube-GnJPPXxrZd4.mp4, -1, -1, 65.81081081081078
ia-batch13/The_Video_Sports_Page_1138.mp4, -1, -1, 57.0833333333333
ia-batch13/bevcamma-Harbor_Fest_2016.mp4, -1, -1, 74.8918918918919
ia-batch13/Blight_Elimination_Program_-_Public_Hearing_-_February_18th_2015.mp4, -1, -1, 47.8378378378378
ia-batch13/youtube-oJqNtPlYGyM.mp4, -1, -1, 41.1111111111111
ia-batch13/Election_Calaveras_2018_Supervisorial_District_PATV_Studio_Debate_4_24_2018.mp4, -1, -1, 58.9189189189189
ia-batch13/vf_deadspaceignition_demo_072010_3500.mp4, -1, -1, 51.56410256410261
ia-batch13/OldToonTheater.mp4, -1, -1, 53.1944444444444
ia-batch13/youtube-go1BQcaad7k.mp4, -1, -1, 49.7297297297297
ia-batch13/youtube-xUilNnzgYrY.mp4, -1, -1, 47.969696969697
ia-batch13/youtube-tRZjiW2TXGM.mp4, -1, -1, 54.7027027027027
ia-batch13/Anna_Deavere_Smith_Offers_an_Artistic_Interlude_2007.mp4, -1, -1, 44.96875
ia-batch13/Energy_Rebate_PSA.mp4, -1, -1, 69.10526315789471
ia-batch13/youtube-EP1Slnruw3s.mp4, -1, -1, 58.8378378378378
ia-batch13/78034WWIINews.mp4, -1, -1, 41.6666666666667
ia-batch13/Sauk_Centre_City_Council_12-4-13.mp4, -1, -1, 60.3513513513514
ia-batch13/f20110530mad.mp4, -1, -1, 51.3783783783784
ia-batch13/ClassicToons.mp4, -1, -1, 43.85
ia-batch13/Santa_Parade_2014.mp4, -1, -1, 54.8055555555556
ia-batch13/youtube-QDUmWE0VZCY.mp4, -1, -1, 62.8684210526316
ia-batch13/youtube-9BEnxMnJTxA.mp4, -1, -1, 73.3823529411765
ia-batch13/archiveteam_videobot_twitter_com_883218742901080069.mp4, -1, -1, 61.5789473684211
ia-batch13/FallbackVideoByG.mp4, -1, -1, 51.3611111111111
ia-batch13/cccmcma-Cape_Media_News_Conversations_-_Friends_of_Bass_River_Update.mp4, -1, -1, 73.6153846153846
ia-batch13/nwctc-Cooper_Runs_Past_Richfield_Hawks_Football_Now_6-0.mp4, -1, -1, 56.027027027026996
ia-batch13/fctvma-FCTV_Exclusive_Rachel_Carson_Day.mp4, -1, -1, 65.1315789473684
ia-batch13/03-28-17_Door_County_Board_of_Adjustment.mp4, -1, -1, 54.0810810810811
ia-batch13/vf_jazzpunkdirectorscut_ql_09302016_1800.mp4, -1, -1, 69.4210526315789
ia-batch13/News_Conference_-_Fire_Works_Laws_in_Effect_and_Demonstration_on_the_Dangers_of_Fire_Works.mp4, -1, -1, 55.2926829268293
ia-batch13/ucberkeley_webcast_mVXpvsdeuKU.mp4, -1, -1, 46.459459459459495
ia-batch13/youtube-83oK5JEu6gs.mp4, -1, -1, 58.20588235294121
ia-batch13/yt-sms52.mp4, -1, -1, 57.8333333333333
ia-batch13/Baterijolea_1_1.mp4, -1, -1, 53.17647058823529
ia-batch13/youtube-ml1tMbq2wLY.mp4, -1, -1, 52.1621621621622
ia-batch13/Colerain_Communicator_-_October_2014_-_Family_Justice_Center.mp4, -1, -1, 53.1351351351352
ia-batch13/The_Dreamscapes_Project.mp4, -1, -1, 58.75
ia-batch13/d8tvco-I_AM_DENVER_-_Alex_Frank_Orkow.mp4, -1, -1, 79.972972972973
ia-batch13/ucberkeley_webcast_p4La8fDLBrs.mp4, -1, -1, 54.2972972972973
ia-batch13/cnbma-Parks_and_Rec_Lawn_Bowling.mp4, -1, -1, 63.5789473684211
ia-batch13/A_E_Brentwood_Arts_Exchange.mp4, -1, -1, 58.0555555555556
ia-batch13/youtube-AiVS5Oqrp_s.mp4, -1, -1, 61.657142857142894
ia-batch13/youtube-T-GvxqoVoXs.mp4, -1, -1, 47.9714285714286
ia-batch13/7th_Grade_Poetry_Contest_Winners_Award_Ceremony_Part_III.mp4, -1, -1, 52.34285714285711
ia-batch13/Cheap_Eats_33_-_Westchester_Coffee_Company.mp4, -1, -1, 71.5789473684211
ia-batch13/youtube-r3lOsfdUhFE.mp4, -1, -1, 54.75
ia-batch13/cctv17vt-Economics_of_Housing_Part_One_-_Costs_of_Housing_Construction_Nancy_Owens.mp4, -1, -1, 69.9736842105263
ia-batch13/youtube-G6AlaDeD2MY.mp4, -1, -1, 57.8055555555556
ia-batch13/Pjkproductions-Adeste2784.mp4, -1, -1, 47.0
ia-batch13/Northshire_Merger_Study_Committee_09.29.16.mp4, -1, -1, 63.1212121212121
ia-batch13/Angels_Camp_City_Council_meeting_of_2_20_2018.mp4, -1, -1, 58.31428571428571
ia-batch13/CTV_News_3_24_14.mp4, -1, -1, 65.75
ia-batch13/Chamber_Tax_Reform_Event_Draws_Protesters.mp4, -1, -1, 51.0
ia-batch13/Youth_News_Team_Day_4.mp4, -1, -1, 69.2941176470588
ia-batch13/youtube-BEEgwT0Opok.mp4, -1, -1, 42.8918918918919
ia-batch13/12_News_September_14_2016.mp4, -1, -1, 66.4594594594595
ia-batch13/stgenmo-Ste._Genevieve_Mo_Tourism_Tax_Commission_6_19_18.mp4, -1, -1, 50.6111111111111
ia-batch13/ARBOR_DAY_2016_Promo_-_City_of_Palm_Coast.mp4, -1, -1, 68.6774193548387
ia-batch13/ECSD_Brd._Mgt._1_26.mp4, -1, -1, 55.736842105263214
ia-batch13/youtube-uepjyEC15lQ.mp4, -1, -1, 36.7837837837838
ia-batch13/youtube-iYJN-ukl3us.mp4, -1, -1, 57.405405405405396
ia-batch13/Alberta_Cross_Wasteland_Live_at_KDHX_7_17_12.mp4, -1, -1, 52.5151515151515
ia-batch13/ccmky-CCMS_8th_Grade_2013_KMEA_Concert_Festival.mp4, -1, -1, 54.8823529411765
ia-batch13/csdmd-C._Milton_Wright_vs_Bel_Air_Girls_Soccer_3A_North_Regional_Semifinal_10-30-14.mp4, -1, -1, 49.085714285714296
ia-batch13/08-23-2012_Franklin_TN_Municipal_Planning_Commission.mp4, -1, -1, 54.0882352941177
ia-batch13/72_hour_Kit_-_Emergency_Preparedness_How_To.mp4, -1, -1, 57.0
ia-batch13/youtube-BaFd3dvDzdI.mp4, -1, -1, 46.05882352941179
ia-batch13/youtube-mK3YLePUepE.mp4, -1, -1, 84.7837837837838
ia-batch13/Countyline_-_Summer_1.mp4, -1, -1, 66.9705882352941
ia-batch13/The_Q_15A008.mp4, -1, -1, 54.894736842105296
ia-batch13/comimn-January_21_2016_Zoning_Planning.mp4, -1, -1, 53.257142857142895
ia-batch13/youtube-VrrytwXm0DQ.mp4, -1, -1, 74.5263157894737
ia-batch13/Alonzo_Interview_with_Black_Milk.mp4, -1, -1, 32.3611111111111
ia-batch13/youtube-qACaH1tSlwI.mp4, -1, -1, 45.6
ia-batch13/Buttonwood_Park_Zoo_-_Aquarium.mp4, -1, -1, 71.97142857142859
ia-batch13/bliptv-20131014-145539-ArtsandIdeas-JonahLehrerProustWasANeuroscientist423.mp4, -1, -1, 63.5833333333333
ia-batch13/dctvma-OK191.mp4, -1, -1, 65.5142857142857
ia-batch13/Pete_Harckham_on_Westchester_s_Proposed_DWI_Vehicle_Forfeiture_Law.mp4, -1, -1, 54.6486486486487
ia-batch13/CartoonClassicTheater.mp4, -1, -1, 52.0555555555556
ia-batch13/corvmi-PAWS_int_he_Park_2011.mp4, -1, -1, 58.89473684210521
ia-batch13/FeminismAndRepeatingHistory.mp4, -1, -1, 53.405405405405396
ia-batch13/Vikings_vs_Indians_69_57.mp4, -1, -1, 54.6216216216216
ia-batch14/San_Joaquin_Spotlight_-_Kayla_Wilson.mp4, -1, -1, 74.3939393939394
ia-batch14/WATD-FM_Candidate_Forum_Scituate_Board_of_Selectmen_-_04_22_19.mp4, -1, -1, 62.0645161290323
ia-batch14/youtube-SKtqJzYFla0.mp4, -1, -1, 37.394736842105296
ia-batch14/South_Coast_Spotlight_8_-_Vintage_TVSB.mp4, -1, -1, 62.5882352941177
ia-batch14/County_Fare_-_Kettering_Medical_Center.mp4, -1, -1, 50.97368421052629
ia-batch14/youtube-GoKryD8hNus.mp4, -1, -1, 45.7105263157895
ia-batch14/On_The_Job_-_Evangelina_Clifton_Solid_Waste_Equipment_Operator.mp4, -1, -1, 53.8205128205128
ia-batch14/Election_Forum_in_Windsor_Auditorium_pt_1.mp4, -1, -1, 59.8611111111111
ia-batch14/NYState_of_Mind.mp4, -1, -1, 63.3055555555556
ia-batch14/Our_City_Medco_11_5_11.mp4, -1, -1, 54.1176470588235
ia-batch14/Culture_Vultures_-_Tampa_s_Public_Art_Photographer_Laureate_Programs.mp4, -1, -1, 59.56756756756761
ia-batch14/youtube-isPnFrOpTS0.mp4, -1, -1, 68.4871794871795
ia-batch14/Dam_Removal_Fish_Revival_-_The_Exeter_River_is_Free_Again.mp4, -1, -1, 62.28571428571429
ia-batch14/youtube-fMe0u-sunPQ.mp4, -1, -1, 73.29729729729729
ia-batch14/Summer_2004_Youth_In_Crisis.mp4, -1, -1, 43.0
ia-batch14/coltx-Border_Olympics_Track_and_Field.mp4, -1, -1, 57.3333333333333
ia-batch14/10_25_12_Transportation_Licensing_Commission_Meeting.mp4, -1, -1, 56.4571428571429
ia-batch14/Drive_By_Blues_Band_9_30_17.mp4, -1, -1, 59.0
ia-batch14/youtube-GhN1wGllIyM.mp4, -1, -1, 50.7567567567568
ia-batch14/Committee_of_the_Whole_06_24_13.mp4, -1, -1, 51.0833333333333
ia-batch14/cactvma-What_s_on_CCTV.mp4, -1, -1, 67.02564102564101
ia-batch14/youtube-EGnoFsnX8N8.mp4, -1, -1, 61.88571428571429
ia-batch14/Anabaptists_-_Amish_and_Mennonites_7-23-18.mp4, -1, -1, 59.82857142857139
ia-batch14/Two_New_Businesses_in_Wright-Dunbar.mp4, -1, -1, 59.540540540540505
ia-batch14/Autism_at_Home.mp4, -1, -1, 60.82352941176471
ia-batch14/Selectmen_Meeting_11_21_11_Part_9.mp4, -1, -1, 49.5135135135135
ia-batch14/12_News_June_9_2014.mp4, -1, -1, 48.9705882352941
ia-batch14/wbctvwi-West_Bend_Mud_Run_2017.mp4, -1, -1, 68.71428571428571
ia-batch14/youtube-JxKbH6jUeXo.mp4, -1, -1, 46.151515151515206
ia-batch14/Scituate_Planning_Board_Meeting_-_07_11_19.mp4, -1, -1, 55.5
ia-batch14/Extra_Trash_Service.mp4, -1, -1, 67.2285714285714
ia-batch14/youtube-OB-QImZiAcg.mp4, -1, -1, 28.7631578947368
ia-batch14/Nekoosa_Girls_Basketball_vs._Mauston_12-3-13.mp4, -1, -1, 51.871794871794904
ia-batch14/Perry_Township_Game_Association_and_Taxidermy_11-28-16.mp4, -1, -1, 56.324324324324294
ia-batch14/Zoning_Board_of_Appeals_-_August_20_2015.mp4, -1, -1, 52.263157894736786
ia-batch14/PCN_Pembroke_Chamber_vs_Police_Fire_Softball.mp4, -1, -1, 48.1081081081081
ia-batch14/The_Fun_Show_December_11_2017.mp4, -1, -1, 70.7297297297297
ia-batch14/Blue_and_Gray_Days_Franklin_Insider.mp4, -1, -1, 75.7575757575758
ia-batch14/ChrisCampbell-LowerDicksonFallsInFundyNationalPark403.mp4, -1, -1, 57.6315789473684
ia-batch14/Senior_Report_with_Reed_Powers_Week_of_January_7_Part_4_4.mp4, -1, -1, 64.9
ia-batch14/youtube-Waj8bCT_gv0.mp4, -1, -1, 52.17142857142861
ia-batch14/Sports_with_Alex_Symonds_20100917.mp4, -1, -1, 47.5833333333333
ia-batch14/Bull_City_Today_-_Oct_31_2017_ep._211.mp4, -1, -1, 74.05263157894741
ia-batch14/2014_Voting_Experience_30_Sec_PSA_new_text.mp4, -1, -1, 61.6111111111111
ia-batch14/Riverfront_Park_and_Ascend_Amphitheater_Opening_July_30_2015.mp4, -1, -1, 52.71428571428571
ia-batch14/New_Hope_photographer_captures_story_behind_old_buildings.mp4, -1, -1, 52.3529411764706
ia-batch14/archiveteam_videobot_twitter_com_778410487629348868.mp4, -1, -1, 50.4166666666667
ia-batch14/cpaz-BCBS_OF_AZ_Invests_10_Million_in_the_fight_against_opioid_misuse.mp4, -1, -1, 80.8918918918919
ia-batch14/youtube-rN0DUdhFxlY.mp4, -1, -1, 72.82857142857141
ia-batch14/01KamenRider61.mp4, -1, -1, 64.2777777777778
ia-batch14/Dave_Wakeling_How_Can_You_Stand_There_Live_at_KDHX_7_6_14.mp4, -1, -1, 73.4848484848485
ia-batch14/Montgomery_Week_In_Review_Panel_Discusses_The_Origin_of_Declaration_Day.mp4, -1, -1, 65.6666666666667
ia-batch14/wbrtvmi-2014_Art_Orchard_Fun_Run_PSA.mp4, -1, -1, 57.15
ia-batch14/cactvma-Bridgeside_Bars_10_-_Decoy.mp4, -1, -1, 68.25
ia-batch14/D2_Boys_100_Fly_Heat_4.mp4, -1, -1, 67.05
ia-batch14/electricsheep-flock-244-52500-7.mp4, -1, -1, 64.81081081081078
ia-batch14/coltx-11-16-18_District_V_Movie_Event_Overview.mp4, -1, -1, 54.47368421052629
ia-batch14/dmbb03618.mp4, -1, -1, 58.0285714285714
ia-batch14/wrokmi-Police_Chase_in_Royal_Oak.mp4, -1, -1, 74.3529411764706
ia-batch14/youtube-6oo4lV0wT08.mp4, -1, -1, 58.0833333333333
ia-batch14/7-11-2011_Budget_and_Finance_Committee.mp4, -1, -1, 35.8333333333333
ia-batch14/FelixTheCat-AllBalledUp.mp4, -1, -1, 45.4848484848485
ia-batch14/2014_East_Palo_Alto_Mastodons.mp4, -1, -1, 48.157894736842096
ia-batch14/Aspen_Prize_for_Community_College_Excellence_Finalist_-_Southeast_Kentucky_Community_College.mp4, -1, -1, 76.5714285714286
ia-batch14/105918_missoula_city_band_08_16_2006_w_eden_atwood.mp4, -1, -1, 54.5526315789474
ia-batch14/coasc-Aiken_City_Council_Meeting_-_April_11_2016.mp4, -1, -1, 50.5365853658537
ia-batch14/youtube-Hqq-deGKssc.mp4, -1, -1, 55.9189189189189
ia-batch14/youtube-n6vVCBbovVM.mp4, -1, -1, 68.91891891891889
ia-batch14/youtube-DNl-swjw2DQ.mp4, -1, -1, 51.2105263157895
ia-batch14/youtube-DFax7h1wpfk.mp4, -1, -1, 51.736842105263214
ia-batch14/bctvnh-Around_Town_with_Dianne_Bzik_-_Miss_Bedford_Scholarship_Program.mp4, -1, -1, 73.32352941176471
ia-batch14/Planning_Development_-_6_27_11.mp4, -1, -1, 51.1612903225807
ia-batch14/Scituate_Board_of_Health_Meeting_3-23-15.mp4, -1, -1, 45.7714285714286
ia-batch14/Athens_Showcase_-_Nelsonville_Music_Fest_2016.mp4, -1, -1, 43.1666666666667
ia-batch14/Sprague_at_South_Salem_Volleyball_Highlights.mp4, -1, -1, 61.5555555555556
ia-batch14/youtube-MZj6XN1EsdU.mp4, -1, -1, 69.6
ia-batch14/youtube-ExM7blOVPZ4.mp4, -1, -1, 83.3513513513513
ia-batch14/NEWS_-_Girls_and_Boys_Playoff_Lacrosse_action_-_5.30.2017.mp4, -1, -1, 72.0
ia-batch14/dni.ncaa.CVI-SUR_R_319-UMHB.mp4, -1, -1, 47.342105263157904
ia-batch14/punkcast1131.mp4, -1, -1, 45.2972972972973
ia-batch14/ucberkeley_webcast_cAhmLHY9VxA.mp4, -1, -1, 43.9090909090909
ia-batch14/fcgtvmd-Pet_Pals_-_December_03_2018.mp4, -1, -1, 71.0277777777778
ia-batch14/SMCHD_8_6_14_-_San_Mateo_County_Harbor_District_Meeting_-_August_6_2014.mp4, -1, -1, 53.81578947368421
ia-batch14/2013_Nonprofit_Holiday_Greeting_-_Penacook_Community_Center.mp4, -1, -1, 47.1818181818182
ia-batch14/nasa.SCVTV.com_1_20_2012_This_Week_at_NASA.mp4, -1, -1, 60.0526315789474
ia-batch14/STL_LIVE_Little_Bit_of_Haven_1_of_2.mp4, -1, -1, 67.28125
ia-batch14/TelevisionCoverageOfMultiMediaClassrooms.mp4, -1, -1, 43.235294117647115
ia-batch14/Clelia_s_Cucina_Italiana_-_Pappardelle_alla_Bolognese.mp4, -1, -1, 63.0833333333333
ia-batch14/Wayne_Bank_2016_Holiday_Greeting.mp4, -1, -1, 77.4722222222222
ia-batch14/Will-o-way_4th_of_July_Bike_Parade.mp4, -1, -1, 51.7567567567568
ia-batch14/05-30-12_SF_News_pt2.mp4, -1, -1, 62.20512820512821
ia-batch14/Beachwalks-BeachWalk502PeaceWithAloha431.mp4, -1, -1, 52.2105263157895
ia-batch14/PowderTv-SkiingCrazyDeepPowderInWaterfallNiseko170.mp4, -1, -1, 61.34375
ia-batch14/Sports_Den_Highlight_-_Osseo_at_Blaine_Football_-_9_14_18.mp4, -1, -1, 66.0512820512821
ia-batch14/youtube-muA1o73KQcw.mp4, -1, -1, 68.02564102564101
ia-batch14/blmtwpmiv-Impact100_MDTV_Mercy_Education_Project.mp4, -1, -1, 67.3333333333333
ia-batch14/Wikieup_Upkeep_at_the_Clark_County_Museum.mp4, -1, -1, 73.2894736842105
ia-batch14/cg_0258-The_June_2012_edition_of_Catawba_Communities.mp4, -1, -1, 56.5833333333333
ia-batch14/youtube-Bhf74CvpRno.mp4, -1, -1, 64.2222222222222
ia-batch14/youtube-Y5pMHWutS-w.mp4, -1, -1, 37.5384615384615
ia-batch14/youtube-cFxw9GLgOFM.mp4, -1, -1, 48.59375
ia-batch14/youtube-FZE5nYGm9PA.mp4, -1, -1, 62.0789473684211
ia-batch14/youtube-lYsh47XWrns.mp4, -1, -1, 46.8611111111111
ia-batch14/awctvaz-AWC_Football_Highlights_Oct_13_2018.mp4, -1, -1, 68.0
ia-batch14/Fairfield_Arts_-_Allen_Cobb_The_Knock.mp4, -1, -1, 79.25
ia-batch14/1158_1_Write_Now_Dec_2017.mp4, -1, -1, 75.6315789473684
ia-batch14/coffeehouse_136_Curtis_Blues.mp4, -1, -1, 57.236842105263214
ia-batch14/awctvaz-AWC_BASEBALL.mp4, -1, -1, 62.8823529411765
ia-batch14/accsac-Being_Lisa_-_Place_Called_Sacramento_2007.mp4, -1, -1, 40.9473684210526
ia-batch14/youtube-M9X4tzN368w.mp4, -1, -1, 32.7027027027027
ia-batch14/youtube-wL4wZMmbVdc.mp4, -1, -1, 67.3783783783784
ia-batch14/West_Suburban_Educational_Associates_of_Naperville.mp4, -1, -1, 60.6923076923077
ia-batch14/Agendas_Minutes_12-13-11.mp4, -1, -1, 47.527777777777786
ia-batch14/yt-thememorylanechannel.mp4, -1, -1, 55.764705882352885
ia-batch14/Neighborhood_Niches_1_-_Olney.mp4, -1, -1, 55.3076923076923
ia-batch14/youtube-AZwdUPwmPk4.mp4, -1, -1, 72.7222222222222
ia-batch14/youtube-PE3wLTQdB2c.mp4, -1, -1, 73.1388888888889
ia-batch14/youtube-JqVP6DVzEwI.mp4, -1, -1, 41.075
ia-batch14/youtube-hBMtA3glqL4.mp4, -1, -1, 48.71875
ia-batch14/Senior_Games_Promo.mp4, -1, -1, 62.2162162162162
ia-batch14/youtube-6euQdGmdsmA.mp4, -1, -1, 62.57142857142861
ia-batch14/Cottage_Grove_Safety_Camp_2010.mp4, -1, -1, 63.0540540540541
ia-batch14/2018_Monona_Grove_Strings_Festival_Fire_it_Up_Grades_-_4th_and_5th.mp4, -1, -1, 71.4054054054054
ia-batch14/Rec._Rep._Principal_s_Report_102312.mp4, -1, -1, 53.28571428571429
ia-batch14/SportsDesk_32.10_PART_1.mp4, -1, -1, 43.71428571428571
ia-batch14/Fight_the_Bite_Join_the_Swat_Team_Against_West_Nile_Virus.mp4, -1, -1, 51.17647058823529
ia-batch14/Public_Works_Citizens_Academy_Tour_of_WP3.mp4, -1, -1, 53.0540540540541
ia-batch14/Economic_Development_Council_-_4_27_2010.mp4, -1, -1, 44.972222222222214
ia-batch14/AndysAnimalAlphabet.mp4, -1, -1, 40.729729729729705
ia-batch14/d8tvco-1-24th_Scale_Forced_Perspective_Photography.mp4, -1, -1, 76.4375
ia-batch14/Black_Expo_2016.mp4, -1, -1, 62.514285714285705
ia-batch14/CHSandersonPaintingLecture80s.mp4, -1, -1, 29.3409090909091
ia-batch14/bliptv-20131013-155924-Apex81-iPadSpeculationAGiveawayIDocumentAndSqueeze479.mp4, -1, -1, 52.3055555555556
ia-batch14/youtube-s-BUQTdIYEM.mp4, -1, -1, 46.1666666666667
ia-batch14/electricsheep-flock-244-42500-4.mp4, -1, -1, 77.25
ia-batch14/tpctvmd-Takoma_Porch_Festival_-_Tony_Gudell.mp4, -1, -1, 65.5862068965517
ia-batch14/tctvbc-Pasta_Polo_contra.mp4, -1, -1, 65.6451612903226
ia-batch14/youtube-eQOeINyIMaU.mp4, -1, -1, 42.5897435897436
ia-batch14/Electrify_Your_Strings_Concert.mp4, -1, -1, 48.90625
ia-batch14/Reigning_Cats_Dogs_-_Episode_225.mp4, -1, -1, 65.945945945946
ia-batch14/Agenda_-_Edina_-_Early_April_2014_-_Full_Episode.mp4, -1, -1, 72.37837837837841
ia-batch14/nctv-The_Valley_Advocate_Sessions_-_Ritmo_Gitano_INTERVIEW.mp4, -1, -1, 81.5714285714286
ia-batch14/Behind_the_Show_-_E007_-_Larry_Mongillo.mp4, -1, -1, 83.1025641025641
ia-batch14/100ThingsAddedInMinecraft1.14Update.mp4, -1, -1, 64.14285714285711
ia-batch14/youtube-XHg7-_DKl7o.mp4, -1, -1, 66.70270270270271
ia-batch14/elmoysr2.mp4, -1, -1, 58.0285714285714
ia-batch14/youtube-dvRbVQfzGVk.mp4, -1, -1, 66.4444444444444
ia-batch14/youtube-E9dv4Ziqmq0.mp4, -1, -1, 43.8
ia-batch14/ucberkeley_webcast_SoQuDZUuqL0.mp4, -1, -1, 51.7179487179487
ia-batch14/Something_s_got_to_change_-_Tomorrow_s_Investor_seminar_at_the_RSA.mp4, -1, -1, 71.5263157894737
ia-batch14/Flickr-33527054405.mp4, -1, -1, 62.3230769230769
ia-batch14/Senior_Report_with_Reed_Powers_Week_of_September_19_2009_Part_7_7.mp4, -1, -1, 64.7837837837838
ia-batch14/160303_HRC_Women_s_Safety_with_Wendy_Ricks_Hoff.mp4, -1, -1, 56.387096774193495
ia-batch14/Oh_by_the_way_I_can_paint.mp4, -1, -1, 75.25
ia-batch14/State_of_the_Region_2013_-_Opening_Ceremonies_-_Torrance_CitiCABLE.mp4, -1, -1, 54.24324324324329
ia-batch14/SCP_Today_Promo_-_Recycling.mp4, -1, -1, 68.7058823529412
ia-batch14/f20110601mad.mp4, -1, -1, 49.972972972973004
ia-batch14/BPD_-_Roll_Call_-_April_22_2011.mp4, -1, -1, 60.125
ia-batch14/wcnc-Chairman_Matthews_and_2014_Board_Goals.mp4, -1, -1, 61.20588235294121
ia-batch14/Union_Bridge_Mitigation_Grant_Press_Conference.mp4, -1, -1, 65.1388888888889
ia-batch14/2012_Illinois_Legislative_Softball_Game.mp4, -1, -1, 46.461538461538495
ia-batch14/Flickr-30951348644.mp4, -1, -1, 64.7105263157895
ia-batch14/electricsheep-flock-244-12500-4.mp4, -1, -1, 69.05
ia-batch14/Speak_Up_and_Step_Out_Show_1.13.mp4, -1, -1, 66.3783783783784
ia-batch14/Statue_of_Liberty_Presentation.mp4, -1, -1, 63.184210526315795
ia-batch14/Expressive_Exchange.mp4, -1, -1, 63.794871794871796
ia-batch14/bitvil-Blue_Island_Tree_Donated.mp4, -1, -1, 46.9714285714286
ia-batch14/youtube-NWn4X2kzTa0.mp4, -1, -1, 62.59459459459461
ia-batch14/DevelopingAndProducingTheB61.mp4, -1, -1, 38.23684210526321
ia-batch14/2019_Chautauqua_County_4th_of_July_Parade.mp4, -1, -1, 60.6666666666667
ia-batch14/youtube-7pIG6s9eKqY.mp4, -1, -1, 29.181818181818198
ia-batch14/Bud_TV_June_2017.mp4, -1, -1, 71.08571428571429
ia-batch14/youtube-4qFTLb0Oi-Y.mp4, -1, -1, 60.7105263157895
ia-batch14/vimeo-18224104.mp4, -1, -1, 59.28125
ia-batch14/Council_06-18-12.mp4, -1, -1, 45.027027027026996
ia-batch14/MuV_Chat.mp4, -1, -1, 50.810810810810786
ia-batch14/youtube-bjgfofqQqSc.mp4, -1, -1, 60.454545454545496
ia-batch14/Monona_Grove_High_School_Daily_Announcements_5_9_17.mp4, -1, -1, 78.5789473684211
ia-batch14/Police_-_Home_Protection.mp4, -1, -1, 60.5
ia-batch14/Tv5-TheNapierEarthquakeAMothersStory230.mp4, -1, -1, 41.5882352941176
ia-batch14/youtube-oKkY1o5b9p0.mp4, -1, -1, 67.5833333333333
ia-batch14/coffeehouse_131_4thofJuly.mp4, -1, -1, 45.4571428571429
ia-batch14/Pet_Pals_-_May_20_2013.mp4, -1, -1, 59.769230769230795
ia-batch14/youtube-EOrNc9c-So.mp4, -1, -1, 56.212121212121204
ia-batch14/calmi-Touchdown_by_Foreman_versus_Harper_Creek.mp4, -1, -1, 42.3888888888889
ia-batch14/Easter_Egg_Hunt.mp4, -1, -1, 53.3333333333333
ia-batch14/electricsheep-flock-245-2500-8.mp4, -1, -1, 68.775
ia-batch14/Stone_Ridge_s_Katie_Ledecky_Sets_Metro_Record_for_200_Yard_Freestyle_February_8.mp4, -1, -1, 68.2352941176471
ia-batch14/Texas_Stadium_Implosion_Update.mp4, -1, -1, 55.1470588235294
ia-batch14/SMCHD_1_21_15_-_San_Mateo_County_Harbor_District_Meeting_-_January_21_2015.mp4, -1, -1, 58.153846153846104
ia-batch14/Arts_Entertainment_5_15_15.mp4, -1, -1, 53.459459459459495
ia-batch14/vf_sodadrinkerprosss_1800.mp4, -1, -1, 62.8888888888889
ia-batch14/youtube-4G2fD7VMrN0.mp4, -1, -1, 52.1944444444444
ia-batch14/Talk_is_Cheap_-_John_Birrenbach_-_Institute_for_Hemp_-_Part_2.mp4, -1, -1, 35.2105263157895
ia-batch14/youtube-fV2jz_B6spE.mp4, -1, -1, 68.0
ia-batch14/UC2B_Showcase.mp4, -1, -1, 58.94117647058821
ia-batch14/youtube-CXNbKeD8Uio.mp4, -1, -1, 42.8611111111111
ia-batch14/DeKalb_County_s_Annual_Breast_Cancer_5K_Run_Walk.mp4, -1, -1, 68.5483870967742
ia-batch14/Cottrellville_Twp._Brd._Mgt._Aug._10_2016.mp4, -1, -1, 57.6111111111111
ia-batch14/youtube-CtnMVtzueKk.mp4, -1, -1, 63.3888888888889
ia-batch14/Doll_Circus.mp4, -1, -1, 56.43243243243239
ia-batch14/Osseo_whips_Blaine_in_NWSC_volleyball.mp4, -1, -1, 59.8918918918919
ia-batch14/wrokmi-Holiday_Magic_Parade_featuring_Cass_Tech_Highschool_Marching_Band.mp4, -1, -1, 52.54838709677421
ia-batch14/youtube-1hdANbJe6SQ.mp4, -1, -1, 73.5
ia-batch14/vimeo-26948527.mp4, -1, -1, 53.864864864864906
ia-batch15/5AA_Hockey_Final_-_MG_vs_Centennial_Opener.mp4, -1, -1, 64.1666666666667
ia-batch15/Ste._Genevieve_Mo_Heritage_Commission_9_18_17.mp4, -1, -1, 57.09375
ia-batch15/Burning_Issues_October_2013.mp4, -1, -1, 57.7714285714286
ia-batch15/At_Your_Library_1HRBFREbICo.mp4, -1, -1, 67.4864864864865
ia-batch15/youtube-WCyLWdFfCgM.mp4, -1, -1, 72.7297297297297
ia-batch15/Planning_Commission_-_9_8_14.mp4, -1, -1, 46.5757575757576
ia-batch15/youtube-iCbZgqvg8oM.mp4, -1, -1, 60.777777777777786
ia-batch15/2013_10_10_Skate_Park_Grand_Opening.mp4, -1, -1, 64.3333333333333
ia-batch15/cocnc-Severe_Weather.mp4, -1, -1, 62.97368421052629
ia-batch15/slctvma-Pawdoption_Dogs_-_October_30th_2018.mp4, -1, -1, 70.67647058823529
ia-batch15/youtube-nkHLw5EU0Hc.mp4, -1, -1, 58.1428571428571
ia-batch15/EnglishProgramme19March2017_2.mp4, -1, -1, 74.47058823529409
ia-batch15/csur1qc-La_boutique_Vignes_de_Vaudreuil.mp4, -1, -1, 69.0714285714286
ia-batch15/Police_Captain_Keeping_Hope_Hoggle_Toddlers_are_Alive.mp4, -1, -1, 83.0277777777778
ia-batch15/csdmd-Bel_Air_vs_Hereford_Field_Hockey_3A_North_Regional_Semifinal.mp4, -1, -1, 47.6486486486487
ia-batch15/Metro_Edition_-_Arabia_at_the_Science_Center.mp4, -1, -1, 52.78125
ia-batch15/youtube-A5-B22FphKg.mp4, -1, -1, 43.8333333333333
ia-batch15/Wakeboarding_on_the_Columbia_River..mp4, -1, -1, 70.9722222222222
ia-batch15/11.21.2016_Marshall_School_Board_Meeting.mp4, -1, -1, 61.9117647058824
ia-batch15/NesNinjaGaidenIiTasIn1033.93ByStx-vile.mp4, -1, -1, 63.1351351351352
ia-batch15/colrar-Therapuetic_Recreation_Christmas_2018.mp4, -1, -1, 59.222222222222214
ia-batch15/Conservation_Commission_May_28_2014.mp4, -1, -1, 40.6857142857143
ia-batch15/All_About_-_Water_Flushing.mp4, -1, -1, 56.3589743589744
ia-batch15/Chautauqua_Lake_Central_Grade_K-5_Winter_Concert_2009_Part_2_5.mp4, -1, -1, 56.3529411764706
ia-batch15/A_Day_with_Mayor_Pradel.mp4, -1, -1, 78.3243243243243
ia-batch15/electricsheep-flock-245-2500-6.mp4, -1, -1, 66.972972972973
ia-batch15/youtube-SrBerR9np9M.mp4, -1, -1, 46.3888888888889
ia-batch15/youtube-_4C7UWRAgkQ.mp4, -1, -1, 54.264705882352885
ia-batch15/bratt2vt-BUHS-_TV_NEWS_2_13_15.mp4, -1, -1, 44.0
ia-batch15/The_New_Few_-_Ferdinand_Mount.mp4, -1, -1, 68.05714285714289
ia-batch15/2014_USTA_Mens_Futures_Tennis_Tournament_2014_PROMO_30_sec_-_Palm_Coast_Tennis_Center.mp4, -1, -1, 56.264705882352885
ia-batch15/youtube-I2FHJfRVqv8.mp4, -1, -1, 62.5454545454546
ia-batch15/Administration_Public_Works_Committee_Meeting_-_04_22_2013.mp4, -1, -1, 51.6285714285714
ia-batch15/STL_LIVE_-_Junior_League_of_St._Louis_-_1_of_2.mp4, -1, -1, 63.75
ia-batch15/youtube-rTi-0LWcWuM.mp4, -1, -1, 47.24324324324329
ia-batch15/2000_North_Reading_High_School_Graduation_Part_1.mp4, -1, -1, 48.7894736842105
ia-batch15/Organ_Transplant_Debate_13_13-Intelligence_Squared_U.S..mp4, -1, -1, 53.9428571428571
ia-batch15/Wareham_Sewer_Commissioners_Meeting_12-1-2016.mp4, -1, -1, 57.030303030303
ia-batch15/blmtwpmiv-Do_the_Stars_Influence_Your_Life.mp4, -1, -1, 66.4166666666667
ia-batch15/MurderOfTheNonagonFuzz_20181220.mp4, -1, -1, 69.5555555555556
ia-batch15/youtube-iWlirO1JAfQ.mp4, -1, -1, 50.97368421052629
ia-batch15/youtube-iSB_DaroIrc.mp4, -1, -1, 61.972222222222214
ia-batch15/youtube-5iLHNVysx7w.mp4, -1, -1, 62.5833333333333
ia-batch15/WHS_Boys_Varsity_Basketball_-_Vikings_vs_Raiders.mp4, -1, -1, 52.1111111111111
ia-batch15/youtube-3UpmKA75yZc.mp4, -1, -1, 40.3611111111111
ia-batch15/cobok-City_Council_Highlights_-_October_16_2018.mp4, -1, -1, 63.2424242424242
ia-batch15/Petaluma_Board_of_Education_-_1_28_14.mp4, -1, -1, 66.1666666666667
ia-batch15/AliJaberPureSoundFromMakkah1406.mp4, -1, -1, 31.0833333333333
ia-batch15/Senior_Scene_06.13_-_Look_as_Young_as_You_Feel_-_Torrance_CitiCABLE_-_hosted_by_Hope_Witkowsky.mp4, -1, -1, 58.0540540540541
ia-batch15/2014_Great_Greeley_Chalk-a-Lot.mp4, -1, -1, 69.6486486486487
ia-batch15/blmtwpmiv-Voiding_Problems_in_Men_and_Women.mp4, -1, -1, 64.0833333333333
ia-batch15/Salt_Lake_City_History_Minute_-_Alta_Ski_Resort.mp4, -1, -1, 41.342857142857106
ia-batch15/Substance_Abuse_Outreach_Pressley.mp4, -1, -1, 65.9722222222222
ia-batch15/SCVTV.com_3_14_2012_Update_on_Lyons_I-5_Beautification_Project.mp4, -1, -1, 55.82352941176471
ia-batch15/youtube-8JDDNPyvqpE.mp4, -1, -1, 65.1666666666667
ia-batch15/SamsCompilation.mp4, -1, -1, 52.3333333333333
ia-batch15/youtube-62LwjgByok8.mp4, -1, -1, 60.4864864864865
ia-batch15/youtube-puztE2JE-Fw.mp4, -1, -1, 55.3513513513514
ia-batch15/tctvbc-fire_chief_for_a_day.mov.mp4, -1, -1, 68.75
ia-batch15/Planning_Commission_Regular_Meeting_-_May_6_2015.mp4, -1, -1, 54.3030303030303
ia-batch15/Police_Commission_10.20.15.mp4, -1, -1, 78.2222222222222
ia-batch15/Aspen_Security_Forum_-_Media_Panel.mp4, -1, -1, 54.6944444444444
ia-batch15/cocoh-ColumbusRotary_-_Columbus_Restaurant_Scene.mp4, -1, -1, 69.1351351351351
ia-batch15/Reedy_Creek_Nature_Preserve.mp4, -1, -1, 59.6111111111111
ia-batch15/youtube-4lC9C4mEZwY.mp4, -1, -1, 45.1470588235294
ia-batch15/youtube-NDceFV1PFfA.mp4, -1, -1, 47.540540540540505
ia-batch15/Organic_Farming.mp4, -1, -1, 53.97368421052629
ia-batch15/DrinkingWithBob-NobelPeacePrizeIsAJoke920-3.mp4, -1, -1, 49.5161290322581
ia-batch15/2011_-_Bean_Wrestling_Classic_160_-_Burton_v_Nyamor.mp4, -1, -1, 61.485714285714295
ia-batch15/ucberkeley_webcast_LbMQsQ0Z79s.mp4, -1, -1, 45.375
ia-batch15/youtube-YZlT0a0iGYY.mp4, -1, -1, 64.2571428571429
ia-batch15/Sports_with_Alex_Symonds_-_2011-01-17.mp4, -1, -1, 37.77777777777779
ia-batch15/Especially_for_Women_-_Episode_29.mp4, -1, -1, 58.6470588235294
ia-batch15/Real_or_Rumor_-_Edition_15.mp4, -1, -1, 62.189189189189214
ia-batch15/tndcco-Either_Way_-_A_Diversion_Success.mp4, -1, -1, 47.17142857142861
ia-batch15/TantoTheNewWayToDevelopASenseOfProportion.mp4, -1, -1, 58.6216216216216
ia-batch15/Wareham_Housing_Authority_Meeting_1-20_-2017.mp4, -1, -1, 60.6
ia-batch15/Run_Wild_Missoula_Zombie_Run_2013_Full_Version.mp4, -1, -1, 66.08571428571429
ia-batch15/bctvnh-The_Trails_of_Bedford_-_Muller_Park_Trail.mp4, -1, -1, 68.5142857142857
ia-batch15/accsac-Keith_Bachmann_-_Access_Sacramento.mp4, -1, -1, 47.9459459459459
ia-batch15/Sports_Den_Top_5_Plays_of_the_Fall.mp4, -1, -1, 45.405405405405396
ia-batch15/archiveteam_videobot_twitter_com_797046967654379520.mp4, -1, -1, 64.88571428571429
ia-batch15/Access_Virginia_Beach_September_Highlights_Show.mp4, -1, -1, 67.2571428571429
ia-batch15/youtube-_GNopdzlnxo.mp4, -1, -1, 49.8205128205128
ia-batch15/STL_TV_Live_-_Shadress_Denise_Johanna_B_1_of_2.mp4, -1, -1, 62.3684210526316
ia-batch15/youtube-qvhdqYIbWKg.mp4, -1, -1, 69.5
ia-batch15/youtube-mDMapFGZFy8.mp4, -1, -1, 68.945945945946
ia-batch15/steverimmeronlineSpell.mp4, -1, -1, 64.4166666666667
ia-batch15/slctvmi-Spotlight_South_Lyon_SLEHS_Drama.mp4, -1, -1, 76.30555555555559
ia-batch15/2015_Education_Celebration_Party_at_Six_Flags_Seguin_HS.mp4, -1, -1, 65.1081081081081
ia-batch15/Distracted_Driving_PSA_4.mp4, -1, -1, 50.1315789473684
ia-batch15/ACEDC_-_Business_Succession_Workshop.mp4, -1, -1, 58.864864864864906
ia-batch15/D1_Boys_100_Back_Heat_3.mp4, -1, -1, 66.14285714285711
ia-batch15/Flickr-16569606545.mp4, -1, -1, 74.9411764705882
ia-batch15/September_30_2019_-_Special_Joint_City_Council_Meeting_-_Public_Comment.mp4, -1, -1, 64.4848484848485
ia-batch15/youtube_UCl2mFZoRqjw_ELax4Yisf6w.mp4, -1, -1, 60.2894736842105
ia-batch15/NHS_Boys_Basketball_vs_Rockport_January_18_2016.mp4, -1, -1, 49.342105263157904
ia-batch15/Universally_Accessible_Playground_Now_Open.mp4, -1, -1, 48.4166666666667
ia-batch15/DiggingUpThePastDavidDownEpisodes1316_201811.mp4, -1, -1, 53.189189189189214
ia-batch15/BTV_News_-_05_12_2014.mp4, -1, -1, 47.3684210526316
ia-batch15/ocmswi-Oshkosh_Today_-_Chalk_Walk_2018.mp4, -1, -1, 76.32352941176471
ia-batch15/youtube-wa49PZy3lIY.mp4, -1, -1, 44.0
ia-batch15/youtube-hh40i9_7TAo.mp4, -1, -1, 71.30555555555559
ia-batch15/youtube-llLMdkiw4D4.mp4, -1, -1, 60.953488372093
ia-batch15/youtube-GFMcXXe89ak.mp4, -1, -1, 48.0294117647059
ia-batch15/STL_Live_Beauty_on_a_Budget_2_of_2.mp4, -1, -1, 56.8
ia-batch15/Access_Minneapolis_Hmong_Spring_2011.mp4, -1, -1, 41.2972972972973
ia-batch15/whctvct-Mr_Pop_s_Neighborhood_-_Three_Principles_of_Bullying_-_Part_Four_Episode_16.mp4, -1, -1, 54.43243243243239
ia-batch15/youtube-ig8RdIhJ4qw.mp4, -1, -1, 55.2162162162162
ia-batch15/nctv18ma-NFF_Teen_View_2018_Throwaways_by_Anya_Mogenson.mp4, -1, -1, 76.05555555555559
ia-batch15/bratt2vt-Brattleboro_Planning_Commission_Mtg_2_11_13.mp4, -1, -1, 53.31428571428571
ia-batch15/North_Reading_Selectmen_Meeting_10_19_09_Part_2.mp4, -1, -1, 42.894736842105296
ia-batch15/youtube-c8AfrCyh7ac.mp4, -1, -1, 82.82352941176471
ia-batch15/2013_Nonprofit_Holiday_Greeting_-_Walker_Lecture_Fund.mp4, -1, -1, 51.7567567567568
ia-batch15/blmtwpmiv-2013_Girls_Water_Polo.mp4, -1, -1, 54.5833333333333
ia-batch15/Cupertino_Small_Business_Symposium_-_City_of_Cupertino_Community_Development_Department.mp4, -1, -1, 48.428571428571395
ia-batch15/Additional_Discussion_Items_101116.mp4, -1, -1, 69.6216216216216
ia-batch15/Millage_Hearing_-_07_22_15.mp4, -1, -1, 58.8333333333333
ia-batch15/ucberkeley_webcast_iuOUA974GhE.mp4, -1, -1, 55.9024390243903
ia-batch15/PCTV_to_offer_Pierce_County_Council_budget_hearings_live_and_archived.mp4, -1, -1, 75.1428571428571
ia-batch15/mptvma-MPD_Turkey_Giveaway_2019.mp4, -1, -1, 69.4545454545455
ia-batch15/youtube-VEp07Q-t4KI.mp4, -1, -1, 62.25
ia-batch15/MyMCMedia_Extra_-_Debate_Moderator_Jim_Lehrer_On_The_Importance_of_Debates.mp4, -1, -1, 72.17142857142859
ia-batch15/WHATS_UP_in_ELPS_February_12_2016.mp4, -1, -1, 75.19444444444441
ia-batch15/talkaoke-2007-09-01-surfstock-part_3.mp4, -1, -1, 52.63636363636361
ia-batch15/archiveteam_videobot_twitter_com_853315072810156035.mp4, -1, -1, 52.4571428571429
ia-batch15/muslim2006_2354.mp4, -1, -1, 50.8055555555556
ia-batch15/Primitivity_at_the_2012_Takoma_Park_Folk_Festival.mp4, -1, -1, 51.657142857142894
ia-batch15/4x24_Art_Exhibition.mp4, -1, -1, 56.0
ia-batch15/youtube-8uhewKqWA2Q.mp4, -1, -1, 73.39473684210529
ia-batch15/youtube-U0qxvwtSonw.mp4, -1, -1, 44.7837837837838
ia-batch15/Mudcats_on_Deck_pEbzb31VMs8.mp4, -1, -1, 77.0882352941177
ia-batch15/RSA_Replay_-_Europe_Austerity_and_the_Threat_to_Global_Stability.mp4, -1, -1, 61.28571428571429
ia-batch15/dni.ncaa.ICCR-1669-VHS.mp4, -1, -1, 37.5135135135135
ia-batch15/North_Reading_School_Committee_1_11_08_Part_4.mp4, -1, -1, 54.810810810810786
ia-batch15/150821Pp230.mp4, -1, -1, 52.0
ia-batch15/EbenMoglenOnFacebookGoogleAndGovernmentSurveillance2012.mp4, -1, -1, 74.8421052631579
ia-batch15/Absentee_Voting_in_Midland_Michigan.mp4, -1, -1, 50.8918918918919
ia-batch15/The_Kween_s_Roundtable_-_Episode_3.mp4, -1, -1, 54.810810810810786
ia-batch15/youtube-3KUau9itzz0.mp4, -1, -1, 83.0
ia-batch15/Oceanside_Update_October_2017_-_Oceanside_Public_Library.mp4, -1, -1, 74.8918918918919
ia-batch15/DrownThemWickedWithMilk.mp4, -1, -1, 58.3783783783784
ia-batch15/youtube-SPpt7-Bvbxg.mp4, -1, -1, 72.4
ia-batch15/ucberkeley_webcast_i_GUV3-nbUU.mp4, -1, -1, 53.17647058823529
ia-batch15/Trailer_SolusProject_Announce_20150615_WM_3200.mp4, -1, -1, 66.3
ia-batch15/bliptv-20131011-190739-918thefan-iStalk1156777.mp4, -1, -1, 62.894736842105296
ia-batch15/ehmma-Southampton_Select_Board_Meeting_8-11-15_Part_1.mp4, -1, -1, 49.3714285714286
ia-batch15/youtube-NAIVdMRBm-E.mp4, -1, -1, 49.0
ia-batch15/sttvmi-NEWS_6.11.2018_Celebrate_the_Lake_Event.mp4, -1, -1, 75.945945945946
ia-batch15/This_Week_in_Torrance_4.10_Part_2.mp4, -1, -1, 59.0
ia-batch15/youtube-7CKBxVMu79g.mp4, -1, -1, 25.7631578947368
ia-batch15/Drone_Pleasant_Bay_and_Muddy_Creek_Tour_2016.mp4, -1, -1, 72.3333333333333
ia-batch15/nwctc-Orange_Friday_ushers_in_Deer_Season.mp4, -1, -1, 72.1666666666667
ia-batch15/Connies_Kitchen_Promo.mp4, -1, -1, 68.1714285714286
ia-batch15/vf_qotw_1031_pax_3500.mp4, -1, -1, 49.74285714285711
ia-batch15/youtube-6fCn4Z8XHmg.mp4, -1, -1, 59.17142857142861
ia-batch15/cdaid-August_2_2016_City_Council_Meeting.mp4, -1, -1, 63.0625
ia-batch15/comaz-Covering_Mesa_-_Frontier_Airlines.mp4, -1, -1, 61.472222222222214
ia-batch15/youtube-KXIHf2ONAT0.mp4, -1, -1, 61.34285714285711
ia-batch15/Councilman_Daniel_Valenzuela_Olivia_Cannon_opens_the_show.mp4, -1, -1, 53.4571428571429
ia-batch15/colmd-Laurel_Community_Spotlight_-_Meet_the_Laurel_Legobots_-_March_9_2018.mp4, -1, -1, 69.6486486486487
ia-batch15/The_Fancy_Kind_-_Summer_Fun.mp4, -1, -1, 65.5833333333333
ia-batch15/SCP_Today_Promo_-_Bathymetry.mp4, -1, -1, 78.17142857142859
ia-batch15/PSL_Police_Department_Open_House.mp4, -1, -1, 58.4864864864865
ia-batch15/Danwinckler-Starscream1stSongBliptv169H264AAC48Khz798.mp4, -1, -1, 41.3513513513514
ia-batch15/12_News_January_17_2013.mp4, -1, -1, 54.9117647058824
ia-batch15/Art-Tech-a-Whirl_2019.mp4, -1, -1, 39.3783783783784
ia-batch15/07_03_14_Board_of_Zoning_Appeals_Meeting.mp4, -1, -1, 61.9444444444444
ia-batch15/youtube-Ph2Js2rPhV4.mp4, -1, -1, 47.1111111111111
ia-batch15/Discussion_Part_03_102511.mp4, -1, -1, 59.1111111111111
ia-batch15/bliptv-20131013-090016-BigCatRescue-TeenWildernessVisitBigCatRescue458.mp4, -1, -1, 59.21875
ia-batch15/youtube-KeLINFJnAy4.mp4, -1, -1, 50.7027027027027
ia-batch15/cocoh-Aminah_Fellowship_and_Residency_Announcement.mp4, -1, -1, 79.1666666666667
ia-batch15/2009-09-24-SDA_Speed_Runs.mp4, -1, -1, 55.32352941176471
ia-batch15/electricsheep-flock-244-65000-3.mp4, -1, -1, 62.8571428571429
ia-batch15/youtube-9wW62cxk0gU.mp4, -1, -1, 54.7567567567568
ia-batch15/youtube-wmUnwydibq8.mp4, -1, -1, 54.894736842105296
ia-batch15/wtvma-Wareham_Conservation_Commission_Meeting_8-21-2019.mp4, -1, -1, 50.7272727272727
ia-batch15/f20110817mad.mp4, -1, -1, 48.6216216216216
ia-batch15/3in1_Project_-_Audrey_Travaglini_-_Ballroom_Dancer.mp4, -1, -1, 79.5277777777778
ia-batch15/City_of_Gaithersburg_Election_2013_-_Candidate_Statements.mp4, -1, -1, 64.2058823529412
ia-batch15/f20110414mak.mp4, -1, -1, 55.0
ia-batch15/youtube-gu-p-FwWdiE.mp4, -1, -1, 47.94117647058821
ia-batch15/waya72913.mp4, -1, -1, 29.888888888888893
ia-batch15/youtube-6hIUuzsMbC4.mp4, -1, -1, 52.527777777777786
ia-batch15/Rockville_Launches_Movies_in_the_Parks_with_Family-Friendly_Films.mp4, -1, -1, 72.4054054054054
ia-batch15/f20111018mad.mp4, -1, -1, 49.56756756756761
ia-batch15/youtube-zpFknFeRcFY.mp4, -1, -1, 46.05882352941179
ia-batch15/At_Your_Library_-_Retro_Game_Night.mp4, -1, -1, 66.1714285714286
ia-batch15/nctv-Night_of_the_Living_Dead.mp4, -1, -1, 50.34285714285711
ia-batch15/Wrestling_-_Andover_vs_Centennial.mp4, -1, -1, 63.1388888888889
ia-batch15/Oshkosh_Today_December_4_2013.mp4, -1, -1, 59.3333333333333
ia-batch15/CMNtvNEWS_Heritage_Fest_2010.mp4, -1, -1, 51.7714285714286
ia-batch15/archiveteam_videobot_twitter_com_796898568036610048.mp4, -1, -1, 58.6470588235294
ia-batch15/archiveteam_videobot_twitter_com_800279100992749569.mp4, -1, -1, 58.8888888888889
ia-batch15/Standout_Student_-_Brooklyn_Center_s_Nastya_Popova.mp4, -1, -1, 60.1794871794872
ia-batch15/12_News_July_12_2016.mp4, -1, -1, 62.4166666666667
ia-batch15/Planning_Board_10.17.13.mp4, -1, -1, 47.8611111111111
ia-batch15/pctvny-Ganondagan_State_Historic_Site_-_Episode_37_-_In_the_Spotlight.mp4, -1, -1, 73.8529411764706
ia-batch15/Pink_Halo_Varsity_Girls_1_31.mp4, -1, -1, 51.764705882352885
ia-batch15/Farmers_Market_Opening.mp4, -1, -1, 57.735294117647115
ia-batch15/npmma-Green_Expo_2019_-_Betsy_Goodrich_-_Public_Transportation_Bike_Lanes_and_Sidewalks.mp4, -1, -1, 72.5142857142857
ia-batch15/City_Commission_Meeting_9-16-15.mp4, -1, -1, 46.428571428571395
ia-batch15/apollo11forallmankindworkprint.mp4, -1, -1, 38.71875
ia-batch15/Celebrate_dad_while_you_can.mp4, -1, -1, 30.5277777777778
ia-batch15/btvnj-Monmouth_In_Focus_604_Monmouth_County_Workforce_Development_Part_1.mp4, -1, -1, 64.62857142857139
ia-batch15/Memorial_Day_Invitation_To_Veterans.mp4, -1, -1, 61.6388888888889
ia-batch15/Fair_Sponsorship_Promo_2014.mp4, -1, -1, 70.3939393939394
ia-batch15/America_Let_s_Exercise_Interview_OCA.mp4, -1, -1, 60.421052631579
ia-batch15/youtube-9z5v5feKWAU.mp4, -1, -1, 44.7894736842105
ia-batch15/Sevastopol_Board_of_Supervisors_09_23_13.mp4, -1, -1, 59.9393939393939
ia-batch15/Telephone_Registry_for_Opting_Out.mp4, -1, -1, 62.472222222222214
ia-batch15/Amanda_Cupcake_Mt_Dew_Doritos_Cakepops.mp4, -1, -1, 63.2162162162162
ia-batch15/bptvpa-1_Minute_Book_Recommendation_At_Home_by_Bill_Bryson.mp4, -1, -1, 64.5142857142857
ia-batch15/thelfshow-Youth_Climate_Activism_the_New_Non-Violent_Resistance.mp4, -1, -1, 39.028571428571404
ia-batch15/MS1950002H264.mp4, -1, -1, 41.3939393939394
ia-batch15/fcmacfl-Seth_Glier_Joe_Nerney_Part_3.mp4, -1, -1, 64.972972972973
ia-batch15/NesLongplay274SnakeRattlenRoll.mp4, -1, -1, 56.8333333333333
ia-batch15/Antonwithagen-DadsArmy582.mp4, -1, -1, 56.6285714285714
ia-batch15/ehmma-Southampton_Select_Board_10_30_18.mp4, -1, -1, 56.5238095238095
ia-batch15/Fincaproject-FairTradeDirectCoffeePart3TheRoaster501.mp4, -1, -1, 52.20512820512821
ia-batch15/youtube-uTslr5mhabY.mp4, -1, -1, 43.2285714285714
ia-batch15/Meet_Susan_Wagner_-_Director_of_Veterans_Services_Part_2_NORCAM.mp4, -1, -1, 62.3714285714286
ia-batch15/blmtwpmiv-Resumes_Transformed.mp4, -1, -1, 66.91428571428571
ia-batch15/Story_Time_with_Stu_and_Ginny_Fraser_7-19-11.mp4, -1, -1, 58.189189189189214
ia-batch15/youtube-Ryp3m0PXAkg.mp4, -1, -1, 60.6111111111111
ia-batch15/youtube-MUWxCefFLqI.mp4, -1, -1, 42.742857142857105
ia-batch15/New_Playground_at_the_Henry_E_Warren_Elementary_School.mp4, -1, -1, 75.4285714285714
ia-batch15/Abington_Board_of_Selectmen_Meeting_4.28.14.mp4, -1, -1, 51.2285714285714
ia-batch15/youtube-hN1cJDJXncg.mp4, -1, -1, 47.7272727272727
ia-batch15/BrotherKickedOutOfWinnDixieInPensacolaFloridaByManagerPoliceForShoppingWhileBlack.mp4, -1, -1, 62.1081081081081
ia-batch15/AIM_Spring_Break_Camp_-_Cheeto_Killer_2017.mp4, -1, -1, 71.82857142857141
ia-batch15/AnAnimatronicAbbottCostelloDoingTheirClassicwhosOnFirstComedy.mp4, -1, -1, 43.8055555555556
ia-batch15/youtube-XDjbae24Z_o.mp4, -1, -1, 56.1944444444444
ia-batch15/Putting_Your_Garden_To_Bed.mp4, -1, -1, 82.2285714285714
ia-batch15/seher1.mp4, -1, -1, 28.894736842105303
ia-batch15/Cultural_Homestay_International_students_visit_CCTV_July_6_2012.mp4, -1, -1, 65.6944444444444
ia-batch15/CJH_Orchestra_-_12_12_16.mp4, -1, -1, 52.7575757575758
ia-batch15/Dear_Senator_Johnson.mp4, -1, -1, 66.2222222222222
ia-batch15/youtube-ud8eEZUoJxw.mp4, -1, -1, 44.71428571428571
ia-batch15/youtube-vPPxA59lup4.mp4, -1, -1, 63.4117647058824
ia-batch15/youtube-vHHWs1sZm6c.mp4, -1, -1, 64.4102564102564
ia-batch15/D2_Boys_200_Free_Relay_Heat_1.mp4, -1, -1, 70.52941176470591
ia-batch15/Adoptable_Dogs_in_Clackamas_County_-_Aug._13_-_20.mp4, -1, -1, 72.8333333333333
ia-batch15/rchwi-2001_Pepper_Fest_Parade.mp4, -1, -1, 43.9090909090909
ia-batch15/Solid_Waste_Services_-_Grant_Specific.mp4, -1, -1, 49.1388888888889
ia-batch16/2014_Minneapolis_Inauguration_Ceremony.mp4, -1, -1, 65.43243243243239
ia-batch16/Flickr-5381485586.mp4, -1, -1, 50.28571428571429
ia-batch16/GRITtv_-_Tariq_Ali_-_How_Bolivia_Would_Deal_With_BP.mp4, -1, -1, 59.55882352941179
ia-batch16/Live_Mix_InAndOut_Niko_Refresh.mp4, -1, -1, 60.027777777777786
ia-batch16/csdmd-Girls_3A2A1A_North_Regional_Swim_Meet_2-16-13.mp4, -1, -1, 52.2
ia-batch16/Animal_Cruelty_Prevention_Poster_Contest.mp4, -1, -1, 57.29411764705879
ia-batch16/Abington_Ultimate_Frisbee_vs_Whitman-Hanson_4.29.14.mp4, -1, -1, 56.657142857142894
ia-batch16/Living_Out_Loud_-_Senior_Stories.mp4, -1, -1, 74.1081081081081
ia-batch16/Flickr-4787581571.mp4, -1, -1, 71.5277777777778
ia-batch16/Gloucester_High_vs_Lynn_Classical_Girls_Basketball_Highlights_1-28-2014.mp4, -1, -1, 53.2
ia-batch16/Get_Fit_Norfolk_pt._3_-_Warrior_Training.mp4, -1, -1, 57.0833333333333
ia-batch16/humanremainsmovieclip.mp4, -1, -1, 45.1818181818182
ia-batch16/hpact-City_of_Hartford_Council_Meeting_March_26_2018.mp4, -1, -1, 61.972222222222214
ia-batch16/Lopendvuur-SilenceIsSexyvoorLopendVuurOffline528.mp4, -1, -1, 48.153846153846104
ia-batch16/Flickr-5787640266.mp4, -1, -1, 67.0
ia-batch16/gpatnc-PCC_Outreach_-_Jerry_Jones_Feb2019.mp4, -1, -1, 60.15
ia-batch16/City_of_Lathrop_City_Council_Meeting_-_February_27_2012.mp4, -1, -1, 44.675675675675706
ia-batch16/FY16_Community_Education_Commission_04_01_15.mp4, -1, -1, 53.0540540540541
ia-batch16/Lion_Around_CT_E266_Northeast_Pin_Swap_pt_2.mp4, -1, -1, 56.39473684210521
ia-batch16/blmtwpmiv-Oakland_County_Prosecutor.mp4, -1, -1, 70.37837837837841
ia-batch16/Board_of_Carroll_County_Commissioners_Open_Session_Morning_of_January_19_2017.mp4, -1, -1, 55.512820512820504
ia-batch16/Flickr-5897069170.mp4, -1, -1, 64.1666666666667
ia-batch16/5100106712843948983765948675452815407054848n.mp4, -1, -1, 58.222222222222214
ia-batch16/K9_Corner_09.14_-_with_Riannon_Trutanich_-_Torrance_CitiCABLE_-_November_2014.mp4, -1, -1, 55.11428571428571
ia-batch16/frcmma-FRCMedia_News_--_December_6_2018.mp4, -1, -1, 67.7777777777778
ia-batch16/January_7_2014.mp4, -1, -1, 47.7714285714286
ia-batch16/Flickr-6183265959.mp4, -1, -1, 44.405405405405396
ia-batch16/Globalcast-37PrayerThatTransformsSpheresOfSociety737-2.mp4, -1, -1, 63.3125
ia-batch16/Around_the_Parish_-_Fourth_Annual_St._Charles_Parish_Easter_Egg_Hunt.mp4, -1, -1, 45.842105263157904
ia-batch16/Flickr-5381184467.mp4, -1, -1, 66.025
ia-batch16/koct-Hopestart_International_-_Oceanside_Spectrum_April_2018_Edition.mp4, -1, -1, 75.921052631579
ia-batch16/btvnj-Lunch_Break.mp4, -1, -1, 80.25
ia-batch16/A_Different_Look_-_MLK_Memorial_Part_1.mp4, -1, -1, 58.8181818181818
ia-batch16/Alena_Neves_Talks_Wizards_on_The_Roundball_Report.mp4, -1, -1, 43.0909090909091
ia-batch16/LesAffichesEnGoguette.mp4, -1, -1, 49.846153846153896
ia-batch16/Land_Trusts_-_Keeping_Local_Agriculture_Alive.mp4, -1, -1, 51.151515151515206
ia-batch16/bratt2vt-First_Congregational_Church_-_Dealing_with_Conflict_9_12_11.mp4, -1, -1, 54.472222222222214
ia-batch16/cg_0660-Singing_of_We_Shall_Overcome_at_Annual_Dr._Martin_Luther_King_Jr._Celebration.mp4, -1, -1, 51.212121212121204
ia-batch16/hctmt-No_Kid_Hungry_2.mp4, -1, -1, 61.78125
ia-batch16/Best_Starts_for_Kids.mp4, -1, -1, 58.59459459459461
ia-batch16/andrew_moltz.mp4, -1, -1, 52.28571428571429
ia-batch16/Glenbard_West_vs_Neuqua_Valley_Girls_Lacrosse_-_April_27_2013.mp4, -1, -1, 50.135135135135094
ia-batch16/INCESTMOTHERMARRIESDAUGHTERSON.mp4, -1, -1, 67.14285714285711
ia-batch16/archiveteam_videobot_twitter_com_903999463332642816.mp4, -1, -1, 71.1081081081081
ia-batch16/Focus_on_Lakeville_06-10-2016.mp4, -1, -1, 63.63636363636361
ia-batch16/Flickr-5036623638.mp4, -1, -1, 59.085714285714296
ia-batch16/AISD-TV_News_-_Week_of_2011-12-12.mp4, -1, -1, 58.9705882352941
ia-batch16/Forest_Park_vs_Portsmouth_Men_s_Regional_Semi-Final_Basketball.mp4, -1, -1, 48.8055555555556
ia-batch16/Design_Review_Board_-_March_13_2019.mp4, -1, -1, 53.6216216216216
ia-batch16/btvnj-Triumphant_Spirit_Part_15_-_Peter_Scoles_-_Battle_of_the_North_Atlantic.mp4, -1, -1, 64.4722222222222
ia-batch16/GulfDiving.mp4, -1, -1, 50.0
ia-batch16/Free_Summer_Concerts_PSA_SPANISH.mp4, -1, -1, 61.0833333333333
ia-batch16/hctvnh-HUDSONNH_-_Steve_Beals_School_District_Ren4Gen_presentation_2019.mp4, -1, -1, 57.7714285714286
ia-batch16/Game_On_3.mp4, -1, -1, 59.6111111111111
ia-batch16/Countyline_Jan_2013.mp4, -1, -1, 54.75
ia-batch16/FVOT_Ep_5_The_Tick.mp4, -1, -1, 60.1621621621622
ia-batch16/Beer_Garden.mp4, -1, -1, 60.0
ia-batch16/How_to_Haze_a_Coyote.mp4, -1, -1, 62.9428571428571
ia-batch16/lictvma-EHS_09-14-2018.mp4, -1, -1, 56.363636363636395
ia-batch16/Establishing_Automatic_Retirement_Accounts_in_Illinois.mp4, -1, -1, 60.5555555555556
ia-batch16/AutumnBeautyInWyoming.mp4, -1, -1, 56.9459459459459
ia-batch16/12.03.2018_Marshall_Public_Schools_Facility_Planning_Session.mp4, -1, -1, 62.0
ia-batch16/avbcmi-Full_Gospel_Deliverance_397.mp4, -1, -1, 64.05405405405409
ia-batch16/Library_Break-3D_Printers_at_the_TEC.mp4, -1, -1, 78.91428571428571
ia-batch16/Living_With_Coal_2008_Clip_1.mp4, -1, -1, 53.6666666666667
ia-batch16/Goffstown_Board_of_Selectmen_-_6_27_2011.mp4, -1, -1, 46.6216216216216
ia-batch16/grtvmiv-Root_Doctor_-_Set_Me_Free.mp4, -1, -1, 60.6060606060606
ia-batch16/blmtwpmiv-Record_Retention_-_For_How_Long.mp4, -1, -1, 59.735294117647115
ia-batch16/2010_Taste_of_Edina_Promos.mp4, -1, -1, 67.3684210526316
ia-batch16/kenyanbeansandricelifehealth.mp4, -1, -1, 58.7674418604651
ia-batch16/Board_of_Works_Meeting_10-12-2010.mp4, -1, -1, 45.4146341463415
ia-batch16/LFD_On_Call_-_July_2013.mp4, -1, -1, 61.9459459459459
ia-batch16/Environment_and_Security_2008_Clip_2.mp4, -1, -1, 52.9705882352941
ia-batch16/Flickr-39881803881.mp4, -1, -1, 63.3714285714286
ia-batch16/Festival_Internacional_Del_Mango_en_Fairchild.mp4, -1, -1, 58.235294117647115
ia-batch16/gsoctvnc-Greensboro_Glimpses_-_Beacon_Place_with_Hospice_and_Palliative_Care.mp4, -1, -1, 66.25
ia-batch16/Concilman_Bill_Gates_-_32nd_Street_Working_Group_Discussion_with_Bill_Andres.mp4, -1, -1, 57.6410256410256
ia-batch16/Expressions_In_Painting_17_-_11_25_13.mp4, -1, -1, 57.0285714285714
ia-batch16/KidsWBBumpersAndCommercialsSeptember232000.mp4, -1, -1, 43.59459459459461
ia-batch16/GbOperationCIn1105.57ByVentuz.mp4, -1, -1, 55.678571428571395
ia-batch16/Goffstown_Board_of_Selectmen_-_3_19_2012.mp4, -1, -1, 45.972222222222214
ia-batch16/21_This_Week_-_Is_Montgomery_County_Attractive_to_Younger_Adults.mp4, -1, -1, 61.0882352941177
ia-batch16/kozmacsabalaszlouzeneteszamosinak20200127.mp4, -1, -1, 72.7096774193548
ia-batch16/Inside_Boulder_News_-_CU_South.mp4, -1, -1, 77.37837837837841
ia-batch16/Interacting_With_Law_Enforcement_Forum.mp4, -1, -1, 61.71428571428571
ia-batch16/hctvfl-Surveillance_Video_-_Suspect_Denied_Alcohol_Destroys_Convenience_Store.mp4, -1, -1, 50.3939393939394
ia-batch16/Liberty_Hospital_Medical_Careers_Night_by_Emma_Jones_and_Kadie_Prendergast.mp4, -1, -1, 47.6388888888889
ia-batch16/CageRadio-UpAndComersAvilaVSSanchez259-3.mp4, -1, -1, 60.258064516129
ia-batch16/Building_Consensus_on_US_Foreign_Policy_2_of_5_2008.mp4, -1, -1, 56.212121212121204
ia-batch16/Infrastructure_job_quality_vs._quantity.mp4, -1, -1, 74.81081081081079
ia-batch16/FOTA9513PhoenixFireDanceJune3.mp4, -1, -1, 44.0833333333333
ia-batch16/lexgtv3ky-1_30_09_Board_of_Adjustment_Meeting.mp4, -1, -1, 56.3714285714286
ia-batch16/Life_of_the_Party_-_Guest_Matt_Proft_01.26.14.mp4, -1, -1, 71.1621621621622
ia-batch16/KalplerinKefi56.blm-KibrinKtl.mp4, -1, -1, 36.1388888888889
ia-batch16/archiveteam_videobot_twitter_com_743058805466923008.mp4, -1, -1, 65.10526315789471
ia-batch16/blmtwpmiv-Soup_and_Chicken_Enchiladas.mp4, -1, -1, 63.20588235294121
ia-batch16/HeatwaveKills90PeopleInLast72HoursInBihar.mp4, -1, -1, 51.59459459459461
ia-batch16/Going_Green_Show_July_2011.mp4, -1, -1, 52.257142857142895
ia-batch16/Abington_Girls_Junior_Varsity_Basketball_vs._Rockland_-_12_20_16.mp4, -1, -1, 53.6486486486487
ia-batch16/Candlepin_Bowling_at_the_old_American_Lanes..mp4, -1, -1, 53.67647058823529
ia-batch16/fctvma-Conservation_Commission_June_6_2018.mp4, -1, -1, 49.675675675675706
ia-batch16/lmtvtn-Access_Louisville_-_The_Mary_Miller_wfpark_BELLELOUISVILLE_louisvillemayor.mp4, -1, -1, 54.8888888888889
ia-batch16/Girls_Hockey_Highlights_-_7_SLP_vs_2_Centennial_2.9.19.mp4, -1, -1, 76.0
ia-batch16/Around_Athens_Steampunk_2014.mp4, -1, -1, 49.657894736842096
ia-batch16/Geneva_House_Relocation.mp4, -1, -1, 75.97142857142859
ia-batch16/Films_From_the_Archives_-_House_fire.mp4, -1, -1, 46.263157894736786
ia-batch16/Glory_Connection_Episode_101.mp4, -1, -1, 49.28571428571429
ia-batch16/ehmma-SchoolCommittee_12_11_12.mp4, -1, -1, 58.921052631579
ia-batch16/Lion_Around_CT_E297_Read_Aloud_Day_Harwinton.mp4, -1, -1, 59.29411764705879
ia-batch16/City_Council_Meeting_January_9_2012_Part_2.mp4, -1, -1, 52.47368421052629
ia-batch16/Durham_Stormwater_-_Nutrients.mp4, -1, -1, 55.34285714285711
ia-batch16/lctvma-Lynn_Water_Sewer_Commission_Special_Meeting_June_7_2017.mp4, -1, -1, 67.5
ia-batch16/i20110805mad.mp4, -1, -1, 54.6153846153846
ia-batch16/June_2013_council_connection.mp4, -1, -1, 48.7714285714286
ia-batch16/chtvma-Polygons_Are_Awesome_Everything_is_Awesome.mp4, -1, -1, 58.55882352941179
ia-batch16/alpcmi-LaPorte_County_Solid_Waste_District_Board_9-11.mp4, -1, -1, 66.3428571428571
ia-batch16/lexgtv3ky-Skatepark_1997.mp4, -1, -1, 53.44117647058821
ia-batch16/GoldeneyeFail.mp4, -1, -1, 50.1081081081081
ia-batch16/Dateline_Polk_-_April_3_2012.mp4, -1, -1, 52.9444444444444
ia-batch16/Infant_Pulse_Oximetry_Screening.mp4, -1, -1, 59.8611111111111
ia-batch16/FOTA1995OurLadyOfConsolation.mp4, -1, -1, 51.05882352941179
ia-batch16/EEVblog-849_20100623.mp4, -1, -1, 71.5675675675676
ia-batch16/Discussion_041012_Part_01.mp4, -1, -1, 54.25
ia-batch16/ctvmi-PAC_-Gearing_Elementary_Fri._Dec._13_2019.mp4, -1, -1, 51.6
ia-batch16/00BHB3.mp4, -1, -1, 46.0
ia-batch16/Budget_Committee_25apr17.mp4, -1, -1, 58.472222222222214
ia-batch16/AHS_GB_vs._Goodman-Pembine_3-15-14.mp4, -1, -1, 45.8529411764706
ia-batch16/gmcgc_webhard.mp4, -1, -1, 66.40625
ia-batch16/Forest_Park_City_Council_Meeting_of_April_17_2017.mp4, -1, -1, 48.085714285714296
ia-batch16/C-U_Mommy_Connection_Episode_37.mp4, -1, -1, 55.71428571428571
ia-batch16/hctmt-Out_of_the_Darkness_Campus_Walk_-_East_Helena.mp4, -1, -1, 49.4166666666667
ia-batch16/02.28.2019_Holy_Redeemer_School_Kaleidoscope_Concert.mp4, -1, -1, 62.264705882352885
ia-batch16/Brothers_BROR_-_Cherry_City_Music_Festival_CCTV_04-07-12.MPG.mp4, -1, -1, 63.70588235294121
ia-batch16/Gold_medalist_Anna_Tunnicliffe_is_ready_for_the_olympics..mp4, -1, -1, 52.81578947368421
ia-batch16/Lights_Camera_MO_CAP.mp4, -1, -1, 66.4736842105263
ia-batch16/etvmn-Eagan_High_School_Wrestling_vs_Lakeville_North_1-25-18.mp4, -1, -1, 59.5151515151515
ia-batch16/Conversations_208.mp4, -1, -1, 65.84848484848479
ia-batch16/grtvmiv-Early_Learning_Neighborhood_Collaborative.mp4, -1, -1, 58.4117647058824
ia-batch16/Abington_vs_Hull_-_Boys_Varsity_Basketball_-_01-10-12.mp4, -1, -1, 48.6470588235294
ia-batch16/At_The_Market_with_Bryan_Neiman_-_Chef_Grant_Achatz.mp4, -1, -1, 52.1944444444444
ia-batch16/County_Report_This_Week_10.18.10.mp4, -1, -1, 47.0
ia-batch16/Frederick_at_Its_Best_-_Fire_Ops_101.mp4, -1, -1, 79.3529411764706
ia-batch16/dctvtxv-The_Other_Side_Show_67_with_Snooze_Button_Factory.mp4, -1, -1, 57.5
ia-batch16/FOTA9517ManOnTheStreet01.mp4, -1, -1, 50.8787878787879
ia-batch16/Financing_Your_Future_Session_15_-_Avoid_Being_in_Debt_Forever.mp4, -1, -1, 60.5454545454546
ia-batch16/FOTA1995ManOnTheStreet04.mp4, -1, -1, 49.8571428571429
ia-batch16/grtvmiv-Mandolin_Orange_-_House_of_Stone.mp4, -1, -1, 70.6756756756757
ia-batch16/Flickr-26025173473.mp4, -1, -1, 68.3
ia-batch16/GRITtv_-_Who_s_Aiming_For_Social_Security.mp4, -1, -1, 65.9411764705882
ia-batch16/bmn-2017_International_Festival_of_Burnsville_-_Kalpulli_Yaocenoxtli.mp4, -1, -1, 57.435897435897395
ia-batch16/Home_Run_Derby_brings_out_the_fans_in_this_fun_lead-off_event.mp4, -1, -1, 75.55555555555559
ia-batch16/firetearsapartphiladelphiaautobodyshop.mp4, -1, -1, 70.4054054054054
ia-batch16/JonHaynesDemoReelmyDemoReelmov_0.mp4, -1, -1, 49.5625
ia-batch16/3027_847_InnerCityChurchofChrist_EP847.mp4, -1, -1, 49.6388888888889
ia-batch16/Konnichiwa_Murfreesboro_May_2_2016.mp4, -1, -1, 79.8648648648649
ia-batch16/Flickr-5203556526.mp4, -1, -1, 52.764705882352885
ia-batch16/090110SFR.mp4, -1, -1, 51.864864864864906
ia-batch16/07-21-12_SF_News_pt1.mp4, -1, -1, 48.6388888888889
ia-batch16/I_See_Grey_11_12_15.mp4, -1, -1, 56.97368421052629
ia-batch16/Honoring_the_Queen_Bee.mp4, -1, -1, 54.82352941176471
ia-batch16/Champlin_Park_vs._North_Branch_State_High_School_Volleyball.mp4, -1, -1, 50.472222222222214
ia-batch16/cornv-City_of_Reno_NV_Yori_Park_Lights.mp4, -1, -1, 45.914285714285704
ia-batch16/colrar-12th_Street_Jump_off_Presser_2018.mp4, -1, -1, 60.2285714285714
ia-batch16/Local_Students_Attend_Annual_Children_s_Water_Festival_Video.mp4, -1, -1, 62.24324324324329
ia-batch16/Kingsbury_Pond_Grist_Mill_-_Draft_Horses_Pulling_the_Turbine_10-25-2014.mp4, -1, -1, 62.5
ia-batch16/am-Amherst_Select_Board_6-13-12.mp4, -1, -1, 51.485714285714295
ia-batch16/July_4th_Press_Conference_2014.mp4, -1, -1, 57.1935483870968
ia-batch16/Dispose_of_your_yard_waste_with_the_City_of_Stillwater.mp4, -1, -1, 67.0294117647059
ia-batch16/Film_of_the_Century_of_the_Week_Episode_5.mp4, -1, -1, 56.0
ia-batch16/kfontvca-CPRS.mp4, -1, -1, 70.972972972973
ia-batch16/Flickr-16381762368.mp4, -1, -1, 68.70270270270271
ia-batch16/City_Council_9_19_16.mp4, -1, -1, 53.8529411764706
ia-batch16/cofrmd-Bike_to_Work_Day_-_2016_Recap.mp4, -1, -1, 72.82857142857141
ia-batch16/HerFirstAdventure1908.mp4, -1, -1, 40.8125
ia-batch16/gametrailers-2447_20120907.mp4, -1, -1, 54.4166666666667
ia-batch16/Golf_Blue_Heron_TODAY_Interview_with_the_Golf_Pro.mp4, -1, -1, 59.1388888888889
ia-batch16/12_News_September_5_2013.mp4, -1, -1, 63.4705882352941
ia-batch16/Gimme_Five_Family_Fitness_Day_-_May_16_2015.mp4, -1, -1, 73.5675675675676
ia-batch16/Hiaw-20070303DasDorf734.mp4, -1, -1, 52.9714285714286
ia-batch16/Flickr-8703032374.mp4, -1, -1, 61.584905660377395
ia-batch16/Athens_City_Council_Meeting_09-11-06.mp4, -1, -1, 58.9473684210526
ia-batch16/Healthy_Aging_Wellness_Expo_Oct_19.mp4, -1, -1, 59.0294117647059
ia-batch16/Flickr-4388669404.mp4, -1, -1, 70.6666666666667
ia-batch16/bratt2vt-Leland_and_Gray_School_Board_Meeting_1_8_13.mp4, -1, -1, 49.6666666666667
ia-batch16/Heart_For_The_City_-_Episode5.mp4, -1, -1, 55.5757575757576
ia-batch16/2015-10-26_Hingham_School_Committee.mp4, -1, -1, 51.7027027027027
ia-batch16/2017_Fiesta_Days_Flag_Retirement_Part_4.mp4, -1, -1, 63.6176470588235
ia-batch16/Last_Fling_Stage.mp4, -1, -1, 59.787878787878796
ia-batch16/02SallyGuys4.mp4, -1, -1, 46.10526315789479
ia-batch16/Inside_Fall_River_July_2012.mp4, -1, -1, 61.6216216216216
ia-batch16/Amber_s_Traveling_Massage.mp4, -1, -1, 58.1111111111111
ia-batch16/King_County_Drug_Court_s_20th_Anniversary_Celebration.mp4, -1, -1, 70.0
ia-batch16/Finneytown_High_School_Christmas_Concert.mp4, -1, -1, 42.4285714285714
ia-batch16/GaryJohnsonAndJillSteinDebate.mp4, -1, -1, 54.085714285714296
ia-batch16/Environment_MA_Press_Conference.mp4, -1, -1, 57.027777777777786
ia-batch16/Happy_MLK_Day.mp4, -1, -1, 55.35
ia-batch16/An_Osseo_High_School_student_nears_important_goal.mp4, -1, -1, 60.9705882352941
ia-batch16/City_Council_7_11_16.mp4, -1, -1, 58.0
ia-batch16/Harwich_RBLBB_Burt_Bacharach_Medley.mp4, -1, -1, 57.4571428571429
ia-batch16/American_Kitchen_-_Chicken_Poperkosh.mp4, -1, -1, 61.7837837837838
ia-batch16/bctvnh-The_Riddle_Brook_School_Rhythmics_-_Light_Up_the_World.mp4, -1, -1, 61.8
ia-batch16/COA20130321_-_WCBOL_Chair_On-Air_at_WVOX_Radio.mp4, -1, -1, 53.5428571428571
ia-batch16/Joliet_Salute_to_the_Blue_Parade_2017.mp4, -1, -1, 50.7567567567568
ia-batch16/2011_-_Bean_Wrestling_Classic_171_-_Scales_v_Sagan.mp4, -1, -1, 50.71428571428571
ia-batch16/coffeehouse_TCH_121_OBB1.mp4, -1, -1, 54.63636363636361
ia-batch16/Kimberly_Lane_Elementary_School_Tree_Planting.mp4, -1, -1, 60.4444444444444
ia-batch16/bratt2vt-Hemp_Is_Fully_Green.mp4, -1, -1, 52.526315789473706
ia-batch16/Globalcast-451VishalMangalwatiTheBiblicalBasisOfHope658.mp4, -1, -1, 58.128205128205096
ia-batch16/East_Cobb_Park_Celebration.mp4, -1, -1, 44.6111111111111
ia-batch16/cocoh-CTV_News_Briefs_-_Taste_the_Future.mp4, -1, -1, 50.7567567567568
ia-batch16/Bee_Stings_and_Allergies.mp4, -1, -1, 64.2285714285714
ia-batch16/Jaydedman-Public_Auto_Auction102.mp4, -1, -1, 54.0606060606061
ia-batch16/2017_OCTV_Christmas_Promo.mp4, -1, -1, 70.4857142857143
ia-batch16/Attorney-General_Candidate_Paul_Schimpf_R.mp4, -1, -1, 53.322580645161295
ia-batch16/Hip_Hop_and_All_That_Jazz.mp4, -1, -1, 63.7297297297297
ia-batch16/Liposuction_-_The_Good_Stuff.mp4, -1, -1, 78.2222222222222
ia-batch16/CarSetOnFireAtMayDayRallyInParis.mp4, -1, -1, 56.0
ia-batch16/Around_The_County_June_2010.mp4, -1, -1, 53.9428571428571
ia-batch16/lictvma-Cooking_With_Hoppy_Episode_6.mp4, -1, -1, 79.02941176470591
ia-batch16/ac12ia-Electric_Vehicle_Charging_Stations_FHlBfo1sd44.mp4, -1, -1, 64.3939393939394
ia-batch16/21_This_Week_-_Congressional_Debate_Over_Funding_Obamacare.mp4, -1, -1, 61.972222222222214
ia-batch16/7-6-2010_Budget_and_Finance_Committee.mp4, -1, -1, 52.764705882352885
ia-batch16/Flickr-5702310132.mp4, -1, -1, 68.6857142857143
ia-batch16/BMI_015_David_Hammond.mp4, -1, -1, 51.777777777777786
ia-batch16/gotvny-Ossining_Polar_Plunge_2019.mp4, -1, -1, 53.4166666666667
ia-batch16/KPD_POST_13_Graduation.mp4, -1, -1, 68.1621621621622
ia-batch16/FY13_Beer_Board_06_13_12.mp4, -1, -1, 55.0555555555556
ia-batch16/Flickr-5497846925.mp4, -1, -1, 64.88571428571429
ia-batch16/Agenda_-_Edina_-_Early_September_2012_-_Fall_into_the_Arts_Festival.mp4, -1, -1, 64.8
ia-batch16/How_Old_-_Celebrity_Edition_-_Season_1_Episode_1.mp4, -1, -1, 53.32352941176471
ia-batch16/Carroll_County_Freedom_Shrine_Rededication.mp4, -1, -1, 48.59459459459461
ia-batch16/Kitchencaravan-AppleCardamomVikingCake855-2.mp4, -1, -1, 67.88571428571429
ia-batch16/2008_Plymouth_Annual_Town_Meeting.mp4, -1, -1, 59.17647058823529
ia-batch16/elmasry87.mp4, -1, -1, 61.657142857142894
ia-batch16/Community_Journal_June_23.mp4, -1, -1, 55.34285714285711
ia-batch16/bliptv-20131013-173417-Black5video-ThroughATrainmansEyesCircusTrainOnConrailsBostonLine897.mp4, -1, -1, 50.085714285714296
ia-batch16/archiveteam_videobot_twitter_com_910229138786672641.mp4, -1, -1, 53.5428571428571
ia-batch16/CTN_Testimonial_-_Pat_McLaughlin.mp4, -1, -1, 59.5625
ia-batch17/Flickr-8232944099.mp4, -1, -1, 57.4571428571429
ia-batch17/blmtwpmiv-Free_Exercise_of_Religion.mp4, -1, -1, 61.82857142857139
ia-batch17/ctv3in-Public_Works_-_September_3rd_2019.mp4, -1, -1, 60.1621621621622
ia-batch17/Frog_Watch_USA_-_March_13th_14th.mp4, -1, -1, 70.4285714285714
ia-batch17/HCAM_News_7-15-2016.mp4, -1, -1, 56.3055555555556
ia-batch17/12_News_September_2_2016.mp4, -1, -1, 54.5833333333333
ia-batch17/avbcmi-Battle_Creek_Central_2016_Homecoming_Parade.mp4, -1, -1, 53.3513513513514
ia-batch17/Every_Movie_Ever_-_John_Wick.mp4, -1, -1, 77.6315789473684
ia-batch17/coeor-Planning_Commission_07-28-2014.mp4, -1, -1, 47.5
ia-batch17/Flickr-6123992331.mp4, -1, -1, 78.96875
ia-batch17/FilmsLumiere2.mp4, -1, -1, 35.6285714285714
ia-batch17/Abington_School_Building_Committee_-_5_10_16.mp4, -1, -1, 61.63636363636361
ia-batch17/islamway_1129.mp4, -1, -1, 61.1428571428571
ia-batch17/Abington_Senior_Athletic_Awards_-_5_31_17.mp4, -1, -1, 59.71428571428571
ia-batch17/ataqueterroristaennigeriadeja65muertos.mp4, -1, -1, 70.5263157894737
ia-batch17/am-Voices_from_Our_Schools_-_School_Safety_Special.mp4, -1, -1, 62.5
ia-batch17/George_O_Connor.mp4, -1, -1, 71.18918918918921
ia-batch17/Game_of_the_Week_Play_of_the_Game_-_Joel_Pastrana_47_Yard_TD_Catch.mp4, -1, -1, 52.7567567567568
ia-batch17/12_News_January_30_2014.mp4, -1, -1, 54.4444444444444
ia-batch17/Golden_Valley_Rotary_Club_Awards_Banquet.mp4, -1, -1, 54.914285714285704
ia-batch17/ectpa-ECTV_LIVE_November_18_2019_Forever_Sammi_Christmas_Clothing_Drive.mp4, -1, -1, 61.1176470588235
ia-batch17/Holiday_Greetings_2014_League_of_Women_Voters_of_Marion_and_Polk_Counties.mp4, -1, -1, 68.3888888888889
ia-batch17/Fringe_Farming_-_episode_2_Foodie_Farmers_at_Laughing_Dog_Farm.mp4, -1, -1, 56.3714285714286
ia-batch17/Golf_Courses.mp4, -1, -1, 60.722222222222214
ia-batch17/Judy_Brenner_local_Artist.mp4, -1, -1, 54.921052631579
ia-batch17/Boston_Neighborhood_Sports_-_8_13_12.mp4, -1, -1, 53.0285714285714
ia-batch17/Girlface.mp4, -1, -1, 37.972972972973
ia-batch17/3D_Technology_in_the_Service_of_Storytelling.mp4, -1, -1, 59.4571428571429
ia-batch17/It_s_All_Local-Bullying_MARC.mp4, -1, -1, 51.6111111111111
ia-batch17/AISD-TV_Sports_-_Week_of_2013-11-04.mp4, -1, -1, 53.4864864864865
ia-batch17/comid-Compton_House_Walking_Tour.mp4, -1, -1, 52.277777777777786
ia-batch17/Hopkins_football_already_on_the_practice_field.mp4, -1, -1, 55.5555555555556
ia-batch17/ectpa-Independence_Day_at_Nay_Aug_Park_July_4_2018.mp4, -1, -1, 55.9166666666667
ia-batch17/Gravity_and_Grace_at_Central_Place_Plaza.mp4, -1, -1, 54.9714285714286
ia-batch17/Home_Videos_-_The_3_Little_Kittens_Pigs.mp4, -1, -1, 53.3333333333333
ia-batch17/Dr._K_s_Motown_Revue_-_Sugar_Pie_Honey_Bunch.mov.mp4, -1, -1, 48.8055555555556
ia-batch17/gctvma-Vault_Next_Week_Promo_7_21_11.mp4, -1, -1, 47.264705882352885
ia-batch17/It_s_About_You_-_Summer_Athletics.mp4, -1, -1, 64.1666666666667
ia-batch17/Dog_of_the_Week_-_Jared.mp4, -1, -1, 74.69444444444441
ia-batch17/Adoptable_Pet_of_the_Week_-_Burma.mp4, -1, -1, 80.23684210526321
ia-batch17/Izzy_Doveburd_October_2012.mp4, -1, -1, 57.527777777777786
ia-batch17/gnatvt-The_News_Project_-_Voters_Approve_Budgets_Requests_at_Manchester_Town_Meeting.mp4, -1, -1, 70.7297297297297
ia-batch17/Library_Artist_2-18-10.mov.mp4, -1, -1, 60.2162162162162
ia-batch17/It_s_About_You_-_Camp_Will_Therapeutics.mp4, -1, -1, 64.6969696969697
ia-batch17/Interview_with_Angelo_Canepa.mp4, -1, -1, 53.9714285714286
ia-batch17/Abington_Co-Located_High_School_Groundbreaking_Ceremony_-_11_23_15.mp4, -1, -1, 51.9444444444444
ia-batch17/Associates_in_Professional_Counseling_Coaching.mp4, -1, -1, 64.6315789473684
ia-batch17/dni.ncaa.ICCR-2346-VHS.mp4, -1, -1, 35.7058823529412
ia-batch17/Goffstown_Grizzlies_Hockey_vs_Bedford_11_30_2013.mp4, -1, -1, 56.31578947368421
ia-batch17/1_30_14_Commission_Meeting_-_Part_2.mp4, -1, -1, 58.5
ia-batch17/Autism_Explored_pt._3_-_Doctor_and_Parent_Panel_Q_A.mp4, -1, -1, 53.31428571428571
ia-batch17/7_Days_of_Healthy_Eating.mp4, -1, -1, 51.6388888888889
ia-batch17/homemovieday2019.mp4, -1, -1, 57.1267605633803
ia-batch17/archiveteam_videobot_twitter_com_727602436009906176.mp4, -1, -1, 58.17142857142861
ia-batch17/cornv-10th_Annual_Reno_River_Festival_kicks_off_the_summer_events_season.mp4, -1, -1, 54.8571428571429
ia-batch17/August_16_2016_Council_Meeting.mp4, -1, -1, 41.8235294117647
ia-batch17/County_Executive_Ike_Leggett_Sets_70pct_Recycling_Goal.mp4, -1, -1, 59.9473684210526
ia-batch17/Founders_Day_Festival_Highlights_2013.mp4, -1, -1, 71.7894736842105
ia-batch17/Healthy_Heart_Month_CPR.mp4, -1, -1, 57.3529411764706
ia-batch17/Good_News_Enfield_-_Water_Pollution_Control_s_Open_House.mp4, -1, -1, 63.17142857142861
ia-batch17/Girls_Hockey_Centennial_vs_Maple_Grove.mp4, -1, -1, 57.8529411764706
ia-batch17/Issaquah_City_Council_-_June_17_2013.mp4, -1, -1, 51.264705882352885
ia-batch17/Let_the_Truth_Be_Told_10-19-14.mp4, -1, -1, 53.67647058823529
ia-batch17/cg_0142-Cobb_Prepares_for_Limited_Operations_Status_-_March_17_2020.mp4, -1, -1, 75.30555555555559
ia-batch17/cotga-Get_to_Know_Principal_Watts.mp4, -1, -1, 58.2702702702703
ia-batch17/2014_Maple_Grove_Geocache_Adventure.mp4, -1, -1, 62.6666666666667
ia-batch17/bliptv-20131015-021352-Cbr-CBRTVDougMahnkeReflectsOnGreenLanternTheMaskAndMore315.mp4, -1, -1, 68.14705882352939
ia-batch17/Every_Movie_Ever_-_The_Dog_Who_Saved_Halloween.mp4, -1, -1, 77.97142857142859
ia-batch17/DarioGrandinettiEnSpamNacionalRockCAMvZ7NK0.mp4, -1, -1, 63.761904761904795
ia-batch17/archiveteam_videobot_twitter_com_877923225996414976.mp4, -1, -1, 62.1081081081081
ia-batch17/Florence_01062_T-Shirts_-_What_s_Up_with_Those.mp4, -1, -1, 41.939393939393895
ia-batch17/Flickr-44783489805.mp4, -1, -1, 74.8157894736842
ia-batch17/Flickr-5017427949.mp4, -1, -1, 29.8
ia-batch17/a58ma-Conservation_Commission_7_24_19.mp4, -1, -1, 52.741935483871
ia-batch17/Highlight_Girls_Basketball_Osseo_vs_Centennial.mp4, -1, -1, 47.7105263157895
ia-batch17/frcmma-Hot_Jobs_--_Week_of_November_12_2018.mp4, -1, -1, 58.1388888888889
ia-batch17/BBGirls_Shoreline_02-11-14.mp4, -1, -1, 52.257142857142895
ia-batch17/LeonardoDicaprioHaber.mp4, -1, -1, 70.08571428571429
ia-batch17/Legal_Ease_-_154_Topics_from_Ayer_District_Court.mp4, -1, -1, 73.60526315789471
ia-batch17/ec16mn-Beyond_The_Badge_-_June_2018_-_MN_Task_Force_1.mp4, -1, -1, 65.14285714285711
ia-batch17/A_Snowplow-_Cool.mp4, -1, -1, 38.3055555555556
ia-batch17/Fracking_in_Marcellus_Shale_4-Part_Series.mp4, -1, -1, 69.1842105263158
ia-batch17/Athens_in_Bloom.mp4, -1, -1, 73.54054054054059
ia-batch17/Bennington_School_District_-_Budget_Results_-_6_11_13.mp4, -1, -1, 60.0833333333333
ia-batch17/Community_Center_Update_Mid_October_2016.mp4, -1, -1, 57.657142857142894
ia-batch17/hctvfl-Cardboard_Boat_Race_2014.mp4, -1, -1, 61.47368421052629
ia-batch17/LiveMusicArchive_603.mp4, -1, -1, 69.7777777777778
ia-batch17/Imaginario-cinanimaEntrevistaPedroSerrrazina770.mp4, -1, -1, 30.0555555555556
ia-batch17/Joe_Torry_Celebrity_Basketball_Challenge_Kickoff.mp4, -1, -1, 45.3333333333333
ia-batch17/Flickr-5429531916.mp4, -1, -1, 54.863636363636395
ia-batch17/gemliuchanightmarket_1.mp4, -1, -1, 39.5
ia-batch17/bratt2vt-Windham_Orchestra_-_9th_on_the_10_Latchis_7_10_11.mp4, -1, -1, 50.8888888888889
ia-batch17/Board_of_Selectmen_Meeting_7_28_09_Part_10.mp4, -1, -1, 41.8285714285714
ia-batch17/ahca-Eureka_High_School_Media_Production_-_Popcorn.mp4, -1, -1, 71.5277777777778
ia-batch17/laco.SCVTV.com_6_20_2011_Los_Angeles_County_-_LA_NOW_58.mp4, -1, -1, 49.2972972972973
ia-batch17/lictvma-SCHCMTE_05-24-2018.mp4, -1, -1, 55.3333333333333
ia-batch17/AArteDoDemnio.mp4, -1, -1, 55.0
ia-batch17/Lecture_-_Winter_Finery_Tea.mp4, -1, -1, 45.6
ia-batch17/hctvfl-Hollywood_Hills_High_School.mp4, -1, -1, 56.1176470588235
ia-batch17/Adventures_in_Murphry_s_Burrow_January_2019.mp4, -1, -1, 77.9090909090909
ia-batch17/Grassroots_-_APJN_30th_Anniversary.mp4, -1, -1, 41.3055555555556
ia-batch17/ctv3in-2015_Fayette_County_Free_Fair_Parade.mp4, -1, -1, 57.05882352941179
ia-batch17/Hopkins_vs._Prior_Lake_State_High_School_Volleyball.mp4, -1, -1, 51.0
ia-batch17/bagatelle7.mp4, -1, -1, 41.7027027027027
ia-batch17/Armstrong_Downs_Osseo_in_Girls_Tennis.mp4, -1, -1, 72.9189189189189
ia-batch17/gnatvt-Greater_Northshire_News_-_Episode_15.mp4, -1, -1, 53.6176470588235
ia-batch17/feirychaRstaRs-61_20140407.mp4, -1, -1, 41.75
ia-batch17/bliptv-20131031-142823-BaronVonStrange-GSUvBC871.mp4, -1, -1, 60.2285714285714
ia-batch17/BJV_VIKINGS_VS_CARDINALS_85_32.mp4, -1, -1, 47.4117647058824
ia-batch17/Flickr-5697156532.mp4, -1, -1, 64.7428571428572
ia-batch17/coatx-Austin_Lounge_Lizards_in_Concert.mp4, -1, -1, 72.7575757575758
ia-batch17/Cranberry_Parade_Part_2.mp4, -1, -1, 51.75
ia-batch17/gpatwy-North_By_Northeast_Carbon_Safe_Project.mp4, -1, -1, 70.8888888888889
ia-batch17/Aging_on_the_Suncoast_Grandparents_Relatives_Raising_Children.mp4, -1, -1, 62.4571428571429
ia-batch17/Inside_Boulder-_April_15_2016.mp4, -1, -1, 72.9736842105263
ia-batch17/Lets_Eat_Flying_Dog.mp4, -1, -1, 52.7297297297297
ia-batch17/Budget_Committee_06_09_2008_Newmarket_New_Hampshire.mp4, -1, -1, 40.8
ia-batch17/Ken_Gordon_-_Reading_Street_Faire_2009.mp4, -1, -1, 58.9705882352941
ia-batch17/Irondale_vs_BSM_Volleyball_10_8_13.mp4, -1, -1, 53.8918918918919
ia-batch17/comcktx-McKinney_is_Money_Magazine_s_5_Best_Place_to_Live.mp4, -1, -1, 49.44117647058821
ia-batch17/Fire_Station_Lights.mp4, -1, -1, 54.9714285714286
ia-batch17/2016_South_Central_High_School_Graduation_Ceremony.mp4, -1, -1, 54.257142857142895
ia-batch17/High_Drive_time_lapse_32nd_Avenue.mp4, -1, -1, 34.8823529411765
ia-batch17/archiveteam_videobot_twitter_com_702203117002055680.mp4, -1, -1, 57.6111111111111
ia-batch17/Discuss_Nanotechnology_4-9-12.mp4, -1, -1, 32.4857142857143
ia-batch17/cofrmd-Snow_Tips_and_Reminders_for_City_Residents.mp4, -1, -1, 59.55882352941179
ia-batch17/Abington_Selectmen_Meeting_2-27-12_-_Part_1.mp4, -1, -1, 60.47368421052629
ia-batch17/Arbor_Day_Celebration_at_Forest_Park_I.E._School_Joliet_Illinois..mp4, -1, -1, 48.027027027026996
ia-batch17/Graham_Middle_School_vs._Egan_-_-Boys_8th_grade_Basketball_2.28.13.mp4, -1, -1, 55.3529411764706
ia-batch17/Home_Videos_-_Indian_Pow_Wow.mp4, -1, -1, 35.0857142857143
ia-batch17/Go_Gilroy.mp4, -1, -1, 39.6857142857143
ia-batch17/cotga-Tucker_Football_Pep_Rally_December_1_2017.mp4, -1, -1, 49.3333333333333
ia-batch17/East_China_Township_Brd._June_6_2016.mp4, -1, -1, 52.764705882352885
ia-batch17/bratt2vt-Neighbor_to_Neighbor_-_Kathy_Waters.mp4, -1, -1, 57.7837837837838
ia-batch17/Beekeeping_Part_1-_Successful_Gardener_-_Cabarrus_CountyNC.mp4, -1, -1, 41.8421052631579
ia-batch17/Hearing_on_Whether_to_Ban_Legislative_Scholarship_Program.mp4, -1, -1, 52.0789473684211
ia-batch17/FreePeopleSearch_20140702.mp4, -1, -1, 63.71428571428571
ia-batch17/archiveteam_videobot_twitter_com_819276870180999168.mp4, -1, -1, 41.6285714285714
ia-batch17/Homecoming_2014-_SCHS.mp4, -1, -1, 50.1944444444444
ia-batch17/ClassicToonTheater8.mp4, -1, -1, 57.6944444444444
ia-batch17/Access_Framingham_s_2014_Volunteer_of_the_Year.mp4, -1, -1, 59.0833333333333
ia-batch17/Common_Council_5_2_2017.mp4, -1, -1, 55.9705882352941
ia-batch17/acfrma-Ham_Jams_with_Pretty_Rotten_-_After_All.mp4, -1, -1, 67.9714285714286
ia-batch17/Brooklyn_Park_volunteer_helps_others_beat_stress.mp4, -1, -1, 64.14705882352939
ia-batch17/kmvt-In_Our_Community_-_Duon_and_Bob_Zeroun_Fuller_Center_Armenia.mp4, -1, -1, 62.0909090909091
ia-batch17/Agenda_-_Edina_-_Braemar_Golf_Course_Delayed_Opening_-_Early_December_2017.mp4, -1, -1, 71.3513513513513
ia-batch17/Illinois_Pension_Costs_the_Squeeze_on_Education.mp4, -1, -1, 51.777777777777786
ia-batch17/hctmt-Balkan_Spring.mp4, -1, -1, 56.4117647058824
ia-batch17/lexgtv3ky-Vice-Mayor_Steve_Kay_Council_Comment_-_21c_Museum_Hotel.mp4, -1, -1, 75.64102564102559
ia-batch17/csdmd-Anne_Arundel_CC_vs_Harford_CC_Soccer.mp4, -1, -1, 37.0
ia-batch17/cobne-Arrows_to_Aerospace_Parade_2017.mp4, -1, -1, 38.3333333333333
ia-batch17/Let_s_Watch_with_the_Ann_Arbor_Film_Festival_-_Chris_Reilly.mp4, -1, -1, 69.9166666666667
ia-batch17/2014_Teacher_of_the_Year_Celebration_Dinner.mp4, -1, -1, 59.3939393939394
ia-batch17/Donya_Paula_Catherine_Russo_producer.mp4, -1, -1, 64.0263157894737
ia-batch17/Family_Day_2006.mp4, -1, -1, 47.28571428571429
ia-batch17/Gary_Redbird_louforward_LouPubWorks_louisvillemayor.mp4, -1, -1, 59.405405405405396
ia-batch17/Godspell_at_Saddleback_College.mp4, -1, -1, 65.1388888888889
ia-batch17/Goffstown_Zoning_Board_-_6_4_2013.mp4, -1, -1, 30.588235294117602
ia-batch17/Flickr-5155135823.mp4, -1, -1, 56.7714285714286
ia-batch17/Kids_Rebuild_a_Dune.mp4, -1, -1, 32.8888888888889
ia-batch17/Ko_Molokai_Keiki_o_ke_kai_-_Waialua_Molokai_-_2017.mp4, -1, -1, 59.212121212121204
ia-batch17/lawin-Low_Angle_Rescue_Training.mp4, -1, -1, 81.91428571428571
ia-batch17/Duluth_Central_Football.mp4, -1, -1, 31.7647058823529
ia-batch17/FluffeTalks-fishMurderFluffeeTalks290.mp4, -1, -1, 62.0555555555556
ia-batch17/2010_2011_Hudson_Raiders_Wrestling_vs_Eau_Claire_Memorial.mp4, -1, -1, 56.5
ia-batch17/lexgtv3ky-Lexington_Now_-_July_9_2018.mp4, -1, -1, 73.2285714285714
ia-batch17/01UltramanTaro17.mp4, -1, -1, 55.3333333333333
ia-batch17/Connecting_Communities_Nat_l_Night_Out.mp4, -1, -1, 63.4166666666667
ia-batch17/IMarriedJoanTheAllergy.mp4, -1, -1, 45.027777777777786
ia-batch17/Hope_Alive_Two_14B020.mp4, -1, -1, 59.0
ia-batch17/IlBodyItaliotaLive.mp4, -1, -1, 54.7714285714286
ia-batch17/Forgotten_2009.mp4, -1, -1, 54.3055555555556
ia-batch17/cohmiv-Downtown_Holland_Street_Performers.mp4, -1, -1, 64.05714285714289
ia-batch17/GRITtv_-_National_Conference_for_Media_Reform.mp4, -1, -1, 56.3055555555556
ia-batch17/gctvct-How_Plastics_Are_Affecting_Long_Island_Sound.mp4, -1, -1, 60.972222222222214
ia-batch17/j20110624mak.mp4, -1, -1, 38.81081081081079
ia-batch17/April_27_2017_Police_Fire_Commission_Meeting.mp4, -1, -1, 56.4117647058824
ia-batch17/electricsheep-flock-244-70000-2.mp4, -1, -1, 73.44444444444441
ia-batch17/Demolition_of_Pierce_Beach_Playground.mp4, -1, -1, 68.972972972973
ia-batch17/GM_Report_-_Week_of_6-25-07.mp4, -1, -1, 47.0
ia-batch17/Keep_Port_St._Lucie_Beautiful.mp4, -1, -1, 63.027777777777786
ia-batch17/CapeConvoAlfredGlover.mp4, -1, -1, 50.17647058823529
ia-batch17/Go_inside_the_light_rail_cars_control_center_and_garage_-_July_2011.mp4, -1, -1, 62.5555555555556
ia-batch17/alpcmi-Michigan_City_2019_Great_Lakes_Grand_Prix_Opening_Ceremony_8-1-19.mp4, -1, -1, 63.8684210526316
ia-batch17/Fun_At_the_Farm_-_Gifts_of_Love_and_Community_Farm_of_Simsbury.mp4, -1, -1, 49.3333333333333
ia-batch17/Action_Collab_Showcase_-_Reward_Assessment_Rubric_Wizard_BIF_2011.mp4, -1, -1, 63.68571428571429
ia-batch17/gctvct-A_Mythic_Sisterhood_-_Aphrodite.mp4, -1, -1, 58.4571428571429
ia-batch17/Flickr-30412778658.mp4, -1, -1, 63.75
ia-batch17/Lecture_-_Audubon_Tea.mp4, -1, -1, 50.0833333333333
ia-batch17/Access_Louisville_-_Cash_Saver_Market_Opens_louisvillemayor.mp4, -1, -1, 52.3783783783784
ia-batch17/FragmentenExperimentalVideo.mp4, -1, -1, 27.457142857142802
ia-batch17/Harold_Hattie_Bell_on_The_Roundball_Report_731.mp4, -1, -1, 58.0833333333333
ia-batch17/Binghimon.mp4, -1, -1, 52.7027027027027
ia-batch17/jackal-tas-2p-zyr2288aiqiyou.mp4, -1, -1, 66.4848484848485
ia-batch17/10-25-16_Door_County_Board_of_Supervisors_monthly_meeting.mp4, -1, -1, 59.212121212121204
ia-batch17/City_Council_4_15_13_Part_Two.mp4, -1, -1, 54.74285714285711
ia-batch17/Abington_Rail_Trail_Dedication_-_9_21_14.mp4, -1, -1, 49.57142857142861
ia-batch17/Flickr-4549864208.mp4, -1, -1, 51.428571428571395
ia-batch17/grampsbyadrianfogelin.mp4, -1, -1, 60.972222222222214
ia-batch17/Bennington_School_District_Board_-_3_7_12.mp4, -1, -1, 66.6388888888889
ia-batch17/Its_a_Two_Way_Street_Pedestrian_Safety.mp4, -1, -1, 52.82857142857139
ia-batch17/CTV_News_10-3-12.mp4, -1, -1, 60.8611111111111
ia-batch17/Fracking_In_Marcellus_Shale_4.mp4, -1, -1, 58.4166666666667
ia-batch17/Abington_School_Building_Committee_Meeting_-_4_16_15.mp4, -1, -1, 59.027027027026996
ia-batch17/It_s_News_to_Me_-_March_7_2014.mp4, -1, -1, 61.4705882352941
ia-batch17/Fort_Kent_Historical_Fort_Kent_Paintings_44m_49s.mp4, -1, -1, 49.9166666666667
ia-batch18/Goffstown_Board_of_Selectmen_-_12_03_2012.mp4, -1, -1, 47.82352941176471
ia-batch18/d8tvco-YCN_-_Your_City_Now_05-04-2018.mp4, -1, -1, 72.1351351351351
ia-batch18/cobor-Park_Resource_Officer_-_CC.mp4, -1, -1, 55.735294117647115
ia-batch18/LittleBirdie_201807.mp4, -1, -1, 54.15625
ia-batch18/bptvpa-SWPA_GOLDEN_GLOVES_CHAMPIONSHIPS_3_31_18_AT_ROYAL_PLACE.mp4, -1, -1, 56.0512820512821
ia-batch18/hailstormhitsantaritadosapucaibrazil.mp4, -1, -1, 60.5
ia-batch18/Lion_Around_CT_E276_14th_Annual_Harwington_Concert_for_Sight_pt2.mp4, -1, -1, 61.0
ia-batch18/blmtwpmiv-Protekted_Records.mp4, -1, -1, 42.9428571428571
ia-batch18/Longmont_Public_Library_Festival_April_7_-_20_2013.mp4, -1, -1, 67.0277777777778
ia-batch18/Cong._Jason_Smith_8-Mo_visits_Ste._Genevieve_8_19_14.mp4, -1, -1, 46.7837837837838
ia-batch18/bratt2vt-BUHS-TV_1_10_13.mp4, -1, -1, 49.025641025641
ia-batch18/Giants_vs_Bridgewater_A_Team_09_09_12.mp4, -1, -1, 55.527777777777786
ia-batch18/cobtx-Holiday_Magic_2009.mp4, -1, -1, 62.0882352941177
ia-batch18/ccmky-Muscle_Pump_-_Max_Interval_Training.mp4, -1, -1, 56.56756756756761
ia-batch18/Cupp_House_Project.mp4, -1, -1, 58.6111111111111
ia-batch18/Flickr-36583349631.mp4, -1, -1, 75.421052631579
ia-batch18/CFD_-_School_is_Back_in_Session.mp4, -1, -1, 55.57142857142861
ia-batch18/gctvma-Min_by_Min_Program_Dec.mp4, -1, -1, 48.0833333333333
ia-batch18/Flickr-6558196507.mp4, -1, -1, 64.0285714285714
ia-batch18/Flickr-41467897745.mp4, -1, -1, 68.85714285714289
ia-batch18/dni.ncaa.IGRMS-3B_404-BC.mp4, -1, -1, 56.5833333333333
ia-batch18/Board_of_Carroll_County_Commissioners_Open_Session_Morning_of_August_20_2015.mp4, -1, -1, 54.6666666666667
ia-batch18/Film_Production_in_Chicago.mp4, -1, -1, 60.1666666666667
ia-batch18/blmtwpmiv-LMD_Photography.mp4, -1, -1, 62.527777777777786
ia-batch18/Flickr-5309747897.mp4, -1, -1, 63.375
ia-batch18/Common_Council_9-12-16.mp4, -1, -1, 54.1428571428571
ia-batch18/Common_Council_Meeting_08_06_2013.mp4, -1, -1, 50.236842105263214
ia-batch18/FluffeTalks-GunzBoozeWeed1FluffeeTalks589.mp4, -1, -1, 56.027777777777786
ia-batch18/Focus_on_Health_-_Farmers_Markets.mp4, -1, -1, 51.735294117647115
ia-batch18/ectvil-Bloopers.mp4, -1, -1, 50.7027027027027
ia-batch18/bctvnh-Concerts_in_the_Park_2018_-_The_North_River_Band_-_August_15_2018.mp4, -1, -1, 61.135135135135094
ia-batch18/gnatvt-First_Baptist_Church_08.12.18.mp4, -1, -1, 61.82352941176471
ia-batch18/Flickr-6886675518.mp4, -1, -1, 59.8536585365854
ia-batch18/KMVT_Studio_Production_camp_-_June_21_2013.mp4, -1, -1, 57.4242424242424
ia-batch18/am-Winterfest_2012.mp4, -1, -1, 56.472222222222214
ia-batch18/Fall_Sports_Preview_2010.mp4, -1, -1, 62.421052631579
ia-batch18/dayoh-Dayton_Returns_to_Curbside_Loose_Leaf_Collection.mp4, -1, -1, 62.222222222222214
ia-batch18/Greater_Berks_Food_Bank_8-2-18.mp4, -1, -1, 58.82857142857139
ia-batch18/cc4ia-Economic_Development_Committee_Meeting_of_10_29_2018.mp4, -1, -1, 67.81081081081078
ia-batch18/Board_of_Education_-_July_23_2012.mp4, -1, -1, 54.264705882352885
ia-batch18/hctvma-4-11-2016_School_Committee_Town_of_Harvard.mp4, -1, -1, 59.736842105263214
ia-batch18/archiveteam_videobot_twitter_com_743152894078181376.mp4, -1, -1, 52.9714285714286
ia-batch18/Community_Journal_April_14.mp4, -1, -1, 63.6216216216216
ia-batch18/Livonia_City_Council_Regular_Meeting_-_October_2_2017.mp4, -1, -1, 77.8571428571429
ia-batch18/JDLasicaTheStarIslanders.mp4, -1, -1, 60.657142857142894
ia-batch18/bctvpa-bctv.org_Live_Stream.mp4, -1, -1, 60.6111111111111
ia-batch18/Flickr-3413989137.mp4, -1, -1, 62.0571428571429
ia-batch18/ACORN_-_Community_and_Micro_Hydroelectric_Power_3_21_12.mp4, -1, -1, 55.31578947368421
ia-batch18/Duke_Ellington_Music_from_the_Sacred_Concerts.mp4, -1, -1, 56.3333333333333
ia-batch18/Father_Son_Horses_and_Games.mp4, -1, -1, 50.8378378378378
ia-batch18/lctvma-Lynn_City_Council_Meeting_December_12_2017.mp4, -1, -1, 51.3611111111111
ia-batch18/Live_Work_Play.mp4, -1, -1, 63.2162162162162
ia-batch18/Flickr-43142490174.mp4, -1, -1, 69.4411764705882
ia-batch18/Guilford_s_375th_Generation_Jubilee.mp4, -1, -1, 55.612903225806505
ia-batch18/1994_North_Reading_High_School_Graduation_Part_3.mp4, -1, -1, 57.6216216216216
ia-batch18/ChurchChrist14B012.mp4, -1, -1, 49.17142857142861
ia-batch18/Deadman_Dancing.mp4, -1, -1, 57.921052631579
ia-batch18/Cook_This_Tammy_Mollo_-_After_School_Snacks.mp4, -1, -1, 60.735294117647115
ia-batch18/IMPD_Profile_of_Officer_Monica_Hodge.mp4, -1, -1, 64.35294117647061
ia-batch18/bmn-Dakota_Valley_Recycling_-_Green_Business_Workshop_9-13-2011_Part_Two.mp4, -1, -1, 70.57575757575759
ia-batch18/Flickr-5481098765.mp4, -1, -1, 66.375
ia-batch18/blmtwpmiv-Stroke_-_Causes_and_Treatments.mp4, -1, -1, 47.1944444444444
ia-batch18/gotvny-Make_Music_Day_2018_-_Part_1.mp4, -1, -1, 55.235294117647115
ia-batch18/laco.SCVTV.com_12_12_2011_Los_Angeles_County_News_-_LA_NOW_82.mp4, -1, -1, 50.794871794871796
ia-batch18/Healthy_City_Fall_River-_January_2013.mp4, -1, -1, 50.31428571428571
ia-batch18/Duxbury_2013_July_4th_Parade.mp4, -1, -1, 48.0294117647059
ia-batch18/Goffstown_Board_of_Selectmen_-_8_16_2010.mp4, -1, -1, 51.59459459459461
ia-batch18/Council_On_Aging_Scam_Awareness.mp4, -1, -1, 65.5625
ia-batch18/cotfl-City_Commission_Meeting_-_August_22_2012.mp4, -1, -1, 47.8611111111111
ia-batch18/FourthAnnualDominicanFilmFestivalSpanishVersion.mp4, -1, -1, 70.5945945945946
ia-batch18/Little_Jack_Horner.mp4, -1, -1, 74.1428571428571
ia-batch18/CivilianConstitutionalMilitia--SpeakingAtTheUsSenate.mp4, -1, -1, 53.875
ia-batch18/Lakeville_Kids_Government_June_2015.mp4, -1, -1, 66.15151515151521
ia-batch18/Around_Athens_MuseumTalk_and_Fracking_Benefit.mp4, -1, -1, 41.1666666666667
ia-batch18/Happy_2013_from_the_Town_of_Penfield.mp4, -1, -1, 72.2058823529412
ia-batch18/HL_Blaine_at_St._Michael-Albertville_-_9_7_18.mp4, -1, -1, 60.972222222222214
ia-batch18/corvav-Mobile_Data_Equipment_-_Produced_by_RVTV-3.mp4, -1, -1, 61.5833333333333
ia-batch18/Living_History_Pam_Rich_Part_2.mp4, -1, -1, 64.7567567567568
ia-batch18/Bob_Calhoun_with_St._Lucie_Habitat_for_Humanity.mp4, -1, -1, 57.84375
ia-batch18/gpsu-Connect_-_Kalamazoo_City_Retirements.mp4, -1, -1, 59.527777777777786
ia-batch18/100AosDeLaCnef.mp4, -1, -1, 68.8888888888889
ia-batch18/Goffstown_Board_of_Selectmen_-_3_11_2013.mp4, -1, -1, 37.3333333333333
ia-batch18/bratt2vt-The_Snaz_and_Lux_Deluxe_at_Headroom_Stages.mp4, -1, -1, 50.722222222222214
ia-batch18/City_of_Lathrop_City_Council_Meeting_-_August_6_2012.mp4, -1, -1, 54.6666666666667
ia-batch18/Illinois_Chamber_of_Commerce_Endorses_Rodney_Davis.mp4, -1, -1, 48.3529411764706
ia-batch18/2015_AISD_Basketball_-_Summit_Jaguars_vs._Seguin_Cougars.mp4, -1, -1, 52.6470588235294
ia-batch18/cogal-Gadsden_City_Council_Meeting_2014-09-09.mp4, -1, -1, 44.9714285714286
ia-batch18/07_17_2012_Council_Announcements.mp4, -1, -1, 60.2
ia-batch18/Farmington_community_Library.mp4, -1, -1, 60.735294117647115
ia-batch18/Blizzard_2015_-_Keeping_our_Roads_Clear.mp4, -1, -1, 58.0571428571429
ia-batch18/Garden_Club_Memorial_Day_Sale_2015.mp4, -1, -1, 46.8529411764706
ia-batch18/Fairfax_County_s_Rain_Barrels.mp4, -1, -1, 65.4166666666667
ia-batch18/Beading_with_Anne_Marie_-_Episode_4.mp4, -1, -1, 75.3428571428571
ia-batch18/City_of_Reading_Zoning_Hearing_Board_Meeting_January_13th_2016.mp4, -1, -1, 47.9444444444444
ia-batch18/Islam1Net.mp4, -1, -1, 54.31428571428571
ia-batch18/CTV_Sports_-_Athlete_of_the_Week_Kaitlyn_Young_Jailyn_Ivey.mp4, -1, -1, 59.4444444444444
ia-batch18/Hawaiian_Falls_Fun_2013.mp4, -1, -1, 70.4285714285714
ia-batch18/Help_14B_011.mp4, -1, -1, 32.4166666666667
ia-batch18/hctmt-1p1e1_Gallery_-_B_W_-_Maureen_Cole.mp4, -1, -1, 55.5428571428571
ia-batch18/coeor-City_Council_Work_Session_07-20-2011.mp4, -1, -1, 52.257142857142895
ia-batch18/Healthy_Fontana_Air_Walk.mp4, -1, -1, 56.8484848484849
ia-batch18/archiveteam_videobot_twitter_com_783802437748584448.mp4, -1, -1, 51.472222222222214
ia-batch18/Goffstown_Budget_Committee_-_3_15_2011.mp4, -1, -1, 49.28571428571429
ia-batch18/Gateway_Classic_-_Larry_Hughes_All_Star_Awards.mp4, -1, -1, 55.5
ia-batch18/Forest_Park_Business_Journal_-_November.mp4, -1, -1, 41.257142857142895
ia-batch18/Board_of_Selectmen_-_09-18-2014.mp4, -1, -1, 54.8888888888889
ia-batch18/Flickr-40138322365.mp4, -1, -1, 66.2325581395349
ia-batch18/archiveteam_videobot_twitter_com_878008282673168384.mp4, -1, -1, 61.6944444444444
ia-batch18/Council_August_15_2016.mp4, -1, -1, 39.0833333333333
ia-batch18/Island_Focus_-_Glenn_Wakai.mp4, -1, -1, 74.3513513513513
ia-batch18/Gaithersbug_Book_Festival_2013_-_Mark_Shriver.mp4, -1, -1, 59.5294117647059
ia-batch18/CTV_News_4_28_18.mp4, -1, -1, 61.5757575757576
ia-batch18/Catholic_Mass_from_the_Church_of_Ste._Genevieve_Mo_4_09_17.mp4, -1, -1, 55.82352941176471
ia-batch18/Freedom_of_Expression_-_How_Google_Sees_the_World.mp4, -1, -1, 62.63636363636361
ia-batch18/Dog_of_the_Week_-_Bronco_the_Rottweiler_Mix.mp4, -1, -1, 74.44444444444441
ia-batch18/Galaxaar_-_A_Market_of_Intergalactic_Proportions.mp4, -1, -1, 72.2647058823529
ia-batch18/Forgotten_Voices_-_Sophie_Scholl.mp4, -1, -1, 54.0
ia-batch18/facebook-384704155677449.mp4, -1, -1, 64.5277777777778
ia-batch18/gpatoh-First_Presbyterian_Church_Service_12_10_2017.mp4, -1, -1, 44.32352941176471
ia-batch18/japanpoliceusedthismiitocatchacriminal.mp4, -1, -1, 46.4
ia-batch18/2018_SW_Ohio_Swim_Classic_Girls_50_yd_Breaststroke_Heat_2.mp4, -1, -1, 73.7777777777778
ia-batch18/i20100928mad.mp4, -1, -1, 55.63636363636361
ia-batch18/First_Church_of_the_Naz._5-15-16.mp4, -1, -1, 50.3888888888889
ia-batch18/Alice_Jazz_Cultural_Society.mp4, -1, -1, 76.0
ia-batch18/K9_Corner_11.13_-_Torrance_CitiCABLE_-_October_2013.mp4, -1, -1, 50.11428571428571
ia-batch18/FloydPattersonVsTomMcneeley.mp4, -1, -1, 39.5526315789474
ia-batch18/Larry_and_the_Librarian.mp4, -1, -1, 43.5526315789474
ia-batch18/Flickr-6054241323.mp4, -1, -1, 69.9722222222222
ia-batch18/Local_Business_Features_Handmade_Apparel_from_Africa.mp4, -1, -1, 68.56756756756761
ia-batch18/09-18-13_Hawks_Volleyball_vs_Lummi_Nation_Lady_Blackhawks.mp4, -1, -1, 61.24324324324329
ia-batch18/laco.SCVTV.com_Summer_2012_Metro_Motion_36_Los_Angeles_County_Metropolittan_Transportation_Authori.mp4, -1, -1, 59.1428571428571
ia-batch18/Fossils_in_Boca_Ciega_Park.mp4, -1, -1, 64.7647058823529
ia-batch18/Free_Family_Movie_Nights_in_QAC.mp4, -1, -1, 71.5789473684211
ia-batch18/brattvvt-Brattleboro_Housing_Partnership_Meeting_3_19_18.mp4, -1, -1, 49.0882352941177
ia-batch18/archiveteam_videobot_twitter_com_917434950286217217.mp4, -1, -1, 46.0285714285714
ia-batch18/Fulton_Today_-_February_9th_2015.mp4, -1, -1, 60.5135135135135
ia-batch18/Champlin_Park_boys_basketball_interview.mp4, -1, -1, 57.324324324324294
ia-batch18/Film-P4.mp4, -1, -1, 65.85
ia-batch18/kodakSalesTrainingConference.mp4, -1, -1, 43.428571428571395
ia-batch18/Bennington_School_District_Board_-_4_2_14.mp4, -1, -1, 58.3055555555556
ia-batch18/Flickr-4781125672.mp4, -1, -1, 60.05882352941179
ia-batch18/coelptx-ESD_Earth_Day_Celebration.mp4, -1, -1, 61.89473684210521
ia-batch18/Duluth_vs_St._Louis_Park_Boys_Lacrosse_Championship_Champ_6_7_14.mp4, -1, -1, 47.8571428571429
ia-batch18/Aurora_City_Council_Study_Session_March_17_2014.mp4, -1, -1, 49.57142857142861
ia-batch18/Happenings_Around_Woburn_-_March_31_2014.mp4, -1, -1, 59.675675675675706
ia-batch18/2008_2009_Hudson_Raiders_Wrestling_vs_EC_North.mp4, -1, -1, 47.7837837837838
ia-batch18/csdmd-Patterson_Mill_vs_Oakdale_Boys_Lacrosse_2A_1A_State_Semifinal_5-18-13.mp4, -1, -1, 50.3529411764706
ia-batch18/Disaster_Training_Center_Grand_Opening.mp4, -1, -1, 57.8378378378378
ia-batch18/Dialogue_with_Litton_Franklin_D_Roosevelt_Jr_PART_TWO.mp4, -1, -1, 57.5294117647059
ia-batch18/KELLYTV-CHRISBROWNFTPAININKISSKISS245-5.mp4, -1, -1, 65.0909090909091
ia-batch18/3rd_Annual_Shirley_Ave_Festival.mp4, -1, -1, 78.71428571428571
ia-batch18/lmctvnyv-LMC_Varsity_Sports_Play_of_the_Week_-_The_Local_Live_244_-_1_31_19.mp4, -1, -1, 69.05714285714289
ia-batch18/kgemca-Pasadena_Student_Protest_Ferguson_Mo_Grand_Jury_Decision.mp4, -1, -1, 45.6666666666667
ia-batch18/Football_Play_of_the_Week_-_October_5th_2012.mp4, -1, -1, 45.5
ia-batch18/AfterSchool_PSA_Jon_Grant_Farmington_Hills.mp4, -1, -1, 47.3888888888889
ia-batch18/ictvil-Gery_Chico_D_Candidate_for_Mayor_of_Chicago.mp4, -1, -1, 66.42424242424241
ia-batch18/JLevyMJBJrdaFifthPart3CandyLand.mp4, -1, -1, 40.8055555555556
ia-batch18/Henie_Hills_Experience.mp4, -1, -1, 46.428571428571395
ia-batch18/Duck_Village_Stage_Sessions_-_with_guests_TJ_and_the_Revenge_Session_1.mp4, -1, -1, 62.8529411764706
ia-batch18/08.18.2015_Marshall_News_and_Views.mp4, -1, -1, 52.05882352941179
ia-batch18/archiveteam_videobot_twitter_com_742885618406068224.mp4, -1, -1, 65.7272727272727
ia-batch18/Goffstown_Schools_Halloween_Parade_-_2014.mp4, -1, -1, 74.6
ia-batch18/coeor-City_Council_Work_Session_04-16-2014.mp4, -1, -1, 47.8333333333333
ia-batch18/Football_-_Blaine_vs_Mounds_View_4_5AAAAAA_Crossover.mp4, -1, -1, 50.871794871794904
ia-batch18/Animal_Control_FAQ.mp4, -1, -1, 48.5833333333333
ia-batch18/cmcnbca-Wow_Wee_Kazowie.mp4, -1, -1, 63.68571428571429
ia-batch18/Hope072912.mp4, -1, -1, 57.027777777777786
ia-batch18/Keeping_It_Green_Episode_6.mp4, -1, -1, 62.57142857142861
ia-batch18/Alive_Buzz_List_2011.mp4, -1, -1, 64.25
ia-batch18/Fossil_Free_by_33.mp4, -1, -1, 60.25
ia-batch18/hc18ma-Tour_de_Trash_Promo.mp4, -1, -1, 51.3333333333333
ia-batch18/IUOMA-OranjeFansWaitingForTrainToAmsterdam508.mp4, -1, -1, 51.57142857142861
ia-batch18/hcamma-Hillers_Girls_LAX_Highlights_VS_Mansfield_4-18-2019.mp4, -1, -1, 68.4
ia-batch18/bctvpa-Making_Digital_Music_4-8-19.mp4, -1, -1, 66.41176470588239
ia-batch18/Lion_Around_CT_E264_CRIS_Radio_pt_2.mp4, -1, -1, 56.2105263157895
ia-batch18/Home_Videos_-_Final_Friday_May_2014.mp4, -1, -1, 56.44117647058821
ia-batch18/islamway_1118.mp4, -1, -1, 65.1944444444444
ia-batch18/bliptv-20131011-204919-918thefan-PressReleaseCodeOfPrincessCoOpTrailer911.mp4, -1, -1, 60.2105263157895
ia-batch18/Lifestreams_-_Episode_55.mp4, -1, -1, 57.4571428571429
ia-batch18/archiveteam_videobot_twitter_com_737397939744608256.mp4, -1, -1, 55.0555555555556
ia-batch18/cnbma-Vietnam_Vets_Memorial.mp4, -1, -1, 67.35294117647061
ia-batch18/gnatvt-Shift_Your_Mind_-_A_Bump_in_the_Road.mp4, -1, -1, 70.8684210526316
ia-batch18/FuckTheNWords.mp4, -1, -1, 46.9428571428571
ia-batch18/Flickr-4159815324.mp4, -1, -1, 66.6041666666667
ia-batch18/Flickr-5542359248.mp4, -1, -1, 77.7272727272727
ia-batch18/FoxOnAHillearthworkMusicAtWealthyTheatre5.mp4, -1, -1, 58.0285714285714
ia-batch18/Hudson_City_Council_February_4_2010.mp4, -1, -1, 45.9117647058824
ia-batch18/Journey_to_Health_June_2015.mp4, -1, -1, 71.2058823529412
ia-batch18/Goffstown_Planning_Board_-_4_11_2013.mp4, -1, -1, 47.9705882352941
ia-batch18/Cape_Light_Compact_Small_Business_Part_2.mp4, -1, -1, 55.3611111111111
ia-batch18/cocva-Chesapeake_Meals_on_Wheels.mp4, -1, -1, 66.0
ia-batch18/Flickr-4260115968.mp4, -1, -1, 68.4545454545455
ia-batch18/Ashland_Selectboard_2_21_12.mp4, -1, -1, 47.59459459459461
ia-batch18/Discovery_Center_Programs_Newsbreak.mp4, -1, -1, 69.1176470588235
ia-batch18/AHS_GB_vs._Elk_Mound_2-14-15.mp4, -1, -1, 47.8888888888889
ia-batch18/Flickr-5723877389.mp4, -1, -1, 55.32352941176471
ia-batch18/Listening_Post_10-06-16_with_special_guests_Deacon_Black_and_Leslie_Nigles.mp4, -1, -1, 66.55
ia-batch18/Harwich_Channel_18_Presents_-_You_re_a_Grand_Old_Flag.mp4, -1, -1, 54.74285714285711
ia-batch18/lionking-tas-tompa.mp4, -1, -1, 21.0
ia-batch18/2012_Wellesley_High_School_Football_Season_Preview.mp4, -1, -1, 58.657142857142894
ia-batch18/archiveteam_videobot_twitter_com_619304284103032832.mp4, -1, -1, 50.675675675675706
ia-batch18/gcamma-Granby_MA_Selectboard_Meeting_01-20-15.mp4, -1, -1, 52.4
ia-batch18/electricsheep-flock-244-80000-4.mp4, -1, -1, 67.8055555555556
ia-batch18/Hudson_Public_Safety_November_10_2016.mp4, -1, -1, 52.4
ia-batch18/GRITtv_-_Michael_Moore_-_Creating_the_Middle_Class.mp4, -1, -1, 55.0555555555556
ia-batch18/Abington_LIONS_Million_Penniy_Collection_Unveiling_-_11_16_14.mp4, -1, -1, 58.71428571428571
ia-batch18/Lingen_catches_five_passes_in_bowl_win.mp4, -1, -1, 59.6944444444444
ia-batch18/Local_Living_Mothers_Day_Recipe.mp4, -1, -1, 58.6944444444444
ia-batch18/Flickr-36331825394.mp4, -1, -1, 69.14285714285711
ia-batch18/Condoleezza_Rice_Was_Almost_Linebacker.mp4, -1, -1, 58.4571428571429
ia-batch18/InsaLookingLove.mp4, -1, -1, 69.5526315789474
ia-batch18/April_5th_2016_Council_Meeting.mp4, -1, -1, 43.0526315789474
ia-batch18/FoxOnAHillearthworkMusicAtWealthyTheatre6.mp4, -1, -1, 56.56756756756761
ia-batch18/2022_006_00106_MarkLittlefield_Episode2_DroppingEggsInSchool.mp4, -1, -1, 39.971428571428596
ia-batch18/25th_Anniversary_Sister_City_Event.mp4, -1, -1, 66.6774193548387
ia-batch18/2015_Seguin_High_School_Graduation.mp4, -1, -1, 50.857142857142804
ia-batch18/Lakeville_-_Minnesota_Wild_Our_Ice_Promotion.mp4, -1, -1, 71.972972972973
ia-batch18/Grandview_Area_Walking_Tour_with_Chuck_Marohn_from_Strong_Towns.mp4, -1, -1, 56.969696969697
ia-batch18/cogco-Real_or_Rumor_-_Greeley_is_Headed_to_Outer_Space_115.mp4, -1, -1, 54.3783783783784
ia-batch18/In_the_Eyes_of_a_Dog.mp4, -1, -1, 54.5555555555556
ia-batch19/Abington_vs._Cohasset_Girls_Junior_Varsity_Basketball_-_2_8_18.mp4, -1, -1, 47.9428571428571
ia-batch19/IranianStateRunPressCheersAntifaViolence.mp4, -1, -1, 67.7647058823529
ia-batch19/Lakeville_Kids_Government_December_2012.mp4, -1, -1, 58.94117647058821
ia-batch19/IU_East_Red_Wolves_vs_Marian_University_Knights_Volleyball_Promo.mp4, -1, -1, 58.3888888888889
ia-batch19/archiveteam_videobot_twitter_com_794223759699877888.mp4, -1, -1, 40.054054054054106
ia-batch19/bptvpa-Bethel_Park_Community_Day_2014_Part_1.mp4, -1, -1, 49.0571428571429
ia-batch19/Angels_Camp_AC_City_Council_meeting_1_2_2018.mp4, -1, -1, 43.5789473684211
ia-batch19/Action_Collab_Showcase_-_iLEAP_BIF_2011.mp4, -1, -1, 59.8055555555556
ia-batch19/Henderson_Job_Fair_a_Success.mp4, -1, -1, 78.55555555555559
ia-batch19/2015_002_CEOCafe_v2_ClaytonMcWhorter.mp4, -1, -1, 62.454545454545496
ia-batch19/Herrmann_Radon_PSA_2012.mp4, -1, -1, 57.263157894736786
ia-batch19/Flickr-5047841240.mp4, -1, -1, 78.02941176470591
ia-batch19/GHS_Basketball_vs_Hill_House_2016.mp4, -1, -1, 52.82857142857139
ia-batch19/Lakeville_Kids_Government_December_2013.mp4, -1, -1, 58.264705882352885
ia-batch19/Did_You_Know_1_-_Mosquito_Control.mp4, -1, -1, 57.32352941176471
ia-batch19/Abington_Center_Aerial_10_30_15_-_No_Audio.mp4, -1, -1, 73.17647058823529
ia-batch19/blmtwpmiv-All_About_Judges.mp4, -1, -1, 60.4
ia-batch19/FNCS_Sneak_Peek_OSG.mp4, -1, -1, 62.257142857142895
ia-batch19/Helping_Hands_July_2015.mp4, -1, -1, 63.3823529411765
ia-batch19/05-19-15_Sister_Bay.mp4, -1, -1, 57.9393939393939
ia-batch19/Flickr-4424460730.mp4, -1, -1, 50.96875
ia-batch19/archiveteam_videobot_twitter_com_747237480081022977.mp4, -1, -1, 41.3333333333333
ia-batch19/2011_Greenville_Poinsettia_Christmas_Parade_Part_3.mp4, -1, -1, 45.8333333333333
ia-batch19/gbtv_19944521_1200K.mp4, -1, -1, 68.8888888888889
ia-batch19/Girls_200_Medlay_Relay_GVC_Swimming_Districts_2016.mp4, -1, -1, 61.79411764705879
ia-batch19/AIF_09_-_In_Conversation_with_Austan_Goolsbee_1.mp4, -1, -1, 64.6111111111111
ia-batch19/Game_On_60.mp4, -1, -1, 67.85714285714289
ia-batch19/gnatvt-Mono_-_Math_and_Elegy_with_a_Swear_Word_by_Bianca_Stone_read_by_Steve_Dunning.mp4, -1, -1, 50.68571428571429
ia-batch19/Laurel_Concert_Series_-_Pa_Gozar_Latin_Band.mp4, -1, -1, 46.9705882352941
ia-batch19/170918_Council.mp4, -1, -1, 57.5555555555556
ia-batch19/3027_853_InnerCityChurchofChrist_EP853.mp4, -1, -1, 48.0571428571429
ia-batch19/FirstNightPromo03.mp4, -1, -1, 56.44117647058821
ia-batch19/Living_Within_the_Natural_Economy.mp4, -1, -1, 52.15625
ia-batch19/Fermi_Reuse_Community_ConversationII_2_24_2016.mp4, -1, -1, 62.5
ia-batch19/Amazing_Art_Show_96_-_Youth_Art_Encounters_2015.mp4, -1, -1, 62.914285714285704
ia-batch19/hc18ma-Finance_Committee_Meeting_February_28_2019.mp4, -1, -1, 61.6176470588235
ia-batch19/cocva-Official_City_of_Chesapeake_Information_sources.mp4, -1, -1, 57.8333333333333
ia-batch19/ectpa-Lackawanna_County_Commissioners_May_17_2017.mp4, -1, -1, 54.59375
ia-batch19/Franklin_Township_NJ_Somerset_County_December_6_2017_Planning_Board_Meeting.mp4, -1, -1, 59.75
ia-batch19/Honor30_rev.mov.mp4, -1, -1, 45.0909090909091
ia-batch19/Farmshed_-_How_it_Got_Started_in_Stevens_Point.mp4, -1, -1, 53.3103448275862
ia-batch19/Aquatic_Vegetation.mp4, -1, -1, 49.3939393939394
ia-batch19/comid-This_Week_in_Meridian_-_Nov._20_-_26.mp4, -1, -1, 66.7435897435898
ia-batch19/i20101011mad.mp4, -1, -1, 47.2285714285714
ia-batch19/gctvct-Guilford_Citizens_Day_Parade_2016.mp4, -1, -1, 51.0
ia-batch19/Every_Movie_Ever_-_The_Beautician_and_the_Beast.mp4, -1, -1, 59.68571428571429
ia-batch19/Let_s_Move_-_Celebration_of_Fitness.mp4, -1, -1, 57.5
ia-batch19/APN_Ending_Extreme_Inequality_-_Extended.mp4, -1, -1, 71.9210526315789
ia-batch19/Golden_Valley_Seniors_Program.mp4, -1, -1, 59.0571428571429
ia-batch19/Holiday_Bash_Tree_Lighting.mp4, -1, -1, 65.2162162162162
ia-batch19/Get_Out_140_-_MindfulNest.mp4, -1, -1, 62.0810810810811
ia-batch19/bliptv-20131013-003819-1687inc-THEFACTSVincenzoPart1Rehearsal120.mp4, -1, -1, 63.8
ia-batch19/archiveteam_videobot_twitter_com_867477410475900930.mp4, -1, -1, 51.6
ia-batch19/cogok-HIT_THE_BRICKS_WEEK_2_VODCAST.mp4, -1, -1, 77.625
ia-batch19/ctvcoh-WH_183.mp4, -1, -1, 56.9459459459459
ia-batch19/Joliet_Police_Awards_2015.mp4, -1, -1, 61.0833333333333
ia-batch19/corrtx-RRFD_High-Angle_Rescue_7_17_2015.mp4, -1, -1, 53.82857142857139
ia-batch19/Historic_District_Commision_2.4.15.a.mp4, -1, -1, 54.82352941176471
ia-batch19/BOL_Minority_Leader_Maisano_s_remarks_at_2011_WCA_Breakfast_with_Legislators.mp4, -1, -1, 49.764705882352885
ia-batch19/It_s_Something_by_Mike_Heffernan.mp4, -1, -1, 68.0789473684211
ia-batch19/GRITtv_Commentary_-_Who_s_Crying_Now.mp4, -1, -1, 50.0
ia-batch19/BPD_Roll_Call_-_November_2015.mp4, -1, -1, 65.5625
ia-batch19/Enter_the_lizard_zone.mp4, -1, -1, 54.60526315789479
ia-batch19/gnatvt-The_News_Project_-_Londonderry_To_Explore_Water_Needs.mp4, -1, -1, 75.88571428571429
ia-batch19/GirlInTheGoldBoots.mp4, -1, -1, 47.027777777777786
ia-batch19/Douglas_Octoberfest_2014_-_Reagan_Burrows.mp4, -1, -1, 47.67647058823529
ia-batch19/bptvpa-Bethel_Park_School_Board_Town_Hall_7_19_18_Part1.mp4, -1, -1, 56.43243243243239
ia-batch19/Gaithersburg_77th_Annual_Labor_Day_Parade_2015.mp4, -1, -1, 48.5
ia-batch19/Highlight_Boys_Basketball_Cooper_vs_Spring_Lake_Park.mp4, -1, -1, 55.9459459459459
ia-batch19/Flickr-37838710572.mp4, -1, -1, 60.0555555555556
ia-batch19/coftn-FRANKLIN_INSIDER_-_MyPilgrimagePal.mp4, -1, -1, 74.3529411764706
ia-batch19/Franklin_Township_NJ_Somerset_County_February_16_2017_Planning_Board_Meeting.mp4, -1, -1, 46.9705882352941
ia-batch19/Center_for_the_Visual_and_Performing_Arts.mp4, -1, -1, 65.1842105263158
ia-batch19/10-26-2010_Part_1_of_2_Board_of_Mayor_and_Alderman_Work_Session.mp4, -1, -1, 48.527777777777786
ia-batch19/Kids_Korner_Ribbon_Cutting_2016.mp4, -1, -1, 58.05
ia-batch19/Lib_Time_Lapse_up_to_12-27-09.avi.mp4, -1, -1, 38.5294117647059
ia-batch19/Good_Driving_PSA.mp4, -1, -1, 49.55882352941179
ia-batch19/cogco-Real_or_Rumor_-_Edition_16.mp4, -1, -1, 50.81578947368421
ia-batch19/Library_Larry_-_Denton_Municipal_Electric_Tour.mp4, -1, -1, 69.3888888888889
ia-batch19/Goffstown_Planning_Board_-_6_13_2013.mp4, -1, -1, 50.1388888888889
ia-batch19/JerusalemSyndrome.mp4, -1, -1, 45.512820512820504
ia-batch19/Intersection_of_Great_Seneca_Highway_and_Orchard_Ridge_Drive_Public_Safety_Concerns.mp4, -1, -1, 70.82857142857141
ia-batch19/hc18ma-Finance_Committee_Meeting_February_11_2019.mp4, -1, -1, 57.027777777777786
ia-batch19/Cadillac_City_Council_Meeting_6_3_2013.mp4, -1, -1, 54.5294117647059
ia-batch19/Historical_Moments_-_Textiles_Part_3.mp4, -1, -1, 57.70588235294121
ia-batch19/lctvca-Basketball_Game_Of_The_Week_-_Leuzinger_vs_Culver_City_-_January_31_2000.mp4, -1, -1, 53.9705882352941
ia-batch19/acfrma-Ham_Jams_with_Ariel_Strasser_-_The_Light.mp4, -1, -1, 68.85294117647061
ia-batch19/Hopkins_boys_beat_Armstrong-Cooper.mp4, -1, -1, 55.212121212121204
ia-batch19/comal-City_of_Mobile_AL_Live_City_Council_meeting_-_Wednesday_Feb_10_2016.mp4, -1, -1, 32.6176470588235
ia-batch19/9-17-15_JPA_West_Haymarket.mp4, -1, -1, 60.222222222222214
ia-batch19/gt_rez_2001_4000.mp4, -1, -1, 51.2894736842105
ia-batch19/Balloon_Fest_2013_Man_on_the_Street.mp4, -1, -1, 70.5675675675676
ia-batch19/A_Walk_In_The_Park_Show_6.mp4, -1, -1, 52.9189189189189
ia-batch19/2013_Forest_Lake_High_School_FFA_Open_House.mp4, -1, -1, 50.05882352941179
ia-batch19/Flickr-5821073047.mp4, -1, -1, 72.5277777777778
ia-batch19/How_We_Choose_Our_Judges_1_of_3_2008.mp4, -1, -1, 58.70588235294121
ia-batch19/Andre_le_Chef_4-30-12.mp4, -1, -1, 51.5428571428572
ia-batch19/Frank_Sinatra_Tribute_Matt_Mauser.mp4, -1, -1, 57.264705882352885
ia-batch19/bratt2vt-At_Brattleboro_Memorial_Library_-_In_Praise_of_Public_Libraries.mp4, -1, -1, 53.810810810810786
ia-batch19/Active_By_Nature_-_October_November_2017_-_St._Charles_County_Government_MO.mp4, -1, -1, 66.90625
ia-batch19/Flickr-4335304419.mp4, -1, -1, 65.46875
ia-batch19/catvma-Manchester_Selectmen_-_July_16_2018.mp4, -1, -1, 53.0571428571429
ia-batch19/cosefl-October_21_2015_-_Disabilities_Advisory_Committee.mp4, -1, -1, 55.8888888888889
ia-batch19/Do_Go_for_the_Week_Beginning_July_4_2013.mp4, -1, -1, 53.57142857142861
ia-batch19/Board_of_Works_Meeting_11-10-2010.mp4, -1, -1, 42.96875
ia-batch19/archiveteam_videobot_twitter_com_730012219249823744.mp4, -1, -1, 61.6969696969697
ia-batch19/08-15-17_Sister_Bay_Board.mp4, -1, -1, 53.1315789473684
ia-batch19/Dayton_City_Commission_Meeting_3-1-17.mp4, -1, -1, 60.5882352941177
ia-batch19/Brooks_Free_Library_Youth_Activities_June_30_-_July_7.mp4, -1, -1, 59.0
ia-batch19/Kenner_Proclamation_for_7_yr_old_hero_DeShawn_J._Labarriere.mp4, -1, -1, 59.2972972972973
ia-batch19/02CheatonMe.mp4, -1, -1, 44.6285714285714
ia-batch19/LeMariageDeVictoire.mp4, -1, -1, 37.2972972972973
ia-batch19/January1986RobertPalmerMTVGuestVJHour0BXc9knROEQnclNuZ3daSXBDWTA.mp4, -1, -1, 54.133333333333304
ia-batch19/At_the_Library_-_The_Great_Pumpkin_Character_Contest.mp4, -1, -1, 56.974358974359
ia-batch19/Ariana_Ava_Gabby_Gabby_Claymation_final.mp4, -1, -1, 50.6
ia-batch19/gnatvt-Mono_-_Dog_Vertigo.mp4, -1, -1, 35.90625
ia-batch19/bptvpa-Tasting_with_Taty_at_The_Residence_at_Logan_episode1.mp4, -1, -1, 61.9189189189189
ia-batch19/Franklin_Township_NJ_Somerset_County_December_11_2014_Township_Council_Meeting.mp4, -1, -1, 50.88571428571429
ia-batch19/lftvfl-LakeFront_TV_s_Second_Annual_Puppies_Bowl_-_February_2nd.mp4, -1, -1, 68.0
ia-batch19/Let_s_Talk_DeKalb_25_Public_Safety.mp4, -1, -1, 47.7837837837838
ia-batch19/Bob_Halperin_Sail_Away_LIVE_in_Downtown_Newmarket.mp4, -1, -1, 62.44117647058821
ia-batch19/BOE_10_10_17_Part_1_of_2.mp4, -1, -1, 48.8787878787879
ia-batch19/bctvpa-School_Safety_and_SERAPH_01-21-20.mp4, -1, -1, 59.8055555555556
ia-batch19/archiveteam_videobot_twitter_com_802477688028073984.mp4, -1, -1, 56.2972972972973
ia-batch19/AAA_Championship_2009.mp4, -1, -1, 52.4838709677419
ia-batch19/cotga-PCI_CityMap_Explainer.mp4, -1, -1, 64.2
ia-batch19/Game_Summary_-_Boys_Lacrosse_SLP_at_Centennial_-_5_24_17.mp4, -1, -1, 64.9705882352941
ia-batch19/Home_School_Fair.mp4, -1, -1, 52.6
ia-batch19/Gobel_Warming_-_Love_song.mp4, -1, -1, 62.74285714285711
ia-batch19/2019_Athens_City_Pool_Info.mp4, -1, -1, 67.6388888888889
ia-batch19/2013_Parent_Survey.mp4, -1, -1, 45.5882352941177
ia-batch19/Lakeville_Kids_Government_April_2014.mp4, -1, -1, 60.375
ia-batch19/Finance_-_9_18_2014.mp4, -1, -1, 67.3783783783784
ia-batch19/GI-TV_zanin_269.mp4, -1, -1, 63.0555555555556
ia-batch19/Basic_Baking_-_Cheesecake_1988.mp4, -1, -1, 47.4864864864865
ia-batch19/County_Talk_-_World_Rowing_Championships_2017_-_Part_1_of_3.mp4, -1, -1, 80.7878787878788
ia-batch19/Ifnotnowdotnet-HaveYouEverStolenAnything841.mp4, -1, -1, 65.62857142857139
ia-batch19/bratt2vt-Area_Christmas_Displays_2011.mp4, -1, -1, 51.15
ia-batch19/IvinikiSokoloviHVO.mp4, -1, -1, 33.1944444444444
ia-batch19/Board_of_Adjustment_07.21.15.mp4, -1, -1, 55.972972972973004
ia-batch19/bptvpa-5_Minute_Bed_Time_Stories_Nanette_s_Baguette.mp4, -1, -1, 58.05882352941179
ia-batch19/cig_0736-Prolifics_Motown_medley.mp4, -1, -1, 59.28571428571429
ia-batch19/Giralda_Under_the_Stars_-_Threefold_Cafe.mp4, -1, -1, 59.027777777777786
ia-batch19/G_ConvSenMoore_March2018_-.mp4, -1, -1, 75.75
ia-batch19/cogco-Baby_Animal_Days_-_April_7-20.mp4, -1, -1, 52.9166666666667
ia-batch19/ectvma-Decision_2019_Everett_City_Council_Candidates.mp4, -1, -1, 77.2162162162162
ia-batch19/Heaven_s_Delight_Ribbon_Cutting.mp4, -1, -1, 65.5277777777778
ia-batch19/INDEPENDENCENATIONALHISTORICALPARKINPHILLY.mp4, -1, -1, 57.9166666666667
ia-batch19/GRITtv_Daily_Newsmakers_-_10_06_08_Part_2.mp4, -1, -1, 58.3684210526316
ia-batch19/LaRoux-BulletproofAcousticCoverTellYoFrens-DonnieSands.mp4, -1, -1, 66.25
ia-batch19/Goffstown_Budget_Committee_-_1_20_2011.mp4, -1, -1, 44.05882352941179
ia-batch19/AWC_Spotlight_3_14_12_-_Casa_de_Torres_St._Patrick_s_Day_edition.mp4, -1, -1, 60.1212121212121
ia-batch19/cobaca-Planning_Commission_-_April_6_2017.mp4, -1, -1, 42.2894736842105
ia-batch19/gctvco-Rocky_Hi_Speedway_Go_Kart_Track._Grand_Lake_Colorado..mp4, -1, -1, 55.1944444444444
ia-batch19/Community_Journal_July_13_2017.mp4, -1, -1, 66.5
ia-batch19/Flickr-4878946711.mp4, -1, -1, 63.17142857142861
ia-batch19/archiveteam_videobot_twitter_com_727622515556638720.mp4, -1, -1, 58.15625
ia-batch19/letswatch2_5.mp4, -1, -1, 59.6969696969697
ia-batch19/Kingsbury_Pond_Grist_Mill_restoration_5-21-2013.mp4, -1, -1, 50.5757575757576
ia-batch19/Local_Sports_09-01-17.mp4, -1, -1, 72.9090909090909
ia-batch19/Hope_Church_6_22_14.mp4, -1, -1, 53.6969696969697
ia-batch19/Cranberry_Festival_Craft_Fair_Brooks_Park_July_5.mp4, -1, -1, 71.8571428571429
ia-batch19/Anya_Kopischke_Triumphant.mp4, -1, -1, 58.777777777777786
ia-batch19/hcamma-Senior_View_-_History_of_Woodville.mp4, -1, -1, 64.6571428571429
ia-batch19/archiveteam_videobot_twitter_com_914537112858501120.mp4, -1, -1, 56.8529411764706
ia-batch19/Joshua_Webster_2013.mp4, -1, -1, 53.7575757575758
ia-batch19/K_AKU_Live_Paul_Janes-Brown.mp4, -1, -1, 59.9090909090909
ia-batch19/20334USFranklinRooseveltVisitsBritain.mp4, -1, -1, 43.2972972972973
ia-batch19/Kokomo_Common_Council_Meeting_10-29-2012.mp4, -1, -1, 54.28571428571429
ia-batch19/GRITtv_-_Too_Little_To_Help.mp4, -1, -1, 65.8918918918919
ia-batch19/hpact-Special_Trinity_4.mp4, -1, -1, 57.0810810810811
ia-batch19/City_of_Waukesha_Fire_Station_2_100th_Anniversary.mp4, -1, -1, 42.948717948718
ia-batch19/King_County_at_Your_Service_-_Pet_Detective.mp4, -1, -1, 49.7297297297297
ia-batch19/Jigsawfanclub-KraniumATemporalVerity658-3.mp4, -1, -1, 69.5428571428571
ia-batch19/Exeter_Brass_Band_7_16_15.mp4, -1, -1, 62.9090909090909
ia-batch19/Beyond_the_Badge_October_2015.mp4, -1, -1, 67.62857142857139
ia-batch19/Board_of_Carroll_County_Commissioners_Open_Session_September_15_2016.mp4, -1, -1, 58.3333333333333
ia-batch19/gctvct-EE_113_total.mp4, -1, -1, 46.8529411764706
ia-batch19/gostling.mp4, -1, -1, 33.7777777777778
ia-batch19/Franklin_Township_NJ_Somerset_County_February_7_2017_Special_Township_Council_Meeting.mp4, -1, -1, 47.743589743589794
ia-batch19/2016_Sports_Jam_Boys_Basketball_Team.mp4, -1, -1, 51.0882352941177
ia-batch19/Help_Build_The_Stage_at_KDHX_Spot_7_-_ANIMAL_ANIMAL_ANIMAL.mp4, -1, -1, 49.7837837837838
ia-batch19/GOIG38_Health_Symposium.mp4, -1, -1, 54.0882352941177
ia-batch19/coeor-Planning_Commission_02-08-2016.mp4, -1, -1, 45.6944444444444
ia-batch19/bptvpa-Lets_Talk_Tailwaggers_PGH_Pet_Expo_2017.mp4, -1, -1, 63.9393939393939
ia-batch19/caatvia-BOARD_OF_SUPERVISORS_MAY_20_2019_2.mp4, -1, -1, 62.6
ia-batch19/archiveteam_videobot_twitter_com_910632130652360707.mp4, -1, -1, 56.0
ia-batch19/In_Our_Community_-_Darren_Wallace_Bruce_Cotter.mp4, -1, -1, 67.6944444444444
ia-batch19/40_Acres_50_Years_Young_Celebration.mp4, -1, -1, 45.20588235294121
ia-batch19/coasc-Aiken_City_Council_Special_Meeting_-_June_20_2016.mp4, -1, -1, 47.969696969697
ia-batch19/i20101113mak.mp4, -1, -1, 66.8684210526316
ia-batch19/Abington_vs._Carver_Girls_Varsity_Basketball_-_1_10_17.mp4, -1, -1, 61.1111111111111
ia-batch19/cig_0356-Verdae-to-Woodruff_Connector_Project_full.mp4, -1, -1, 70.4848484848485
ia-batch19/Flickr-4929015251.mp4, -1, -1, 59.324324324324294
ia-batch19/Green_Business_Partnership_-_N_M_Heating_and_Cooling.mp4, -1, -1, 50.6451612903226
ia-batch19/hcamma-HCAM_News_4-26-2019.mp4, -1, -1, 73.4166666666667
ia-batch19/Brooklyn_Park_celebrates_its_potato_farming_past.mp4, -1, -1, 51.0
ia-batch19/32nd_Annual_ARTSCAPE_Festival_Announcement.mp4, -1, -1, 74.7714285714286
ia-batch19/Consent_Agenda_091013.mp4, -1, -1, 54.0526315789474
ia-batch19/Charter_Review_2014.mp4, -1, -1, 63.363636363636395
ia-batch19/Late_goal_lifts_Wayzata_to_girls_hockey_win_over_Hopkins.mp4, -1, -1, 55.4444444444444
ia-batch19/Denny_Buelher_Memorial_Softball_Tournament_-_July_17_1994.mp4, -1, -1, 43.212121212121204
ia-batch19/Lincoln_Energy_Challenge_Show_1.mp4, -1, -1, 60.6285714285714
ia-batch19/licht.mp4, -1, -1, 59.236842105263214
ia-batch20/New_Vendor_Selected_for_the_Harvest_Grill.mp4, -1, -1, 57.56410256410261
ia-batch20/School_Committee_08_Oct_14.mp4, -1, -1, 46.68571428571429
ia-batch20/wpmma-Goddeses_in_the_Garden.mp4, -1, -1, 79.94736842105259
ia-batch20/youtube-VAvZT9Bjk5c.mp4, -1, -1, 46.684210526315795
ia-batch20/ltvma-Neighborhood_Snapshot_-_Show_9_-_The_Bowery.mp4, -1, -1, 62.394736842105296
ia-batch20/Park_and_Recreation_6_1_15.mp4, -1, -1, 48.3888888888889
ia-batch20/Needham_School_Committee_-_Facilities_Assessment_June_23_2011.mp4, -1, -1, 50.2162162162162
ia-batch20/PolicePeerHelperPC.mp4, -1, -1, 58.6486486486487
ia-batch20/Spanish_Fork_Review_10-6-10.mp4, -1, -1, 49.6944444444444
ia-batch20/Riverfront_Park_Master_Plan_Press_Conference_6_20_14.mp4, -1, -1, 62.324324324324294
ia-batch20/nwctc-Brooklyn_Park_Awards_Top_Gardens.mp4, -1, -1, 71.0588235294118
ia-batch20/youtube-X_LMrk8C_zE.mp4, -1, -1, 50.8055555555556
ia-batch20/MCHS_Choirs_Spring_Concert_5_14.mp4, -1, -1, 49.7027027027027
ia-batch20/Matt_Costa_Ophelia_Live_at_KDHX_4_24_13.mp4, -1, -1, 74.76923076923079
ia-batch20/Norfolk_Advisory_Board_Meeting_-_August_20_2019.mp4, -1, -1, 52.10526315789479
ia-batch20/TM20160328_OnDemand.mp4, -1, -1, 77.3243243243243
ia-batch20/Westwood_High_School_Varsity_Girls_Basketball_-_January_16_2015.mp4, -1, -1, 55.794871794871796
ia-batch20/youtube-nGEcBCMDDIU.mp4, -1, -1, 62.31428571428571
ia-batch20/Start_Smart_Program_-_Teen_Drinking_and_Driving.mp4, -1, -1, 77.8823529411765
ia-batch20/m20100819mad.mp4, -1, -1, 58.9189189189189
ia-batch20/lpama-LHS_Boys_Varsity_Basketball_vs._Clinton_01.03.19.mp4, -1, -1, 53.3783783783784
ia-batch20/youtube-Ha6z3GXtjTI.mp4, -1, -1, 65.8461538461538
ia-batch20/noticiasdeelsalvador31deoctubredel2019.mp4, -1, -1, 45.8611111111111
ia-batch20/The_Dream_Becomes_Real_2001.mp4, -1, -1, 43.257142857142895
ia-batch20/lpama-Lunenburg_Building_Forum_Senior_Center_FULL_-_February_5_2018.mp4, -1, -1, 55.8333333333333
ia-batch20/tvce1qc-Action_mieux_vivre_2.mp4, -1, -1, 82.1621621621622
ia-batch20/Mamaroneck_Bicycle_Initiative_Roundtable.mp4, -1, -1, 80.76923076923079
ia-batch20/Pet_Pals_-_September_2_2013.mp4, -1, -1, 57.5
ia-batch20/Woodbridge_Board_of_Education_-_9_15_2014.mp4, -1, -1, 52.657142857142894
ia-batch20/Rise_Again_Two_-_Season_-2016A_Episode_-001.mp4, -1, -1, 54.914285714285704
ia-batch20/Pilgrimage_to_Beethoven.mp4, -1, -1, 59.512820512820504
ia-batch20/wtvma-Wareham_Conservation_Commission_Meeting_10-17-2018.mp4, -1, -1, 52.0810810810811
ia-batch20/youtube-rISeiNl4Ucc.mp4, -1, -1, 58.864864864864906
ia-batch20/ytchannelzach.mp4, -1, -1, 41.921052631579
ia-batch20/youtube-dqgmA9YkMVc.mp4, -1, -1, 53.1944444444444
ia-batch20/whctvct-Alumni_Division_Champ_April_2018.mp4, -1, -1, 51.10526315789479
ia-batch20/Windmill_Fair_and_Presentation_061412.mp4, -1, -1, 55.4571428571429
ia-batch20/Somerset_K-8_School_Committee_-_November_17_2016.mp4, -1, -1, 66.6486486486487
ia-batch20/youtube-vLlNUJUptl0.mp4, -1, -1, 55.264705882352885
ia-batch20/Moore_City_Council_-_August_6_2018.mp4, -1, -1, 52.8888888888889
ia-batch20/mgntn-03_25_19_Mayor_s_Budget_Discussions_-_Office_of_Family_Safety.mp4, -1, -1, 76.05555555555559
ia-batch20/Public_Works_August_1_2018.mp4, -1, -1, 61.428571428571395
ia-batch20/youtube-icBgOQpVktQ.mp4, -1, -1, 61.6944444444444
ia-batch20/youtube--SLhWyaldz4.mp4, -1, -1, 58.026315789473706
ia-batch20/NashvilleBilliardsBarNashvilleSportsBarTntsBilliardsBarAndGrill.mp4, -1, -1, 54.9714285714286
ia-batch20/mudrun_2013.mp4, -1, -1, 54.527777777777786
ia-batch20/youtube-8J83XYFLejY.mp4, -1, -1, 32.4864864864865
ia-batch20/Senior_Scene_13.13_-_You_re_Never_Too_Old_-_Torrance_CitiCABLE_-_with_Hope_Witkowsky.mp4, -1, -1, 45.3513513513514
ia-batch20/mccmd-Dia_de_la_Madres.mp4, -1, -1, 77.0
ia-batch20/Rep_Brandon_Phelps_D_on_Passing_Concealed_Carry_law.mp4, -1, -1, 55.928571428571395
ia-batch20/youtube-cE7hJWqabkg.mp4, -1, -1, 63.17142857142861
ia-batch20/Special_Town_Meeting_1-14-12.mp4, -1, -1, 47.421052631579
ia-batch20/tvsatx-In_the_Know_Dec2017_-_Father_pt2.mp4, -1, -1, 71.1428571428571
ia-batch20/lwcatma-A_Trolley_Ride_through_Lawrence_MA.mp4, -1, -1, 57.5526315789474
ia-batch20/School_Committee_-_January_14th_2016.mp4, -1, -1, 61.3783783783784
ia-batch20/youtube-KcYS6rWFiIw.mp4, -1, -1, 55.410256410256395
ia-batch20/youtube-caXWFHEd7-Q.mp4, -1, -1, 47.736842105263214
ia-batch20/Osseo_vs._Armstrong_Boys_Basketball.mp4, -1, -1, 53.6176470588235
ia-batch20/Parks_Learn_to_Skate.mp4, -1, -1, 57.189189189189214
ia-batch20/tncma-Sports_Update_-_December_20_2018.mp4, -1, -1, 66.2571428571429
ia-batch20/Make_your_own_Rain_Barrel._5-2-17.mp4, -1, -1, 60.11428571428571
ia-batch20/Square_Dance_Live_-_Episode_111.mp4, -1, -1, 51.0555555555556
ia-batch20/MasterYiVsTeemoLeagueOfLegendsFightAnimation.mp4, -1, -1, 62.189189189189214
ia-batch20/youtube-6wpHnodjx30.mp4, -1, -1, 71.6571428571429
ia-batch20/Pres._Bill_Clinton_on_His_Work_Around_the_World_III_2007.mp4, -1, -1, 49.8378378378378
ia-batch20/Up_Close_with_Your_County_-_Pitt_County_Schools_STEM_Labs.mp4, -1, -1, 78.4411764705882
ia-batch20/Week_of_05_08_2017_Harris_Hill_Elementary_Penfield_Morning_Show.mp4, -1, -1, 38.72222222222221
ia-batch20/The_Psychotic_Comedian_Show_-_Episode_9.mp4, -1, -1, 55.777777777777786
ia-batch20/youtube-Mj298o3kiWE.mp4, -1, -1, 31.5
ia-batch20/whpama-Board_of_Selectmen_03.06.17.mp4, -1, -1, 54.11428571428571
ia-batch20/youtube-d2xkpz-26jM.mp4, -1, -1, 50.235294117647115
ia-batch20/Public_Safety_Officers_Distribute_Backpacks_to_School_Kids.mp4, -1, -1, 63.9166666666667
ia-batch20/Supreme_Court_Year_in_Review_8-16-16.mp4, -1, -1, 50.9189189189189
ia-batch20/youtube-EnnDuuheYvs.mp4, -1, -1, 31.297297297297305
ia-batch20/Planning_Board_-_May_1_2017.mp4, -1, -1, 61.743589743589794
ia-batch20/Main_Street_Minute_-_episode_23.mp4, -1, -1, 68.2432432432432
ia-batch20/meme2.mp4, -1, -1, 65.0
ia-batch20/Mighty_6_Oct_2017.mp4, -1, -1, 62.34285714285711
ia-batch20/youtube-PfRl0cdpYbI.mp4, -1, -1, 75.375
ia-batch20/Ste._Genevieve_Mo._Flood_Meeting_1_2_16.mp4, -1, -1, 43.972222222222214
ia-batch20/wrokmi-Harmony_Acres_Horses_at_the_Royal_Oak_Holiday_Magic_Parade_2010.mp4, -1, -1, 49.6486486486487
ia-batch20/MOV_3114_MOV.mp4, -1, -1, 38.6666666666667
ia-batch20/Visit_to_Sydni_Pecevich_s_Renovated_Home.mp4, -1, -1, 54.5428571428571
ia-batch20/youtube-Q1XxFqqGRg4.mp4, -1, -1, 39.6969696969697
ia-batch20/natma-NORTH_vs_AHS.mp4, -1, -1, 70.3428571428571
ia-batch20/Puyallup_gives_flag_to_Stryker_2-2.mp4, -1, -1, 60.34285714285711
ia-batch20/youtube_Ax5auVEGNLs.mp4, -1, -1, 57.8378378378378
ia-batch20/Planning_Commission_Meeting_-_June_15_2015.mp4, -1, -1, 43.2162162162162
ia-batch20/May_Garden_Calendar_-_2013.mp4, -1, -1, 60.15
ia-batch20/NORCAM_Come_See_For_Yourself.mp4, -1, -1, 68.8
ia-batch20/youtube-JVwyma4FkIw.mp4, -1, -1, 46.44117647058821
ia-batch20/Samantha_Power_and_Andrea_Mitchell.mp4, -1, -1, 77.3888888888889
ia-batch20/youtube-m1v_cIQ51YI.mp4, -1, -1, 51.9166666666667
ia-batch20/mctvmd-The_Hague_-_Modern_Philosophy.mp4, -1, -1, 63.3513513513514
ia-batch20/Rep._Fall_Athletic_Summary_120914.mp4, -1, -1, 31.657894736842106
ia-batch20/South_Shore_Vo-Tech_2014_Open_House.mp4, -1, -1, 52.3333333333333
ia-batch20/WCS_Sports_Connection_214_-_Guest_-_Jared_Grindstaff.mp4, -1, -1, 62.051282051281994
ia-batch20/Special_Presentation.mp4, -1, -1, 60.4
ia-batch20/Rolesville_Flea_Market.mp4, -1, -1, 37.375
ia-batch20/Williamstown_HS_Marching_Band_at_CHS_Invitational.mp4, -1, -1, 52.1428571428571
ia-batch20/Messages_from_the_Candidates_-_John_Rodophele.mp4, -1, -1, 62.6
ia-batch20/Wareham_School_Committee_Meeting_1-13-2016.mp4, -1, -1, 50.3823529411765
ia-batch20/School_Committee_Meeting_11_7_11_Part_3.mp4, -1, -1, 55.0
ia-batch20/NB_Course_Fees_092413.mp4, -1, -1, 46.657142857142894
ia-batch20/youtube-RuJ6aaBNTJ8.mp4, -1, -1, 74.81081081081079
ia-batch20/WHS_Girls_Varsity_Soccer_Highlight_Reel_2016.mp4, -1, -1, 50.60526315789479
ia-batch20/Madison_Whiteboard_3.mp4, -1, -1, 52.8333333333333
ia-batch20/youtube-hWjK4EtHp-Y.mp4, -1, -1, 38.9166666666667
ia-batch20/Redskins_Alumni_Homecoming_Feature_on_Sideline_Report_-_11-7-2012.mp4, -1, -1, 58.6
ia-batch20/LookingForLoveCindyBuddYouTube.mp4, -1, -1, 61.810810810810786
ia-batch20/VetsDayParade2017.mp4, -1, -1, 55.459459459459495
ia-batch20/Norwood_City_Council_Regular_Meeting_-_April_11_2017.mp4, -1, -1, 50.8611111111111
ia-batch20/rcvwa-Rental_inspection_program.mp4, -1, -1, 74.1621621621622
ia-batch20/ScreenersarchivosMayo-PlaneTakeOffFromSanAndrsIslandsInColombia.mp4, -1, -1, 38.2647058823529
ia-batch20/PRO_CUFFS_1709_BOYSGIRLS.mp4, -1, -1, 51.28571428571429
ia-batch20/TheBandPerry-IfIDieYoungAcousticCoverLive-DonnieSands.mp4, -1, -1, 66.6176470588235
ia-batch20/LuciusKuert-SickMindPart3.mp4, -1, -1, 22.0810810810811
ia-batch20/Sebelius_-_President_Trump_doesn_t_know_what_s_in_the_Healthcare_bill.mp4, -1, -1, 79.7948717948718
ia-batch20/youtube-utTN4LWYfYg.mp4, -1, -1, 65.7105263157895
ia-batch20/NewsNow_Wichita_Road_Projects.mp4, -1, -1, 49.5135135135135
ia-batch20/One_Book_Two_Book_Children_s_Festival_2016_-_Write_Out_Loud.mp4, -1, -1, 66.5135135135135
ia-batch20/youtube-B2kxKQoTwGg.mp4, -1, -1, 39.72222222222221
ia-batch20/Revere_Beach_Memories_Part_2_5_-_NORCAM.mp4, -1, -1, 45.56756756756761
ia-batch20/youtube-Ci9XryxdvFA.mp4, -1, -1, 46.3611111111111
ia-batch20/youtube-PaMb4FO15pI.mp4, -1, -1, 61.722222222222214
ia-batch20/PHTV4_Eileen_Wills_Trusts_More_6_20_13.mp4, -1, -1, 63.2162162162162
ia-batch20/Sherborn_Selectmen_Meeting_June_20_2016.mp4, -1, -1, 43.8888888888889
ia-batch20/Switchbox_Shorts_-_Green_Pieces_by_Bonnie_Blanchard.mp4, -1, -1, 53.6315789473684
ia-batch20/Pet_of_the_Week_-_September_8_2014.mp4, -1, -1, 62.3684210526316
ia-batch20/Taylor_vs_Finneytown_Football_Highlights_9-16-11.mp4, -1, -1, 46.3783783783784
ia-batch20/Water_Quality_Committee_March_2_2017.mp4, -1, -1, 57.97368421052629
ia-batch20/Tri-District_vs_Neah_Bay_2-12-10.mp4, -1, -1, 42.81081081081079
ia-batch20/lpama-THMS_Podcast_082514.mp4, -1, -1, 55.589743589743605
ia-batch20/Union_Bridge_Town_Council_Meeting_1-28-13.mp4, -1, -1, 67.2777777777778
ia-batch20/Planning_Commission_Meeting_December_13_2011.mp4, -1, -1, 52.9459459459459
ia-batch20/Poets_Corner_-_1-26-16.mp4, -1, -1, 47.6216216216216
ia-batch20/SimonSchwartzmanPesquisadorDoInstitutoDeEstudosDoIETS.mp4, -1, -1, 59.9473684210526
ia-batch20/SomebodyElse-AtLastICanWalkThroughMirrors.mp4, -1, -1, 35.5714285714286
ia-batch20/wtvma-Wareham_Zoning_Board_of_Appeals_Meeting_5-22-19.mp4, -1, -1, 52.972222222222214
ia-batch20/Sports_Jam_-_January_30_2017.mp4, -1, -1, 54.4117647058824
ia-batch20/Middlebury_Selectboard_Meeting_-_2_9_16.mp4, -1, -1, 53.3823529411765
ia-batch20/NASA_Science_Earth_Clip1_HD.mp4, -1, -1, 54.75
ia-batch20/m20110121mak.mp4, -1, -1, 51.3714285714286
ia-batch20/Tyler_Emily_Madison_Claymation.mp4, -1, -1, 41.9117647058824
ia-batch20/York_News_-_June_12_2013.mp4, -1, -1, 63.9714285714286
ia-batch20/youtube-ct5nrEbzJrk.mp4, -1, -1, 39.27777777777779
ia-batch20/St._Joseph_Service_9-11-16.mp4, -1, -1, 54.4117647058824
ia-batch20/Winston-Salem_Forsyth_Co._Planning_Board_November_2015.mp4, -1, -1, 51.657894736842096
ia-batch20/m20110329mak.mp4, -1, -1, 51.1111111111111
ia-batch20/News_Tribune_Candidate_Forum.mp4, -1, -1, 58.777777777777786
ia-batch20/youtube-fzOjRJpyvSM.mp4, -1, -1, 72.0
ia-batch20/youtube-W9BKy_nR1Gc.mp4, -1, -1, 59.157894736842096
ia-batch20/PSA_ReadyGov_Family.mp4, -1, -1, 70.1081081081081
ia-batch20/wbrtvmi-Romeo_District_Library_-_Library_Minute_Summer_Events.mp4, -1, -1, 55.236842105263214
ia-batch20/sttvmi-NEWS_5.14.2018_The_Disco_Boy_Scout_Troop_156_Celebrates_50_Years.mp4, -1, -1, 82.6470588235294
ia-batch20/wrokmi-a-ha_Take_on_me.mp4, -1, -1, 55.65853658536589
ia-batch20/MarioAjeroPresidentialMessage.mp4, -1, -1, 58.7714285714286
ia-batch20/youtube-S7lkVhJgM3A.mp4, -1, -1, 48.3055555555556
ia-batch20/Mi_Gente_Tampa_Bay_-_Florida_Covering_Kids_Families.mp4, -1, -1, 56.2972972972973
ia-batch20/Sports_Jam_January_14_2013.mp4, -1, -1, 46.3846153846154
ia-batch20/twitter-1191611925156642819.mp4, -1, -1, 73.4594594594595
ia-batch20/youtube-cj9tToXoZbc.mp4, -1, -1, 59.2972972972973
ia-batch20/youtube-2zOvMJxNh5s.mp4, -1, -1, 53.1666666666667
ia-batch20/youtube-qFO2T0kDrLo.mp4, -1, -1, 70.41025641025641
ia-batch20/youtube-oXenwO3nXFM.mp4, -1, -1, 44.2068965517241
ia-batch20/tncma-Shade_Tree_Public_Hearing.mp4, -1, -1, 54.94117647058821
ia-batch20/SVSU_Board_-_9_25_13.mp4, -1, -1, 61.459459459459495
ia-batch20/youtube-0xPzraGGvYk.mp4, -1, -1, 61.0833333333333
ia-batch20/youtube-aOhqsTkToUg.mp4, -1, -1, 47.2894736842105
ia-batch20/Mound_Westonka_vs_St._Louis_Park_Boys_Hockey_12_10_15.mp4, -1, -1, 53.5833333333333
ia-batch20/Wareham_Selectmen_Meeting_11-13-2012.mp4, -1, -1, 39.384615384615394
ia-batch20/Maruxa_Cardma_on_GCTV_with_Bill_Miller.mp4, -1, -1, 64.945945945946
ia-batch20/ltcma-City_Council_Meeting_-_12_18_2018.mp4, -1, -1, 65.0588235294118
ia-batch20/Mecklink_Voices.mp4, -1, -1, 76.9736842105263
ia-batch20/PaloMayombe2013.TheNewBeginning1.mp4, -1, -1, 40.972972972973
ia-batch20/McAllen_State_of_the_City_2011_-_Scott_Crane.mp4, -1, -1, 49.9117647058824
ia-batch20/Zoning_Board_of_Appeals_Meeting_June_22_2017.mp4, -1, -1, 50.9459459459459
ia-batch20/Manchester_the_Mountains_Chamber_of_Commerce_03.29.16.mp4, -1, -1, 64.6315789473684
ia-batch20/lwcatma-Veteran_s_Corner_1_1-9-17.mp4, -1, -1, 60.28571428571429
ia-batch20/youtube-kxbUFbtgFIs.mp4, -1, -1, 63.514285714285705
ia-batch20/youtube-sSRVgI5RSsw.mp4, -1, -1, 60.7714285714286
ia-batch20/m20101201mak.mp4, -1, -1, 54.25
ia-batch20/youtube-6OpCN5bZBRQ.mp4, -1, -1, 40.1081081081081
ia-batch20/youtube-aZc43qPSmrA.mp4, -1, -1, 53.55882352941179
ia-batch20/Rocket_Club_Band.mp4, -1, -1, 61.222222222222214
ia-batch20/tctvoh-Community_Connection_with_Miami_County_Park_District_02_13_16.mp4, -1, -1, 64.9714285714286
ia-batch20/Willmar_City_Council_Meeting_-_December_5_2011.mp4, -1, -1, 49.4166666666667
ia-batch20/wrokmi-2012_Holiday_Magic_Parade_in_Royal_Oak_Part_2.mp4, -1, -1, 47.10526315789479
ia-batch20/tbcama-Summer_Concert_Series_-_Just_2_Guys_8-29-19.mp4, -1, -1, 67.9736842105263
ia-batch20/youtube-7iLq5X9w3Zs.mp4, -1, -1, 71.23076923076921
ia-batch20/youtube-7SIUpsBugkE.mp4, -1, -1, 43.864864864864906
ia-batch20/MarkLeaEllyTrimberger.mp4, -1, -1, 39.27777777777779
ia-batch20/nasa.SCVTV.com_5_18_2011_JPL_-_The_Challenges_of_Getting_to_Mars_-_Selecting_a_Landing_Site.mp4, -1, -1, 64.275
ia-batch20/teli1ns-Bluegrass_2016.mp4, -1, -1, 60.5833333333333
ia-batch20/Lunch_Learn_-_Traveling_Israel_with_Rawley_Bettie_Smith..mp4, -1, -1, 55.3529411764706
ia-batch20/wrokmi-2011_Holiday_Magic_Parade_in_Royal_Oak_Part_1.mp4, -1, -1, 45.6944444444444
ia-batch20/youtube-tT9eF2jNJhA.mp4, -1, -1, 69.78125
ia-batch20/Twomenwithforeskin-PodmoviePemby08969.mp4, -1, -1, 58.027777777777786
ia-batch20/Square_Dance_Live_-_Episode_45.mp4, -1, -1, 52.8333333333333
ia-batch20/m20110422mak.mp4, -1, -1, 57.153846153846104
ia-batch20/youtube-z6T5lfpFT2g.mp4, -1, -1, 53.5789473684211
ia-batch20/youtube-p8-rZOCn5rQ.mp4, -1, -1, 82.2571428571428
ia-batch20/Plan_Commission_Meeting_10_10_2011.mp4, -1, -1, 47.972972972973004
ia-batch20/youtube-HuwovCa4beM.mp4, -1, -1, 59.6315789473684
ia-batch20/youtube-YaOwYvtNijY.mp4, -1, -1, 55.421052631579
ia-batch20/SCTV_Public_Safety_Series_Part_1_Police_-_Interview_with_Chief_Stewart.mp4, -1, -1, 64.1794871794872
ia-batch20/McKay_at_Sprague_Volleyball_Highlights.mp4, -1, -1, 57.89743589743589
ia-batch20/Topeka_JEDO_Meeting_-_February_12th_2014_Part_1.mp4, -1, -1, 50.1951219512195
ia-batch20/youtube-4prQ157jAY8.mp4, -1, -1, 58.20512820512821
ia-batch20/lpama-St._Boniface_Mass_11.24.19.mp4, -1, -1, 61.0
ia-batch20/youtube-v442-5KlYWQ.mp4, -1, -1, 43.0526315789474
ia-batch20/wctvwiv-Common_Council_Meeting_08_07_18.mp4, -1, -1, 58.7105263157895
ia-batch20/lwcatma-AOH_DINNER_DANCE_MARCH_2017.mp4, -1, -1, 54.4705882352941
ia-batch20/youtube-r1cNGMLfyj0.mp4, -1, -1, 55.60526315789479
ia-batch20/youtube-gnpzIOzlfYU.mp4, -1, -1, 69.62857142857139
ia-batch20/SCVTV.com_July_2013_House_Blend_-_Nikhil_Korula_2.mp4, -1, -1, 50.9428571428571
ia-batch20/Zoning_Board_-_March_28_2018.mp4, -1, -1, 58.9428571428571
ia-batch20/Unfair_labor_complaint_filed_against_North_Memorial.mp4, -1, -1, 61.7837837837838
ia-batch21/Wellesley_High_School_Sports_Report_-_10_31_14.mp4, -1, -1, 68.41176470588239
ia-batch21/ltvehny-Tribute_to_Henry_Haney.mp4, -1, -1, 45.4242424242424
ia-batch21/Mayor_Dean_Announces_2nd_Annual_Metro_Back-to-School_Drive_Results.mp4, -1, -1, 62.8333333333333
ia-batch21/tncma-Beth_Isreal_Deaconess_Hospital_-_Needham_Topping_Off_Ceremony.mp4, -1, -1, 66.56756756756761
ia-batch21/youtube-U51Ye3Mvj2w.mp4, -1, -1, 64.7631578947369
ia-batch21/lpama-St._Boniface_Mass_12.17.17.mp4, -1, -1, 48.70588235294121
ia-batch21/Manchester_Planning_Zoning_Meeting_2_18_14.mp4, -1, -1, 47.0540540540541
ia-batch21/m20101205mak.mp4, -1, -1, 60.9428571428571
ia-batch21/youtube-efwqTR0MPBI.mp4, -1, -1, 77.8888888888889
ia-batch21/youtube_UCIc3mQ3KrqU8FWEn2btVO_A.mp4, -1, -1, 64.5405405405406
ia-batch21/Terry_Tuma_Tip_-_Bass_Opener.mp4, -1, -1, 57.31428571428571
ia-batch21/MarathonKosice2005Winners.mp4, -1, -1, 35.2894736842105
ia-batch21/March_Madness_Preview_on_The_Roundball_Report.mp4, -1, -1, 62.3529411764706
ia-batch21/Winton_Woods_Board_of_Education_Meeting_of_January_25_2016.mp4, -1, -1, 55.9473684210526
ia-batch21/Metro_Edition_-_Doing_Our_Part_from_the_Heart.mp4, -1, -1, 54.5428571428571
ia-batch21/youtube-AUZAxZ5AmBc.mp4, -1, -1, 52.4848484848485
ia-batch21/youtube-lPRbLcJjjR8.mp4, -1, -1, 68.0555555555556
ia-batch21/Planning_Commission_April_1_2019.mp4, -1, -1, 54.2702702702703
ia-batch21/youtube-8wXMyGEb_1U.mp4, -1, -1, 59.9230769230769
ia-batch21/Needham_Channel_News_Sports_Update_5-9-13.mp4, -1, -1, 43.657142857142894
ia-batch21/Meet_the_Sculptors_-_Pavel_Mylnikov.mp4, -1, -1, 70.7777777777778
ia-batch21/ncgvtvca-Good_News_Club_13.mp4, -1, -1, 58.29411764705879
ia-batch21/Saint_Paul_Fire_Department_Collecting_Toys_For_Tots.mp4, -1, -1, 71.8648648648649
ia-batch21/youtube-zBcAjFoEYaw.mp4, -1, -1, 30.351351351351294
ia-batch21/WHCA_s_Around_The_House_with_Steve_O_Brien_Ep_14.mp4, -1, -1, 60.8888888888889
ia-batch21/Mayor_s_News_Conference_-_Energy_Assistance_Week_July_1_2014.mp4, -1, -1, 74.9166666666667
ia-batch21/Plan_Commission_10_10_16.mp4, -1, -1, 49.2162162162162
ia-batch21/Where_Do_Good_Ideas_Come_From.mp4, -1, -1, 69.1315789473684
ia-batch21/Mom_Doesn_t_Play.mp4, -1, -1, 61.85
ia-batch21/youtube-JA8K-jzj4tE.mp4, -1, -1, 51.7297297297297
ia-batch21/Wheat_Ridge_City_Council_Study_Session_02-06-17.mp4, -1, -1, 54.0
ia-batch21/slctvma-Channel_8_Community_Updates_-_June_11th_2019.mp4, -1, -1, 77.0
ia-batch21/youtube-Cq5EfDDhRU8.mp4, -1, -1, 55.4
ia-batch21/The_truth_about_New_York_State_pensions.mp4, -1, -1, 54.5789473684211
ia-batch21/Mi_Gente_Tampa_Bay_-_Florida_College_Access_Network.mp4, -1, -1, 59.1
ia-batch21/Pitt_County_Board_of_Commissioners_meeting_for_1_09_2012.mp4, -1, -1, 67.6
ia-batch21/Money_Matters_-_Episode_012.mp4, -1, -1, 59.157894736842096
ia-batch21/nppany-2016_12_28_New_Paltz_Village_Board.mp4, -1, -1, 47.487179487179496
ia-batch21/youtube-N5Fs2gM31ew.mp4, -1, -1, 63.0555555555556
ia-batch21/New_Lenox_Now_-_Sean_Hastings.mp4, -1, -1, 78.9736842105263
ia-batch21/youtube-quXzoQOMCN8.mp4, -1, -1, 40.0555555555556
ia-batch21/tv4satx-Fiesta_Flambeau_Parade_2008_Act_3.mp4, -1, -1, 53.8378378378378
ia-batch21/School_Board_10_21_2010_Newmarket_New_Hampshire.mp4, -1, -1, 41.487179487179496
ia-batch21/Mayor_s_Press_Conference_November_9th_2016.mp4, -1, -1, 61.0571428571429
ia-batch21/youtube-hYeI08p2AMw.mp4, -1, -1, 82.5142857142857
ia-batch21/Sean_Collier_Vigil.mp4, -1, -1, 38.51282051282049
ia-batch21/Men_and_Women_in_Ministry_-_Episode_125.mp4, -1, -1, 60.6111111111111
ia-batch21/youtube-DGuyD4Jd_WA.mp4, -1, -1, 41.47222222222221
ia-batch21/The_Issues_-_Education_in_St_Louis_Public_versus_Private.mp4, -1, -1, 72.85
ia-batch21/The_Tarkington_-_Interviews_after_Ribbon_Cutting_Ceremony_Part2.mp4, -1, -1, 58.0540540540541
ia-batch21/youtube-XaS6Bkq3AzU.mp4, -1, -1, 44.475
ia-batch21/youtube-gd2oh4IR6Eo.mp4, -1, -1, 63.1111111111111
ia-batch21/What_s_Up_Pasadena_Indigo_Alliance.mp4, -1, -1, 63.8
ia-batch21/Paul_Sladkus_on_GCTV_with_Bill_Miller.mp4, -1, -1, 71.9512195121951
ia-batch21/Visit_Treetop_Lodge_in_Oxford_Michigan.mp4, -1, -1, 66.75
ia-batch21/North_Reading_High_School_Graduation_1999_Part_5.mp4, -1, -1, 41.6944444444444
ia-batch21/youtube-DdB0K7kqAJY.mp4, -1, -1, 53.5789473684211
ia-batch21/Red_Hot_Riot_part_2.mp4, -1, -1, 44.4571428571429
ia-batch21/Recycler_of_the_Month_-_November_2015.mp4, -1, -1, 72.4146341463415
ia-batch21/Poulson_Art_Gallery_Arnold_California.mp4, -1, -1, 61.3055555555556
ia-batch21/mmtvnh-NHDOT_-_Merrimack_10136D_Widening_101_Public_Event_August_23_2018.mp4, -1, -1, 49.5609756097561
ia-batch21/Manufacturer_opens_new_headquarters_in_Brooklyn_Park.mp4, -1, -1, 68.1714285714286
ia-batch21/Marty_the_Pirate.mp4, -1, -1, 41.1538461538462
ia-batch21/wtvnj-The_Best_Talks_Around_-_Green_Transportation_by_Jeff_Mayorwitz.mp4, -1, -1, 74.1578947368421
ia-batch21/Westwood_High_School_Girls_Varsity_Basketball_-_January_20_2015_vs._Dover-Sherborn.mp4, -1, -1, 53.43243243243239
ia-batch21/ucberkeley_webcast_Rj4452YPOg8.mp4, -1, -1, 57.1944444444444
ia-batch21/youtube-QtWXaoAFtjc.mp4, -1, -1, 41.3235294117647
ia-batch21/Richmond_Slave_Trail_Medallion_Unveiling_and_Richmond_Liberty_Train_Inaugural_Marking.mp4, -1, -1, 50.794871794871796
ia-batch21/youtube-YZWmBxoSrHM.mp4, -1, -1, 52.4571428571429
ia-batch21/youtube-RGLeq87U5Ts.mp4, -1, -1, 42.4166666666667
ia-batch21/youtube-6BkiwdQ1q2E.mp4, -1, -1, 41.8648648648649
ia-batch21/VJ_Kung_Fu_Archives.mp4, -1, -1, 59.4705882352941
ia-batch21/Macallen_Dam_Committee_02_11_2016_Newmarket_New_Hampshire.mp4, -1, -1, 45.6470588235294
ia-batch21/TheFinalSolutionToAdolfHitlerJimConditLecture.mp4, -1, -1, 59.3513513513514
ia-batch21/Matt_Christine_-_Creative_Content_-_Photography_Web_Design_Engaging_Social_Media.mp4, -1, -1, 59.184210526315795
ia-batch21/slctvma-Pawdoption_Cats_-_January_9th_2018.mp4, -1, -1, 77.5882352941177
ia-batch21/mctvmd-The_Avalon_Theatre_Presents_-_Under_the_Streetlamp_-_6_Runaround_Sue.mp4, -1, -1, 60.8536585365854
ia-batch21/youtube-TfL6iyeH8OA.mp4, -1, -1, 42.4594594594595
ia-batch21/uptv6il-League_of_Women_Voters_of_Champaign_County_11-14-18.mp4, -1, -1, 53.1111111111111
ia-batch21/RE_Store_-_A_Second_Life_for_Building_Materials.mp4, -1, -1, 59.2162162162162
ia-batch21/youtube-qn59FwbeTDM.mp4, -1, -1, 74.7777777777778
ia-batch21/youtube-LbY4j4-P_us.mp4, -1, -1, 25.5675675675676
ia-batch21/ucberkeley_webcast_HlJXGrPs7wM.mp4, -1, -1, 53.7714285714286
ia-batch21/ltvehny-foodTALK_-_An_LTV_Production_-_Doug_Gulija_-_020817.mp4, -1, -1, 61.657894736842096
ia-batch21/Still_Trying_202.mp4, -1, -1, 78.2352941176471
ia-batch21/peak1980.mp4, -1, -1, 40.4571428571429
ia-batch21/Mario_and_Me_Rob_Shultz_at_CES_1991.mp4, -1, -1, 40.32432432432429
ia-batch21/Wareham_Selectmen_Meeting_-_Westfield_Workshop_-_1-14-2012.mp4, -1, -1, 39.47222222222221
ia-batch21/youtube-0qLzUuVCOxc.mp4, -1, -1, 41.8055555555556
ia-batch21/Present_-_Psychedelic_Art_at_the_2010_MAPS_Conference.mp4, -1, -1, 57.2682926829268
ia-batch21/Story_Time_with_Santa.mp4, -1, -1, 61.527777777777786
ia-batch21/youtube-ymBU6huZZsw.mp4, -1, -1, 75.0833333333333
ia-batch21/youtube-Ei_NiNn61vY.mp4, -1, -1, 60.56756756756761
ia-batch21/The_Hortman_-_Season_2_Episode_3_-_Problems_in_the_Landscape.mp4, -1, -1, 77.7647058823529
ia-batch21/STL_LIVE_United_Way_of_Greater_St_Louis_2_of_2.mp4, -1, -1, 58.10526315789479
ia-batch21/SHERBORN_ZONING_BOARD_MEETING_JU_01_Title_01.mp4, -1, -1, 55.79411764705879
ia-batch21/Reel_Reviews_-_The_Cinematic_Underground_8-31-12.mp4, -1, -1, 49.75
ia-batch21/Ways_Means_Committee_-_June_3_2019.mp4, -1, -1, 49.7894736842105
ia-batch21/Veterans_Day_Assembly_at_the_Freeman-Kennedy_School_2013.mp4, -1, -1, 60.47368421052629
ia-batch21/Post-Primary_Election_Analysis_Pt._7_of_7.mp4, -1, -1, 56.527777777777786
ia-batch21/youtube-ORVoo61bQEQ.mp4, -1, -1, 52.2702702702703
ia-batch21/Westphal_American_Legion_Events.mp4, -1, -1, 54.9459459459459
ia-batch21/marshtvmav-Recreation_Trail_Committee_-_Rail_Trail_Presentation.mp4, -1, -1, 76.82857142857141
ia-batch21/ncgvtvca-Danita_Sorenson_on_Autism.mp4, -1, -1, 71.1621621621622
ia-batch21/youtube-hcZ_OE7dMhU.mp4, -1, -1, 77.5945945945946
ia-batch21/mhatca-Bluegrass_Jam_in_Morgan_Hill.mp4, -1, -1, 56.74285714285711
ia-batch21/Marjorie_Kelly_on_how_inclusive_economic_development_can_reduce_inequality.mp4, -1, -1, 80.2647058823529
ia-batch21/mcama-Board_of_Selectmen_-_April_2_2018.mp4, -1, -1, 55.864864864864906
ia-batch21/Maple_Mountain_vs_Springville_Girls_Basketball_Highlight_Feb._16_2016.mp4, -1, -1, 71.1621621621622
ia-batch21/ltvnh-Litchfield_Mosquito_Control_District_Meeting_-_Feb_20_2014.mp4, -1, -1, 44.657894736842096
ia-batch21/youtube-GmU90Y7yckY.mp4, -1, -1, 51.81578947368421
ia-batch21/youtube-Ugv8Yvv1ulg.mp4, -1, -1, 63.794871794871796
ia-batch21/Ste._Genevieve_Mo_R-II_Board_of_Education_10_17_17.mp4, -1, -1, 67.609756097561
ia-batch21/Mt._Airy_Planning_Commission_Meeting_7-27-15.mp4, -1, -1, 52.6315789473684
ia-batch21/WCTV_Great_Smith_River_Canoe_Race_Highlights_2015.mp4, -1, -1, 54.0555555555556
ia-batch21/youtube-Rf6kf6Ticdg.mp4, -1, -1, 70.8529411764706
ia-batch21/Susan_Desmond-Hellmann_in_Conversation_with_Walter_Isaacson.mp4, -1, -1, 80.0571428571429
ia-batch21/The_City_Show_-_March_2013.mp4, -1, -1, 47.540540540540505
ia-batch21/ltvnh-Litchfield_School_Board_Meeting_-_Oct_29_2014.mp4, -1, -1, 43.0810810810811
ia-batch21/lpama-LHS_Boys_Lacross_vs_Hudson_04.13.17.mp4, -1, -1, 56.9428571428571
ia-batch21/Second_Visitors_Comments_032415.mp4, -1, -1, 62.5
ia-batch21/mctvmd-Rabbi_s_Roundtable_S11E7_-_Chesapeake_Harvest.mp4, -1, -1, 67.3888888888889
ia-batch21/youtube-yVcOSu8KPRw.mp4, -1, -1, 48.0
ia-batch21/Meet_the_Merchant_-_Hunan_Inn.mp4, -1, -1, 56.82857142857139
ia-batch21/osorv-De-Gentrify_Portland_-_What_Happened_-_December_2014.mp4, -1, -1, 69.2702702702703
ia-batch21/What_s_New_In_Burbank_-_December_13_2014.mp4, -1, -1, 55.44117647058821
ia-batch21/youtube-QDPwun8kyuM.mp4, -1, -1, 85.2647058823529
ia-batch21/SCTV_Presents_Katie_s_Community_Service_Report_6-16-16.mp4, -1, -1, 59.657142857142894
ia-batch21/ThroughTheBible-English-131KingsByZacPoonen.mp4, -1, -1, 53.027027027026996
ia-batch21/youtube-SIIYghiPof8.mp4, -1, -1, 25.4324324324324
ia-batch21/O_FallonTV_-_Most_Wanted_10-25-16_O_Fallon_Missouri.mp4, -1, -1, 61.277777777777786
ia-batch21/North_Reading_MA_School_Committee_Meeting_4_7_14.mp4, -1, -1, 52.9459459459459
ia-batch21/Mayor_Mitchell_Welcomes_Students_from_Iceland.mp4, -1, -1, 59.7105263157895
ia-batch21/Power_of_Flowers_PSA.mp4, -1, -1, 74.60526315789471
ia-batch21/TELETEXTATHON_-_Josee_Vachon-Cevallos_Javier_Cevallos_Performance.mp4, -1, -1, 80.7297297297297
ia-batch21/Osceola_County_Pets_of_the_Week_-_Oct._2-7_2014_-_Big_Boy_and_Delilah.mp4, -1, -1, 59.9444444444444
ia-batch21/Maple_Grove_girls_hoopsters_keep_shooting.mp4, -1, -1, 60.8378378378378
ia-batch21/Town_Talk_94.mp4, -1, -1, 64.5
ia-batch21/youtube-LJQTpTljLz8.mp4, -1, -1, 51.5526315789474
ia-batch21/Nutmeg_TV_Fresh_Fruit_Fundraiser_-_The_Cake_Lady.mp4, -1, -1, 53.17142857142861
ia-batch21/youtube-XnL-CdmdzrU.mp4, -1, -1, 73.8787878787879
ia-batch21/ltvnh-Litchfield_School_Board_Meeting_-_Dec_10_2014.mp4, -1, -1, 50.235294117647115
ia-batch21/Pupia-LampedusaAGContrastoDellimmigrazioneClandestina150311329.mp4, -1, -1, 46.866666666666696
ia-batch21/Plastic_Bag_Ban_Article_40.mp4, -1, -1, 59.7567567567568
ia-batch21/Mayor_Chris_Coleman_Inauguration_Ceremony.mp4, -1, -1, 63.527777777777786
ia-batch21/Winter_Tree_Wrapping.mp4, -1, -1, 49.9714285714286
ia-batch21/USD_305_School_Board_Meeting_-_12_11_2018.mp4, -1, -1, 54.5135135135135
ia-batch21/youtube-EF_351vI32k.mp4, -1, -1, 55.472222222222214
ia-batch21/satvma-The_McTeggarts_perform_for_the_Salem_AARP.mp4, -1, -1, 60.2972972972973
ia-batch21/youtube-_sSVqaSl89A.mp4, -1, -1, 66.1081081081081
ia-batch21/Sports_Den_Episode_17.mp4, -1, -1, 60.25
ia-batch21/sf17ut-Come_This_Far_Heart_N_Soul.mp4, -1, -1, 59.74285714285711
ia-batch21/lpama-St._Boniface_Mass_07.07.19.mp4, -1, -1, 61.8684210526316
ia-batch21/youtube-bM_QVuzAVcg.mp4, -1, -1, 72.05555555555559
ia-batch21/Paws_4_A_Cause.mp4, -1, -1, 68.8888888888889
ia-batch21/wtvma-Wareham_School_Committee_Meeting_2-28-2018_Part_1.mp4, -1, -1, 61.10256410256411
ia-batch21/mctpa-Salvation_Army_-_Winter_2012.mp4, -1, -1, 50.027777777777786
ia-batch21/wrokmi-Kids_Visit_with_Santa_in_Royal_Oak_3.mp4, -1, -1, 54.89743589743589
ia-batch21/Sights_Sounds_of_the_Stevens_Creek_and_Blackberry_Farm_Restoration_Dedication.mp4, -1, -1, 51.4571428571429
ia-batch21/WHS_BJVBK_VS_BOURNE_77_35_Final.mp4, -1, -1, 49.1315789473684
ia-batch21/youtube-5ldLzWLWwlo.mp4, -1, -1, 55.4
ia-batch21/Meet_the_Candidates_2014_-_Robert_McCoy.mp4, -1, -1, 58.8181818181818
ia-batch21/youtube-TYi-QcDMvFY.mp4, -1, -1, 59.57142857142861
ia-batch21/NC_Works_Career_Center.mp4, -1, -1, 57.3714285714286
ia-batch21/Sugar_Rush_-_12SAQUAH_Students_Go_Beast_Mode_for_Skittles.mp4, -1, -1, 49.8611111111111
ia-batch21/The_A-List_-_Roz_Varon.mp4, -1, -1, 65.9444444444444
ia-batch21/Mayor_and_Council_Minute_-_College_Gardens_Park_with_Councilmember_Mark_Pierzchala.mp4, -1, -1, 56.9117647058824
ia-batch21/pmpnc-Kidz_Newz_cg0afsgHp30.mp4, -1, -1, 78.7222222222222
ia-batch21/mcmmd-Early_Voting_in_Primary_Election_of_2018.mp4, -1, -1, 73.69444444444441
ia-batch21/mcama-Board_of_Selectmen_-_April_16_2019.mp4, -1, -1, 54.1176470588235
ia-batch21/Northwest_Board_of_Education_Meeting_of_December_10_2018.mp4, -1, -1, 55.459459459459495
ia-batch21/Zengevity_Lesson_4_Balance.mp4, -1, -1, 45.277777777777786
ia-batch21/Wind_Turbine_and_Alternate_Energy_Committee_meeting_from_December_1_2014.mp4, -1, -1, 45.6388888888889
ia-batch21/Madison_Traffic_Committee_1-15-19.mp4, -1, -1, 52.1666666666667
ia-batch21/Pokey_LaFarge_Barcelona_Live_at_KDHX_08_04_16.mp4, -1, -1, 76.8157894736842
ia-batch21/NH_Historical_Marker_Placement_at_Cheswell_Graveyard_Part_2.mp4, -1, -1, 53.8378378378378
ia-batch21/patvny-Great_Neck_Plaza_Summer_Concert_Series_-_Hotter_Than_a_Pepper_Sprout_-_America_s_Music.mp4, -1, -1, 59.1951219512195
ia-batch21/Ste._Genevieve_Board_of_Aldermen_4_10_14.mp4, -1, -1, 49.3513513513514
ia-batch21/Spartans_Varsity_Field_Hockey_vs._Holyoke.mp4, -1, -1, 46.7575757575758
ia-batch21/Oshkosh_Today_6_21_17_Oshkosh_Farmers_Market.mp4, -1, -1, 60.1176470588235
ia-batch21/PBC_TV_Presents_-_Neighborhood_Renaissance_Westgate_Replacement_Homes.mp4, -1, -1, 56.277777777777786
ia-batch21/tv4satx-Luminaria_Arts_Night_Part_1.mp4, -1, -1, 56.722222222222214
ia-batch21/North_Reading_Selectmen_Meeting_2_4_02_Part_2.mp4, -1, -1, 40.9473684210526
ia-batch21/youtube-ZdtowiWcsUk.mp4, -1, -1, 64.0882352941177
ia-batch21/Lincoln_Lancaster_County_Planning_Commission_August_19_2015_pt_1.mp4, -1, -1, 58.8378378378378
ia-batch21/MIAA_Boys_Lacrosse_State_Finals_Division_3_-_Dover-Sherborn_vs._Grafton.mp4, -1, -1, 53.4864864864865
ia-batch21/youtube-eFt01YuHsOQ.mp4, -1, -1, 55.8684210526316
ia-batch21/mbtvmev-Robin_s_Flower_Pot_Family_Fun_Fall_Festival_PSA.mp4, -1, -1, 56.81578947368421
ia-batch21/Sandwichfest_5k_PSA.mp4, -1, -1, 50.657142857142894
ia-batch21/youtube-opH5_J1YAaM.mp4, -1, -1, 50.1621621621622
ia-batch21/The_Local_Music_Scene_14_-_Central_Ave_Drifter.mp4, -1, -1, 48.657894736842096
ia-batch21/Our_City_8-30-10_Part_3.mp4, -1, -1, 50.74285714285711
ia-batch21/Men_and_Women_in_Ministry_-_Episode_21.mp4, -1, -1, 57.3888888888889
ia-batch21/The_Sparta_Philharmonic.mp4, -1, -1, 49.63636363636361
ia-batch21/m20101008mak.mp4, -1, -1, 50.0810810810811
ia-batch21/youtube-e2ZHD4xJpaI.mp4, -1, -1, 65.75
ia-batch21/Meet_The_Red_Cross_October_9th_2014.mp4, -1, -1, 52.4878048780488
ia-batch21/youtube-zQc6qeNUwPE.mp4, -1, -1, 38.6578947368421
ia-batch21/Older_Adult_Suicide_and_Guilt_-_Be_the_Connection_Presentation_Promo.mp4, -1, -1, 62.2285714285714
ia-batch21/NHS_Football_vs_Triton_October_11_2013.mp4, -1, -1, 48.736842105263214
ia-batch21/macsdca-Youth_Media_Camp_team_Awesome2.mp4, -1, -1, 52.6176470588235
ia-batch21/youtube-_XCu_ubt2b0.mp4, -1, -1, 54.3055555555556
ia-batch21/Mayor_Halverson_s_Opening_Comments_January_16_2012_City_Council.mp4, -1, -1, 51.68571428571429
ia-batch21/youtube-UC5TfiLZJ2g.mp4, -1, -1, 44.684210526315795
ia-batch21/youtube-7fy0vGB5kdM.mp4, -1, -1, 58.6315789473684
ia-batch21/mctpa-Jefferson_Society_-_Perry_2000.mp4, -1, -1, 49.2
ia-batch21/youtube-W-Sqp_cQ1Y4.mp4, -1, -1, 62.324324324324294
ia-batch21/Russel_Terriers_1-7-14.mp4, -1, -1, 58.277777777777786
ia-batch21/Public_Panic_Attack_01_14_2017.mp4, -1, -1, 70.88571428571429
ia-batch21/youtube-imPzb-XsxuI.mp4, -1, -1, 52.43243243243239
ia-batch21/Pets_Personalities_on_Parade_October_4_2017.mp4, -1, -1, 52.972222222222214
ia-batch21/Northampton_School_Committee_7_13_16.mp4, -1, -1, 58.1111111111111
ia-batch21/youtube-jJXvSxSOvB0.mp4, -1, -1, 63.0555555555556
ia-batch21/ReverendJoshuaCotterBecauseYouLoveMev2.mp4, -1, -1, 45.5526315789474
ia-batch21/Longmont_City_Council_Regular_Session_for_021616.mp4, -1, -1, 47.8888888888889
ia-batch21/youtube-b0c9hI5bt5g.mp4, -1, -1, 82.25641025641029
ia-batch21/rptv1on-GIRL_TALK_-_RESILIENCE.mp4, -1, -1, 71.3684210526316
ia-batch21/Premiere_Party.mp4, -1, -1, 53.675675675675706
ia-batch21/youtube-_IS8kksR2Ls.mp4, -1, -1, 70.2432432432432
ia-batch21/youtube-U_tyq-6D9-s.mp4, -1, -1, 57.1111111111111
ia-batch21/Planning_Zoning_Commission_March_21st_2018.mp4, -1, -1, 57.235294117647115
ia-batch21/Pet_Pals_-_November_25_2013.mp4, -1, -1, 61.810810810810786
ia-batch21/YemenProtestersBlockAdenStreetsAsCurrencyCollapses.mp4, -1, -1, 60.43243243243239
ia-batch21/Patrick_Stump_Performs_at_Foodstock_2009.mp4, -1, -1, 54.972972972973004
ia-batch21/Significant_TV_with_Franne_McNeal_and_Guest_Tavis_Dockwiller.mp4, -1, -1, 57.0555555555556
ia-batch21/Oshkosh_School_Board_1_11_17.mp4, -1, -1, 44.235294117647115
ia-batch21/youtube-8qw_0k90zoE.mp4, -1, -1, 53.43243243243239
ia-batch21/lpama-Earth_Day_Video_1.mp4, -1, -1, 59.085714285714296
ia-batch21/Moore_Business_Spotlight_March_2011.mp4, -1, -1, 47.512820512820504
ia-batch21/wolfebos615.mp4, -1, -1, 52.4473684210526
ia-batch21/youtube-2fjyFYth58.mp4, -1, -1, 63.972222222222214
ia-batch21/Muzik4machines-Muzik4MachinesLivePiStudioMarch20th2008DemoESX394-2.mp4, -1, -1, 51.428571428571395
ia-batch22/Recognition_of_Aviation_Employees.mp4, -1, -1, 49.514285714285705
ia-batch22/m20100905mak.mp4, -1, -1, 49.94117647058821
ia-batch22/Memorial_Day_Celebration_2016.mp4, -1, -1, 59.70588235294121
ia-batch22/March_19_2015_-_ZBA.mp4, -1, -1, 46.026315789473706
ia-batch22/The_Psychotic_Comedian_-_Episode_95.mp4, -1, -1, 56.825
ia-batch22/Osseo_Orioles_win_section_High_School_Volleyball_title.mp4, -1, -1, 60.2702702702703
ia-batch22/youtube-dBrDNbTDfXI.mp4, -1, -1, 46.5833333333333
ia-batch22/Needham_vs._Weymouth_Boys_Basketball_2-11-11.mp4, -1, -1, 49.74285714285711
ia-batch22/youtube-CyPozP2-2kc.mp4, -1, -1, 57.4
ia-batch22/PAC_14_Crime_Solvers_August_2014.mp4, -1, -1, 59.78125
ia-batch22/PSA_Restore_Make_A_Volunteer_Out_Of_You.mp4, -1, -1, 52.29411764705879
ia-batch22/Two_Tone_43.mp4, -1, -1, 60.17142857142861
ia-batch22/The_SportsDesk_31.12_-_Torrance_CitiCABLE_-_September_25_2012.mp4, -1, -1, 51.57142857142861
ia-batch22/youtube-u7-abRXBsUg.mp4, -1, -1, 48.31578947368421
ia-batch22/Select_Board_Meeting_7_6_15.mp4, -1, -1, 57.9714285714286
ia-batch22/youtube-y78zS9SXR0M.mp4, -1, -1, 73.5142857142857
ia-batch22/October_03_2017_City_Council.mp4, -1, -1, 45.5757575757576
ia-batch22/WillAntifaTryToStopAnnCoulterSomeAnarchistsHaveColdFeet.mp4, -1, -1, 63.2162162162162
ia-batch22/Marquette_City_Commission_Regular_Meeting_10-12-2011.mp4, -1, -1, 35.2058823529412
ia-batch22/lpama-THMSPodcast_for_the_week_of_11.03.14.mp4, -1, -1, 52.1666666666667
ia-batch22/macsdca-Wesley_Flipbook.mp4, -1, -1, 42.243243243243214
ia-batch22/Our_Missoula_Update_09-28-2015.mp4, -1, -1, 68.2894736842105
ia-batch22/ZHB_1-11-10.mp4, -1, -1, 45.3611111111111
ia-batch22/Pridetime_2013_episode_05_-_Kelly_Hamilton_ALIVE_Magazine_-_WebExtra.mp4, -1, -1, 63.3529411764706
ia-batch22/News_Conference_-_Residents_with_New_Roofs_Urged_to_Check_Venting.mp4, -1, -1, 74.9722222222222
ia-batch22/wrokmi-Dave_Hamilton_Band_Free_Will_Live_in_Royal_Oak.mp4, -1, -1, 51.9117647058824
ia-batch22/NicholasLimKoonHiong.mp4, -1, -1, 60.3513513513514
ia-batch22/Maple_Grove_Theft_From_Auto_Tips_-_May_2012.mp4, -1, -1, 69.6857142857143
ia-batch22/lwcatma-Authors_on_the_Road-The_Map_of_True_Places-Brunonia_Barry.mp4, -1, -1, 63.4864864864865
ia-batch22/mbtvmev-Summerfest.mp4, -1, -1, 57.2727272727273
ia-batch22/youtube-1lOBwKz6yfE.mp4, -1, -1, 45.0
ia-batch22/Officer_Reed_on_his_First_Aid_of_Infant.mp4, -1, -1, 61.1944444444444
ia-batch22/sh_reda_almorsi_somaal.mp4, -1, -1, 48.1388888888889
ia-batch22/youtube-bMSNwRTAhkA.mp4, -1, -1, 51.8823529411765
ia-batch22/youtube-cVenYTIVZ8E.mp4, -1, -1, 43.184210526315795
ia-batch22/Ste._Genevieve_Mo_Board_of_Aldermen_7_14_16.mp4, -1, -1, 54.5555555555556
ia-batch22/youtube-tdT78X-JRMc.mp4, -1, -1, 38.6111111111111
ia-batch22/Quincy_in_Focus_-_Merrymount_4th_of_July_Parade.mp4, -1, -1, 49.777777777777786
ia-batch22/sinema-trailer_hands-of-steel.mp4, -1, -1, 42.485714285714295
ia-batch22/Summit_County_Animal_Shelter_Pets_of_the_Week_December_30_3016.mp4, -1, -1, 69.0588235294118
ia-batch22/MadridMac.mp4, -1, -1, 69.5588235294118
ia-batch22/youtube-7oalUAQQSXA.mp4, -1, -1, 62.2702702702703
ia-batch22/Moorhead_Recycles_PSA.mp4, -1, -1, 57.5882352941177
ia-batch22/tctvbc-Cheongdoong_Performing_Arts_at_Canada_Day.mp4, -1, -1, 60.8
ia-batch22/MCC_3_8_16_-_Midcoast_Community_Council_Meeting_-_March_8_2016.mp4, -1, -1, 67.0
ia-batch22/Open_Culture_-_The_Many_Sides_of_John_Doe.mp4, -1, -1, 47.842105263157904
ia-batch22/Wareham_Sewer_Commissioners_Meeting_8-28-2016.mp4, -1, -1, 50.485714285714295
ia-batch22/Title_Sequence_Spring_2017_Angio_Vileta.mp4, -1, -1, 67.10526315789471
ia-batch22/youtube-bQ0d8PsKGhs.mp4, -1, -1, 80.9189189189189
ia-batch22/Topic_Time_-_Wes_Williams_II_-_07_06_16.mp4, -1, -1, 45.7027027027027
ia-batch22/Wareham_Conservation_Commission_Meeting_10-18-2017.mp4, -1, -1, 54.263157894736786
ia-batch22/mcmmd-Dawson_s_Market_Has_Lots_of_Local_Products.mp4, -1, -1, 71.7567567567568
ia-batch22/youtube-nV_s2pxPC-4.mp4, -1, -1, 66.3888888888889
ia-batch22/youtube-UdnyCuFWVRE.mp4, -1, -1, 50.1470588235294
ia-batch22/Plymouth_Planning_Board_Work_Session_3_3_16.mp4, -1, -1, 51.472222222222214
ia-batch22/Read_Boston_2012_Awards.mp4, -1, -1, 59.6969696969697
ia-batch22/Smithtown_Town_Board_Meeting_12_11_12.mp4, -1, -1, 53.0571428571429
ia-batch22/Using_SNAP_Benefits_at_Farmers_Markets_En_Espanol.mp4, -1, -1, 53.96875
ia-batch22/youtube-4_0S5XpTOTY.mp4, -1, -1, 36.25
ia-batch22/youtube-J5FLWWeOG1I.mp4, -1, -1, 46.4848484848485
ia-batch22/stgenmo-PLC_Consultants_replace_power_pole_in_Ste._Genevieve_Mo_11_08_18.mp4, -1, -1, 53.0
ia-batch22/Maintenance_Moment_Leaf_Pickup_0txvsv9fT0E.mp4, -1, -1, 71.4848484848485
ia-batch22/Ste._Genevieve_Mo_Board_of_Aldermen_9_22_16.mp4, -1, -1, 59.1428571428571
ia-batch22/youtube-PC1xoHeBVB0.mp4, -1, -1, 47.3611111111111
ia-batch22/youtube-ItCYzwPkiDY.mp4, -1, -1, 48.3529411764706
ia-batch22/Rules_Committee_Meeting_-_7_6_11.mp4, -1, -1, 43.2
ia-batch22/Real_Talk_-_Show_Promo_-_Vintage_TVSB.mp4, -1, -1, 41.72222222222221
ia-batch22/mgntn-11_19_19_Council_Committees_-_Personnel_Public_Information_Human_Relations_and_Housing.mp4, -1, -1, 69.5135135135135
ia-batch22/pactvma-Watch_the_2018_Pembroke_MA_Memorial_Day_Parade.mp4, -1, -1, 72.44444444444441
ia-batch22/Trojans_take_overtime_match.mp4, -1, -1, 65.0
ia-batch22/October_Late_Bloomers.mp4, -1, -1, 49.70588235294121
ia-batch22/Medfield_Warrior_Boys_Volleyball_vs_Wachusett_-_MIAA_6_13.mp4, -1, -1, 39.4117647058824
ia-batch22/youtube-rreaEhJNi2g.mp4, -1, -1, 49.212121212121204
ia-batch22/Open_Stage_School_of_Rock_June_2019.mp4, -1, -1, 61.9459459459459
ia-batch22/youtube-YoIDFKflGno.mp4, -1, -1, 36.2352941176471
ia-batch22/youtube-60lmDCGgW9k.mp4, -1, -1, 60.5135135135135
ia-batch22/Mono_-_Baron_Wormser_-_Poems_from_Carthage_01.21.16.mp4, -1, -1, 64.5
ia-batch22/Music_in_the_Park_2013_Season.mp4, -1, -1, 63.0
ia-batch22/Pitt_County_Hurricane_Irene_FEMA_assistance_deadline_extension.mp4, -1, -1, 51.71875
ia-batch22/NRSC_8_25_08_Part_2.mp4, -1, -1, 58.257142857142895
ia-batch22/STL_Live_Annie_Malone_2_of_2.mp4, -1, -1, 58.63636363636361
ia-batch22/Massachusetts_Fallen_Heroes_Memorial_Dedication.mp4, -1, -1, 63.0
ia-batch22/lpama-St._Boniface_Mass_07.31.16.mp4, -1, -1, 51.0810810810811
ia-batch22/youtube-9GtHBf3AgQ0.mp4, -1, -1, 43.6944444444444
ia-batch22/youtube-_CXd2X1CnQE.mp4, -1, -1, 66.1388888888889
ia-batch22/Supervised_Visitation_and_Safe_Exchange_Center.mp4, -1, -1, 72.8157894736842
ia-batch22/Winton_Woods_vs_Mt._Healthy_Women_s_Reserve_Basketball_Game_of_February_2_2015.mp4, -1, -1, 48.235294117647115
ia-batch22/youtube-38UyvQV7fSY.mp4, -1, -1, 45.236842105263214
ia-batch22/Plugging_the_Digital_Divide.mp4, -1, -1, 58.0294117647059
ia-batch22/Your_Turn_-_Survival_of_Seniors_-_Spirituality.mp4, -1, -1, 39.085714285714296
ia-batch22/STL_TV_LIVE_-_For_Colored_Girls_2_of_2.mp4, -1, -1, 56.4444444444444
ia-batch22/THESELATINTRIBES.mp4, -1, -1, 76.4864864864865
ia-batch22/WUMS_Girls_7th_Grade_Basketball_vs._Randolph_-_Jan_14_2012.mp4, -1, -1, 49.88571428571429
ia-batch22/Signs_of_Progress_-_Waterworks_Treatment_Plant.mp4, -1, -1, 51.47368421052629
ia-batch22/Palos_Heights_State_Of_The_City_Address_2-14-17.mp4, -1, -1, 61.57142857142861
ia-batch22/Macey_s_Cooking_Corner_with_Jacob_Acquah_1.mp4, -1, -1, 76.7575757575758
ia-batch22/Medfield_Selectmen_11-17-2015.mp4, -1, -1, 54.0571428571429
ia-batch22/youtube-zf7f8-f0Q6Q.mp4, -1, -1, 47.74285714285711
ia-batch22/stvma-We_Wish_You_Mambo_Xmas.mp4, -1, -1, 50.8611111111111
ia-batch22/youtube-w_Cex8lZ2FQ.mp4, -1, -1, 53.538461538461505
ia-batch22/MCC_10_11_17_-_Midcoast_Community_Council_Meeting_-_October_11_2017.mp4, -1, -1, 42.0
ia-batch22/youtube-3pT3k5Nk6ls.mp4, -1, -1, 52.55882352941179
ia-batch22/pctca-CCWD_5_14_19_-_Coastside_County_Water_District_Meeting_-_May_14_2019.mp4, -1, -1, 50.512820512820504
ia-batch22/Service_Awards_Ceremony_-_July_21_2014.mp4, -1, -1, 51.75
ia-batch22/STL_TV_LIVE_-_Ma_at_Atkins.mp4, -1, -1, 58.63636363636361
ia-batch22/Mainebotanicalgardenspart1.mp4, -1, -1, 46.1621621621622
ia-batch22/youtube-PZ6DYzAi_6A.mp4, -1, -1, 63.625
ia-batch22/lrtvme-LRTV_on_Location_Palaver_Strings_with_Drums.mp4, -1, -1, 69.7567567567568
ia-batch22/youtube-0XE4CYlQ_es.mp4, -1, -1, 52.0
ia-batch22/Steelworker_views_of_1971_Gary_Indiana_RARE_Interviews.mp4, -1, -1, 38.742857142857105
ia-batch22/youtube-q-zgkfEt5bk.mp4, -1, -1, 60.67647058823529
ia-batch22/ntvva-2018_Norfolk_Peace_Officers_Memorial_Day_Service.mp4, -1, -1, 58.9714285714286
ia-batch22/youtube-fycA8TENTjc.mp4, -1, -1, 43.8787878787879
ia-batch22/St_Croix_County_Board_March_6_2012.mp4, -1, -1, 42.9166666666667
ia-batch22/youtube-REas1F_gR9Y.mp4, -1, -1, 66.0588235294118
ia-batch22/MyMCMedia_Extra_-_Kentlands_Lakelands_5K_Race_Ashman_Vs_Sesma.mp4, -1, -1, 74.4166666666667
ia-batch22/Your_Courthouse_at_Work_-_Veterans_Court.mp4, -1, -1, 57.31578947368421
ia-batch22/macsdca-Single-Handed_Sailing_by_Sid_Walton.mp4, -1, -1, 66.6060606060606
ia-batch22/youtube-7Co-lJ59DZY.mp4, -1, -1, 54.32352941176471
ia-batch22/Plan_Commission_Meeting_07_09_2012.mp4, -1, -1, 50.921052631579
ia-batch22/Winchester_-_Bats_Under_Attack_-_Threats_to_the_Wisconsin_Bat_Population.mp4, -1, -1, 61.6111111111111
ia-batch22/McAllen_EDC_Rewards_for_Referrals.mp4, -1, -1, 68.7222222222222
ia-batch22/pmpc-Zebulon_Board_Meeting_qKCpdJ61UYc.mp4, -1, -1, 47.32352941176471
ia-batch22/Scituate_Zoning_Board_Meeting_8-15-13.mp4, -1, -1, 49.63636363636361
ia-batch22/Marshalltown_City_Council_7_8_19.mp4, -1, -1, 53.29411764705879
ia-batch22/SCVTV.com_1_2011_South_Coast_AQMD_-_State_of_the_Air_2011.mp4, -1, -1, 50.5428571428571
ia-batch22/Sherborn_BOS_Planning_Board_Meeting.mp4, -1, -1, 45.17142857142861
ia-batch22/Stormwater_PSA_2_12.mp4, -1, -1, 50.44117647058821
ia-batch22/Sunderland_Selectboard_-_February_29_2016.mp4, -1, -1, 49.405405405405396
ia-batch22/Ste._Genevieve_Board_of_Aldermen_4_25_13.mp4, -1, -1, 53.0285714285714
ia-batch22/sf17ut-Nebo_Philharmonic_Fall_Concert_October_29_2019.mp4, -1, -1, 59.972222222222214
ia-batch22/The_Better_Part_-_The_Final_Harvest.mp4, -1, -1, 49.3684210526316
ia-batch22/Telling_You_All_About_It_08_20_15_The_Purple_Play_set.mp4, -1, -1, 61.235294117647115
ia-batch22/Paksy_Plackis-Cheng_on_GCTV_with_Bill_Miller.mp4, -1, -1, 78.8157894736842
ia-batch22/youtube-N156jNKxOlU.mp4, -1, -1, 41.6111111111111
ia-batch22/North_Reading_Town_Meeting_10_5_09_Part_5.mp4, -1, -1, 42.8648648648649
ia-batch22/Monona_City_Council_6_20_16.mp4, -1, -1, 44.6470588235294
ia-batch22/Pioneer_Valley_Roller_Derby_Wheel_Toss_6_3_2012.mp4, -1, -1, 55.421052631579
ia-batch22/NBHS_Cultural_Night.mp4, -1, -1, 58.8823529411765
ia-batch22/whpama-Board_of_Selectmen_06.24.19.mp4, -1, -1, 53.0
ia-batch22/Northwest_Board_of_Education_Meeting_of_April_21_2014.mp4, -1, -1, 57.03125
ia-batch22/Spanish_Fork_Interview_11-12-10-NeboChorale.mp4, -1, -1, 59.914285714285704
ia-batch22/Police_Commissioner_Meeting_February_18_2016.mp4, -1, -1, 50.2285714285714
ia-batch22/MuseumPromo_1990_U047.mp4, -1, -1, 45.0540540540541
ia-batch22/Massive_Resistance_in_Norfolk_-_Civil_Rights_Norfolk_17.mp4, -1, -1, 45.846153846153896
ia-batch22/youtube-Ko4k-OuAxLc.mp4, -1, -1, 42.6216216216216
ia-batch22/Work_01_15_13_Session_-_Norfolk_City_Council.mp4, -1, -1, 60.70588235294121
ia-batch22/WHS_Volleyball_Game_vs._Watertown_-_September_19th_2012.mp4, -1, -1, 51.7272727272727
ia-batch22/USA_Cup_kicks_off.mp4, -1, -1, 44.5
ia-batch22/Middlebury_Five-O_-_Matt_Ready.mp4, -1, -1, 59.8
ia-batch22/May_28_2015_-_Committee_of_the_Whole.mp4, -1, -1, 60.17142857142861
ia-batch22/youtube-ZVLXWBWCwgs.mp4, -1, -1, 46.5428571428572
ia-batch22/youtube-Aq_7VfWf2r8.mp4, -1, -1, 58.914285714285704
ia-batch22/Wilmington_vs_North_Reading_Girls_JV_Basketball_-_February_13th_1997.mp4, -1, -1, 40.5294117647059
ia-batch22/youtube-QBIfjDSdm0I.mp4, -1, -1, 57.972222222222214
ia-batch22/South_Central_High_School_2013_Graduation_Ceremony.mp4, -1, -1, 49.3888888888889
ia-batch22/Lynne_Damianos_-_Damianos_Photography.mp4, -1, -1, 72.75
ia-batch22/Pedestrian_Safety_2006.mp4, -1, -1, 50.0833333333333
ia-batch22/Melissa_Osborne_for_State_Senate.mp4, -1, -1, 59.512820512820504
ia-batch22/paintinblack_201912.mp4, -1, -1, 59.32352941176471
ia-batch22/Ottauquechee_Health_Foundation_Annual_Meeting_-_March_19_2014.mp4, -1, -1, 54.1176470588235
ia-batch22/North_Reading_School_Committee_Meeting_11_13_07_Part_9.mp4, -1, -1, 52.31428571428571
ia-batch22/Luxury_Limo_Lunch_5-21-2008_WC-TV_Archives.mp4, -1, -1, 54.7272727272727
ia-batch22/NCN_Sports_Update_11-05-09.mp4, -1, -1, 53.974358974359
ia-batch22/Wareham_Selectmen_Meeting_7-23-2013.mp4, -1, -1, 45.34375
ia-batch22/youtube-6tcJJC0q8TM.mp4, -1, -1, 52.972972972973004
ia-batch22/WhereAreTheJoneses_793.mp4, -1, -1, 57.9230769230769
ia-batch22/youtube-3MikduPQLpI.mp4, -1, -1, 61.675675675675706
ia-batch22/Sprague_at_North_Salem_Football.mp4, -1, -1, 52.5135135135135
ia-batch22/youtube-Y__LuZEPkbk.mp4, -1, -1, 42.4324324324324
ia-batch22/Taste_of_the_Gables_-_Kick-off_Event_for_Coral_Gables_Restaurant_Week_2014.mp4, -1, -1, 61.57142857142861
ia-batch22/North_Reading_MA_Select_Board_Meeting_07_23_18.mp4, -1, -1, 51.6944444444444
ia-batch22/Watsonville_City_Council_Meeting_-_November_15_2016.mp4, -1, -1, 55.1818181818182
ia-batch22/youtube-slwec7xAZ9Y.mp4, -1, -1, 81.47058823529409
ia-batch22/The_horn_has_blown_The_2017_Revere_Beach_International_Sand_Sculpting_Festival_has_begun.mp4, -1, -1, 73.3939393939394
ia-batch22/untvmi-The_Briefing_Room_7_18_13.mp4, -1, -1, 60.810810810810786
ia-batch22/The_Bottom_Line_-_Wheaton_Recreation_Center.mp4, -1, -1, 78.2941176470588
ia-batch22/Zebra_At_Hoyt_Farm_Park.mp4, -1, -1, 52.428571428571395
ia-batch22/Marietta_Veterans_Day_Parade_-_11_11_16.mp4, -1, -1, 55.79411764705879
ia-batch22/With_Jeff_Episode_7.mp4, -1, -1, 62.3823529411765
ia-batch22/TyphoonMariaMakesLandfallInSEChina.mp4, -1, -1, 58.189189189189214
ia-batch22/Wareham_Selectmen_Meeting_6-6-2013.mp4, -1, -1, 44.684210526315795
ia-batch22/youtube-6Bia7gSchVw.mp4, -1, -1, 37.32432432432429
ia-batch22/youtube-MVtGnsBJOss.mp4, -1, -1, 57.8611111111111
ia-batch22/The_Video_Sports_Page_1147.mp4, -1, -1, 52.74285714285711
ia-batch22/The_Rumle_Quadrille_-_The_Poodles.mp4, -1, -1, 51.4571428571429
ia-batch22/MCPS_Offers_Free_Lunch_to_Students_on_Snow_Day.mp4, -1, -1, 76.7941176470588
ia-batch22/youtube-CxOefMre8tE.mp4, -1, -1, 30.361111111111107
ia-batch22/McAllen_Performing_Arts_Center_Preview.mp4, -1, -1, 65.3513513513513
ia-batch22/SU_on_Air_with_the_Center_for_Extended_and_Lifelong_Learning.mp4, -1, -1, 64.6756756756757
ia-batch22/youtube-Aht1DA_Q-zk.mp4, -1, -1, 43.2432432432432
ia-batch22/youtube-aeeqEiz3vfE.mp4, -1, -1, 63.7575757575758
ia-batch22/youtube-fCXDR5yUAWU.mp4, -1, -1, 52.56410256410261
ia-batch22/youtube-axTthxE-z6A.mp4, -1, -1, 61.3611111111111
ia-batch22/punkcast80535b.mp4, -1, -1, 46.6388888888889
ia-batch22/Register_of_Deeds_YouTube_HQ.mp4, -1, -1, 53.405405405405396
ia-batch22/scatvca-MORE_Chili_Cook-off_and_Classic_Car_Show_2015_Part_1--El_Dorado_County_CA.mp4, -1, -1, 58.32352941176471
ia-batch22/Needham_s_Town_Forest_2013.mp4, -1, -1, 59.1944444444444
ia-batch22/LTC_municipal_channel_is_moving.mp4, -1, -1, 44.9444444444444
ia-batch22/Rep_Elaine_Nekritz_D_on_the_Need_to_Implement_SB-1_as_the_Pension_Reform_Bill.mp4, -1, -1, 53.43243243243239
ia-batch22/patvny-PATV_LIE_-_Episode_1_Full_Episode.mp4, -1, -1, 70.969696969697
ia-batch22/Mahalovideogames-Fear2WalkthroughClimaxPartTwo575.mp4, -1, -1, 48.0
ia-batch22/Pets_of_the_Week_-_May_21st_2015.mp4, -1, -1, 68.0277777777778
ia-batch22/youtube-HatqylmoSfE.mp4, -1, -1, 30.352941176470605
ia-batch22/Meet_the_Sculptors_-_Leonardo_Ugolini.mp4, -1, -1, 73.8611111111111
ia-batch22/Manchester_Spring_Fest_2013.mp4, -1, -1, 48.3783783783784
ia-batch22/Solving_Problems_with_Coyotes_in_Geneva.mp4, -1, -1, 67.25
ia-batch22/The_Journey_that_Saved_Curious_George_-_The_True_Wartime_Escape_of_Margret_and_H.A._Rey.mp4, -1, -1, 65.08571428571429
ia-batch22/Meet_Your_New_London_Chamber_Member_Hair_Company.mp4, -1, -1, 53.74285714285711
ia-batch22/SCVTV.com_6_4_2011_President_Barack_Obama_s_Weekly_Address.mp4, -1, -1, 70.8787878787879
ia-batch22/Meet_the_Merchant_-_Plush_Horse.mp4, -1, -1, 57.20588235294121
ia-batch22/Mayor_s_Press_Conference_1_10_2018.mp4, -1, -1, 65.7272727272727
ia-batch22/Mayor_s_Arts_Awards_2017_-_Hildegard_Center_for_the_Arts.mp4, -1, -1, 72.15625
ia-batch23/youtube-qP1fkW8y088.mp4, -1, -1, 49.514285714285705
ia-batch23/McAllen_News_Update_3.mp4, -1, -1, 60.857142857142804
ia-batch23/Parish_President_s_Report_for_April_22_2013.mp4, -1, -1, 66.0294117647059
ia-batch23/youtube-64BL_-3q_yo.mp4, -1, -1, 33.4857142857143
ia-batch23/youtube-fvrSUTPAR4s.mp4, -1, -1, 55.9714285714286
ia-batch23/May_Update_-_New_NHS_Construction.mp4, -1, -1, 60.7575757575758
ia-batch23/mctvmd-The_Weekend_Marquee_S3E9_-_Tom_Rush.mp4, -1, -1, 73.0571428571429
ia-batch23/youtube-IT-4-9oIz9c.mp4, -1, -1, 47.2285714285714
ia-batch23/whctvct-TIL_Kenyon_2.mp4, -1, -1, 64.2352941176471
ia-batch23/youtube-C7kFoivWV1w.mp4, -1, -1, 62.1388888888889
ia-batch23/youtube-XqwhjEnhfAY.mp4, -1, -1, 56.11428571428571
ia-batch23/Middlebury_Selectboard_Meeting_7_11_17.mp4, -1, -1, 53.1212121212121
ia-batch23/Northwest_Local_Schools_Topping_Out_Ceremony_-_October_18_2017.mp4, -1, -1, 65.0
ia-batch23/WUHS_Football_vs_Oxbow_-_September_16_2011.mp4, -1, -1, 49.4864864864865
ia-batch23/Portage_County_Matters_-_Episode_4.mp4, -1, -1, 62.5
ia-batch23/West_Allis_A_La_Carte_June_4_2017.mp4, -1, -1, 52.9428571428571
ia-batch23/Planning_Commissin_Special_Study_Session_May_28_2013.mp4, -1, -1, 55.547619047619
ia-batch23/Update_on_Swine_Flu_Prep_for_Boston.mp4, -1, -1, 63.787878787878796
ia-batch23/youtube-RwbkhDsRMHg.mp4, -1, -1, 40.2058823529412
ia-batch23/New_Traffic_Signal_at_Flat_Shoals_Pkwy..mp4, -1, -1, 50.085714285714296
ia-batch23/Taft_3point_buzzer-beater_-_Is_this_Traveling.mp4, -1, -1, 49.324324324324294
ia-batch23/MCAT_20th_Birthday_Party_Full_Version.mp4, -1, -1, 45.810810810810786
ia-batch23/ltvnh-Litchfield_Recreation_Commission_Meeting_-_May_26_2015.mp4, -1, -1, 47.9444444444444
ia-batch23/Washington_Lee_at_Wakefield_1st_Half_9_30_11.mp4, -1, -1, 46.6388888888889
ia-batch23/sf17ut-Monster_Truck_Aug_16_2018.mp4, -1, -1, 68.4571428571429
ia-batch23/untvmi-Cherry_T_Preview.mp4, -1, -1, 53.1944444444444
ia-batch23/Planning_Board_-_November_4_2015.mp4, -1, -1, 51.264705882352885
ia-batch23/Men_and_Women_in_Ministry_-_Episode_14.mp4, -1, -1, 53.0
ia-batch23/youtube-nkwLPRWxcS4.mp4, -1, -1, 68.7297297297297
ia-batch23/The_Home_Inspection_Man.mp4, -1, -1, 59.32352941176471
ia-batch23/youtube-mY7dvznRK6w.mp4, -1, -1, 62.0833333333333
ia-batch23/Lunchtime_Self_Defense.mp4, -1, -1, 71.9210526315789
ia-batch23/Standout_Student_-_Cooper_s_Aleesa_Kuznetsov.mp4, -1, -1, 66.37142857142861
ia-batch23/Oxon_Hill_Lady_Clippers_on_The_Rounbdall_Report.mp4, -1, -1, 50.8333333333333
ia-batch23/PAC_14_DT_Homeless_Children_12.16.15.mp4, -1, -1, 77.0882352941177
ia-batch23/Planning_Board_05_16_13.mp4, -1, -1, 49.17142857142861
ia-batch23/North_Reading_MA_School_Committee_Meeting_4_29_13.mp4, -1, -1, 53.9117647058824
ia-batch23/magic_20161129.mp4, -1, -1, 48.8529411764706
ia-batch23/Technical_Advisory_Committee_05.05.15.mp4, -1, -1, 46.3714285714286
ia-batch23/Tri-District_-_Boys_vs_Crescent_02-16-12.mp4, -1, -1, 55.6451612903226
ia-batch23/Present_-_A_VERY_Moving_Experience_part_one.mp4, -1, -1, 56.0
ia-batch23/Marilyn_Monroe_Communist.mp4, -1, -1, 65.0
ia-batch23/whctvct-Two_Guys_and_a_Lotta_Wine_-_Acidity_and_Wine_February_2015.mp4, -1, -1, 63.257142857142895
ia-batch23/lwcatma-1st_Ann._Dance-_-Cheer_Competition_Aug_31st.mp4, -1, -1, 62.235294117647115
ia-batch23/St._Louis_Presents_-_Episode_14.mp4, -1, -1, 61.8
ia-batch23/The_Architecturals-_The_Thrill_is_Gone.mp4, -1, -1, 55.89473684210521
ia-batch23/youtube-EzQPYr3LP44.mp4, -1, -1, 58.454545454545496
ia-batch23/lpama-Selectmen_Meeting_12.05.17.mp4, -1, -1, 63.89473684210521
ia-batch23/youtube-p63JH_kD1v0.mp4, -1, -1, 47.894736842105296
ia-batch23/ltvma-The_Honey_Do_List_-_Show_2_-_Raised_Garden_Beds.mp4, -1, -1, 61.4375
ia-batch23/Marching_Band_Prep.mp4, -1, -1, 50.53125
ia-batch23/Live_Love_Give_Charity_Dance_2019.mp4, -1, -1, 54.43243243243239
ia-batch23/mctvmd-The_Wailers_-_One_Drop.mp4, -1, -1, 60.5833333333333
ia-batch23/lwcatma-Authors_on_the_Road_-I_m_Just_A_Girl-Susan_Ravagni.mp4, -1, -1, 68.4571428571429
ia-batch23/The_Budget_Impasse_and_Impact_on_Social_Services.mp4, -1, -1, 63.3030303030303
ia-batch23/STL_LIVE_St_Louis_Media_History_Foundation_2_of_2.mp4, -1, -1, 57.9189189189189
ia-batch23/North_Reading_High_School_Graduation_1997_Part_1.mp4, -1, -1, 36.1842105263158
ia-batch23/ltvnh-Litchfield_Board_of_Selectmen_-_August_24_2015.mp4, -1, -1, 50.7297297297297
ia-batch23/MaidenpercocoFeat.X-in.mp4, -1, -1, 43.684210526315795
ia-batch23/Mayor_Henry_releases_2009_City_budget.mp4, -1, -1, 53.0285714285714
ia-batch23/mcama-Board_of_Selectmen_-_May_16_2016.mp4, -1, -1, 57.2
ia-batch23/mctpa-Chronic_Health_Problems.mp4, -1, -1, 63.5294117647059
ia-batch23/Marc_Chasse_Gary_Dumond_1h_51m_11s.mp4, -1, -1, 54.0555555555556
ia-batch23/SOMAtv_-_Simon_Says_-_On_The_Mark_-_December_13th_2011.mp4, -1, -1, 47.657142857142894
ia-batch23/Lou_Diamond_Phillips_1987.mp4, -1, -1, 56.657142857142894
ia-batch23/slpmn-Country_Music_Jam_at_LenoxCC_5-1-2019_pt2_--_ParkTV15.mp4, -1, -1, 68.6857142857143
ia-batch23/sttvmi-Chieftain_Rewind_9.mp4, -1, -1, 76.71428571428571
ia-batch23/Taste_of_Mercy_-_Fresh_Vegetables.mp4, -1, -1, 62.5
ia-batch23/Oakley_Ribbon_Cutting.mp4, -1, -1, 45.67647058823529
ia-batch23/rupaulstolemyideastorytimecreepshowart.mp4, -1, -1, 71.1388888888889
ia-batch23/Monona_City_Council_7_6_15.mp4, -1, -1, 42.4166666666667
ia-batch23/Lt._Hodgkins_North_Reading_Welcome_Parade.mp4, -1, -1, 48.0285714285714
ia-batch23/youtube-bsK2S8x-sOE.mp4, -1, -1, 36.270270270270295
ia-batch23/youtube-KNnxmko8PiQ.mp4, -1, -1, 56.57142857142861
ia-batch23/Shaftsbury_Select_Board_-_11_3_14.mp4, -1, -1, 61.3529411764706
ia-batch23/stgenmo-Ste._Genevieve_Mo_Board_of_Aldermen_4_12_18.mp4, -1, -1, 46.9444444444444
ia-batch23/OB_Life_Safety_Items_Capital_Improvements_102814.mp4, -1, -1, 57.4864864864865
ia-batch23/Sports_Den_S12_Episode_5.mp4, -1, -1, 52.3333333333333
ia-batch23/SCTV_Presents_R_C_Farms_Landscape_6-6-1.mp4, -1, -1, 62.5
ia-batch23/MV_Youth_Voice_Production_-_Girls_7th_Grade_Basketball._Game_of_January_29_2015.mp4, -1, -1, 50.6176470588235
ia-batch23/Mad_Science_Camps.mp4, -1, -1, 65.2352941176471
ia-batch23/Pownal_Select_Board_-_8_15_13.mp4, -1, -1, 60.24324324324329
ia-batch23/youtube-qP9EgziQrQc.mp4, -1, -1, 44.027027027026996
ia-batch23/Worth_Knowing_-_Images_of_America_Palos_Park_Worth.mp4, -1, -1, 56.44117647058821
ia-batch23/Metro_Digest_-_Worldfest_Favorites.mp4, -1, -1, 55.5
ia-batch23/youtube-s1x7TRyCMEI.mp4, -1, -1, 49.7575757575758
ia-batch23/wrokmi-Royal_Oak_City_Commission_buget_meeting_of_5_15_18.mp4, -1, -1, 58.9714285714286
ia-batch23/School_Committee_11_13_14.mp4, -1, -1, 46.9117647058824
ia-batch23/youtube-9mtSSBTdbH0.mp4, -1, -1, 70.80555555555559
ia-batch23/The_State_of_Race_in_America_-_Institutions.mp4, -1, -1, 55.864864864864906
ia-batch23/ytchannellink123456.mp4, -1, -1, 61.657142857142894
ia-batch23/mhatca-Mitey_Mites_MH_Raiders_Pop_Warner_Football_9-4-2011.mp4, -1, -1, 57.222222222222214
ia-batch23/Veterans_Day_2014_Programming_Schedule.mp4, -1, -1, 73.875
ia-batch23/McAllen_-_Explore_McAllen_Part_3.mp4, -1, -1, 66.4722222222222
ia-batch23/SCTV_Presents_-_South_Shore_Style_TV_Week_1.mp4, -1, -1, 52.722222222222214
ia-batch23/rccamwi-Let_s_Learn_Together_2-7-18.mp4, -1, -1, 63.9428571428571
ia-batch23/Veterans_Day_-_11-11-2016.mp4, -1, -1, 57.6470588235294
ia-batch23/Mahalovideogames-Killzone2WalkthroughMaelstraBarrensPt2311-2.mp4, -1, -1, 46.189189189189214
ia-batch23/youtube-sCBkm0KSczg.mp4, -1, -1, 48.8611111111111
ia-batch23/World_Beat_2012_Danza_Azteca_1.mp4, -1, -1, 60.4
ia-batch23/lpama-YULE_LOG.mp4, -1, -1, 62.375
ia-batch23/Marshall_Works_Episode_1_-_Waste_Water_Treatment_Facility.mp4, -1, -1, 72.0571428571429
ia-batch23/Voice_of_Oceanside_CSUSM.mp4, -1, -1, 54.1944444444444
ia-batch23/youtube-u_lmlAUjbkk.mp4, -1, -1, 60.0
ia-batch23/paatrbpromo100819b.mp4, -1, -1, 74.2941176470588
ia-batch23/youtube_UCIjuLiLHdFxYtFmWlbTGQRQ.mp4, -1, -1, 49.1071428571429
ia-batch23/The_Psychotic_Comedian_Episode_-_88.mp4, -1, -1, 49.2424242424242
ia-batch23/ucberkeley_webcast_b8VQa-jH_nw.mp4, -1, -1, 62.5428571428571
ia-batch23/lpama-ZBA_Meeting_-_10.23.13.mp4, -1, -1, 43.8888888888889
ia-batch23/Sideline_Report_-_Ryan_Kerrigan_and_Darrel_Young_talk_with_high_school_athletes.mp4, -1, -1, 56.20588235294121
ia-batch23/youtube-RYo9rnLnbAU.mp4, -1, -1, 60.8529411764706
ia-batch23/Metro_Food_Fight.mp4, -1, -1, 59.7027027027027
ia-batch23/Town_Council_with_School_Board_-_June_14_2016.mp4, -1, -1, 41.3333333333333
ia-batch23/Lunch_Learn_-_April_11_2017_River_of_Cranes.mp4, -1, -1, 47.030303030303
ia-batch23/youtube-APtmcH93x8o.mp4, -1, -1, 78.6111111111111
ia-batch23/youtube-hSjkSJMAFdc.mp4, -1, -1, 44.4705882352941
ia-batch23/tv4satx-The_Future_of_Broadband_Policy.mp4, -1, -1, 47.9444444444444
ia-batch23/wtvma-Wareham_Finance_Committee_Meeting_5-29-19.mp4, -1, -1, 59.7297297297297
ia-batch23/Pets_of_the_Week_for_April_20_2017.mp4, -1, -1, 77.17647058823529
ia-batch23/whatvme-winter_concert.mp4, -1, -1, 55.34285714285711
ia-batch23/youtube-uRBSbKCYkzg.mp4, -1, -1, 64.5405405405406
ia-batch23/Petaluma_Board_of_Education_-_7_16_13.mp4, -1, -1, 62.363636363636395
ia-batch23/wctvtn-Williamson_County_Board_of_Education_Meeting_-_June_17_2019.mp4, -1, -1, 69.9705882352941
ia-batch23/Main_Street_Rundown_-_March_2013.mp4, -1, -1, 63.974358974359
ia-batch23/youtube-h8aNXmoS9qM.mp4, -1, -1, 67.7941176470588
ia-batch23/youtube-fdesKDXWC6M.mp4, -1, -1, 77.7058823529412
ia-batch23/SCTV_Presents_Natalie_s_Pet_Report_5-25-17.mp4, -1, -1, 47.1081081081081
ia-batch23/youtube-hp91aupRW50.mp4, -1, -1, 60.79411764705879
ia-batch23/Wildland_Fire_Training.mp4, -1, -1, 73.75
ia-batch23/youtube-g29Q745hcXc.mp4, -1, -1, 47.8529411764706
ia-batch23/Merrimack_Exchange_Club_Presents_-_Candidates_Night_2012.mp4, -1, -1, 53.0
ia-batch23/youtube-Rrdj3jzXUJU.mp4, -1, -1, 70.2058823529412
ia-batch23/youtube-6Jx5YoHjYXM.mp4, -1, -1, 59.1944444444444
ia-batch23/North_Reading_FUMP_5_23_2000_Part_7.mp4, -1, -1, 48.7837837837838
ia-batch23/Montgomery_Community_Media_Corporate_Underwriters_Supporters.mp4, -1, -1, 66.3888888888889
ia-batch23/Markwoo-TTNPodcastEpisode127BringItOnJerry594.mp4, -1, -1, 73.5135135135135
ia-batch23/Palos_Heights_City_News_11-14-19.mp4, -1, -1, 62.0555555555556
ia-batch23/TheInventionThatOurPeopleInventedStillRunsTheWorldToday.mp4, -1, -1, 59.8571428571429
ia-batch23/youtube-jm4iezAWFmA.mp4, -1, -1, 45.3589743589744
ia-batch23/youtube-VAWJ8Ulg16M.mp4, -1, -1, 50.0833333333333
ia-batch23/youtube-dyl6nwM539Y.mp4, -1, -1, 65.89473684210529
ia-batch23/OB_Life_Safety_Items_Capital_Improvements_111015.mp4, -1, -1, 52.05882352941179
ia-batch23/Lotus_Leave_Tour_2015.mp4, -1, -1, 52.2702702702703
ia-batch23/lvctvcav-Fair_Thrill_Seekers_2011.mp4, -1, -1, 64.95
ia-batch23/tv4satx-Protesta_encontra_de_Planta_Nuclear.mp4, -1, -1, 51.6923076923077
ia-batch23/Managing_Meet_Greets.mp4, -1, -1, 75.0
ia-batch23/youtube-vNUyjnvGDOU.mp4, -1, -1, 64.4210526315789
ia-batch23/Square_Dance_Live_-_Episode_54.mp4, -1, -1, 57.1818181818182
ia-batch23/Los_Altos_vs_Santa_Clara_Boys_Basketball.mp4, -1, -1, 46.8823529411765
ia-batch23/Summer_Concert_Series.mp4, -1, -1, 56.0909090909091
ia-batch23/youtube-OCl4qQAMFCM.mp4, -1, -1, 55.44117647058821
ia-batch23/Mayda3000-WestbamsSetAtStrassenfestBerlin2007644.mp4, -1, -1, 49.4117647058824
ia-batch23/Sports_Spotlight_-_KLAA_Hockey_-_Salem_Rocks_v_Stevenson_Spartans.mp4, -1, -1, 56.63636363636361
ia-batch23/Year_in_Review_-_Inventions_in_the_NW_suburbs.mp4, -1, -1, 60.5294117647059
ia-batch23/Neighbor_to_Neighbor_-_Finneytown_Education_Fair.mp4, -1, -1, 43.5
ia-batch23/youtube-8OQtNfoW5Jw.mp4, -1, -1, 63.810810810810786
ia-batch23/The_Upside_Ep72612.mp4, -1, -1, 55.6410256410256
ia-batch23/Ste._Genevieve_Mo_County_Fair_Greased_Pig_7_13_14.mp4, -1, -1, 47.264705882352885
ia-batch23/youtube-ASNLyLIbXqc.mp4, -1, -1, 43.5151515151515
ia-batch23/youtube-5PNL7M19fDA.mp4, -1, -1, 54.0
ia-batch23/youtube-qcOHKS1iqO8.mp4, -1, -1, 45.153846153846104
ia-batch23/Make_A_Difference_280.mp4, -1, -1, 58.25
ia-batch23/Top_10_2015.mp4, -1, -1, 52.972222222222214
ia-batch23/Ohio_HS_State_Championship_Wrestling_113_lbs_Seipel_v_Kelly.mp4, -1, -1, 53.454545454545496
ia-batch23/Play_of_the_Game_-_Girls_Basketball_Edina_vs._Burnsville_12_12_2015.mp4, -1, -1, 57.82857142857139
ia-batch23/School_Committee_Meeting_6_23_08_Part_3.mp4, -1, -1, 53.8
ia-batch23/Santa_Claus_Reads_Letters_from_Issaquah.mp4, -1, -1, 65.0322580645161
ia-batch23/wtvma-Wareham_Board_of_Selectmen_Meeting_5-21-2019.mp4, -1, -1, 51.9444444444444
ia-batch23/youtube-6SNutdpy2R8.mp4, -1, -1, 52.6060606060606
ia-batch23/Lumberjack_Show_10-18-2015.mp4, -1, -1, 67.5135135135135
ia-batch23/ltvma-Leominster_-_Vietnam_Wall_Day_1_11-2-16.mp4, -1, -1, 62.7714285714286
ia-batch23/youtube-CYUKvzDJTJw.mp4, -1, -1, 47.277777777777786
ia-batch23/TheClarityOfThePointless.mp4, -1, -1, 37.9166666666667
ia-batch23/Mayor_and_Council_Minute_-_Earth_Month_with_Councilmember_John_F._Hall_Jr..mp4, -1, -1, 55.3333333333333
ia-batch23/Longmont_City_Council_Regular_Session_for_082217.mp4, -1, -1, 48.3333333333333
ia-batch23/Sherwood_City_Council_-_March_17_2015.mp4, -1, -1, 57.6969696969697
ia-batch23/youtube-GA9e3ApAiGY.mp4, -1, -1, 64.35294117647061
ia-batch23/youtube-XC7aoE6gNcQ.mp4, -1, -1, 54.28571428571429
ia-batch23/Scituate_Waterways_Commission_Meeting_-_09_05_18.mp4, -1, -1, 56.31578947368421
ia-batch23/the_way_video.mp4, -1, -1, 58.1111111111111
ia-batch23/mcama-Board_of_Selectmen_-_December_17_2018.mp4, -1, -1, 52.6
ia-batch23/ltvehny-Witchcraft_in_the_Founding_Days_of_East_Hampton.mp4, -1, -1, 56.7272727272727
ia-batch23/nwctc-Plans_for_Vacant_Four_Seasons_Mall_Revamped.mp4, -1, -1, 72.921052631579
ia-batch23/youtube-DXyOUch5taE.mp4, -1, -1, 73.7428571428572
ia-batch23/Mercedes_T._Bass_Lecture_Reflections_on_Leadership_-_Einstein_Franklin_Jobs.mp4, -1, -1, 55.44117647058821
ia-batch23/youtube-vVHiaPDexxs.mp4, -1, -1, 47.3333333333333
ia-batch23/youtube-n0gyLq5Bpc0.mp4, -1, -1, 57.6388888888889
ia-batch23/Schooling_Around_-_Episode_35.mp4, -1, -1, 52.810810810810786
ia-batch23/MCMX_05_Silver_Spring_Transit_Center_update_may_8_2014.mp4, -1, -1, 74.4285714285714
ia-batch23/youtube-kzc8Oc42X2o.mp4, -1, -1, 40.657142857142894
ia-batch23/youtube-Tw0PlGpaqy4.mp4, -1, -1, 66.0277777777778
ia-batch23/youtube-Ke8vsgPfFGo.mp4, -1, -1, 79.1176470588236
ia-batch23/Medfield_Warrior_Boys_Volleyball_vs_Xaverian_5_13.mp4, -1, -1, 44.7567567567568
ia-batch23/Late_Fall_Seeds_-_November_2016.mp4, -1, -1, 73.47058823529409
ia-batch23/Wilmington_Intramural_Hockey_Blue_vs_White_-_November_11th_1993.mp4, -1, -1, 43.2727272727273
ia-batch23/youtube-YI0_KP_eAN0.mp4, -1, -1, 63.514285714285705
ia-batch23/Melody_for_Violin_and_Piano_-_Zach_Gulaboff_Davis.mp4, -1, -1, 75.4594594594595
ia-batch23/Marin_Transit_Offers_New_Bus_Service_in_Novato.mp4, -1, -1, 61.0810810810811
ia-batch23/Topeka_City_Council_Meeting_March_4th_2014_Part_1.mp4, -1, -1, 44.43243243243239
ia-batch23/This_Week_In_Torrance_30.13_-_Torrance_CitiCABLE_-_August_1-7_2013.mp4, -1, -1, 55.027027027026996
ia-batch24/youtube-8RdhjQB3_QM.mp4, -1, -1, 36.6111111111111
ia-batch24/wectvct-Christmas_Lights.mp4, -1, -1, 48.763157894736786
ia-batch24/youtube-OhWlvRlKd98.mp4, -1, -1, 50.4166666666667
ia-batch24/yt-SonichuCWC.mp4, -1, -1, 39.6829268292683
ia-batch24/Mono_-_Poems_by_Jack_Gilbert_and_B.H._Fairchild.mp4, -1, -1, 36.12195121951221
ia-batch24/youtube-39RI0jP2ZKU.mp4, -1, -1, 44.435897435897395
ia-batch24/youtube-CVEhbQeA4EU.mp4, -1, -1, 45.435897435897395
ia-batch24/youtube-iNiVhn7SoeA.mp4, -1, -1, 42.6428571428571
ia-batch24/Voice_of_Oceanside_CERT.mp4, -1, -1, 64.76923076923079
ia-batch24/youtube-rVwh6VKkavU.mp4, -1, -1, 48.5
ia-batch24/youtube-7eJjQ9LUE-w.mp4, -1, -1, 35.0952380952381
ia-batch24/youtube-6P5YtlgWgGE.mp4, -1, -1, 43.073170731707286
ia-batch24/DeuxCentMillesSousLesMers.mp4, -1, -1, 35.3
ia-batch24/youtube-fj70tzRjKeA.mp4, -1, -1, 33.0
ia-batch24/youtube-bjkZ8yYmnXA.mp4, -1, -1, 36.6590909090909
ia-batch24/Movie_13_Title_8.mp4, -1, -1, 45.157894736842096
ia-batch24/Quincy_DPW_-_Day_Late_Curbside_Collection_-_Veterans_Day.mp4, -1, -1, 42.74358974358979
ia-batch24/The_George_Washington_Comedy_Hour.mp4, -1, -1, 47.3076923076923
ia-batch24/youtube_UC5skJN2WYbyYHUmrMQ00LtA.mp4, -1, -1, 59.4
ia-batch24/Poudre_River_Flooding_-_71st._Ave._in_Greeley_-_June_2_2014.mp4, -1, -1, 38.047619047619
ia-batch24/hptvca-Hoover_III_Destroya.mp4, -1, -1, 42.3658536585366
ia-batch24/Mono_-_Poems_by_Stephen_Dunn_and_Simon_Armitage_01.02.17.mp4, -1, -1, 35.3658536585366
ia-batch24/youtube-DSi6tkjBkH8.mp4, -1, -1, 39.8648648648648
ia-batch24/youtube-oquxRAUHdYk.mp4, -1, -1, 41.073170731707286
ia-batch24/youtube-n11lp1D1Mkw.mp4, -1, -1, 43.85
ia-batch24/Finneytown_Middle_Schoo_Wyoming_Middle_School_Orchestra_Festival_-_March_9_1995.mp4, -1, -1, 46.47368421052629
ia-batch24/ytvideo-4ChanMortalKombat.mp4, -1, -1, 40.394736842105296
ia-batch24/hptvca-Don_t_Stop_or_We_ll_Die_Blood.mp4, -1, -1, 33.9487179487179
ia-batch24/banzai5-6-11.mp4, -1, -1, 47.60526315789479
ia-batch24/youtube-hNrmPFAQ6VQ.mp4, -1, -1, 27.974358974359003
ia-batch24/SuperEspana.mp4, -1, -1, 43.25
ia-batch24/youtube-6oTm1rFTdKA.mp4, -1, -1, 47.7727272727273
ia-batch24/Woburn_Street_School_News_-_May_15th_1996.mp4, -1, -1, 45.390243902439
ia-batch24/AliceInWonderland1903.mp4, -1, -1, 32.743589743589695
ia-batch24/youtube-6tZnhkwgJuc.mp4, -1, -1, 45.7560975609756
ia-batch24/the.daily.2007.11.29.cnn.mp4, -1, -1, 66.5789473684211
ia-batch24/Art_PrivatePublic_10-26-11.mp4, -1, -1, 41.44186046511629
ia-batch24/PreviewTheGirlsAndDaddy.mp4, -1, -1, 48.5952380952381
ia-batch24/youtube-mUcnGlXn8Mc.mp4, -1, -1, 42.3333333333333
ia-batch24/youtube-OB-QImZiAcg.mp4, -1, -1, 32.435897435897395
ia-batch24/Town_Talk_135.mp4, -1, -1, 62.2727272727273
ia-batch24/Lynnhaven_River_Oyster.mp4, -1, -1, 45.093023255813996
ia-batch24/Awful_Truth_About_Society_451.mp4, -1, -1, 45.697674418604706
ia-batch24/youtube-O55BWQOEcLM.mp4, -1, -1, 50.341463414634106
ia-batch24/youtube-HatqylmoSfE.mp4, -1, -1, 49.47368421052629
ia-batch24/youtube-8JZTgbfbvoc.mp4, -1, -1, 60.6666666666667
ia-batch24/youtube-ZywWXs33c0I.mp4, -1, -1, 34.8157894736842
ia-batch24/Teresa_Ruhland_2006_Award_Winner.mp4, -1, -1, 49.475
ia-batch24/youtube-6VETebyr7O4.mp4, -1, -1, 50.184210526315795
ia-batch24/youtube-5u_aufvTuyU.mp4, -1, -1, 51.948717948718006
ia-batch24/seher1.mp4, -1, -1, 46.948717948718006
ia-batch24/18_10_19_11_01_15PM.mp4, -1, -1, 56.1951219512195
ia-batch24/AmericaMarchesOnPsa.mp4, -1, -1, 35.25641025641021
ia-batch24/this_is_not_a_film_festivalSantaFeAntioquia2008.mp4, -1, -1, 41.8974358974359
ia-batch24/youtube-RW4X9szZU6E.mp4, -1, -1, 37.4878048780488
ia-batch24/Board_of_Selectmen_Meeting_8_7_01_Part_2.mp4, -1, -1, 45.842105263157904
ia-batch24/youtube-Mj298o3kiWE.mp4, -1, -1, 38.35
ia-batch24/Kids_Claymation_Camp_July_19_2013.mp4, -1, -1, 48.3513513513514
ia-batch24/youtube-fmUaLpC000U.mp4, -1, -1, 30.475
ia-batch24/SandersonFamilyHomeMoviesVol03.mp4, -1, -1, 45.2105263157895
ia-batch24/youtube--N8HAEC0wuc.mp4, -1, -1, 40.74358974358979
ia-batch24/youtube-LbY4j4-P_us.mp4, -1, -1, 35.775
ia-batch24/B92-PartizanOsvojio16Titulu490.mp4, -1, -1, 53.4
ia-batch24/youtube_UCuRO6N_1hAKkxZeQZ7WLhaA.mp4, -1, -1, 40.26315789473679
ia-batch24/youtube-0fokjtv2OKo.mp4, -1, -1, 37.1951219512195
ia-batch24/AliJaberPureSoundFromMakkah1406.mp4, -1, -1, 45.9473684210526
ia-batch24/youtube-0chgJ37rb7c.mp4, -1, -1, 34.9302325581395
ia-batch24/ytchannelmetzgorrre.mp4, -1, -1, 47.6315789473684
ia-batch24/youtube-dj8EDxXoUP0.mp4, -1, -1, 29.9189189189189
ia-batch24/youtube-GAGh3USykUA.mp4, -1, -1, 41.894736842105296
ia-batch24/youtube-sdhY41EiTms.mp4, -1, -1, 33.886363636363605
ia-batch24/youtube-_bCOmEhXxCE.mp4, -1, -1, 40.125
ia-batch24/youtube-t62fSUWS3Go.mp4, -1, -1, 41.6666666666667
ia-batch24/Hammond_Indiana_1930s_Boardwalk_Park_Amusement_Parks_of_N.W.Ind.mp4, -1, -1, 44.2558139534884
ia-batch24/youtube-9-T-xpX-Izk.mp4, -1, -1, 46.948717948718006
ia-batch24/SamRenseiw-patafilm562pachidermDream368.mp4, -1, -1, 61.3333333333333
ia-batch24/youtube-G5I22PZo5aI.mp4, -1, -1, 38.093023255813996
ia-batch24/MTPockets05_201701.mp4, -1, -1, 37.8974358974359
ia-batch24/GopherCG-LaplacianBlendIError678.mp4, -1, -1, 57.85
ia-batch24/School_Buildings_Committee_meeting_from_September_24_2013.mp4, -1, -1, 48.0769230769231
ia-batch24/ytchannel-valkiriforce.mp4, -1, -1, 49.3953488372093
ia-batch24/Alonzo_Interview_with_Black_Milk.mp4, -1, -1, 39.9230769230769
ia-batch24/archiveteam_videobot_twitter_com_911408646327869440.mp4, -1, -1, 46.184210526315795
ia-batch24/youtube-1uCWzX8H-Ks.mp4, -1, -1, 48.97368421052629
ia-batch24/youtube-vsaCnGZ6qYo.mp4, -1, -1, 22.7567567567568
ia-batch24/youtube-NL3Co6nLS8Y.mp4, -1, -1, 36.3333333333333
ia-batch24/Merrillville_Indiana_Kiddieland_61st_Broadway_1950_s_color_RARE.mp4, -1, -1, 42.3
ia-batch24/youtube-3RMJwwl0h0U.mp4, -1, -1, 45.878048780487795
ia-batch24/youtube-XhG9-LdwG_k.mp4, -1, -1, 48.58139534883721
ia-batch24/youtube-CxOefMre8tE.mp4, -1, -1, 32.405405405405396
ia-batch24/youtube-gN-GDhwq9fQ.mp4, -1, -1, 37.5
ia-batch24/Duluth_Central_Football.mp4, -1, -1, 42.4634146341463
ia-batch24/youtube-vIZ7OSAAo_w.mp4, -1, -1, 29.2307692307692
ia-batch24/ytchannelimpz.mp4, -1, -1, 46.7027027027027
ia-batch24/youtube-AUZLo5HjxHo.mp4, -1, -1, 45.78571428571429
ia-batch24/youtube-wwpJ3GilTeA.mp4, -1, -1, 39.1025641025641
ia-batch24/youtube-3Zv56-bmg5Y.mp4, -1, -1, 27.7
ia-batch24/dni.ncaa.ICCR-1481-VHS.mp4, -1, -1, 27.9
ia-batch24/youtube-e1M2oMlXUqA.mp4, -1, -1, 48.128205128205096
ia-batch24/youtube-SHu6DyFcrnI.mp4, -1, -1, 37.8717948717949
ia-batch24/mhatca-Morgan_Hill_Halloween_2010_Art_Show.mp4, -1, -1, 41.2558139534884
ia-batch24/youtube-QEtlFd_v6Es.mp4, -1, -1, 31.8604651162791
ia-batch24/youtube-5Id78QXVIaY.mp4, -1, -1, 43.1081081081081
ia-batch24/youtube-cxuxw1Rgbwk.mp4, -1, -1, 35.8421052631579
ia-batch24/The_1993_Cheerleading_Competition_from_Cape_Ann.mp4, -1, -1, 52.1951219512195
